candidate_id,seed_idx,seed_dir,seed_file,strategy,alpha,global_index,group,source_file,true_label,reconstruction_error,classifier_attack_probability,prototype_attack_probability,distance_to_normal_prototype,distance_to_attack_prototype,latent_norm,pred_classifier,pred_prototype,pred_recon_90,pred_recon_95,pred_recon_99,pred_latent_dist_90,pred_latent_dist_95,pred_latent_dist_99,pred_or95,pred_or90,pred_or95_with_latent,d3_attack_score
4571,152,data/attack/AdaptiveMimic_v7_D2_OR90_bypass_test,v7_or90_test.csv,blend_mean,0.97,14584,AdaptiveMimic_v8_candidate,v8_candidates.csv,1,0.0497095435857772,0.999987006187439,0.9989240765571594,3.056168794631958,1.6894668340682983,5.028400897979736,1,1,0,0,0,1,1,1,1,1,1,0.8980546105717109
4451,148,data/attack/AdaptiveMimic_v6_D1_OR90_bypass_test,v6_or90_test.csv,blend_mean,0.9,14464,AdaptiveMimic_v8_candidate,v8_candidates.csv,1,0.0504166409373283,0.9999871253967284,0.9989364743232728,3.0563173294067383,1.6872985363006592,5.026609420776367,1,1,0,0,0,1,1,1,1,1,1,0.8980816523467097
4561,152,data/attack/AdaptiveMimic_v7_D2_OR90_bypass_test,v7_or90_test.csv,blend_mean,0.9,14574,AdaptiveMimic_v8_candidate,v8_candidates.csv,1,0.0488516800105571,0.9999868869781494,0.9989325404167176,3.0575733184814453,1.6892845630645752,5.0251569747924805,1,1,0,0,0,1,1,1,1,1,1,0.898082238345632
4461,148,data/attack/AdaptiveMimic_v6_D1_OR90_bypass_test,v6_or90_test.csv,blend_mean,0.97,14474,AdaptiveMimic_v8_candidate,v8_candidates.csv,1,0.0492293201386928,0.99998676776886,0.9989363551139832,3.0587635040283203,1.689768671989441,5.022134780883789,1,1,0,0,0,1,1,1,1,1,1,0.8981312508139817
4441,148,data/attack/AdaptiveMimic_v6_D1_OR90_bypass_test,v6_or90_test.csv,blend_mean,0.8,14454,AdaptiveMimic_v8_candidate,v8_candidates.csv,1,0.0544935502111911,0.9999868869781494,0.9989262223243712,3.056565761566162,1.6894577741622925,5.024664878845215,1,1,0,0,0,1,1,1,1,1,1,0.8981849284164105
9831,327,data/attack/FeatureGuideHumanMimic,window4.csv,blend_mean,0.97,19844,AdaptiveMimic_v8_candidate,v8_candidates.csv,1,0.0494872331619262,0.9999871253967284,0.9989510774612428,3.060445785522461,1.688661813735962,5.026288986206055,1,1,0,0,0,1,1,1,1,1,1,0.89819773972898
4581,152,data/attack/AdaptiveMimic_v7_D2_OR90_bypass_test,v7_or90_test.csv,blend_mean,0.35,14594,AdaptiveMimic_v8_candidate,v8_candidates.csv,1,0.0548205450177192,0.9999866485595704,0.9989113807678224,3.057371139526367,1.6930150985717771,5.022743225097656,1,1,0,0,0,1,1,1,1,1,1,0.8982128054279297
7421,247,data/attack/AdaptiveMimic_v7_D2_OR90_bypass_test,v7_or90_test.csv,blend_mean,0.9,17434,AdaptiveMimic_v8_candidate,v8_candidates.csv,1,0.0509209372103214,0.9999868869781494,0.9989343285560608,3.060426712036133,1.6918045282363892,5.026103496551514,1,1,0,0,0,1,1,1,1,1,1,0.8982253119958897
9821,327,data/attack/FeatureGuideHumanMimic,window4.csv,blend_mean,0.97,19834,AdaptiveMimic_v8_candidate,v8_candidates.csv,1,0.0493377745151519,0.999987244606018,0.9989491105079652,3.0616989135742188,1.6902843713760376,5.027824401855469,1,1,0,0,0,1,1,1,1,1,1,0.8982337006363643
14048,468,data/attack/AdaptiveMimic_v6_D1_OR90_bypass_test,v6_or90_test.csv,median_pull,0.2,24061,AdaptiveMimic_v8_candidate,v8_candidates.csv,1,0.0469212420284748,0.999987244606018,0.9989583492279052,3.0638253688812256,1.690648913383484,5.028361797332764,1,1,0,0,0,1,1,1,1,1,1,0.8982468995539137
1471,49,data/attack/AdaptiveMimic_v7_D2_OR90_bypass_test,v7_or90_test.csv,blend_mean,0.97,11484,AdaptiveMimic_v8_candidate,v8_candidates.csv,1,0.0468047671020031,0.9999871253967284,0.9989504814147948,3.064061164855957,1.6923848390579224,5.028653144836426,1,1,0,0,0,1,1,1,1,1,1,0.8982484547145556
1091,36,data/attack/AdaptiveMimic_v7_D2_OR90_bypass_test,v7_or90_test.csv,blend_mean,0.97,11104,AdaptiveMimic_v8_candidate,v8_candidates.csv,1,0.0490511283278465,0.999987006187439,0.9989445805549622,3.0626044273376465,1.6920628547668457,5.026291370391846,1,1,0,0,0,1,1,1,1,1,1,0.8982539539603354
2481,82,data/attack/FeatureGuideHumanMimic,window4.csv,blend_mean,0.97,12494,AdaptiveMimic_v8_candidate,v8_candidates.csv,1,0.0484803728759288,0.9999871253967284,0.9989538192749025,3.0630385875701904,1.6907271146774292,5.0267839431762695,1,1,0,0,0,1,1,1,1,1,1,0.8982577496878978
7271,242,data/attack/AdaptiveMimic_v6_D1_OR90_bypass_test,v6_or90_test.csv,blend_mean,0.9,17284,AdaptiveMimic_v8_candidate,v8_candidates.csv,1,0.0503021962940692,0.999987244606018,0.9989628791809082,3.062142133712769,1.6880781650543213,5.026257991790772,1,1,0,0,0,1,1,1,1,1,1,0.8982770095317498
14063,468,data/attack/AdaptiveMimic_v6_D1_OR90_bypass_test,v6_or90_test.csv,masked_blend_mean,0.65,24076,AdaptiveMimic_v8_candidate,v8_candidates.csv,1,0.0539161227643489,0.9999871253967284,0.9989438652992249,3.0597071647644043,1.689282774925232,5.028650760650635,1,1,0,0,0,1,1,1,1,1,1,0.8982791352342955
1081,36,data/attack/AdaptiveMimic_v7_D2_OR90_bypass_test,v7_or90_test.csv,blend_mean,0.8,11094,AdaptiveMimic_v8_candidate,v8_candidates.csv,1,0.0475545600056648,0.999987244606018,0.9989626407623292,3.0643954277038574,1.6903891563415527,5.027715682983398,1,1,0,0,0,1,1,1,1,1,1,0.8982824227067364
1571,52,data/attack/AdaptiveMimic_v5_constrained_test,window4.csv,blend_mean,0.9,11584,AdaptiveMimic_v8_candidate,v8_candidates.csv,1,0.0494482330977916,0.9999871253967284,0.998955249786377,3.0631096363067627,1.6905289888381958,5.0279974937438965,1,1,0,0,0,1,1,1,1,1,1,0.8982842244947246
10431,347,data/attack/AdaptiveMimic_v6_D1_OR90_bypass_test,v6_or90_test.csv,blend_mean,0.9,20444,AdaptiveMimic_v8_candidate,v8_candidates.csv,1,0.0496843680739402,0.9999871253967284,0.9989546537399292,3.0633232593536377,1.6908499002456665,5.027266502380371,1,1,0,0,0,1,1,1,1,1,1,0.8982966255655452
8971,299,data/attack/AdaptiveMimic_v7_D2_OR90_bypass_test,v7_or90_test.csv,blend_mean,0.9,18984,AdaptiveMimic_v8_candidate,v8_candidates.csv,1,0.047716200351715,0.999987006187439,0.9989672899246216,3.0647237300872803,1.6898263692855835,5.025899410247803,1,1,0,0,0,1,1,1,1,1,1,0.8982987011855896
1561,52,data/attack/AdaptiveMimic_v5_constrained_test,window4.csv,blend_mean,0.9,11574,AdaptiveMimic_v8_candidate,v8_candidates.csv,1,0.0495729073882103,0.9999871253967284,0.998957633972168,3.0637047290802,1.6906607151031494,5.027334213256836,1,1,0,0,0,1,1,1,1,1,1,0.8983073801969564
6191,206,data/attack/FeatureGuideHumanMimic,window4.csv,blend_mean,0.97,16204,AdaptiveMimic_v8_candidate,v8_candidates.csv,1,0.0479483194649219,0.999987244606018,0.9989733695983888,3.064865827560425,1.6887879371643066,5.026881694793701,1,1,0,0,0,1,1,1,1,1,1,0.8983114670349897
1461,48,data/attack/FeatureGuideHumanMimic,window4.csv,blend_mean,0.97,11474,AdaptiveMimic_v8_candidate,v8_candidates.csv,1,0.0480362884700298,0.999987244606018,0.998970627784729,3.065150022506714,1.689608454704285,5.028234004974365,1,1,0,0,0,1,1,1,1,1,1,0.8983216668482581
1491,49,data/attack/AdaptiveMimic_v7_D2_OR90_bypass_test,v7_or90_test.csv,blend_mean,0.5,11504,AdaptiveMimic_v8_candidate,v8_candidates.csv,1,0.0475115664303302,0.999987006187439,0.998953938484192,3.065787076950073,1.6934497356414795,5.025572776794434,1,1,0,0,0,1,1,1,1,1,1,0.8983226040366702
10471,349,data/attack/FeatureGuideHumanMimic,window4.csv,blend_mean,0.97,20484,AdaptiveMimic_v8_candidate,v8_candidates.csv,1,0.0485670380294323,0.9999871253967284,0.9989758729934692,3.064899444580078,1.688330888748169,5.027327060699463,1,1,0,0,0,1,1,1,1,1,1,0.8983285993369055
651,21,data/attack/FeatureGuideHumanMimic,window4.csv,blend_mean,0.97,10664,AdaptiveMimic_v8_candidate,v8_candidates.csv,1,0.0527683794498443,0.9999871253967284,0.998955488204956,3.0621678829193115,1.689530611038208,5.026431560516357,1,1,0,0,0,1,1,1,1,1,1,0.8983350075144788
1581,52,data/attack/AdaptiveMimic_v5_constrained_test,window4.csv,blend_mean,0.9,11594,AdaptiveMimic_v8_candidate,v8_candidates.csv,1,0.0495447441935539,0.999987244606018,0.998965620994568,3.0645480155944824,1.6899722814559937,5.028650283813477,1,1,0,0,0,1,1,1,1,1,1,0.8983370866361534
14061,468,data/attack/AdaptiveMimic_v6_D1_OR90_bypass_test,v6_or90_test.csv,blend_mean,0.35,24074,AdaptiveMimic_v8_candidate,v8_candidates.csv,1,0.05195202678442,0.9999871253967284,0.9989628791809082,3.06300687789917,1.688942790031433,5.024535655975342,1,1,0,0,0,1,1,1,1,1,1,0.8983450584471349
10428,347,data/attack/AdaptiveMimic_v6_D1_OR90_bypass_test,v6_or90_test.csv,median_pull,0.35,20441,AdaptiveMimic_v8_candidate,v8_candidates.csv,1,0.0459637604653835,0.999987006187439,0.9989725351333618,3.0675106048583984,1.6915864944458008,5.024909019470215,1,1,0,0,0,1,1,1,1,1,1,0.8983477694367515
10411,347,data/attack/AdaptiveMimic_v6_D1_OR90_bypass_test,v6_or90_test.csv,blend_mean,0.65,20424,AdaptiveMimic_v8_candidate,v8_candidates.csv,1,0.0489064715802669,0.9999871253967284,0.9989712238311768,3.0653929710388184,1.6897262334823608,5.024798393249512,1,1,0,0,0,1,1,1,1,1,1,0.8983509115565225
7411,247,data/attack/AdaptiveMimic_v7_D2_OR90_bypass_test,v7_or90_test.csv,blend_mean,0.5,17424,AdaptiveMimic_v8_candidate,v8_candidates.csv,1,0.053936630487442,0.9999868869781494,0.9989370703697203,3.062302589416504,1.693167805671692,5.02534818649292,1,1,0,0,0,1,1,1,1,1,1,0.898360386575159
14053,468,data/attack/AdaptiveMimic_v6_D1_OR90_bypass_test,v6_or90_test.csv,masked_blend_mean,0.65,24066,AdaptiveMimic_v8_candidate,v8_candidates.csv,1,0.053816944360733,0.999987244606018,0.9989609718322754,3.0621700286865234,1.6884922981262207,5.028050422668457,1,1,0,0,0,1,1,1,1,1,1,0.8983629019316183
12461,415,data/attack/FeatureGuideHumanMimic,window4.csv,blend_mean,0.97,22474,AdaptiveMimic_v8_candidate,v8_candidates.csv,1,0.0488451533019542,0.9999871253967284,0.9989691972732544,3.0658860206604004,1.6906089782714844,5.02565860748291,1,1,0,0,0,1,1,1,1,1,1,0.8983644794218479
8981,299,data/attack/AdaptiveMimic_v7_D2_OR90_bypass_test,v7_or90_test.csv,blend_mean,0.97,18994,AdaptiveMimic_v8_candidate,v8_candidates.csv,1,0.0484712310135364,0.9999871253967284,0.9989770650863647,3.0660946369171143,1.6892802715301514,5.024240970611572,1,1,0,0,0,1,1,1,1,1,1,0.8983652198952615
2461,82,data/attack/FeatureGuideHumanMimic,window4.csv,blend_mean,0.9,12474,AdaptiveMimic_v8_candidate,v8_candidates.csv,1,0.053157553076744,0.9999873638153076,0.9989537000656128,3.0629210472106934,1.6906312704086304,5.031723499298096,1,1,0,0,0,1,1,1,1,1,1,0.8983681326324086
7261,242,data/attack/AdaptiveMimic_v6_D1_OR90_bypass_test,v6_or90_test.csv,blend_mean,0.9,17274,AdaptiveMimic_v8_candidate,v8_candidates.csv,1,0.0515422150492668,0.9999871253967284,0.9989608526229858,3.064120292663574,1.6904443502426147,5.025405406951904,1,1,0,0,0,1,1,1,1,1,1,0.8983700970918076
14051,468,data/attack/AdaptiveMimic_v6_D1_OR90_bypass_test,v6_or90_test.csv,blend_mean,0.1,24064,AdaptiveMimic_v8_candidate,v8_candidates.csv,1,0.0553734339773654,0.9999871253967284,0.9989614486694336,3.0615313053131104,1.687751054763794,5.024925231933594,1,1,0,0,0,1,1,1,1,1,1,0.8983804573259251
8281,276,data/attack/FeatureGuideHumanMimic,window4.csv,blend_mean,0.9,18294,AdaptiveMimic_v8_candidate,v8_candidates.csv,1,0.0546486675739288,0.9999871253967284,0.9989480376243592,3.06227970123291,1.6910662651062012,5.027796268463135,1,1,0,0,0,1,1,1,1,1,1,0.8983815050884507
221,7,data/attack/FeatureGuideHumanMimic,window4.csv,blend_mean,0.97,10234,AdaptiveMimic_v8_candidate,v8_candidates.csv,1,0.0501483976840972,0.999987006187439,0.9989792108535768,3.065568685531616,1.6883513927459717,5.022032737731934,1,1,0,0,0,1,1,1,1,1,1,0.8983900181854768
14062,468,data/attack/AdaptiveMimic_v6_D1_OR90_bypass_test,v6_or90_test.csv,masked_blend_ref,0.1,24075,AdaptiveMimic_v8_candidate,v8_candidates.csv,1,0.0570975989103317,0.9999871253967284,0.9989457726478576,3.060720682144165,1.689943790435791,5.028326511383057,1,1,0,0,0,1,1,1,1,1,1,0.8983901557928731
9461,315,data/attack/AdaptiveMimic_v6_D1_OR90_bypass_test,v6_or90_test.csv,blend_mean,0.9,19474,AdaptiveMimic_v8_candidate,v8_candidates.csv,1,0.0512245260179042,0.9999871253967284,0.9989759922027588,3.064919948577881,1.6883223056793213,5.026282787322998,1,1,0,0,0,1,1,1,1,1,1,0.8983941478927644
4331,144,data/attack/AdaptiveMimic_v5_constrained_test,window4.csv,blend_mean,0.97,14344,AdaptiveMimic_v8_candidate,v8_candidates.csv,1,0.0485049337148666,0.9999871253967284,0.99897962808609,3.0669517517089844,1.689631104469299,5.024601459503174,1,1,0,0,0,1,1,1,1,1,1,0.8983946637489963
4321,144,data/attack/AdaptiveMimic_v5_constrained_test,window4.csv,blend_mean,0.97,14334,AdaptiveMimic_v8_candidate,v8_candidates.csv,1,0.0486783199012279,0.9999871253967284,0.9989822506904602,3.0672996044158936,1.6894569396972656,5.026494026184082,1,1,0,0,0,1,1,1,1,1,1,0.8984111430191803
231,7,data/attack/FeatureGuideHumanMimic,window4.csv,blend_mean,0.97,10244,AdaptiveMimic_v8_candidate,v8_candidates.csv,1,0.0494208484888076,0.9999871253967284,0.9989829659461976,3.0668087005615234,1.688840627670288,5.023748397827148,1,1,0,0,0,1,1,1,1,1,1,0.8984137407393062
14043,468,data/attack/AdaptiveMimic_v6_D1_OR90_bypass_test,v6_or90_test.csv,masked_blend_mean,0.35,24056,AdaptiveMimic_v8_candidate,v8_candidates.csv,1,0.0555959269404411,0.9999871253967284,0.9989566802978516,3.062597751617432,1.6897326707839966,5.027490615844727,1,1,0,0,0,1,1,1,1,1,1,0.8984183147715161
4583,152,data/attack/AdaptiveMimic_v7_D2_OR90_bypass_test,v7_or90_test.csv,masked_blend_mean,0.35,14596,AdaptiveMimic_v8_candidate,v8_candidates.csv,1,0.0610256046056747,0.9999866485595704,0.9989155530929564,3.0590178966522217,1.6939102411270142,5.021779537200928,1,1,0,0,0,1,1,1,1,1,1,0.8984188934190056
4573,152,data/attack/AdaptiveMimic_v7_D2_OR90_bypass_test,v7_or90_test.csv,masked_blend_mean,0.2,14586,AdaptiveMimic_v8_candidate,v8_candidates.csv,1,0.0619361363351345,0.9999866485595704,0.9989103078842164,3.05844783782959,1.6943027973175049,5.021294593811035,1,1,0,0,0,1,1,1,1,1,1,0.8984206575689184
10433,347,data/attack/AdaptiveMimic_v6_D1_OR90_bypass_test,v6_or90_test.csv,masked_blend_mean,0.5,20446,AdaptiveMimic_v8_candidate,v8_candidates.csv,1,0.0555098168551921,0.9999871253967284,0.998968243598938,3.0627899169921875,1.6877070665359497,5.0258469581604,1,1,0,0,0,1,1,1,1,1,1,0.8984270261761862
9611,320,data/attack/AdaptiveMimic_v6_D1_OR90_bypass_test,v6_or90_test.csv,blend_mean,0.97,19624,AdaptiveMimic_v8_candidate,v8_candidates.csv,1,0.0503144711256027,0.9999871253967284,0.998977780342102,3.066796064376831,1.6898421049118042,5.025536060333252,1,1,0,0,0,1,1,1,1,1,1,0.8984330633739334
14041,468,data/attack/AdaptiveMimic_v6_D1_OR90_bypass_test,v6_or90_test.csv,blend_mean,0.1,24054,AdaptiveMimic_v8_candidate,v8_candidates.csv,1,0.0569435507059097,0.9999871253967284,0.9989572763442992,3.062111616134644,1.6891359090805054,5.026059150695801,1,1,0,0,0,1,1,1,1,1,1,0.8984357822016616
10410,347,data/attack/AdaptiveMimic_v6_D1_OR90_bypass_test,v6_or90_test.csv,blend_ref,0.1,20423,AdaptiveMimic_v8_candidate,v8_candidates.csv,1,0.0539505146443843,0.9999873638153076,0.9989822506904602,3.0640785694122314,1.686255931854248,5.027431488037109,1,1,0,0,0,1,1,1,1,1,1,0.8984361690320439
3731,124,data/attack/FeatureGuideHumanMimic,window4.csv,blend_mean,0.97,13744,AdaptiveMimic_v8_candidate,v8_candidates.csv,1,0.0481195859611034,0.9999871253967284,0.9989873766899108,3.0687496662139893,1.689913988113403,5.025256156921387,1,1,0,0,0,1,1,1,1,1,1,0.8984462480461872
10421,347,data/attack/AdaptiveMimic_v6_D1_OR90_bypass_test,v6_or90_test.csv,blend_mean,0.1,20434,AdaptiveMimic_v8_candidate,v8_candidates.csv,1,0.0567573122680187,0.999987244606018,0.998971939086914,3.06268310546875,1.6868829727172852,5.02648401260376,1,1,0,0,0,1,1,1,1,1,1,0.8984555510187973
7501,250,data/attack/AdaptiveMimic_v5_constrained_test,window2.csv,blend_mean,0.97,17514,AdaptiveMimic_v8_candidate,v8_candidates.csv,1,0.0586732365190982,0.999987244606018,0.998946726322174,3.061736583709717,1.690773844718933,5.028554916381836,1,1,0,0,0,1,1,1,1,1,1,0.8984617380752008
5091,169,data/attack/FeatureGuideHumanMimic,window2.csv,blend_mean,0.97,15104,AdaptiveMimic_v8_candidate,v8_candidates.csv,1,0.0758119225502014,0.9999866485595704,0.9989243149757384,3.0491397380828857,1.6823872327804563,5.017333030700684,1,1,0,0,0,1,1,1,1,1,1,0.8984651283541025
8651,288,data/attack/FeatureGuideHumanMimic,window4.csv,blend_mean,0.9,18664,AdaptiveMimic_v8_candidate,v8_candidates.csv,1,0.0524285361170768,0.999987244606018,0.998969793319702,3.066504955291748,1.6911087036132812,5.028995513916016,1,1,0,0,0,1,1,1,1,1,1,0.8984721250714116
4458,148,data/attack/AdaptiveMimic_v6_D1_OR90_bypass_test,v6_or90_test.csv,median_pull,0.5,14471,AdaptiveMimic_v8_candidate,v8_candidates.csv,1,0.0657286494970321,0.99998676776886,0.9989105463027954,3.0573630332946777,1.6931720972061155,5.0243821144104,1,1,0,0,0,1,1,1,1,1,1,0.8984784078817085
12451,415,data/attack/FeatureGuideHumanMimic,window4.csv,blend_mean,0.9,22464,AdaptiveMimic_v8_candidate,v8_candidates.csv,1,0.0554335266351699,0.9999871253967284,0.9989651441574096,3.0646140575408936,1.6901307106018066,5.026455879211426,1,1,0,0,0,1,1,1,1,1,1,0.8984826564208322
3711,123,data/attack/AdaptiveMimic_v5_constrained_test,window2.csv,blend_mean,0.97,13724,AdaptiveMimic_v8_candidate,v8_candidates.csv,1,0.053821500390768,0.9999871253967284,0.9989784955978394,3.065826177597046,1.6887311935424805,5.022837162017822,1,1,0,0,0,1,1,1,1,1,1,0.8984876911266257
10423,347,data/attack/AdaptiveMimic_v6_D1_OR90_bypass_test,v6_or90_test.csv,masked_blend_mean,0.97,20436,AdaptiveMimic_v8_candidate,v8_candidates.csv,1,0.0549950823187828,0.9999871253967284,0.9989802241325378,3.065342903137207,1.687902808189392,5.025884628295898,1,1,0,0,0,1,1,1,1,1,1,0.8985014571777662
4911,163,data/attack/AdaptiveMimic_v7_D2_OR90_bypass_test,v7_or90_test.csv,blend_mean,0.8,14924,AdaptiveMimic_v8_candidate,v8_candidates.csv,1,0.0563769415020942,0.999987244606018,0.9989622831344604,3.064596652984619,1.6906492710113523,5.028458595275879,1,1,0,0,0,1,1,1,1,1,1,0.8985040179384309
201,6,data/attack/AdaptiveMimic_v6_D1_OR90_bypass_test,v6_or90_test.csv,blend_mean,0.9,10214,AdaptiveMimic_v8_candidate,v8_candidates.csv,1,0.0569697208702564,0.9999871253967284,0.9989696741104126,3.0640881061553955,1.6887296438217163,5.024078369140625,1,1,0,0,0,1,1,1,1,1,1,0.8985050164476113
10412,347,data/attack/AdaptiveMimic_v6_D1_OR90_bypass_test,v6_or90_test.csv,masked_blend_ref,0.1,20425,AdaptiveMimic_v8_candidate,v8_candidates.csv,1,0.0604475289583206,0.9999873638153076,0.9989579916000366,3.0617334842681885,1.688610315322876,5.029179096221924,1,1,0,0,0,1,1,1,1,1,1,0.8985094834799685
8991,299,data/attack/AdaptiveMimic_v7_D2_OR90_bypass_test,v7_or90_test.csv,blend_mean,0.5,19004,AdaptiveMimic_v8_candidate,v8_candidates.csv,1,0.0526625402271747,0.9999871253967284,0.9989678859710692,3.06772518157959,1.6927114725112915,5.026892185211182,1,1,0,0,0,1,1,1,1,1,1,0.8985163113255392
4901,163,data/attack/AdaptiveMimic_v7_D2_OR90_bypass_test,v7_or90_test.csv,blend_mean,0.8,14914,AdaptiveMimic_v8_candidate,v8_candidates.csv,1,0.056695420295,0.999987244606018,0.998961329460144,3.0649399757385254,1.6911861896514893,5.029345512390137,1,1,0,0,0,1,1,1,1,1,1,0.8985224609978028
10413,347,data/attack/AdaptiveMimic_v6_D1_OR90_bypass_test,v6_or90_test.csv,masked_blend_mean,0.2,20426,AdaptiveMimic_v8_candidate,v8_candidates.csv,1,0.0566070154309272,0.9999871253967284,0.9989755153656006,3.065098762512207,1.6885930299758911,5.025990962982178,1,1,0,0,0,1,1,1,1,1,1,0.8985310430862726
7433,247,data/attack/AdaptiveMimic_v7_D2_OR90_bypass_test,v7_or90_test.csv,masked_blend_mean,0.8,17446,AdaptiveMimic_v8_candidate,v8_candidates.csv,1,0.0630828887224197,0.9999871253967284,0.9989338517189026,3.060802936553955,1.6922659873962402,5.030951023101807,1,1,0,0,0,1,1,1,1,1,1,0.89853407232091
10061,335,data/attack/AdaptiveMimic_v6_D1_OR90_bypass_test,v6_or90_test.csv,blend_mean,0.5,20074,AdaptiveMimic_v8_candidate,v8_candidates.csv,1,0.0577078238129615,0.999987244606018,0.9989781379699708,3.065298080444336,1.6882764101028442,5.027929306030273,1,1,0,0,0,1,1,1,1,1,1,0.8985654161037586
9601,320,data/attack/AdaptiveMimic_v6_D1_OR90_bypass_test,v6_or90_test.csv,blend_mean,0.8,19614,AdaptiveMimic_v8_candidate,v8_candidates.csv,1,0.0586109645664691,0.9999871253967284,0.9989811778068542,3.064688444137573,1.6870570182800293,5.024667739868164,1,1,0,0,0,1,1,1,1,1,1,0.8985689919865415
10068,335,data/attack/AdaptiveMimic_v6_D1_OR90_bypass_test,v6_or90_test.csv,median_pull,0.35,20081,AdaptiveMimic_v8_candidate,v8_candidates.csv,1,0.0542702414095401,0.9999871253967284,0.9989727735519408,3.0681068897247314,1.692143797874451,5.026424884796143,1,1,0,0,0,1,1,1,1,1,1,0.8985697828301473
13761,458,data/attack/AdaptiveMimic_v7_D2_OR90_bypass_test,v7_or90_test.csv,blend_mean,0.9,23774,AdaptiveMimic_v8_candidate,v8_candidates.csv,1,0.0564642921090126,0.9999871253967284,0.9989771842956544,3.066556453704834,1.6897318363189695,5.025032043457031,1,1,0,0,0,1,1,1,1,1,1,0.898575161273835
10078,335,data/attack/AdaptiveMimic_v6_D1_OR90_bypass_test,v6_or90_test.csv,median_pull,0.1,20091,AdaptiveMimic_v8_candidate,v8_candidates.csv,1,0.0578158311545848,0.999987244606018,0.9989746809005736,3.065565824508667,1.6892244815826416,5.02740478515625,1,1,0,0,0,1,1,1,1,1,1,0.8985752890697146
4563,152,data/attack/AdaptiveMimic_v7_D2_OR90_bypass_test,v7_or90_test.csv,masked_blend_mean,0.2,14576,AdaptiveMimic_v8_candidate,v8_candidates.csv,1,0.0656492486596107,0.9999864101409912,0.9989147186279296,3.0605263710021973,1.695570707321167,5.018822193145752,1,1,0,0,0,1,1,1,1,1,1,0.8985798457165619
10051,335,data/attack/AdaptiveMimic_v6_D1_OR90_bypass_test,v6_or90_test.csv,blend_mean,0.35,20064,AdaptiveMimic_v8_candidate,v8_candidates.csv,1,0.0579598620533943,0.999987244606018,0.9989789724349976,3.065628290176392,1.688447117805481,5.026102542877197,1,1,0,0,0,1,1,1,1,1,1,0.898582531122293
10181,339,data/attack/AdaptiveMimic_v7_D2_OR90_bypass_test,v7_or90_test.csv,blend_mean,0.97,20194,AdaptiveMimic_v8_candidate,v8_candidates.csv,1,0.0749260112643241,0.999987006187439,0.9989080429077148,3.053682804107666,1.689941644668579,5.027742385864258,1,1,0,0,0,1,1,1,1,1,1,0.898583419089291
9721,324,data/attack/AdaptiveMimic_v5_constrained_test,window2.csv,blend_mean,0.9,19734,AdaptiveMimic_v8_candidate,v8_candidates.csv,1,0.0775122717022895,0.99998676776886,0.9989364743232728,3.0513782501220703,1.6823689937591553,5.02091646194458,1,1,0,0,0,1,1,1,1,1,1,0.8985835998896271
14901,496,data/attack/FeatureGuideHumanMimic,window2.csv,blend_mean,0.97,24914,AdaptiveMimic_v8_candidate,v8_candidates.csv,1,0.0582827813923358,0.9999871253967284,0.9989666938781738,3.065608024597168,1.690812349319458,5.024796009063721,1,1,0,0,0,1,1,1,1,1,1,0.898584798518685
2141,71,data/attack/AdaptiveMimic_v6_D1_OR90_bypass_test,v6_or90_test.csv,blend_mean,0.97,12154,AdaptiveMimic_v8_candidate,v8_candidates.csv,1,0.07662895321846,0.9999868869781494,0.9988980293273926,3.052696943283081,1.6907825469970703,5.026341438293457,1,1,0,0,0,1,1,1,1,1,1,0.8985891749366853
10071,335,data/attack/AdaptiveMimic_v6_D1_OR90_bypass_test,v6_or90_test.csv,blend_mean,0.5,20084,AdaptiveMimic_v8_candidate,v8_candidates.csv,1,0.058052159845829,0.999987244606018,0.9989818930625916,3.065744400024414,1.6879737377166748,5.024970054626465,1,1,0,0,0,1,1,1,1,1,1,0.8985896897329031
14321,477,data/attack/AdaptiveMimic_v6_D1_OR90_bypass_test,v6_or90_test.csv,blend_mean,0.97,24334,AdaptiveMimic_v8_candidate,v8_candidates.csv,1,0.074048213660717,0.999987006187439,0.9989148378372192,3.054543972015381,1.6895511150360107,5.025345802307129,1,1,0,0,0,1,1,1,1,1,1,0.8985924462898582
14052,468,data/attack/AdaptiveMimic_v6_D1_OR90_bypass_test,v6_or90_test.csv,masked_blend_ref,0.2,24065,AdaptiveMimic_v8_candidate,v8_candidates.csv,1,0.0635838285088539,0.999987244606018,0.9989666938781738,3.061962604522705,1.6871684789657593,5.029916286468506,1,1,0,0,0,1,1,1,1,1,1,0.8985968169928443
10841,361,data/attack/AdaptiveMimic_v6_D1_OR90_bypass_test,v6_or90_test.csv,blend_mean,0.97,20854,AdaptiveMimic_v8_candidate,v8_candidates.csv,1,0.0598104558885097,0.9999871253967284,0.9989691972732544,3.064854145050049,1.689582347869873,5.025080680847168,1,1,0,0,0,1,1,1,1,1,1,0.8985988014950247
10058,335,data/attack/AdaptiveMimic_v6_D1_OR90_bypass_test,v6_or90_test.csv,median_pull,0.1,20071,AdaptiveMimic_v8_candidate,v8_candidates.csv,1,0.0571720525622367,0.999987244606018,0.9989804625511168,3.0669493675231934,1.6894575357437134,5.026932239532471,1,1,0,0,0,1,1,1,1,1,1,0.8986064396411672
13121,437,data/attack/AdaptiveMimic_v6_D1_OR90_bypass_test,v6_or90_test.csv,blend_mean,0.8,23134,AdaptiveMimic_v8_candidate,v8_candidates.csv,1,0.0625911951065063,0.9999871253967284,0.998960256576538,3.0632331371307373,1.6896812915802002,5.0236005783081055,1,1,0,0,0,1,1,1,1,1,1,0.8986108819337664
7281,242,data/attack/AdaptiveMimic_v6_D1_OR90_bypass_test,v6_or90_test.csv,blend_mean,0.5,17294,AdaptiveMimic_v8_candidate,v8_candidates.csv,1,0.0677216574549675,0.999987006187439,0.998935043811798,3.0597119331359863,1.690961480140686,5.026617527008057,1,1,0,0,0,1,1,1,1,1,1,0.8986125571518095
10063,335,data/attack/AdaptiveMimic_v6_D1_OR90_bypass_test,v6_or90_test.csv,masked_blend_mean,0.5,20076,AdaptiveMimic_v8_candidate,v8_candidates.csv,1,0.0623878203332424,0.999987244606018,0.9989631175994872,3.0634422302246094,1.6893360614776611,5.02621603012085,1,1,0,0,0,1,1,1,1,1,1,0.8986138439586342
8831,294,data/attack/AdaptiveMimic_v5_constrained_test,window2.csv,blend_mean,0.9,18844,AdaptiveMimic_v8_candidate,v8_candidates.csv,1,0.0588290505111217,0.9999871253967284,0.9989832043647766,3.0659334659576416,1.6879031658172607,5.024261474609375,1,1,0,0,0,1,1,1,1,1,1,0.8986152094319402
12361,412,data/attack/AdaptiveMimic_v5_constrained_test,window2.csv,blend_mean,0.9,22374,AdaptiveMimic_v8_candidate,v8_candidates.csv,1,0.0599128603935241,0.999987244606018,0.9989801049232484,3.0652763843536377,1.6878749132156372,5.026382446289063,1,1,0,0,0,1,1,1,1,1,1,0.8986193055761171
9941,331,data/attack/AdaptiveMimic_v5_constrained_test,window2.csv,blend_mean,0.97,19954,AdaptiveMimic_v8_candidate,v8_candidates.csv,1,0.057850245386362,0.9999871253967284,0.9989921450614928,3.0667171478271484,1.6869349479675293,5.022883892059326,1,1,0,0,0,1,1,1,1,1,1,0.8986201356311523
4891,163,data/attack/AdaptiveMimic_v7_D2_OR90_bypass_test,v7_or90_test.csv,blend_mean,0.8,14904,AdaptiveMimic_v8_candidate,v8_candidates.csv,1,0.0574604570865631,0.999987006187439,0.99897038936615,3.0673322677612305,1.6918277740478516,5.022216796875,1,1,0,0,0,1,1,1,1,1,1,0.8986216800067033
1481,49,data/attack/AdaptiveMimic_v7_D2_OR90_bypass_test,v7_or90_test.csv,blend_mean,0.2,11494,AdaptiveMimic_v8_candidate,v8_candidates.csv,1,0.0598086453974247,0.9999868869781494,0.9989388585090636,3.0660173892974854,1.696540117263794,5.025387763977051,1,1,0,0,0,1,1,1,1,1,1,0.8986239791621748
1093,36,data/attack/AdaptiveMimic_v7_D2_OR90_bypass_test,v7_or90_test.csv,masked_blend_mean,0.65,11106,AdaptiveMimic_v8_candidate,v8_candidates.csv,1,0.0588630624115467,0.999987006187439,0.9989595413208008,3.066598653793335,1.69318950176239,5.024168014526367,1,1,0,0,0,1,1,1,1,1,1,0.8986279432994198
7423,247,data/attack/AdaptiveMimic_v7_D2_OR90_bypass_test,v7_or90_test.csv,masked_blend_mean,0.65,17436,AdaptiveMimic_v8_candidate,v8_candidates.csv,1,0.0640640780329704,0.99998676776886,0.9989268183708192,3.0630970001220703,1.695879340171814,5.025356769561768,1,1,0,0,0,1,1,1,1,1,1,0.898628917663875
5851,195,data/attack/AdaptiveMimic_v6_D1_OR90_bypass_test,v6_or90_test.csv,blend_mean,0.5,15864,AdaptiveMimic_v8_candidate,v8_candidates.csv,1,0.0659682229161262,0.999987244606018,0.998935043811798,3.0616021156311035,1.692855715751648,5.029577732086182,1,1,0,0,0,1,1,1,1,1,1,0.8986307278174642
11351,378,data/attack/FeatureGuideHumanMimic,window2.csv,blend_mean,0.97,21364,AdaptiveMimic_v8_candidate,v8_candidates.csv,1,0.0774951800704002,0.9999871253967284,0.998914361000061,3.053382873535156,1.6884880065917969,5.029517650604248,1,1,0,0,0,1,1,1,1,1,1,0.8986390230002232
4578,152,data/attack/AdaptiveMimic_v7_D2_OR90_bypass_test,v7_or90_test.csv,median_pull,0.1,14591,AdaptiveMimic_v8_candidate,v8_candidates.csv,1,0.0668836459517479,0.9999864101409912,0.9989122152328492,3.0616583824157715,1.6971650123596191,5.018230438232422,1,1,0,0,0,1,1,1,1,1,1,0.8986454098429799
4568,152,data/attack/AdaptiveMimic_v7_D2_OR90_bypass_test,v7_or90_test.csv,median_pull,0.1,14581,AdaptiveMimic_v8_candidate,v8_candidates.csv,1,0.067290112376213,0.9999864101409912,0.9989114999771118,3.061407327651977,1.6970314979553225,5.017843246459961,1,1,0,0,0,1,1,1,1,1,1,0.8986469580618531
10831,361,data/attack/AdaptiveMimic_v6_D1_OR90_bypass_test,v6_or90_test.csv,blend_mean,0.97,20844,AdaptiveMimic_v8_candidate,v8_candidates.csv,1,0.0609913431107997,0.999987006187439,0.9989759922027588,3.0656065940856934,1.6890051364898682,5.021744728088379,1,1,0,0,0,1,1,1,1,1,1,0.8986545109770808
5551,185,data/attack/AdaptiveMimic_v7_D2_OR90_bypass_test,v7_or90_test.csv,blend_mean,0.5,15564,AdaptiveMimic_v8_candidate,v8_candidates.csv,1,0.0766724422574043,0.9999868869781494,0.9988983869552612,3.054934501647949,1.692951202392578,5.026532173156738,1,1,0,0,0,1,1,1,1,1,1,0.8986624212539488
3931,131,data/attack/AdaptiveMimic_v6_D1_OR90_bypass_test,v6_or90_test.csv,blend_mean,0.8,13944,AdaptiveMimic_v8_candidate,v8_candidates.csv,1,0.0852231010794639,0.99998676776886,0.9989124536514282,3.0483901500701904,1.6838326454162598,5.022404670715332,1,1,0,0,0,1,1,1,1,1,1,0.8986659228730249
13753,458,data/attack/AdaptiveMimic_v7_D2_OR90_bypass_test,v7_or90_test.csv,masked_blend_mean,0.8,23766,AdaptiveMimic_v8_candidate,v8_candidates.csv,1,0.0595558173954486,0.999987244606018,0.9989726543426514,3.0672333240509038,1.6912777423858645,5.028045654296875,1,1,0,0,0,1,1,1,1,1,1,0.8986706209128555
7431,247,data/attack/AdaptiveMimic_v7_D2_OR90_bypass_test,v7_or90_test.csv,blend_mean,0.2,17444,AdaptiveMimic_v8_candidate,v8_candidates.csv,1,0.0662482380867004,0.99998676776886,0.998920440673828,3.0629022121429443,1.6968839168548584,5.024083614349365,1,1,0,0,0,1,1,1,1,1,1,0.8986733869037421
10073,335,data/attack/AdaptiveMimic_v6_D1_OR90_bypass_test,v6_or90_test.csv,masked_blend_mean,0.35,20086,AdaptiveMimic_v8_candidate,v8_candidates.csv,1,0.0637711212038993,0.9999873638153076,0.9989743232727052,3.064223051071167,1.687943696975708,5.028449535369873,1,1,0,0,0,1,1,1,1,1,1,0.898677265327341
4448,148,data/attack/AdaptiveMimic_v6_D1_OR90_bypass_test,v6_or90_test.csv,median_pull,0.35,14461,AdaptiveMimic_v8_candidate,v8_candidates.csv,1,0.0745485201478004,0.9999868869781494,0.9989162683486938,3.0568437576293945,1.6915971040725708,5.024755954742432,1,1,0,0,0,1,1,1,1,1,1,0.8986792235960561
10050,335,data/attack/AdaptiveMimic_v6_D1_OR90_bypass_test,v6_or90_test.csv,blend_ref,0.1,20063,AdaptiveMimic_v8_candidate,v8_candidates.csv,1,0.0630126819014549,0.999987244606018,0.9989711046218872,3.064995527267456,1.68934166431427,5.024722099304199,1,1,0,0,0,1,1,1,1,1,1,0.8986822960777033
6161,205,data/attack/FeatureGuideHumanMimic,window2.csv,blend_mean,0.97,16174,AdaptiveMimic_v8_candidate,v8_candidates.csv,1,0.0754161849617958,0.9999871253967284,0.998913049697876,3.0565576553344727,1.6918951272964478,5.029167652130127,1,1,0,0,0,1,1,1,1,1,1,0.8986899903008684
14281,476,data/attack/AdaptiveMimic_v6_D1_OR90_bypass_test,v6_or90_test.csv,blend_mean,0.8,24294,AdaptiveMimic_v8_candidate,v8_candidates.csv,1,0.0782142803072929,0.999987244606018,0.998921513557434,3.054362773895264,1.688145637512207,5.031646728515625,1,1,0,0,0,1,1,1,1,1,1,0.8986910268449257
11518,383,data/attack/AdaptiveMimic_v5_constrained_test,window4.csv,median_pull,0.8,21531,AdaptiveMimic_v8_candidate,v8_candidates.csv,1,0.0644451677799224,0.9999866485595704,0.998929798603058,3.0648303031921387,1.697055101394653,5.024567127227783,1,1,0,0,0,1,1,1,1,1,1,0.8986951671477484
1493,49,data/attack/AdaptiveMimic_v7_D2_OR90_bypass_test,v7_or90_test.csv,masked_blend_mean,0.65,11506,AdaptiveMimic_v8_candidate,v8_candidates.csv,1,0.0627922862768173,0.99998676776886,0.9989383816719056,3.066006898880005,1.6966221332550049,5.024771213531494,1,1,0,0,0,1,1,1,1,1,1,0.898696201580879
7268,242,data/attack/AdaptiveMimic_v6_D1_OR90_bypass_test,v6_or90_test.csv,median_pull,0.5,17281,AdaptiveMimic_v8_candidate,v8_candidates.csv,1,0.0657761543989181,0.9999868869781494,0.9989381432533264,3.063833951950073,1.694494605064392,5.02561092376709,1,1,0,0,0,1,1,1,1,1,1,0.8986989961502907
13751,458,data/attack/AdaptiveMimic_v7_D2_OR90_bypass_test,v7_or90_test.csv,blend_mean,0.2,23764,AdaptiveMimic_v8_candidate,v8_candidates.csv,1,0.0583425983786582,0.9999871253967284,0.9989748001098632,3.069077491760254,1.692708969116211,5.027649402618408,1,1,0,0,0,1,1,1,1,1,1,0.8987012061591854
4468,148,data/attack/AdaptiveMimic_v6_D1_OR90_bypass_test,v6_or90_test.csv,median_pull,0.35,14481,AdaptiveMimic_v8_candidate,v8_candidates.csv,1,0.0751874670386314,0.99998676776886,0.9989179372787476,3.057029962539673,1.691473364830017,5.024507999420166,1,1,0,0,0,1,1,1,1,1,1,0.8987014285061086
13141,438,data/attack/AdaptiveMimic_v6_D1_OR90_bypass_test,v6_or90_test.csv,blend_mean,0.9,23154,AdaptiveMimic_v8_candidate,v8_candidates.csv,1,0.076111190021038,0.9999871253967284,0.9989196062088012,3.056521415710449,1.690656065940857,5.029114246368408,1,1,0,0,0,1,1,1,1,1,1,0.8987084037072381
9841,328,data/attack/FeatureGuideHumanMimic,window4.csv,blend_mean,0.97,19854,AdaptiveMimic_v8_candidate,v8_candidates.csv,1,0.0734283402562141,0.9999871253967284,0.9989368319511414,3.058527946472168,1.689430832862854,5.026804447174072,1,1,0,0,0,1,1,1,1,1,1,0.8987144383085647
10053,335,data/attack/AdaptiveMimic_v6_D1_OR90_bypass_test,v6_or90_test.csv,masked_blend_mean,0.35,20066,AdaptiveMimic_v8_candidate,v8_candidates.csv,1,0.0641292631626129,0.999987244606018,0.9989632368087769,3.065274715423584,1.6911567449569702,5.028886318206787,1,1,0,0,0,1,1,1,1,1,1,0.8987153816546161
13678,455,data/attack/AdaptiveMimic_v6_D1_OR90_bypass_test,v6_or90_test.csv,median_pull,0.5,23691,AdaptiveMimic_v8_candidate,v8_candidates.csv,1,0.0572436302900314,0.999987006187439,0.9989792704582214,3.070353507995605,1.6931140422821045,5.025292873382568,1,1,0,0,0,1,1,1,1,1,1,0.8987172162288051
3031,101,data/attack/FeatureGuideHumanMimic,window4.csv,blend_mean,0.9,13044,AdaptiveMimic_v8_candidate,v8_candidates.csv,1,0.0838664919137954,0.99998676776886,0.9989182949066162,3.051231861114502,1.6856179237365725,5.022387027740479,1,1,0,0,0,1,1,1,1,1,1,0.898726653066062
1103,36,data/attack/AdaptiveMimic_v7_D2_OR90_bypass_test,v7_or90_test.csv,masked_blend_mean,0.9,11116,AdaptiveMimic_v8_candidate,v8_candidates.csv,1,0.0640538707375526,0.999987006187439,0.998955249786377,3.0658071041107178,1.6932055950164795,5.023225784301758,1,1,0,0,0,1,1,1,1,1,1,0.8987273931592121
5261,175,data/attack/AdaptiveMimic_v7_D2_OR90_bypass_test,v7_or90_test.csv,blend_mean,0.35,15274,AdaptiveMimic_v8_candidate,v8_candidates.csv,1,0.0627325251698494,0.999987006187439,0.9989567995071412,3.066910982131958,1.6940321922302246,5.026520252227783,1,1,0,0,0,1,1,1,1,1,1,0.8987313145225808
5191,173,data/attack/AdaptiveMimic_v6_D1_OR90_bypass_test,v6_or90_test.csv,blend_mean,0.9,15204,AdaptiveMimic_v8_candidate,v8_candidates.csv,1,0.0672343522310257,0.999987244606018,0.9989620447158812,3.063527822494507,1.6896332502365112,5.029073715209961,1,1,0,0,0,1,1,1,1,1,1,0.8987344223359442
5251,175,data/attack/AdaptiveMimic_v7_D2_OR90_bypass_test,v7_or90_test.csv,blend_mean,0.35,15264,AdaptiveMimic_v8_candidate,v8_candidates.csv,1,0.0631679818034172,0.999987006187439,0.998954176902771,3.066835641860962,1.6944411993026731,5.026293277740479,1,1,0,0,0,1,1,1,1,1,1,0.8987384645815404
3941,131,data/attack/AdaptiveMimic_v6_D1_OR90_bypass_test,v6_or90_test.csv,blend_mean,0.8,13954,AdaptiveMimic_v8_candidate,v8_candidates.csv,1,0.0836054384708404,0.99998676776886,0.99892657995224,3.051851987838745,1.6846826076507568,5.020238876342773,1,1,0,0,0,1,1,1,1,1,1,0.8987435636579667
4453,148,data/attack/AdaptiveMimic_v6_D1_OR90_bypass_test,v6_or90_test.csv,masked_blend_mean,0.9,14466,AdaptiveMimic_v8_candidate,v8_candidates.csv,1,0.0786439552903175,0.99998676776886,0.9989203214645386,3.055725336074829,1.6897287368774414,5.023983001708984,1,1,0,0,0,1,1,1,1,1,1,0.8987447131293042
13763,458,data/attack/AdaptiveMimic_v7_D2_OR90_bypass_test,v7_or90_test.csv,masked_blend_mean,0.35,23776,AdaptiveMimic_v8_candidate,v8_candidates.csv,1,0.06091945245862,0.9999871253967284,0.9989725351333618,3.0686209201812744,1.6926950216293335,5.026220321655273,1,1,0,0,0,1,1,1,1,1,1,0.8987484733383162
10941,364,data/attack/FeatureGuideHumanMimic,window4.csv,blend_mean,0.9,20954,AdaptiveMimic_v8_candidate,v8_candidates.csv,1,0.0805969163775444,0.9999871253967284,0.9989180564880372,3.054422616958618,1.6888439655303955,5.028490543365479,1,1,0,0,0,1,1,1,1,1,1,0.8987496576164681
10601,353,data/attack/FeatureGuideHumanMimic,window2.csv,blend_mean,0.9,20614,AdaptiveMimic_v8_candidate,v8_candidates.csv,1,0.0636985898017883,0.999987244606018,0.9989816546440125,3.0665030479431152,1.6887773275375366,5.026633262634277,1,1,0,0,0,1,1,1,1,1,1,0.8987517890298263
1891,63,data/attack/AdaptiveMimic_v6_D1_OR90_bypass_test,v6_or90_test.csv,blend_mean,0.8,11904,AdaptiveMimic_v8_candidate,v8_candidates.csv,1,0.078379288315773,0.9999871253967284,0.9989159107208252,3.0562996864318848,1.6911112070083618,5.029929637908936,1,1,0,0,0,1,1,1,1,1,1,0.8987551264377098
13741,458,data/attack/AdaptiveMimic_v7_D2_OR90_bypass_test,v7_or90_test.csv,blend_mean,0.1,23754,AdaptiveMimic_v8_candidate,v8_candidates.csv,1,0.0613786354660987,0.9999871253967284,0.9989749193191528,3.068697690963745,1.6923041343688965,5.027923107147217,1,1,0,0,0,1,1,1,1,1,1,0.8987631025046001
2131,71,data/attack/AdaptiveMimic_v6_D1_OR90_bypass_test,v6_or90_test.csv,blend_mean,0.8,12144,AdaptiveMimic_v8_candidate,v8_candidates.csv,1,0.0868023037910461,0.9999871253967284,0.9989056587219238,3.05037260055542,1.6870688199996948,5.029475212097168,1,1,0,0,0,1,1,1,1,1,1,0.898765707826487
5571,185,data/attack/AdaptiveMimic_v7_D2_OR90_bypass_test,v7_or90_test.csv,blend_mean,0.5,15584,AdaptiveMimic_v8_candidate,v8_candidates.csv,1,0.0771650820970535,0.9999868869781494,0.9989160299301147,3.0576164722442627,1.6924021244049072,5.027154922485352,1,1,0,0,0,1,1,1,1,1,1,0.8987678492931801
1101,36,data/attack/AdaptiveMimic_v7_D2_OR90_bypass_test,v7_or90_test.csv,blend_mean,0.1,11114,AdaptiveMimic_v8_candidate,v8_candidates.csv,1,0.0686471164226532,0.99998676776886,0.9989286065101624,3.063936233520508,1.6963826417922974,5.022878170013428,1,1,0,0,0,1,1,1,1,1,1,0.8987684762216794
13673,455,data/attack/AdaptiveMimic_v6_D1_OR90_bypass_test,v6_or90_test.csv,masked_blend_mean,0.5,23686,AdaptiveMimic_v8_candidate,v8_candidates.csv,1,0.0686418116092681,0.9999873638153076,0.9989769458770752,3.063360929489136,1.6865776777267456,5.0272722244262695,1,1,0,0,0,1,1,1,1,1,1,0.8987693980183307
13161,438,data/attack/AdaptiveMimic_v6_D1_OR90_bypass_test,v6_or90_test.csv,blend_mean,0.8,23174,AdaptiveMimic_v8_candidate,v8_candidates.csv,1,0.079671710729599,0.9999871253967284,0.998916745185852,3.055782556533813,1.6904397010803225,5.028550624847412,1,1,0,0,0,1,1,1,1,1,1,0.89877034444354
771,25,data/attack/AdaptiveMimic_v5_constrained_test,window2.csv,blend_mean,0.9,10784,AdaptiveMimic_v8_candidate,v8_candidates.csv,1,0.0821541100740432,0.999987244606018,0.9989125728607178,3.053993463516236,1.6894277334213257,5.0317463874816895,1,1,0,0,0,1,1,1,1,1,1,0.8987716888476349
13668,455,data/attack/AdaptiveMimic_v6_D1_OR90_bypass_test,v6_or90_test.csv,median_pull,0.2,23681,AdaptiveMimic_v8_candidate,v8_candidates.csv,1,0.0639689862728118,0.999987244606018,0.998978853225708,3.06715726852417,1.6900023221969604,5.026782035827637,1,1,0,0,0,1,1,1,1,1,1,0.8987783297268981
1588,52,data/attack/AdaptiveMimic_v5_constrained_test,window4.csv,median_pull,0.9,11601,AdaptiveMimic_v8_candidate,v8_candidates.csv,1,0.0615540817379951,0.99998676776886,0.9989470839500428,3.06960129737854,1.6985869407653809,5.024799346923828,1,1,0,0,0,1,1,1,1,1,1,0.8987851992766245
10851,361,data/attack/AdaptiveMimic_v6_D1_OR90_bypass_test,v6_or90_test.csv,blend_mean,0.65,20864,AdaptiveMimic_v8_candidate,v8_candidates.csv,1,0.0673419013619422,0.9999873638153076,0.998978853225708,3.0649092197418213,1.6877599954605105,5.02732515335083,1,1,0,0,0,1,1,1,1,1,1,0.8987882940797776
10611,353,data/attack/FeatureGuideHumanMimic,window2.csv,blend_mean,0.9,20624,AdaptiveMimic_v8_candidate,v8_candidates.csv,1,0.0648646727204322,0.9999871253967284,0.9989797472953796,3.066835641860962,1.6894928216934204,5.024359226226807,1,1,0,0,0,1,1,1,1,1,1,0.898790138405417
1131,37,data/attack/FeatureGuideHumanMimic,window2.csv,blend_mean,0.97,11144,AdaptiveMimic_v8_candidate,v8_candidates.csv,1,0.077619582414627,0.9999871253967284,0.9989238381385804,3.057892084121704,1.69124174118042,5.02829122543335,1,1,0,0,0,1,1,1,1,1,1,0.8987910312241162
4881,162,data/attack/FeatureGuideHumanMimic,window2.csv,blend_mean,0.97,14894,AdaptiveMimic_v8_candidate,v8_candidates.csv,1,0.0849154517054557,0.9999862909317015,0.9989086389541626,3.052759885787964,1.6889071464538574,5.012570858001709,1,1,0,0,0,1,1,1,1,1,1,0.8987973912493951
10418,347,data/attack/AdaptiveMimic_v6_D1_OR90_bypass_test,v6_or90_test.csv,median_pull,0.8,20431,AdaptiveMimic_v8_candidate,v8_candidates.csv,1,0.0612758174538612,0.99998676776886,0.9989684820175172,3.070309638977051,1.6951677799224854,5.022840976715088,1,1,0,0,0,1,1,1,1,1,1,0.8988097753802583
10171,339,data/attack/AdaptiveMimic_v7_D2_OR90_bypass_test,v7_or90_test.csv,blend_mean,0.5,20184,AdaptiveMimic_v8_candidate,v8_candidates.csv,1,0.077406421303749,0.999987006187439,0.9989081621170044,3.058906078338623,1.695148229598999,5.030280113220215,1,1,0,0,0,1,1,1,1,1,1,0.898812159505906
11311,377,data/attack/AdaptiveMimic_v5_constrained_test,window4.csv,blend_mean,0.97,21324,AdaptiveMimic_v8_candidate,v8_candidates.csv,1,0.07565288990736,0.999987244606018,0.99894779920578,3.0599162578582764,1.6887683868408203,5.028212547302246,1,1,0,0,0,1,1,1,1,1,1,0.8988178493848278
13743,458,data/attack/AdaptiveMimic_v7_D2_OR90_bypass_test,v7_or90_test.csv,masked_blend_mean,0.65,23756,AdaptiveMimic_v8_candidate,v8_candidates.csv,1,0.0608568377792835,0.999987006187439,0.99897962808609,3.0709686279296875,1.693653583526611,5.025986671447754,1,1,0,0,0,1,1,1,1,1,1,0.8988253237058985
13111,437,data/attack/AdaptiveMimic_v6_D1_OR90_bypass_test,v6_or90_test.csv,blend_mean,0.65,23124,AdaptiveMimic_v8_candidate,v8_candidates.csv,1,0.0692233294248581,0.9999871253967284,0.998969793319702,3.0648653507232666,1.6894782781600952,5.022274017333984,1,1,0,0,0,1,1,1,1,1,1,0.8988290677395903
5981,199,data/attack/FeatureGuideHumanMimic,window2.csv,blend_mean,0.97,15994,AdaptiveMimic_v8_candidate,v8_candidates.csv,1,0.0766378343105316,0.999987244606018,0.9989468455314636,3.059619188308716,1.6886329650878906,5.027995586395264,1,1,0,0,0,1,1,1,1,1,1,0.8988319351363911
10738,357,data/attack/FeatureGuideHumanMimic,window4.csv,median_pull,0.9,20751,AdaptiveMimic_v8_candidate,v8_candidates.csv,1,0.0678509622812271,0.9999868869781494,0.998928964138031,3.066575527191162,1.6989675760269165,5.026888370513916,1,1,0,0,0,1,1,1,1,1,1,0.89883421814194
10052,335,data/attack/AdaptiveMimic_v6_D1_OR90_bypass_test,v6_or90_test.csv,masked_blend_ref,0.1,20065,AdaptiveMimic_v8_candidate,v8_candidates.csv,1,0.0685701593756675,0.999987244606018,0.9989776611328124,3.0654735565185547,1.688546895980835,5.026398658752441,1,1,0,0,0,1,1,1,1,1,1,0.8988359079562502
8288,276,data/attack/FeatureGuideHumanMimic,window4.csv,median_pull,0.9,18301,AdaptiveMimic_v8_candidate,v8_candidates.csv,1,0.0643956214189529,0.99998676776886,0.9989500641822816,3.069051504135132,1.6974616050720217,5.025428771972656,1,1,0,0,0,1,1,1,1,1,1,0.8988380212318932
5271,175,data/attack/AdaptiveMimic_v7_D2_OR90_bypass_test,v7_or90_test.csv,blend_mean,0.35,15284,AdaptiveMimic_v8_candidate,v8_candidates.csv,1,0.0638108253479003,0.999987006187439,0.9989713430404664,3.0693254470825195,1.6936380863189695,5.025405883789063,1,1,0,0,0,1,1,1,1,1,1,0.8988411796378171
13750,458,data/attack/AdaptiveMimic_v7_D2_OR90_bypass_test,v7_or90_test.csv,blend_ref,0.1,23763,AdaptiveMimic_v8_candidate,v8_candidates.csv,1,0.0617005452513694,0.9999871253967284,0.9989664554595948,3.071011543273926,1.6962649822235107,5.029322147369385,1,1,0,0,0,1,1,1,1,1,1,0.8988420699029329
8691,289,data/attack/AdaptiveMimic_v6_D1_OR90_bypass_test,v6_or90_test.csv,blend_mean,0.9,18704,AdaptiveMimic_v8_candidate,v8_candidates.csv,1,0.0763154476881027,0.9999873638153076,0.9989468455314636,3.060241460800171,1.689273715019226,5.031865119934082,1,1,0,0,0,1,1,1,1,1,1,0.898844151997069
5238,174,data/attack/FeatureGuideHumanMimic,window4.csv,median_pull,0.9,15251,AdaptiveMimic_v8_candidate,v8_candidates.csv,1,0.0720019936561584,0.99998676776886,0.9989172220230104,3.063887119293213,1.6984719038009644,5.025237083435059,1,1,0,0,0,1,1,1,1,1,1,0.8988441975899487
7413,247,data/attack/AdaptiveMimic_v7_D2_OR90_bypass_test,v7_or90_test.csv,masked_blend_mean,0.65,17426,AdaptiveMimic_v8_candidate,v8_candidates.csv,1,0.0703267604112625,0.9999866485595704,0.998933970928192,3.0650665760040283,1.696520209312439,5.024499416351318,1,1,0,0,0,1,1,1,1,1,1,0.8988479497401975
5858,195,data/attack/AdaptiveMimic_v6_D1_OR90_bypass_test,v6_or90_test.csv,median_pull,0.8,15871,AdaptiveMimic_v8_candidate,v8_candidates.csv,1,0.0640716254711151,0.9999868869781494,0.9989535808563232,3.069629669189453,1.6973625421524048,5.024554252624512,1,1,0,0,0,1,1,1,1,1,1,0.8988501853785681
8311,277,data/attack/AdaptiveMimic_v6_D1_OR90_bypass_test,v6_or90_test.csv,blend_mean,0.9,18324,AdaptiveMimic_v8_candidate,v8_candidates.csv,1,0.0737269595265388,0.9999868869781494,0.9989582300186156,3.0622947216033936,1.6891359090805054,5.020612239837647,1,1,0,0,0,1,1,1,1,1,1,0.8988514662703482
5861,195,data/attack/AdaptiveMimic_v6_D1_OR90_bypass_test,v6_or90_test.csv,blend_mean,0.35,15874,AdaptiveMimic_v8_candidate,v8_candidates.csv,1,0.0763892382383346,0.999987244606018,0.9989303946495056,3.060669422149658,1.6927839517593384,5.0299601554870605,1,1,0,0,0,1,1,1,1,1,1,0.898853103370391
10728,357,data/attack/FeatureGuideHumanMimic,window4.csv,median_pull,0.9,20741,AdaptiveMimic_v8_candidate,v8_candidates.csv,1,0.0686814859509468,0.9999866485595704,0.998927891254425,3.066570520401001,1.6991652250289917,5.023619174957275,1,1,0,0,0,1,1,1,1,1,1,0.8988537965718701
8993,299,data/attack/AdaptiveMimic_v7_D2_OR90_bypass_test,v7_or90_test.csv,masked_blend_mean,0.97,19006,AdaptiveMimic_v8_candidate,v8_candidates.csv,1,0.0650031417608261,0.999987006187439,0.9989622831344604,3.0689470767974854,1.6950100660324097,5.027616500854492,1,1,0,0,0,1,1,1,1,1,1,0.8988544649962812
3521,117,data/attack/AdaptiveMimic_v6_D1_OR90_bypass_test,v6_or90_test.csv,blend_mean,0.9,13534,AdaptiveMimic_v8_candidate,v8_candidates.csv,1,0.0815462246537208,0.999987244606018,0.9989286065101624,3.0569450855255127,1.6893936395645142,5.030704498291016,1,1,0,0,0,1,1,1,1,1,1,0.8988583030737669
181,6,data/attack/AdaptiveMimic_v6_D1_OR90_bypass_test,v6_or90_test.csv,blend_mean,0.5,10194,AdaptiveMimic_v8_candidate,v8_candidates.csv,1,0.0737128183245658,0.9999871253967284,0.998968243598938,3.062462568283081,1.6873642206192017,5.022808074951172,1,1,0,0,0,1,1,1,1,1,1,0.8988606261572171
13658,455,data/attack/AdaptiveMimic_v6_D1_OR90_bypass_test,v6_or90_test.csv,median_pull,0.1,23671,AdaptiveMimic_v8_candidate,v8_candidates.csv,1,0.0689855515956878,0.999987244606018,0.998977541923523,3.0659968852996826,1.6890896558761597,5.027098178863525,1,1,0,0,0,1,1,1,1,1,1,0.8988628450302139
1470,49,data/attack/AdaptiveMimic_v7_D2_OR90_bypass_test,v7_or90_test.csv,blend_ref,0.1,11483,AdaptiveMimic_v8_candidate,v8_candidates.csv,1,0.0701507851481437,0.9999866485595704,0.9989369511604308,3.06571364402771,1.6966043710708618,5.021772861480713,1,1,0,0,0,1,1,1,1,1,1,0.898865681673383
6001,200,data/attack/AdaptiveMimic_v6_D1_OR90_bypass_test,v6_or90_test.csv,blend_mean,0.8,16014,AdaptiveMimic_v8_candidate,v8_candidates.csv,1,0.0787817239761352,0.999987244606018,0.9989425539970398,3.059262275695801,1.6891072988510132,5.029784202575684,1,1,0,0,0,1,1,1,1,1,1,0.8988710363835072
5561,185,data/attack/AdaptiveMimic_v7_D2_OR90_bypass_test,v7_or90_test.csv,blend_mean,0.35,15574,AdaptiveMimic_v8_candidate,v8_candidates.csv,1,0.0815250799059867,0.99998676776886,0.9989070892333984,3.0576462745666504,1.6940793991088867,5.025997638702393,1,1,0,0,0,1,1,1,1,1,1,0.8988715655389857
13758,458,data/attack/AdaptiveMimic_v7_D2_OR90_bypass_test,v7_or90_test.csv,median_pull,0.1,23771,AdaptiveMimic_v8_candidate,v8_candidates.csv,1,0.0628365650773048,0.999987006187439,0.9989736080169678,3.071014165878296,1.6948745250701904,5.025599479675293,1,1,0,0,0,1,1,1,1,1,1,0.8988726857114762
13663,455,data/attack/AdaptiveMimic_v6_D1_OR90_bypass_test,v6_or90_test.csv,masked_blend_mean,0.8,23676,AdaptiveMimic_v8_candidate,v8_candidates.csv,1,0.0676729902625083,0.999987244606018,0.9989884495735168,3.0674166679382324,1.6883647441864014,5.023439884185791,1,1,0,0,0,1,1,1,1,1,1,0.8988808950043071
10191,339,data/attack/AdaptiveMimic_v7_D2_OR90_bypass_test,v7_or90_test.csv,blend_mean,0.35,20204,AdaptiveMimic_v8_candidate,v8_candidates.csv,1,0.0821621865034103,0.9999868869781494,0.9989086389541626,3.057503700256348,1.693654179573059,5.02858829498291,1,1,0,0,0,1,1,1,1,1,1,0.898883187599943
8321,277,data/attack/AdaptiveMimic_v6_D1_OR90_bypass_test,v6_or90_test.csv,blend_mean,0.9,18334,AdaptiveMimic_v8_candidate,v8_candidates.csv,1,0.073906809091568,0.9999871253967284,0.9989720582962036,3.062995672225952,1.6871603727340698,5.0244574546813965,1,1,0,0,0,1,1,1,1,1,1,0.8988840494934539
5248,174,data/attack/FeatureGuideHumanMimic,window4.csv,median_pull,0.97,15261,AdaptiveMimic_v8_candidate,v8_candidates.csv,1,0.0737811252474784,0.9999865293502808,0.9989163875579834,3.063932180404663,1.6986624002456665,5.019009113311768,1,1,0,0,0,1,1,1,1,1,1,0.8988886287326405
6141,204,data/attack/FeatureGuideHumanMimic,window3.csv,blend_mean,0.97,16154,AdaptiveMimic_v8_candidate,v8_candidates.csv,1,0.0758726820349693,0.9999871253967284,0.9989542961120604,3.0619001388549805,1.689501166343689,5.025302886962891,1,1,0,0,0,1,1,1,1,1,1,0.8988896377991029
3211,107,data/attack/FeatureGuideHumanMimic,window4.csv,blend_mean,0.97,13224,AdaptiveMimic_v8_candidate,v8_candidates.csv,1,0.07416682690382,0.9999871253967284,0.998971700668335,3.0630545616149902,1.6872926950454712,5.0233988761901855,1,1,0,0,0,1,1,1,1,1,1,0.8988921467299807
13711,457,data/attack/AdaptiveMimic_v5_constrained_test,window2.csv,blend_mean,0.97,23724,AdaptiveMimic_v8_candidate,v8_candidates.csv,1,0.0767182484269142,0.999987244606018,0.9989504814147948,3.061476230621338,1.689791917800903,5.028248310089111,1,1,0,0,0,1,1,1,1,1,1,0.8988951423097425
5253,175,data/attack/AdaptiveMimic_v7_D2_OR90_bypass_test,v7_or90_test.csv,masked_blend_mean,0.97,15266,AdaptiveMimic_v8_candidate,v8_candidates.csv,1,0.0701570734381675,0.9999868869781494,0.998960256576538,3.066464900970459,1.6929254531860352,5.0224785804748535,1,1,0,0,0,1,1,1,1,1,1,0.8988994406885779
4588,152,data/attack/AdaptiveMimic_v7_D2_OR90_bypass_test,v7_or90_test.csv,median_pull,0.9,14601,AdaptiveMimic_v8_candidate,v8_candidates.csv,1,0.0749722719192504,0.9999862909317015,0.998916506767273,3.063699960708618,1.6984061002731323,5.01478385925293,1,1,0,0,0,1,1,1,1,1,1,0.8989101674068138
1483,49,data/attack/AdaptiveMimic_v7_D2_OR90_bypass_test,v7_or90_test.csv,masked_blend_mean,0.1,11496,AdaptiveMimic_v8_candidate,v8_candidates.csv,1,0.0695765689015388,0.99998676776886,0.9989468455314636,3.067474126815796,1.6965043544769287,5.023532867431641,1,1,0,0,0,1,1,1,1,1,1,0.8989123585312876
14081,469,data/attack/FeatureGuideHumanMimic,window2.csv,blend_mean,0.97,24094,AdaptiveMimic_v8_candidate,v8_candidates.csv,1,0.0766980350017547,0.999987244606018,0.998956561088562,3.062157154083252,1.689323902130127,5.026503562927246,1,1,0,0,0,1,1,1,1,1,1,0.8989190045272857
9458,315,data/attack/AdaptiveMimic_v6_D1_OR90_bypass_test,v6_or90_test.csv,median_pull,0.65,19471,AdaptiveMimic_v8_candidate,v8_candidates.csv,1,0.0645710527896881,0.9999871253967284,0.9989733695983888,3.0711631774902344,1.695076823234558,5.0315680503845215,1,1,0,0,0,1,1,1,1,1,1,0.8989197559178195
1092,36,data/attack/AdaptiveMimic_v7_D2_OR90_bypass_test,v7_or90_test.csv,masked_blend_ref,0.1,11105,AdaptiveMimic_v8_candidate,v8_candidates.csv,1,0.0704777240753173,0.99998676776886,0.9989463686943054,3.067158937454224,1.6962779760360718,5.021507263183594,1,1,0,0,0,1,1,1,1,1,1,0.8989240072239593
188,6,data/attack/AdaptiveMimic_v6_D1_OR90_bypass_test,v6_or90_test.csv,median_pull,0.65,10201,AdaptiveMimic_v8_candidate,v8_candidates.csv,1,0.0688482969999313,0.9999868869781494,0.998969316482544,3.068162441253662,1.692857265472412,5.020966529846191,1,1,0,0,0,1,1,1,1,1,1,0.8989257868144334
10848,361,data/attack/AdaptiveMimic_v6_D1_OR90_bypass_test,v6_or90_test.csv,median_pull,0.5,20861,AdaptiveMimic_v8_candidate,v8_candidates.csv,1,0.0687022060155868,0.9999871253967284,0.9989670515060424,3.068324089050293,1.693455934524536,5.028910636901856,1,1,0,0,0,1,1,1,1,1,1,0.8989266162190067
7273,242,data/attack/AdaptiveMimic_v6_D1_OR90_bypass_test,v6_or90_test.csv,masked_blend_mean,0.9,17286,AdaptiveMimic_v8_candidate,v8_candidates.csv,1,0.0732876658439636,0.9999871253967284,0.9989686012268066,3.06491756439209,1.6897621154785156,5.024472713470459,1,1,0,0,0,1,1,1,1,1,1,0.8989294387680606
11361,378,data/attack/FeatureGuideHumanMimic,window2.csv,blend_mean,0.9,21374,AdaptiveMimic_v8_candidate,v8_candidates.csv,1,0.0886225253343582,0.9999871253967284,0.9989197254180908,3.05392861366272,1.68804931640625,5.028958320617676,1,1,0,0,0,1,1,1,1,1,1,0.8989302387012332
2231,74,data/attack/AdaptiveMimic_v6_D1_OR90_bypass_test,v6_or90_test.csv,blend_mean,0.8,12244,AdaptiveMimic_v8_candidate,v8_candidates.csv,1,0.0776652842760086,0.9999871253967284,0.9989476799964904,3.0621232986450195,1.690977931022644,5.025850772857666,1,1,0,0,0,1,1,1,1,1,1,0.898937914526061
8671,289,data/attack/AdaptiveMimic_v6_D1_OR90_bypass_test,v6_or90_test.csv,blend_mean,0.65,18684,AdaptiveMimic_v8_candidate,v8_candidates.csv,1,0.0820343419909477,0.9999874830245972,0.9989452958106996,3.059006690979004,1.688312292098999,5.033060073852539,1,1,0,0,0,1,1,1,1,1,1,0.8989433609072821
10838,361,data/attack/AdaptiveMimic_v6_D1_OR90_bypass_test,v6_or90_test.csv,median_pull,0.5,20851,AdaptiveMimic_v8_candidate,v8_candidates.csv,1,0.0688152536749839,0.999987244606018,0.9989675283432008,3.068776607513428,1.693820834159851,5.030936241149902,1,1,0,0,0,1,1,1,1,1,1,0.8989441825512607
10193,339,data/attack/AdaptiveMimic_v7_D2_OR90_bypass_test,v7_or90_test.csv,masked_blend_mean,0.9,20206,AdaptiveMimic_v8_candidate,v8_candidates.csv,1,0.0886145532131195,0.99998676776886,0.998885214328766,3.054875135421753,1.6952857971191406,5.02509069442749,1,1,0,0,0,1,1,1,1,1,1,0.8989465716499795
6021,200,data/attack/AdaptiveMimic_v6_D1_OR90_bypass_test,v6_or90_test.csv,blend_mean,0.8,16034,AdaptiveMimic_v8_candidate,v8_candidates.csv,1,0.0804485902190208,0.999987244606018,0.9989420771598816,3.0604045391082764,1.690333366394043,5.029883861541748,1,1,0,0,0,1,1,1,1,1,1,0.8989482931317581
13671,455,data/attack/AdaptiveMimic_v6_D1_OR90_bypass_test,v6_or90_test.csv,blend_mean,0.2,23684,AdaptiveMimic_v8_candidate,v8_candidates.csv,1,0.0716588869690895,0.999987244606018,0.9989877343177797,3.0665371417999268,1.6876355409622192,5.024704933166504,1,1,0,0,0,1,1,1,1,1,1,0.8989495438794213
9618,320,data/attack/AdaptiveMimic_v6_D1_OR90_bypass_test,v6_or90_test.csv,median_pull,0.9,19631,AdaptiveMimic_v8_candidate,v8_candidates.csv,1,0.0640101805329322,0.9999868869781494,0.998975396156311,3.0725016593933105,1.6960138082504272,5.023805618286133,1,1,0,0,0,1,1,1,1,1,1,0.8989498811145392
14058,468,data/attack/AdaptiveMimic_v6_D1_OR90_bypass_test,v6_or90_test.csv,median_pull,0.9,24071,AdaptiveMimic_v8_candidate,v8_candidates.csv,1,0.0662133172154426,0.99998676776886,0.9989582300186156,3.071096897125244,1.6979469060897827,5.022479057312012,1,1,0,0,0,1,1,1,1,1,1,0.8989514930383128
14068,468,data/attack/AdaptiveMimic_v6_D1_OR90_bypass_test,v6_or90_test.csv,median_pull,0.9,24081,AdaptiveMimic_v8_candidate,v8_candidates.csv,1,0.0676281377673149,0.99998676776886,0.998953104019165,3.0701074600219727,1.6979254484176636,5.022223472595215,1,1,0,0,0,1,1,1,1,1,1,0.8989521065114677
1473,49,data/attack/AdaptiveMimic_v7_D2_OR90_bypass_test,v7_or90_test.csv,masked_blend_mean,0.2,11486,AdaptiveMimic_v8_candidate,v8_candidates.csv,1,0.0691948309540748,0.9999866485595704,0.9989448189735411,3.069030284881592,1.6984314918518066,5.021406650543213,1,1,0,0,0,1,1,1,1,1,1,0.8989522893786205
13791,459,data/attack/AdaptiveMimic_v6_D1_OR90_bypass_test,v6_or90_test.csv,blend_mean,0.97,23804,AdaptiveMimic_v8_candidate,v8_candidates.csv,1,0.0768289566040039,0.9999871253967284,0.9989567995071412,3.0630924701690674,1.6901994943618774,5.02675199508667,1,1,0,0,0,1,1,1,1,1,1,0.8989523607625293
5563,185,data/attack/AdaptiveMimic_v7_D2_OR90_bypass_test,v7_or90_test.csv,masked_blend_mean,0.97,15576,AdaptiveMimic_v8_candidate,v8_candidates.csv,1,0.0862887874245643,0.9999871253967284,0.9989187717437744,3.0564234256744385,1.6907075643539429,5.0297017097473145,1,1,0,0,0,1,1,1,1,1,1,0.8989532406849664
13448,448,data/attack/FeatureGuideHumanMimic,window4.csv,median_pull,0.9,23461,AdaptiveMimic_v8_candidate,v8_candidates.csv,1,0.0660784915089607,0.9999868869781494,0.998961329460144,3.07126522064209,1.6974998712539673,5.026123523712158,1,1,0,0,0,1,1,1,1,1,1,0.8989549103273657
6381,212,data/attack/AdaptiveMimic_v7_D2_OR90_bypass_test,v7_or90_test.csv,blend_mean,0.8,16394,AdaptiveMimic_v8_candidate,v8_candidates.csv,1,0.0741132497787475,0.9999868869781494,0.998966097831726,3.065117359161377,1.6904478073120115,5.020566940307617,1,1,0,0,0,1,1,1,1,1,1,0.8989549184175879
14941,498,data/attack/AdaptiveMimic_v6_D1_OR90_bypass_test,v6_or90_test.csv,blend_mean,0.97,24954,AdaptiveMimic_v8_candidate,v8_candidates.csv,1,0.0737760290503501,0.9999871253967284,0.9989712238311768,3.0653979778289795,1.6897401809692385,5.02570390701294,1,1,0,0,0,1,1,1,1,1,1,0.8989578712689685
7428,247,data/attack/AdaptiveMimic_v7_D2_OR90_bypass_test,v7_or90_test.csv,median_pull,0.1,17441,AdaptiveMimic_v8_candidate,v8_candidates.csv,1,0.0740241929888725,0.9999866485595704,0.9989349246025084,3.065667152404785,1.6969292163848877,5.024051666259766,1,1,0,0,0,1,1,1,1,1,1,0.8989578824098317
1088,36,data/attack/AdaptiveMimic_v7_D2_OR90_bypass_test,v7_or90_test.csv,median_pull,0.35,11101,AdaptiveMimic_v8_candidate,v8_candidates.csv,1,0.0695581063628196,0.9999866485595704,0.998943030834198,3.069046974182129,1.6987932920455933,5.021163940429688,1,1,0,0,0,1,1,1,1,1,1,0.8989609751114902
8998,299,data/attack/AdaptiveMimic_v7_D2_OR90_bypass_test,v7_or90_test.csv,median_pull,0.65,19011,AdaptiveMimic_v8_candidate,v8_candidates.csv,1,0.0655202642083168,0.99998676776886,0.998964548110962,3.0718770027160645,1.697497010231018,5.021981239318848,1,1,0,0,0,1,1,1,1,1,1,0.8989622271880267
10121,337,data/attack/AdaptiveMimic_v5_constrained_test,window4.csv,blend_mean,0.97,20134,AdaptiveMimic_v8_candidate,v8_candidates.csv,1,0.075445607304573,0.999987244606018,0.998971939086914,3.064260482788086,1.6884465217590332,5.028518199920654,1,1,0,0,0,1,1,1,1,1,1,0.8989623178360671
9468,315,data/attack/AdaptiveMimic_v6_D1_OR90_bypass_test,v6_or90_test.csv,median_pull,0.9,19481,AdaptiveMimic_v8_candidate,v8_candidates.csv,1,0.0655533522367477,0.99998676776886,0.9989718198776244,3.0718371868133545,1.6960588693618774,5.021440982818604,1,1,0,0,0,1,1,1,1,1,1,0.8989646612740009
591,19,data/attack/FeatureGuideHumanMimic,window3.csv,blend_mean,0.97,10604,AdaptiveMimic_v8_candidate,v8_candidates.csv,1,0.0972066149115562,0.99998676776886,0.9989181756973268,3.0485851764678955,1.6829763650894165,5.020830631256104,1,1,0,0,0,1,1,1,1,1,1,0.8989668796432114
8668,288,data/attack/FeatureGuideHumanMimic,window4.csv,median_pull,0.9,18681,AdaptiveMimic_v8_candidate,v8_candidates.csv,1,0.0672125518321991,0.9999868869781494,0.9989563226699828,3.0709149837493896,1.6981180906295776,5.027230739593506,1,1,0,0,0,1,1,1,1,1,1,0.8989693013319066
12861,428,data/attack/AdaptiveMimic_v7_D2_OR90_bypass_test,v7_or90_test.csv,blend_mean,0.5,22874,AdaptiveMimic_v8_candidate,v8_candidates.csv,1,0.0759463831782341,0.999987006187439,0.9989504814147948,3.064368724822998,1.692684769630432,5.025813579559326,1,1,0,0,0,1,1,1,1,1,1,0.8989693429993046
10072,335,data/attack/AdaptiveMimic_v6_D1_OR90_bypass_test,v6_or90_test.csv,masked_blend_ref,0.2,20085,AdaptiveMimic_v8_candidate,v8_candidates.csv,1,0.0762363746762275,0.999987244606018,0.9989626407623292,3.0639994144439697,1.6899856328964231,5.028804779052734,1,1,0,0,0,1,1,1,1,1,1,0.8989694870766605
1083,36,data/attack/AdaptiveMimic_v7_D2_OR90_bypass_test,v7_or90_test.csv,masked_blend_mean,0.1,11096,AdaptiveMimic_v8_candidate,v8_candidates.csv,1,0.0704903602600097,0.9999866485595704,0.9989483952522278,3.068547487258911,1.6972808837890625,5.019453525543213,1,1,0,0,0,1,1,1,1,1,1,0.8989697853043392
11081,369,data/attack/AdaptiveMimic_v7_D2_OR90_bypass_test,v7_or90_test.csv,blend_mean,0.97,21094,AdaptiveMimic_v8_candidate,v8_candidates.csv,1,0.0776800885796547,0.9999871253967284,0.9989665746688844,3.062904357910156,1.6881258487701416,5.023613929748535,1,1,0,0,0,1,1,1,1,1,1,0.8989709811993793
7278,242,data/attack/AdaptiveMimic_v6_D1_OR90_bypass_test,v6_or90_test.csv,median_pull,0.9,17291,AdaptiveMimic_v8_candidate,v8_candidates.csv,1,0.0687315538525581,0.99998676776886,0.998952865600586,3.069868564605713,1.6977312564849854,5.02234411239624,1,1,0,0,0,1,1,1,1,1,1,0.8989712420048829
10173,339,data/attack/AdaptiveMimic_v7_D2_OR90_bypass_test,v7_or90_test.csv,masked_blend_mean,0.97,20186,AdaptiveMimic_v8_candidate,v8_candidates.csv,1,0.0870782062411308,0.9999868869781494,0.9989078044891356,3.056614875793457,1.6929298639297483,5.028015613555908,1,1,0,0,0,1,1,1,1,1,1,0.8989741837181295
4328,144,data/attack/AdaptiveMimic_v5_constrained_test,window4.csv,median_pull,0.9,14341,AdaptiveMimic_v8_candidate,v8_candidates.csv,1,0.0635488554835319,0.9999868869781494,0.9989826083183287,3.0739195346832275,1.696020007133484,5.025779247283936,1,1,0,0,0,1,1,1,1,1,1,0.8989871610084871
8611,287,data/attack/AdaptiveMimic_v6_D1_OR90_bypass_test,v6_or90_test.csv,blend_mean,0.8,18624,AdaptiveMimic_v8_candidate,v8_candidates.csv,1,0.0790413990616798,0.999987244606018,0.9989489912986756,3.062609434127808,1.6912150382995603,5.02838134765625,1,1,0,0,0,1,1,1,1,1,1,0.8989877148925302
5878,195,data/attack/AdaptiveMimic_v6_D1_OR90_bypass_test,v6_or90_test.csv,median_pull,0.9,15891,AdaptiveMimic_v8_candidate,v8_candidates.csv,1,0.0694444552063942,0.99998676776886,0.9989542961120604,3.069875717163086,1.6974613666534424,5.022765636444092,1,1,0,0,0,1,1,1,1,1,1,0.8989894387559693
1488,49,data/attack/AdaptiveMimic_v7_D2_OR90_bypass_test,v7_or90_test.csv,median_pull,0.2,11501,AdaptiveMimic_v8_candidate,v8_candidates.csv,1,0.070402443408966,0.9999866485595704,0.998953104019165,3.0692412853240967,1.697068452835083,5.021642208099365,1,1,0,0,0,1,1,1,1,1,1,0.8989918617671679
8551,285,data/attack/AdaptiveMimic_v6_D1_OR90_bypass_test,v6_or90_test.csv,blend_mean,0.97,18564,AdaptiveMimic_v8_candidate,v8_candidates.csv,1,0.0855367928743362,0.999987244606018,0.998921036720276,3.0582072734832764,1.6920756101608276,5.031620979309082,1,1,0,0,0,1,1,1,1,1,1,0.8989932804064185
1478,49,data/attack/AdaptiveMimic_v7_D2_OR90_bypass_test,v7_or90_test.csv,median_pull,0.5,11491,AdaptiveMimic_v8_candidate,v8_candidates.csv,1,0.0705325379967689,0.9999866485595704,0.998946487903595,3.069353580474853,1.6984411478042605,5.0225043296813965,1,1,0,0,0,1,1,1,1,1,1,0.8989960050729559
1468,48,data/attack/FeatureGuideHumanMimic,window4.csv,median_pull,0.97,11481,AdaptiveMimic_v8_candidate,v8_candidates.csv,1,0.0691092237830162,0.99998676776886,0.9989487528800964,3.070415735244751,1.699068546295166,5.0229573249816895,1,1,0,0,0,1,1,1,1,1,1,0.8989964289098207
13651,455,data/attack/AdaptiveMimic_v6_D1_OR90_bypass_test,v6_or90_test.csv,blend_mean,0.1,23664,AdaptiveMimic_v8_candidate,v8_candidates.csv,1,0.0744978412985801,0.9999873638153076,0.9989829659461976,3.0659444332122803,1.68797504901886,5.026902675628662,1,1,0,0,0,1,1,1,1,1,1,0.8989978692605043
4893,163,data/attack/AdaptiveMimic_v7_D2_OR90_bypass_test,v7_or90_test.csv,masked_blend_mean,0.8,14906,AdaptiveMimic_v8_candidate,v8_candidates.csv,1,0.0721880570054054,0.9999871253967284,0.9989598989486694,3.068063497543335,1.6945712566375732,5.027603626251221,1,1,0,0,0,1,1,1,1,1,1,0.8990004171337227
13118,437,data/attack/AdaptiveMimic_v6_D1_OR90_bypass_test,v6_or90_test.csv,median_pull,0.65,23131,AdaptiveMimic_v8_candidate,v8_candidates.csv,1,0.0729131773114204,0.9999868869781494,0.9989582300186156,3.0675508975982666,1.694394588470459,5.022580623626709,1,1,0,0,0,1,1,1,1,1,1,0.8990008425189348
7438,247,data/attack/AdaptiveMimic_v7_D2_OR90_bypass_test,v7_or90_test.csv,median_pull,0.5,17451,AdaptiveMimic_v8_candidate,v8_candidates.csv,1,0.075606420636177,0.9999865293502808,0.9989325404167176,3.065849542617798,1.6975709199905396,5.021609783172607,1,1,0,0,0,1,1,1,1,1,1,0.8990013585940655
1098,36,data/attack/AdaptiveMimic_v7_D2_OR90_bypass_test,v7_or90_test.csv,median_pull,0.5,11111,AdaptiveMimic_v8_candidate,v8_candidates.csv,1,0.0698239505290985,0.9999866485595704,0.9989460110664368,3.0700812339782715,1.6992628574371338,5.019075870513916,1,1,0,0,0,1,1,1,1,1,1,0.899001953433579
10438,347,data/attack/AdaptiveMimic_v6_D1_OR90_bypass_test,v6_or90_test.csv,median_pull,0.9,20451,AdaptiveMimic_v8_candidate,v8_candidates.csv,1,0.0665177330374717,0.99998676776886,0.9989732503890992,3.072343349456787,1.696271538734436,5.022000312805176,1,1,0,0,0,1,1,1,1,1,1,0.899005060450715
9741,324,data/attack/AdaptiveMimic_v5_constrained_test,window2.csv,blend_mean,0.8,19754,AdaptiveMimic_v8_candidate,v8_candidates.csv,1,0.0949987769126892,0.9999868869781494,0.9989340901374816,3.051447868347168,1.6828820705413818,5.022675037384033,1,1,0,0,0,1,1,1,1,1,1,0.899011592965468
7418,247,data/attack/AdaptiveMimic_v7_D2_OR90_bypass_test,v7_or90_test.csv,median_pull,0.65,17431,AdaptiveMimic_v8_candidate,v8_candidates.csv,1,0.0755841583013534,0.9999865293502808,0.99893456697464,3.066265344619751,1.6976035833358765,5.020987987518311,1,1,0,0,0,1,1,1,1,1,1,0.899015013517062
9478,315,data/attack/AdaptiveMimic_v6_D1_OR90_bypass_test,v6_or90_test.csv,median_pull,0.9,19491,AdaptiveMimic_v8_candidate,v8_candidates.csv,1,0.0663085505366325,0.99998676776886,0.998975157737732,3.0729212760925293,1.696485161781311,5.023710250854492,1,1,0,0,0,1,1,1,1,1,1,0.8990193268690124
13661,455,data/attack/AdaptiveMimic_v6_D1_OR90_bypass_test,v6_or90_test.csv,blend_mean,0.1,23674,AdaptiveMimic_v8_candidate,v8_candidates.csv,1,0.075175940990448,0.999987244606018,0.9989826083183287,3.0661795139312744,1.6882742643356323,5.023446083068848,1,1,0,0,0,1,1,1,1,1,1,0.8990217924897873
1102,36,data/attack/AdaptiveMimic_v7_D2_OR90_bypass_test,v7_or90_test.csv,masked_blend_ref,0.2,11115,AdaptiveMimic_v8_candidate,v8_candidates.csv,1,0.073327749967575,0.9999866485595704,0.9989432692527772,3.0681569576263428,1.6978639364242554,5.0207366943359375,1,1,0,0,0,1,1,1,1,1,1,0.8990243912855601
2451,81,data/attack/FeatureGuideHumanMimic,window4.csv,blend_mean,0.9,12464,AdaptiveMimic_v8_candidate,v8_candidates.csv,1,0.0799284651875495,0.999987244606018,0.9989608526229858,3.0629689693450928,1.689308762550354,5.027308940887451,1,1,0,0,0,1,1,1,1,1,1,0.8990256790439759
6198,206,data/attack/FeatureGuideHumanMimic,window4.csv,median_pull,0.9,16211,AdaptiveMimic_v8_candidate,v8_candidates.csv,1,0.0666330084204673,0.999987006187439,0.9989700317382812,3.0729479789733887,1.6975138187408447,5.029053211212158,1,1,0,0,0,1,1,1,1,1,1,0.8990261481118451
5853,195,data/attack/AdaptiveMimic_v6_D1_OR90_bypass_test,v6_or90_test.csv,masked_blend_mean,0.8,15866,AdaptiveMimic_v8_candidate,v8_candidates.csv,1,0.085794411599636,0.9999871253967284,0.9989184141159058,3.0592200756073,1.693578839302063,5.026817321777344,1,1,0,0,0,1,1,1,1,1,1,0.8990310783476998
9621,320,data/attack/AdaptiveMimic_v6_D1_OR90_bypass_test,v6_or90_test.csv,blend_mean,0.65,19634,AdaptiveMimic_v8_candidate,v8_candidates.csv,1,0.0768173187971115,0.9999871253967284,0.9989826083183287,3.065401792526245,1.687506079673767,5.022681713104248,1,1,0,0,0,1,1,1,1,1,1,0.8990367530687268
5198,173,data/attack/AdaptiveMimic_v6_D1_OR90_bypass_test,v6_or90_test.csv,median_pull,0.9,15211,AdaptiveMimic_v8_candidate,v8_candidates.csv,1,0.0709218457341194,0.99998676776886,0.9989646673202516,3.070110559463501,1.6957024335861206,5.023652076721191,1,1,0,0,0,1,1,1,1,1,1,0.8990371956227187
4903,163,data/attack/AdaptiveMimic_v7_D2_OR90_bypass_test,v7_or90_test.csv,masked_blend_mean,0.5,14916,AdaptiveMimic_v8_candidate,v8_candidates.csv,1,0.0735134407877922,0.9999871253967284,0.998955249786377,3.0683023929595947,1.6957008838653564,5.02933931350708,1,1,0,0,0,1,1,1,1,1,1,0.8990385874992073
1498,49,data/attack/AdaptiveMimic_v7_D2_OR90_bypass_test,v7_or90_test.csv,median_pull,0.8,11511,AdaptiveMimic_v8_candidate,v8_candidates.csv,1,0.071333110332489,0.99998676776886,0.998955011367798,3.070040225982666,1.6974867582321167,5.022671699523926,1,1,0,0,0,1,1,1,1,1,1,0.8990411032774721
14308,476,data/attack/AdaptiveMimic_v6_D1_OR90_bypass_test,v6_or90_test.csv,median_pull,0.65,24321,AdaptiveMimic_v8_candidate,v8_candidates.csv,1,0.0886575728654861,0.99998676776886,0.9989091157913208,3.0576319694519043,1.6936988830566406,5.023409366607666,1,1,0,0,0,1,1,1,1,1,1,0.8990459430508992
208,6,data/attack/AdaptiveMimic_v6_D1_OR90_bypass_test,v6_or90_test.csv,median_pull,0.35,10221,AdaptiveMimic_v8_candidate,v8_candidates.csv,1,0.0778196305036544,0.9999871253967284,0.9989670515060424,3.065221071243286,1.6903634071350098,5.0229363441467285,1,1,0,0,0,1,1,1,1,1,1,0.8990491673533696
6371,212,data/attack/AdaptiveMimic_v7_D2_OR90_bypass_test,v7_or90_test.csv,blend_mean,0.97,16384,AdaptiveMimic_v8_candidate,v8_candidates.csv,1,0.0759602263569831,0.9999871253967284,0.9989757537841796,3.066535472869873,1.6899887323379517,5.023138999938965,1,1,0,0,0,1,1,1,1,1,1,0.8990495996962122
14298,476,data/attack/AdaptiveMimic_v6_D1_OR90_bypass_test,v6_or90_test.csv,median_pull,0.5,24311,AdaptiveMimic_v8_candidate,v8_candidates.csv,1,0.0903993993997573,0.9999868869781494,0.9989081621170044,3.0565876960754395,1.6928240060806274,5.026413917541504,1,1,0,0,0,1,1,1,1,1,1,0.8990544862867874
2471,82,data/attack/FeatureGuideHumanMimic,window4.csv,blend_mean,0.8,12484,AdaptiveMimic_v8_candidate,v8_candidates.csv,1,0.0794954076409339,0.9999874830245972,0.998971939086914,3.0640861988067627,1.68827486038208,5.032693862915039,1,1,0,0,0,1,1,1,1,1,1,0.8990556139054474
11494,383,data/attack/AdaptiveMimic_v5_constrained_test,window4.csv,normal_jitter,0.9,21507,AdaptiveMimic_v8_candidate,v8_candidates.csv,1,0.0982806459069252,0.999987006187439,0.9989375472068788,3.050408840179444,1.681180477142334,5.020119667053223,1,1,0,0,0,1,1,1,1,1,1,0.899059645256159
13168,438,data/attack/AdaptiveMimic_v6_D1_OR90_bypass_test,v6_or90_test.csv,median_pull,0.65,23181,AdaptiveMimic_v8_candidate,v8_candidates.csv,1,0.0873047858476638,0.99998676776886,0.998907208442688,3.059156894683838,1.6955604553222656,5.0244622230529785,1,1,0,0,0,1,1,1,1,1,1,0.8990612708016352
2148,71,data/attack/AdaptiveMimic_v6_D1_OR90_bypass_test,v6_or90_test.csv,median_pull,0.8,12161,AdaptiveMimic_v8_candidate,v8_candidates.csv,1,0.0918922126293182,0.9999866485595704,0.9988930821418762,3.056083917617798,1.6950743198394775,5.022916316986084,1,1,0,0,0,1,1,1,1,1,1,0.8990685624077526
6361,212,data/attack/AdaptiveMimic_v7_D2_OR90_bypass_test,v7_or90_test.csv,blend_mean,0.5,16374,AdaptiveMimic_v8_candidate,v8_candidates.csv,1,0.0759969502687454,0.9999871253967284,0.9989739656448364,3.06712007522583,1.6909072399139404,5.025084495544434,1,1,0,0,0,1,1,1,1,1,1,0.8990686027876305
8301,276,data/attack/FeatureGuideHumanMimic,window4.csv,blend_mean,0.8,18314,AdaptiveMimic_v8_candidate,v8_candidates.csv,1,0.0828228518366813,0.999987006187439,0.9989472031593324,3.06229567527771,1.6912498474121094,5.028712749481201,1,1,0,0,0,1,1,1,1,1,1,0.8990690668513498
8978,299,data/attack/AdaptiveMimic_v7_D2_OR90_bypass_test,v7_or90_test.csv,median_pull,0.35,18991,AdaptiveMimic_v8_candidate,v8_candidates.csv,1,0.06861262768507,0.99998676776886,0.9989641904830932,3.0729012489318848,1.6986033916473389,5.0265326499938965,1,1,0,0,0,1,1,1,1,1,1,0.899070512907788
1458,48,data/attack/FeatureGuideHumanMimic,window4.csv,median_pull,0.97,11471,AdaptiveMimic_v8_candidate,v8_candidates.csv,1,0.0695304349064827,0.99998676776886,0.9989625215530396,3.072235584259033,1.698239803314209,5.021382808685303,1,1,0,0,0,1,1,1,1,1,1,0.899070806885533
11761,392,data/attack/AdaptiveMimic_v5_constrained_test,window4.csv,blend_mean,0.9,21774,AdaptiveMimic_v8_candidate,v8_candidates.csv,1,0.0809292420744896,0.9999871253967284,0.9989598989486694,3.063680410385132,1.6902037858963013,5.027085304260254,1,1,0,0,0,1,1,1,1,1,1,0.8990725742024313
6031,201,data/attack/FeatureGuideHumanMimic,window2.csv,blend_mean,0.97,16044,AdaptiveMimic_v8_candidate,v8_candidates.csv,1,0.0854613855481147,0.9999871253967284,0.9989277720451356,3.060662746429444,1.6932644844055176,5.028246402740479,1,1,0,0,0,1,1,1,1,1,1,0.8990731452838552
10131,337,data/attack/AdaptiveMimic_v5_constrained_test,window4.csv,blend_mean,0.97,20144,AdaptiveMimic_v8_candidate,v8_candidates.csv,1,0.0770789310336113,0.9999871253967284,0.9989814162254332,3.0663576126098637,1.6886804103851318,5.022690773010254,1,1,0,0,0,1,1,1,1,1,1,0.8990734336989746
12801,426,data/attack/FeatureGuideHumanMimic,window4.csv,blend_mean,0.9,22814,AdaptiveMimic_v8_candidate,v8_candidates.csv,1,0.0822492241859436,0.999987244606018,0.9989575147628784,3.0627565383911133,1.6897311210632324,5.028111934661865,1,1,0,0,0,1,1,1,1,1,1,0.8990741290832609
13158,438,data/attack/AdaptiveMimic_v6_D1_OR90_bypass_test,v6_or90_test.csv,median_pull,0.65,23171,AdaptiveMimic_v8_candidate,v8_candidates.csv,1,0.0874865725636482,0.99998676776886,0.9989089965820312,3.0594282150268555,1.695513367652893,5.023886203765869,1,1,0,0,0,1,1,1,1,1,1,0.8990751571570134
2241,74,data/attack/AdaptiveMimic_v6_D1_OR90_bypass_test,v6_or90_test.csv,blend_mean,0.5,12254,AdaptiveMimic_v8_candidate,v8_candidates.csv,1,0.0897626429796218,0.9999873638153076,0.9989312291145324,3.05753231048584,1.6894866228103638,5.028891086578369,1,1,0,0,0,1,1,1,1,1,1,0.8990787809815187
218,7,data/attack/FeatureGuideHumanMimic,window4.csv,median_pull,0.97,10231,AdaptiveMimic_v8_candidate,v8_candidates.csv,1,0.0715332552790641,0.99998676776886,0.9989677667617798,3.0709707736968994,1.6959718465805054,5.022439956665039,1,1,0,0,0,1,1,1,1,1,1,0.8990810494579713
4418,147,data/attack/AdaptiveMimic_v7_D2_OR90_bypass_test,v7_or90_test.csv,median_pull,0.97,14431,AdaptiveMimic_v8_candidate,v8_candidates.csv,1,0.071649469435215,0.99998676776886,0.9989632368087769,3.0709402561187744,1.6968224048614502,5.022061347961426,1,1,0,0,0,1,1,1,1,1,1,0.8990810904471943
7121,237,data/attack/AdaptiveMimic_v6_D1_OR90_bypass_test,v6_or90_test.csv,blend_mean,0.65,17134,AdaptiveMimic_v8_candidate,v8_candidates.csv,1,0.084214873611927,0.9999871253967284,0.9989566802978516,3.061523675918579,1.688657522201538,5.026243209838867,1,1,0,0,0,1,1,1,1,1,1,0.8990820137848137
11071,369,data/attack/AdaptiveMimic_v7_D2_OR90_bypass_test,v7_or90_test.csv,blend_mean,0.5,21084,AdaptiveMimic_v8_candidate,v8_candidates.csv,1,0.0775645673274993,0.9999871253967284,0.9989628791809082,3.066502094268799,1.6924418210983276,5.028723239898682,1,1,0,0,0,1,1,1,1,1,1,0.8990825198853839
5573,185,data/attack/AdaptiveMimic_v7_D2_OR90_bypass_test,v7_or90_test.csv,masked_blend_mean,0.8,15586,AdaptiveMimic_v8_candidate,v8_candidates.csv,1,0.0886736214160919,0.9999866485595704,0.9989058971405028,3.058831214904785,1.6954810619354248,5.023391246795654,1,1,0,0,0,1,1,1,1,1,1,0.8990836113170686
1108,36,data/attack/AdaptiveMimic_v7_D2_OR90_bypass_test,v7_or90_test.csv,median_pull,0.97,11121,AdaptiveMimic_v8_candidate,v8_candidates.csv,1,0.073152370750904,0.9999866485595704,0.9989480376243592,3.070181369781494,1.6989840269088743,5.020489692687988,1,1,0,0,0,1,1,1,1,1,1,0.8990871990585316
6181,206,data/attack/FeatureGuideHumanMimic,window4.csv,blend_mean,0.8,16194,AdaptiveMimic_v8_candidate,v8_candidates.csv,1,0.0783229395747184,0.9999871253967284,0.9989572763442992,3.066178560256958,1.6932111978530884,5.029934883117676,1,1,0,0,0,1,1,1,1,1,1,0.8990883657113466
8988,299,data/attack/AdaptiveMimic_v7_D2_OR90_bypass_test,v7_or90_test.csv,median_pull,0.9,19001,AdaptiveMimic_v8_candidate,v8_candidates.csv,1,0.0716475695371627,0.99998676776886,0.9989626407623292,3.071200370788574,1.697193622589111,5.022599697113037,1,1,0,0,0,1,1,1,1,1,1,0.8990891805263806
9628,320,data/attack/AdaptiveMimic_v6_D1_OR90_bypass_test,v6_or90_test.csv,median_pull,0.97,19641,AdaptiveMimic_v8_candidate,v8_candidates.csv,1,0.0712058767676353,0.99998676776886,0.9989688396453856,3.0715410709381104,1.6963444948196411,5.021927833557129,1,1,0,0,0,1,1,1,1,1,1,0.8990918525545278
9608,320,data/attack/AdaptiveMimic_v6_D1_OR90_bypass_test,v6_or90_test.csv,median_pull,0.65,19621,AdaptiveMimic_v8_candidate,v8_candidates.csv,1,0.0715396925806999,0.999987006187439,0.9989863038063048,3.0711042881011963,1.692468285560608,5.02594518661499,1,1,0,0,0,1,1,1,1,1,1,0.8990930154419497
8641,288,data/attack/FeatureGuideHumanMimic,window4.csv,blend_mean,0.8,18654,AdaptiveMimic_v8_candidate,v8_candidates.csv,1,0.0783644169569015,0.9999873638153076,0.9989615678787231,3.066258430480957,1.6924607753753662,5.031401634216309,1,1,0,0,0,1,1,1,1,1,1,0.8990937612732375
3771,125,data/attack/FeatureGuideHumanMimic,window2.csv,blend_mean,0.97,13784,AdaptiveMimic_v8_candidate,v8_candidates.csv,1,0.0860221162438392,0.999987244606018,0.9989312291145324,3.060880422592163,1.6928385496139526,5.029685020446777,1,1,0,0,0,1,1,1,1,1,1,0.8990952656735807
12853,428,data/attack/AdaptiveMimic_v7_D2_OR90_bypass_test,v7_or90_test.csv,masked_blend_mean,0.5,22866,AdaptiveMimic_v8_candidate,v8_candidates.csv,1,0.0819752067327499,0.9999871253967284,0.9989476799964904,3.063857078552246,1.6927132606506348,5.025636672973633,1,1,0,0,0,1,1,1,1,1,1,0.8990988955185242
3561,118,data/attack/AdaptiveMimic_v6_D1_OR90_bypass_test,v6_or90_test.csv,blend_mean,0.97,13574,AdaptiveMimic_v8_candidate,v8_candidates.csv,1,0.0997902601957321,0.9999871253967284,0.9988951086997986,3.051033973693848,1.6896644830703735,5.030564785003662,1,1,0,0,0,1,1,1,1,1,1,0.899099678274996
9321,310,data/attack/AdaptiveMimic_v6_D1_OR90_bypass_test,v6_or90_test.csv,blend_mean,0.97,19334,AdaptiveMimic_v8_candidate,v8_candidates.csv,1,0.0850386917591095,0.9999873638153076,0.9989460110664368,3.061638593673706,1.6908175945281982,5.03047513961792,1,1,0,0,0,1,1,1,1,1,1,0.8991016419845377
3038,101,data/attack/FeatureGuideHumanMimic,window4.csv,median_pull,0.9,13051,AdaptiveMimic_v8_candidate,v8_candidates.csv,1,0.092827595770359,0.9999855756759644,0.998909831047058,3.0563089847564697,1.6922529935836792,4.997947692871094,1,1,0,0,0,1,1,1,1,1,1,0.899104901898305
2238,74,data/attack/AdaptiveMimic_v6_D1_OR90_bypass_test,v6_or90_test.csv,median_pull,0.5,12251,AdaptiveMimic_v8_candidate,v8_candidates.csv,1,0.0871942713856697,0.9999871253967284,0.9989299178123474,3.0605058670043945,1.692712664604187,5.025548934936523,1,1,0,0,0,1,1,1,1,1,1,0.8991112336909506
4890,163,data/attack/AdaptiveMimic_v7_D2_OR90_bypass_test,v7_or90_test.csv,blend_ref,0.1,14903,AdaptiveMimic_v8_candidate,v8_candidates.csv,1,0.0773282647132873,0.999987006187439,0.9989510774612428,3.067769289016724,1.6959774494171145,5.027994155883789,1,1,0,0,0,1,1,1,1,1,1,0.8991127854935198
13653,455,data/attack/AdaptiveMimic_v6_D1_OR90_bypass_test,v6_or90_test.csv,masked_blend_mean,0.1,23666,AdaptiveMimic_v8_candidate,v8_candidates.csv,1,0.0803801566362381,0.999987244606018,0.9989815354347228,3.0650904178619385,1.6874001026153564,5.024742126464844,1,1,0,0,0,1,1,1,1,1,1,0.8991132769039641
12888,429,data/attack/AdaptiveMimic_v6_D1_OR90_bypass_test,v6_or90_test.csv,median_pull,0.8,22901,AdaptiveMimic_v8_candidate,v8_candidates.csv,1,0.0739749819040298,0.9999868869781494,0.9989639520645142,3.070470094680786,1.696215033531189,5.025285720825195,1,1,0,0,0,1,1,1,1,1,1,0.8991230273068852
7331,244,data/attack/AdaptiveMimic_v5_constrained_test,window4.csv,blend_mean,0.9,17344,AdaptiveMimic_v8_candidate,v8_candidates.csv,1,0.0794304609298706,0.999987244606018,0.9989864230155944,3.0662178993225098,1.6875590085983276,5.025764465332031,1,1,0,0,0,1,1,1,1,1,1,0.8991283613433122
5971,199,data/attack/FeatureGuideHumanMimic,window2.csv,blend_mean,0.9,15984,AdaptiveMimic_v8_candidate,v8_candidates.csv,1,0.0865991413593292,0.999987244606018,0.998953342437744,3.061218023300171,1.6889846324920654,5.029062271118164,1,1,0,0,0,1,1,1,1,1,1,0.8991290596364753
13451,448,data/attack/FeatureGuideHumanMimic,window4.csv,blend_mean,0.8,23464,AdaptiveMimic_v8_candidate,v8_candidates.csv,1,0.0821888893842697,0.999987244606018,0.9989640712738036,3.064502716064453,1.690222144126892,5.028799533843994,1,1,0,0,0,1,1,1,1,1,1,0.8991315008558417
4913,163,data/attack/AdaptiveMimic_v7_D2_OR90_bypass_test,v7_or90_test.csv,masked_blend_mean,0.1,14926,AdaptiveMimic_v8_candidate,v8_candidates.csv,1,0.0773461535573005,0.999987006187439,0.9989572763442992,3.0682859420776367,1.695298194885254,5.02679967880249,1,1,0,0,0,1,1,1,1,1,1,0.8991323360841457
10571,352,data/attack/AdaptiveMimic_v6_D1_OR90_bypass_test,v6_or90_test.csv,blend_mean,0.65,20584,AdaptiveMimic_v8_candidate,v8_candidates.csv,1,0.0889883413910865,0.9999871253967284,0.9989328980445862,3.0599007606506348,1.691541314125061,5.029638767242432,1,1,0,0,0,1,1,1,1,1,1,0.8991367172695863
2138,71,data/attack/AdaptiveMimic_v6_D1_OR90_bypass_test,v6_or90_test.csv,median_pull,0.8,12151,AdaptiveMimic_v8_candidate,v8_candidates.csv,1,0.0928240567445755,0.9999866485595704,0.9988980293273926,3.0574347972869877,1.695521116256714,5.023061275482178,1,1,0,0,0,1,1,1,1,1,1,0.8991367715485737
12378,412,data/attack/AdaptiveMimic_v5_constrained_test,window2.csv,median_pull,0.9,22391,AdaptiveMimic_v8_candidate,v8_candidates.csv,1,0.0713909789919853,0.99998676776886,0.9989752769470216,3.0727286338806152,1.696282982826233,5.02283239364624,1,1,0,0,0,1,1,1,1,1,1,0.8991371795287972
5868,195,data/attack/AdaptiveMimic_v6_D1_OR90_bypass_test,v6_or90_test.csv,median_pull,0.2,15881,AdaptiveMimic_v8_candidate,v8_candidates.csv,1,0.0860767811536789,0.9999871253967284,0.9989314675331116,3.0626556873321533,1.6945666074752808,5.029521465301514,1,1,0,0,0,1,1,1,1,1,1,0.8991538049418124
14961,498,data/attack/AdaptiveMimic_v6_D1_OR90_bypass_test,v6_or90_test.csv,blend_mean,0.8,24974,AdaptiveMimic_v8_candidate,v8_candidates.csv,1,0.0801520347595214,0.999987244606018,0.9989700317382812,3.0670623779296875,1.6916275024414062,5.028041362762451,1,1,0,0,0,1,1,1,1,1,1,0.8991666001803359
3368,112,data/attack/AdaptiveMimic_v5_constrained_test,window2.csv,median_pull,0.9,13381,AdaptiveMimic_v8_candidate,v8_candidates.csv,1,0.0755081251263618,0.999987006187439,0.9989684820175172,3.0709004402160645,1.695762038230896,5.027347087860107,1,1,0,0,0,1,1,1,1,1,1,0.8991761502530483
7678,255,data/attack/FeatureGuideHumanMimic,window2.csv,median_pull,0.9,17691,AdaptiveMimic_v8_candidate,v8_candidates.csv,1,0.0777914673089981,0.999987006187439,0.998946726322174,3.069526433944702,1.698581337928772,5.027095317840576,1,1,0,0,0,1,1,1,1,1,1,0.8991789212353455
8973,299,data/attack/AdaptiveMimic_v7_D2_OR90_bypass_test,v7_or90_test.csv,masked_blend_mean,0.35,18986,AdaptiveMimic_v8_candidate,v8_candidates.csv,1,0.07442107796669,0.999987006187439,0.9989709854125975,3.0718464851379395,1.6962255239486694,5.027821063995361,1,1,0,0,0,1,1,1,1,1,1,0.8991810880741957
12841,428,data/attack/AdaptiveMimic_v7_D2_OR90_bypass_test,v7_or90_test.csv,blend_mean,0.2,22854,AdaptiveMimic_v8_candidate,v8_candidates.csv,1,0.0844212621450424,0.999987006187439,0.9989450573921204,3.064717054367065,1.6940749883651731,5.0264434814453125,1,1,0,0,0,1,1,1,1,1,1,0.8991851691556085
13133,437,data/attack/AdaptiveMimic_v6_D1_OR90_bypass_test,v6_or90_test.csv,masked_blend_mean,0.65,23146,AdaptiveMimic_v8_candidate,v8_candidates.csv,1,0.0882103145122528,0.9999871253967284,0.9989572763442992,3.061734437942505,1.688745141029358,5.025119304656982,1,1,0,0,0,1,1,1,1,1,1,0.8991865238160766
7432,247,data/attack/AdaptiveMimic_v7_D2_OR90_bypass_test,v7_or90_test.csv,masked_blend_ref,0.2,17445,AdaptiveMimic_v8_candidate,v8_candidates.csv,1,0.0895733013749122,0.99998676776886,0.9989148378372192,3.061257123947144,1.6962640285491943,5.02421236038208,1,1,0,0,0,1,1,1,1,1,1,0.8991872932451457
13128,437,data/attack/AdaptiveMimic_v6_D1_OR90_bypass_test,v6_or90_test.csv,median_pull,0.35,23141,AdaptiveMimic_v8_candidate,v8_candidates.csv,1,0.0847439765930175,0.999987006187439,0.9989542961120604,3.06451678276062,1.692110896110535,5.022550106048584,1,1,0,0,0,1,1,1,1,1,1,0.8991902905334356
5553,185,data/attack/AdaptiveMimic_v7_D2_OR90_bypass_test,v7_or90_test.csv,masked_blend_mean,0.8,15566,AdaptiveMimic_v8_candidate,v8_candidates.csv,1,0.0925118997693061,0.9999865293502808,0.9989117383956908,3.0592589378356934,1.6948459148406982,5.020874500274658,1,1,0,0,0,1,1,1,1,1,1,0.8991933225418876
4902,163,data/attack/AdaptiveMimic_v7_D2_OR90_bypass_test,v7_or90_test.csv,masked_blend_ref,0.1,14915,AdaptiveMimic_v8_candidate,v8_candidates.csv,1,0.0793519243597984,0.9999868869781494,0.9989563226699828,3.0687241554260254,1.6959277391433716,5.026202201843262,1,1,0,0,0,1,1,1,1,1,1,0.8991949552878906
2248,74,data/attack/AdaptiveMimic_v6_D1_OR90_bypass_test,v6_or90_test.csv,median_pull,0.35,12261,AdaptiveMimic_v8_candidate,v8_candidates.csv,1,0.0941760838031768,0.999987244606018,0.9989256262779236,3.0578742027282715,1.69087553024292,5.027908802032471,1,1,0,0,0,1,1,1,1,1,1,0.8991951846301133
4908,163,data/attack/AdaptiveMimic_v7_D2_OR90_bypass_test,v7_or90_test.csv,median_pull,0.35,14921,AdaptiveMimic_v8_candidate,v8_candidates.csv,1,0.0782606154680252,0.9999868869781494,0.998956561088562,3.0697813034057617,1.6969404220581057,5.026065826416016,1,1,0,0,0,1,1,1,1,1,1,0.8992024602956837
3951,131,data/attack/AdaptiveMimic_v6_D1_OR90_bypass_test,v6_or90_test.csv,blend_mean,0.65,13964,AdaptiveMimic_v8_candidate,v8_candidates.csv,1,0.1032808199524879,0.9999866485595704,0.9989175796508788,3.0513112545013428,1.6858311891555786,5.019038677215576,1,1,0,0,0,1,1,1,1,1,1,0.8992025705032194
601,20,data/attack/AdaptiveMimic_v6_D1_OR90_bypass_test,v6_or90_test.csv,blend_mean,0.8,10614,AdaptiveMimic_v8_candidate,v8_candidates.csv,1,0.1056843549013137,0.9999868869781494,0.9989016056060792,3.0496857166290283,1.6871275901794434,5.0247673988342285,1,1,0,0,0,1,1,1,1,1,1,0.8992025836196202
12851,428,data/attack/AdaptiveMimic_v7_D2_OR90_bypass_test,v7_or90_test.csv,blend_mean,0.2,22864,AdaptiveMimic_v8_candidate,v8_candidates.csv,1,0.0845148339867591,0.9999871253967284,0.9989470839500428,3.065163373947144,1.6941479444503784,5.0271406173706055,1,1,0,0,0,1,1,1,1,1,1,0.8992026805968036
6231,207,data/attack/AdaptiveMimic_v6_D1_OR90_bypass_test,v6_or90_test.csv,blend_mean,0.9,16244,AdaptiveMimic_v8_candidate,v8_candidates.csv,1,0.095190979540348,0.999987244606018,0.9989308714866638,3.0573129653930664,1.68934166431427,5.028142929077148,1,1,0,0,0,1,1,1,1,1,1,0.8992039753738227
3698,123,data/attack/AdaptiveMimic_v5_constrained_test,window2.csv,median_pull,0.97,13711,AdaptiveMimic_v8_candidate,v8_candidates.csv,1,0.0741870403289794,0.99998676776886,0.9989758729934692,3.072688579559326,1.696122169494629,5.022506713867188,1,1,0,0,0,1,1,1,1,1,1,0.8992043501224134
761,25,data/attack/AdaptiveMimic_v5_constrained_test,window2.csv,blend_mean,0.8,10774,AdaptiveMimic_v8_candidate,v8_candidates.csv,1,0.1014628112316131,0.9999874830245972,0.9989030361175536,3.0529158115386963,1.6900897026062012,5.036407947540283,1,1,0,0,0,1,1,1,1,1,1,0.899204390393632
14288,476,data/attack/AdaptiveMimic_v6_D1_OR90_bypass_test,v6_or90_test.csv,median_pull,0.8,24301,AdaptiveMimic_v8_candidate,v8_candidates.csv,1,0.0916852578520774,0.9999866485595704,0.9989135265350342,3.0602352619171143,1.695482611656189,5.02281379699707,1,1,0,0,0,1,1,1,1,1,1,0.8992053505279752
2158,71,data/attack/AdaptiveMimic_v6_D1_OR90_bypass_test,v6_or90_test.csv,median_pull,0.65,12171,AdaptiveMimic_v8_candidate,v8_candidates.csv,1,0.100434273481369,0.9999868869781494,0.998897910118103,3.053912401199341,1.6920154094696045,5.02729082107544,1,1,0,0,0,1,1,1,1,1,1,0.8992090930016515
13138,437,data/attack/AdaptiveMimic_v6_D1_OR90_bypass_test,v6_or90_test.csv,median_pull,0.9,23151,AdaptiveMimic_v8_candidate,v8_candidates.csv,1,0.0789297446608543,0.99998676776886,0.9989584684371948,3.0695042610168457,1.6962885856628418,5.0225677490234375,1,1,0,0,0,1,1,1,1,1,1,0.8992105819289622
5572,185,data/attack/AdaptiveMimic_v7_D2_OR90_bypass_test,v7_or90_test.csv,masked_blend_ref,0.1,15585,AdaptiveMimic_v8_candidate,v8_candidates.csv,1,0.0975923240184784,0.9999866485595704,0.9988790154457092,3.0563952922821045,1.6979138851165771,5.024816513061523,1,1,0,0,0,1,1,1,1,1,1,0.8992120394233224
5263,175,data/attack/AdaptiveMimic_v7_D2_OR90_bypass_test,v7_or90_test.csv,masked_blend_mean,0.1,15276,AdaptiveMimic_v8_candidate,v8_candidates.csv,1,0.0778581649065017,0.999987006187439,0.9989705085754396,3.070403814315796,1.6948782205581665,5.025877475738525,1,1,0,0,0,1,1,1,1,1,1,0.8992183103274856
193,6,data/attack/AdaptiveMimic_v6_D1_OR90_bypass_test,v6_or90_test.csv,masked_blend_mean,0.97,10206,AdaptiveMimic_v8_candidate,v8_candidates.csv,1,0.0878672376275062,0.9999873638153076,0.9989629983901978,3.0630383491516118,1.6889632940292358,5.031017780303955,1,1,0,0,0,1,1,1,1,1,1,0.8992225189213267
14071,469,data/attack/FeatureGuideHumanMimic,window2.csv,blend_mean,0.9,24084,AdaptiveMimic_v8_candidate,v8_candidates.csv,1,0.0876447707414627,0.9999871253967284,0.9989564418792723,3.063332319259644,1.6905094385147097,5.026327133178711,1,1,0,0,0,1,1,1,1,1,1,0.8992238378145379
14318,477,data/attack/AdaptiveMimic_v6_D1_OR90_bypass_test,v6_or90_test.csv,median_pull,0.8,24331,AdaptiveMimic_v8_candidate,v8_candidates.csv,1,0.094756506383419,0.9999866485595704,0.9989047050476074,3.0586142539978027,1.6954888105392456,5.023829460144043,1,1,0,0,0,1,1,1,1,1,1,0.8992245668593272
10422,347,data/attack/AdaptiveMimic_v6_D1_OR90_bypass_test,v6_or90_test.csv,masked_blend_ref,0.35,20435,AdaptiveMimic_v8_candidate,v8_candidates.csv,1,0.085167109966278,0.999987006187439,0.998982846736908,3.06496262550354,1.687007188796997,5.023595333099365,1,1,0,0,0,1,1,1,1,1,1,0.8992263896187317
10183,339,data/attack/AdaptiveMimic_v7_D2_OR90_bypass_test,v7_or90_test.csv,masked_blend_mean,0.1,20196,AdaptiveMimic_v8_candidate,v8_candidates.csv,1,0.095543161034584,0.99998676776886,0.9988957643508912,3.058184862136841,1.6966711282730105,5.028364181518555,1,1,0,0,0,1,1,1,1,1,1,0.899226407012868
2081,69,data/attack/AdaptiveMimic_v6_D1_OR90_bypass_test,v6_or90_test.csv,blend_mean,0.97,12094,AdaptiveMimic_v8_candidate,v8_candidates.csv,1,0.0888719856739044,0.9999871253967284,0.9989577531814576,3.0624961853027344,1.6894246339797974,5.02491569519043,1,1,0,0,0,1,1,1,1,1,1,0.8992273846393579
621,20,data/attack/AdaptiveMimic_v6_D1_OR90_bypass_test,v6_or90_test.csv,blend_mean,0.8,10634,AdaptiveMimic_v8_candidate,v8_candidates.csv,1,0.1058492511510849,0.9999868869781494,0.9988991022109984,3.0504868030548096,1.6883854866027832,5.024831771850586,1,1,0,0,0,1,1,1,1,1,1,0.8992313980066351
14291,476,data/attack/AdaptiveMimic_v6_D1_OR90_bypass_test,v6_or90_test.csv,blend_mean,0.35,24304,AdaptiveMimic_v8_candidate,v8_candidates.csv,1,0.1041114702820777,0.9999871253967284,0.9989107847213744,3.05169939994812,1.6874490976333618,5.028091907501221,1,1,0,0,0,1,1,1,1,1,1,0.8992328075421366
6011,200,data/attack/AdaptiveMimic_v6_D1_OR90_bypass_test,v6_or90_test.csv,blend_mean,0.65,16024,AdaptiveMimic_v8_candidate,v8_candidates.csv,1,0.0915618911385536,0.9999873638153076,0.9989522695541382,3.0607590675354004,1.6887308359146118,5.029143810272217,1,1,0,0,0,1,1,1,1,1,1,0.899234988635171
203,6,data/attack/AdaptiveMimic_v6_D1_OR90_bypass_test,v6_or90_test.csv,masked_blend_mean,0.9,10216,AdaptiveMimic_v8_candidate,v8_candidates.csv,1,0.091847188770771,0.9999871253967284,0.9989457726478576,3.060641050338745,1.6898773908615112,5.023828029632568,1,1,0,0,0,1,1,1,1,1,1,0.8992354557797326
328,10,data/attack/FeatureGuideHumanMimic,window2.csv,median_pull,0.9,10341,AdaptiveMimic_v8_candidate,v8_candidates.csv,1,0.0781516134738922,0.999987006187439,0.9989653825759888,3.070857524871826,1.696315884590149,5.027511596679688,1,1,0,0,0,1,1,1,1,1,1,0.8992380278694911
10731,357,data/attack/FeatureGuideHumanMimic,window4.csv,blend_mean,0.8,20744,AdaptiveMimic_v8_candidate,v8_candidates.csv,1,0.0921973884105682,0.9999871253967284,0.9989405274391174,3.060567617416382,1.6907844543457031,5.028076171875,1,1,0,0,0,1,1,1,1,1,1,0.8992395380008541
13768,458,data/attack/AdaptiveMimic_v7_D2_OR90_bypass_test,v7_or90_test.csv,median_pull,0.8,23781,AdaptiveMimic_v8_candidate,v8_candidates.csv,1,0.0759145095944404,0.99998676776886,0.9989707469940186,3.072554349899292,1.696988224983215,5.022862434387207,1,1,0,0,0,1,1,1,1,1,1,0.8992401269119746
10938,364,data/attack/FeatureGuideHumanMimic,window4.csv,median_pull,0.9,20951,AdaptiveMimic_v8_candidate,v8_candidates.csv,1,0.0929442197084426,0.9999866485595704,0.9989056587219238,3.060479164123535,1.6971677541732788,5.023343086242676,1,1,0,0,0,1,1,1,1,1,1,0.8992407739905646
9738,324,data/attack/AdaptiveMimic_v5_constrained_test,window2.csv,median_pull,0.8,19751,AdaptiveMimic_v8_candidate,v8_candidates.csv,1,0.0988273695111274,0.9999858140945436,0.9989294409751892,3.055816173553467,1.688112497329712,5.001676082611084,1,1,0,0,0,1,1,1,1,1,1,0.8992433642746575
10928,364,data/attack/FeatureGuideHumanMimic,window4.csv,median_pull,0.9,20941,AdaptiveMimic_v8_candidate,v8_candidates.csv,1,0.0934797152876854,0.9999866485595704,0.9989097118377686,3.0601439476013184,1.696103572845459,5.02321720123291,1,1,0,0,0,1,1,1,1,1,1,0.8992446680351536
2233,74,data/attack/AdaptiveMimic_v6_D1_OR90_bypass_test,v6_or90_test.csv,masked_blend_mean,0.97,12246,AdaptiveMimic_v8_candidate,v8_candidates.csv,1,0.0933955758810043,0.9999871253967284,0.9989481568336488,3.0597498416900635,1.6885137557983398,5.02501392364502,1,1,0,0,0,1,1,1,1,1,1,0.8992454948902018
4918,163,data/attack/AdaptiveMimic_v7_D2_OR90_bypass_test,v7_or90_test.csv,median_pull,0.65,14931,AdaptiveMimic_v8_candidate,v8_candidates.csv,1,0.0802690684795379,0.9999868869781494,0.9989548921585084,3.0696892738342285,1.6971594095230105,5.0244460105896,1,1,0,0,0,1,1,1,1,1,1,0.8992478344120276
9178,305,data/attack/FeatureGuideHumanMimic,window2.csv,median_pull,0.97,19191,AdaptiveMimic_v8_candidate,v8_candidates.csv,1,0.075027659535408,0.9999866485595704,0.9989799857139589,3.07336974143982,1.695990800857544,5.02012825012207,1,1,0,0,0,1,1,1,1,1,1,0.8992483892204355
5273,175,data/attack/AdaptiveMimic_v7_D2_OR90_bypass_test,v7_or90_test.csv,masked_blend_mean,0.1,15286,AdaptiveMimic_v8_candidate,v8_candidates.csv,1,0.079053021967411,0.999987006187439,0.9989659786224364,3.0705678462982178,1.695923089981079,5.025292873382568,1,1,0,0,0,1,1,1,1,1,1,0.8992509332615511
10618,353,data/attack/FeatureGuideHumanMimic,window2.csv,median_pull,0.9,20631,AdaptiveMimic_v8_candidate,v8_candidates.csv,1,0.0761930048465728,0.99998676776886,0.9989725351333618,3.072719097137451,1.6968019008636477,5.022125720977783,1,1,0,0,0,1,1,1,1,1,1,0.8992529415725247
10931,364,data/attack/FeatureGuideHumanMimic,window4.csv,blend_mean,0.8,20944,AdaptiveMimic_v8_candidate,v8_candidates.csv,1,0.102637305855751,0.999987244606018,0.9989149570465088,3.0534327030181885,1.6884223222732544,5.032139301300049,1,1,0,0,0,1,1,1,1,1,1,0.8992543624232086
9748,324,data/attack/AdaptiveMimic_v5_constrained_test,window2.csv,median_pull,0.97,19761,AdaptiveMimic_v8_candidate,v8_candidates.csv,1,0.0990014746785163,0.9999852180480956,0.9989135265350342,3.0562455654144287,1.691495656967163,4.989983081817627,1,1,0,0,0,1,1,1,1,1,1,0.899254833148956
10198,339,data/attack/AdaptiveMimic_v7_D2_OR90_bypass_test,v7_or90_test.csv,median_pull,0.1,20211,AdaptiveMimic_v8_candidate,v8_candidates.csv,1,0.0963696390390396,0.99998676776886,0.9988943934440612,3.05849552154541,1.6972594261169434,5.027162551879883,1,1,0,0,0,1,1,1,1,1,1,0.8992560263237519
5278,175,data/attack/AdaptiveMimic_v7_D2_OR90_bypass_test,v7_or90_test.csv,median_pull,0.65,15291,AdaptiveMimic_v8_candidate,v8_candidates.csv,1,0.0790215879678726,0.9999868869781494,0.9989643096923828,3.0708494186401367,1.696527361869812,5.023216724395752,1,1,0,0,0,1,1,1,1,1,1,0.8992585167615716
8983,299,data/attack/AdaptiveMimic_v7_D2_OR90_bypass_test,v7_or90_test.csv,masked_blend_mean,0.2,18996,AdaptiveMimic_v8_candidate,v8_candidates.csv,1,0.0809158831834793,0.99998676776886,0.9989652633666992,3.069413661956787,1.6948999166488647,5.022382736206055,1,1,0,0,0,1,1,1,1,1,1,0.8992588431902303
12843,428,data/attack/AdaptiveMimic_v7_D2_OR90_bypass_test,v7_or90_test.csv,masked_blend_mean,0.35,22856,AdaptiveMimic_v8_candidate,v8_candidates.csv,1,0.0882290825247764,0.9999868869781494,0.99894517660141,3.0641369819641118,1.693468689918518,5.023152828216553,1,1,0,0,0,1,1,1,1,1,1,0.899259400649433
5208,173,data/attack/AdaptiveMimic_v6_D1_OR90_bypass_test,v6_or90_test.csv,median_pull,0.8,15221,AdaptiveMimic_v8_candidate,v8_candidates.csv,1,0.0884257480502128,0.999987006187439,0.9989431500434875,3.064049482345581,1.693781495094299,5.029224395751953,1,1,0,0,0,1,1,1,1,1,1,0.8992606189953348
12863,428,data/attack/AdaptiveMimic_v7_D2_OR90_bypass_test,v7_or90_test.csv,masked_blend_mean,0.5,22876,AdaptiveMimic_v8_candidate,v8_candidates.csv,1,0.0852077305316925,0.9999871253967284,0.99895441532135,3.066352367401123,1.6939269304275513,5.0279221534729,1,1,0,0,0,1,1,1,1,1,1,0.8992608010565557
1448,48,data/attack/FeatureGuideHumanMimic,window4.csv,median_pull,0.8,11461,AdaptiveMimic_v8_candidate,v8_candidates.csv,1,0.0797926113009452,0.99998676776886,0.9989503026008606,3.070594549179077,1.6989706754684448,5.026367664337158,1,1,0,0,0,1,1,1,1,1,1,0.8992634726560242
5570,185,data/attack/AdaptiveMimic_v7_D2_OR90_bypass_test,v7_or90_test.csv,blend_ref,0.1,15583,AdaptiveMimic_v8_candidate,v8_candidates.csv,1,0.0975804030895233,0.99998676776886,0.9988977909088136,3.057860851287842,1.6959995031356812,5.02690315246582,1,1,0,0,0,1,1,1,1,1,1,0.8992664927061149
13762,458,data/attack/AdaptiveMimic_v7_D2_OR90_bypass_test,v7_or90_test.csv,masked_blend_ref,0.2,23775,AdaptiveMimic_v8_candidate,v8_candidates.csv,1,0.078983187675476,0.9999871253967284,0.9989688396453856,3.0711874961853027,1.6959840059280396,5.026584148406982,1,1,0,0,0,1,1,1,1,1,1,0.8992703721790442
11514,383,data/attack/AdaptiveMimic_v5_constrained_test,window4.csv,normal_jitter,0.9,21527,AdaptiveMimic_v8_candidate,v8_candidates.csv,1,0.1041213795542717,0.9999871253967284,0.9989099502563475,3.05287504196167,1.688779592514038,5.027673244476318,1,1,0,0,0,1,1,1,1,1,1,0.8992705674179022
8441,281,data/attack/FeatureGuideHumanMimic,window3.csv,blend_mean,0.97,18454,AdaptiveMimic_v8_candidate,v8_candidates.csv,1,0.0919930934906005,0.9999871253967284,0.9989498257637024,3.0615758895874023,1.6900224685668943,5.02744197845459,1,1,0,0,0,1,1,1,1,1,1,0.8992707358017864
1008,33,data/attack/FeatureGuideHumanMimic,window4.csv,median_pull,0.8,11021,AdaptiveMimic_v8_candidate,v8_candidates.csv,1,0.0813645124435424,0.9999871253967284,0.998963475227356,3.069520235061645,1.6953487396240234,5.033571243286133,1,1,0,0,0,1,1,1,1,1,1,0.8992726485128121
6201,206,data/attack/FeatureGuideHumanMimic,window4.csv,blend_mean,0.8,16214,AdaptiveMimic_v8_candidate,v8_candidates.csv,1,0.0819192081689834,0.999987244606018,0.9989780187606812,3.0690159797668457,1.6920154094696045,5.030177593231201,1,1,0,0,0,1,1,1,1,1,1,0.8992758123736893
4460,148,data/attack/AdaptiveMimic_v6_D1_OR90_bypass_test,v6_or90_test.csv,blend_ref,0.2,14473,AdaptiveMimic_v8_candidate,v8_candidates.csv,1,0.1042774021625518,0.999987244606018,0.9989192485809326,3.0528223514556885,1.68702232837677,5.031123161315918,1,1,0,0,0,1,1,1,1,1,1,0.8992764448013881
7283,242,data/attack/AdaptiveMimic_v6_D1_OR90_bypass_test,v6_or90_test.csv,masked_blend_mean,0.35,17296,AdaptiveMimic_v8_candidate,v8_candidates.csv,1,0.1000961512327194,0.9999871253967284,0.9989216327667236,3.056002140045166,1.689753532409668,5.029627323150635,1,1,0,0,0,1,1,1,1,1,1,0.8992777103540596
618,20,data/attack/AdaptiveMimic_v6_D1_OR90_bypass_test,v6_or90_test.csv,median_pull,0.35,10631,AdaptiveMimic_v8_candidate,v8_candidates.csv,1,0.1042698770761489,0.9999868869781494,0.9989058971405028,3.053093671798706,1.689746975898743,5.024972438812256,1,1,0,0,0,1,1,1,1,1,1,0.8992795132080209
12368,412,data/attack/AdaptiveMimic_v5_constrained_test,window2.csv,median_pull,0.97,22381,AdaptiveMimic_v8_candidate,v8_candidates.csv,1,0.0782638415694236,0.99998676776886,0.998971700668335,3.0720620155334477,1.6963034868240356,5.0218119621276855,1,1,0,0,0,1,1,1,1,1,1,0.8992819787366297
12478,415,data/attack/FeatureGuideHumanMimic,window4.csv,median_pull,0.8,22491,AdaptiveMimic_v8_candidate,v8_candidates.csv,1,0.0796639323234558,0.9999868869781494,0.9989559650421144,3.07120132446289,1.6984719038009644,5.027732849121094,1,1,0,0,0,1,1,1,1,1,1,0.899282181854018
9948,331,data/attack/AdaptiveMimic_v5_constrained_test,window2.csv,median_pull,0.97,19961,AdaptiveMimic_v8_candidate,v8_candidates.csv,1,0.078357495367527,0.99998676776886,0.998969554901123,3.0721359252929688,1.6967889070510864,5.020979881286621,1,1,0,0,0,1,1,1,1,1,1,0.8992857851680246
2478,82,data/attack/FeatureGuideHumanMimic,window4.csv,median_pull,0.8,12491,AdaptiveMimic_v8_candidate,v8_candidates.csv,1,0.0788086131215095,0.999987006187439,0.9989558458328248,3.072012662887573,1.6993162631988523,5.030320644378662,1,1,0,0,0,1,1,1,1,1,1,0.899287435190168
12871,429,data/attack/AdaptiveMimic_v6_D1_OR90_bypass_test,v6_or90_test.csv,blend_mean,0.65,22884,AdaptiveMimic_v8_candidate,v8_candidates.csv,1,0.0941027924418449,0.9999871253967284,0.9989534616470336,3.0605273246765137,1.6882758140563965,5.0255961418151855,1,1,0,0,0,1,1,1,1,1,1,0.8992899048139197
4443,148,data/attack/AdaptiveMimic_v6_D1_OR90_bypass_test,v6_or90_test.csv,masked_blend_mean,0.2,14456,AdaptiveMimic_v8_candidate,v8_candidates.csv,1,0.1068130359053611,0.9999871253967284,0.9989149570465088,3.051406145095825,1.6864086389541626,5.029938697814941,1,1,0,0,0,1,1,1,1,1,1,0.8992909507819677
608,20,data/attack/AdaptiveMimic_v6_D1_OR90_bypass_test,v6_or90_test.csv,median_pull,0.1,10621,AdaptiveMimic_v8_candidate,v8_candidates.csv,1,0.1083142086863517,0.9999871253967284,0.9989097118377686,3.050365209579468,1.6863160133361816,5.028293132781982,1,1,0,0,0,1,1,1,1,1,1,0.899291965418005
9311,310,data/attack/AdaptiveMimic_v6_D1_OR90_bypass_test,v6_or90_test.csv,blend_mean,0.8,19324,AdaptiveMimic_v8_candidate,v8_candidates.csv,1,0.0926151201128959,0.9999873638153076,0.9989420771598816,3.061943531036377,1.6918600797653198,5.02985429763794,1,1,0,0,0,1,1,1,1,1,1,0.8992947455792605
4580,152,data/attack/AdaptiveMimic_v7_D2_OR90_bypass_test,v7_or90_test.csv,blend_ref,0.35,14593,AdaptiveMimic_v8_candidate,v8_candidates.csv,1,0.0902284234762191,0.999986171722412,0.998910903930664,3.064387321472168,1.7001235485076904,5.0149993896484375,1,1,0,0,0,1,1,1,1,1,1,0.8993022480204741
14328,477,data/attack/AdaptiveMimic_v6_D1_OR90_bypass_test,v6_or90_test.csv,median_pull,0.9,24341,AdaptiveMimic_v8_candidate,v8_candidates.csv,1,0.0956676825881004,0.9999865293502808,0.9989064931869508,3.0603199005126958,1.6968693733215332,5.020196437835693,1,1,0,0,0,1,1,1,1,1,1,0.8993023827652685
10178,339,data/attack/AdaptiveMimic_v7_D2_OR90_bypass_test,v7_or90_test.csv,median_pull,0.5,20191,AdaptiveMimic_v8_candidate,v8_candidates.csv,1,0.0958822891116142,0.9999865293502808,0.9989043474197388,3.0602474212646484,1.6971826553344729,5.02184009552002,1,1,0,0,0,1,1,1,1,1,1,0.8993044270981165
7801,260,data/attack/FeatureGuideHumanMimic,window4.csv,blend_mean,0.8,17814,AdaptiveMimic_v8_candidate,v8_candidates.csv,1,0.0828038081526756,0.999987244606018,0.9989873766899108,3.069160461425781,1.6903213262557983,5.026805400848389,1,1,0,0,0,1,1,1,1,1,1,0.8993057909637646
13748,458,data/attack/AdaptiveMimic_v7_D2_OR90_bypass_test,v7_or90_test.csv,median_pull,0.97,23761,AdaptiveMimic_v8_candidate,v8_candidates.csv,1,0.0796444565057754,0.9999866485595704,0.998969554901123,3.071794271469116,1.696445107460022,5.019242286682129,1,1,0,0,0,1,1,1,1,1,1,0.8993061382170259
3538,117,data/attack/AdaptiveMimic_v6_D1_OR90_bypass_test,v6_or90_test.csv,median_pull,0.9,13551,AdaptiveMimic_v8_candidate,v8_candidates.csv,1,0.0933148488402366,0.99998676776886,0.9989105463027954,3.0622105598449707,1.698022723197937,5.027489185333252,1,1,0,0,0,1,1,1,1,1,1,0.8993075651396979
611,20,data/attack/AdaptiveMimic_v6_D1_OR90_bypass_test,v6_or90_test.csv,blend_mean,0.8,10624,AdaptiveMimic_v8_candidate,v8_candidates.csv,1,0.1067825406789779,0.99998676776886,0.9989068508148192,3.052105188369751,1.6885883808135986,5.022960662841797,1,1,0,0,0,1,1,1,1,1,1,0.8993093281174938
5268,175,data/attack/AdaptiveMimic_v7_D2_OR90_bypass_test,v7_or90_test.csv,median_pull,0.97,15281,AdaptiveMimic_v8_candidate,v8_candidates.csv,1,0.0832406431436538,0.9999868869781494,0.9989562034606934,3.069361448287964,1.6965805292129517,5.023856163024902,1,1,0,0,0,1,1,1,1,1,1,0.8993103081954302
8618,287,data/attack/AdaptiveMimic_v6_D1_OR90_bypass_test,v6_or90_test.csv,median_pull,0.65,18631,AdaptiveMimic_v8_candidate,v8_candidates.csv,1,0.0881636142730712,0.9999868869781494,0.9989388585090636,3.065995693206787,1.6965323686599731,5.0253190994262695,1,1,0,0,0,1,1,1,1,1,1,0.8993151205465469
1901,63,data/attack/AdaptiveMimic_v6_D1_OR90_bypass_test,v6_or90_test.csv,blend_mean,0.35,11914,AdaptiveMimic_v8_candidate,v8_candidates.csv,1,0.1039266884326934,0.9999873638153076,0.9989117383956908,3.0544207096099854,1.6900116205215454,5.035254955291748,1,1,0,0,0,1,1,1,1,1,1,0.899316393239628
9958,331,data/attack/AdaptiveMimic_v5_constrained_test,window2.csv,median_pull,0.97,19971,AdaptiveMimic_v8_candidate,v8_candidates.csv,1,0.0786392167210578,0.99998676776886,0.998976469039917,3.0728578567504883,1.6961628198623655,5.021820068359375,1,1,0,0,0,1,1,1,1,1,1,0.8993186684785033
5558,185,data/attack/AdaptiveMimic_v7_D2_OR90_bypass_test,v7_or90_test.csv,median_pull,0.2,15571,AdaptiveMimic_v8_candidate,v8_candidates.csv,1,0.0963536128401756,0.9999865293502808,0.9989029169082642,3.0603561401367188,1.6975467205047607,5.022423267364502,1,1,0,0,0,1,1,1,1,1,1,0.8993188552354592
13458,448,data/attack/FeatureGuideHumanMimic,window4.csv,median_pull,0.8,23471,AdaptiveMimic_v8_candidate,v8_candidates.csv,1,0.0801214352250099,0.999987006187439,0.998960256576538,3.071953535079956,1.698408842086792,5.031366348266602,1,1,0,0,0,1,1,1,1,1,1,0.899319327635444
4463,148,data/attack/AdaptiveMimic_v6_D1_OR90_bypass_test,v6_or90_test.csv,masked_blend_mean,0.35,14476,AdaptiveMimic_v8_candidate,v8_candidates.csv,1,0.1073327511548996,0.999987006187439,0.9989132881164552,3.0520577430725098,1.6873570680618286,5.026846885681152,1,1,0,0,0,1,1,1,1,1,1,0.8993238955420215
198,6,data/attack/AdaptiveMimic_v6_D1_OR90_bypass_test,v6_or90_test.csv,median_pull,0.97,10211,AdaptiveMimic_v8_candidate,v8_candidates.csv,1,0.08156318962574,0.99998676776886,0.9989618062973022,3.0710763931274414,1.6972389221191406,5.022333145141602,1,1,0,0,0,1,1,1,1,1,1,0.899326788736776
9238,307,data/attack/AdaptiveMimic_v6_D1_OR90_bypass_test,v6_or90_test.csv,median_pull,0.8,19251,AdaptiveMimic_v8_candidate,v8_candidates.csv,1,0.0890264883637428,0.9999868869781494,0.9989472031593324,3.0656654834747314,1.694626808166504,5.024476051330566,1,1,0,0,0,1,1,1,1,1,1,0.8993288801970251
12721,424,data/attack/AdaptiveMimic_v6_D1_OR90_bypass_test,v6_or90_test.csv,blend_mean,0.9,22734,AdaptiveMimic_v8_candidate,v8_candidates.csv,1,0.0982113555073738,0.9999871253967284,0.9989351630210876,3.0589520931243896,1.6901766061782837,5.027928829193115,1,1,0,0,0,1,1,1,1,1,1,0.8993321138362937
10981,366,data/attack/AdaptiveMimic_v6_D1_OR90_bypass_test,v6_or90_test.csv,blend_mean,0.97,20994,AdaptiveMimic_v8_candidate,v8_candidates.csv,1,0.0966976135969162,0.999987244606018,0.9989318251609802,3.060183048248291,1.692042112350464,5.029329299926758,1,1,0,0,0,1,1,1,1,1,1,0.8993335249979285
11358,378,data/attack/FeatureGuideHumanMimic,window2.csv,median_pull,0.97,21371,AdaptiveMimic_v8_candidate,v8_candidates.csv,1,0.0982359424233436,0.9999864101409912,0.9988970756530762,3.0594961643218994,1.697750210762024,5.019524574279785,1,1,0,0,0,1,1,1,1,1,1,0.899334710027731
12388,412,data/attack/AdaptiveMimic_v5_constrained_test,window2.csv,median_pull,0.8,22401,AdaptiveMimic_v8_candidate,v8_candidates.csv,1,0.0795337706804275,0.9999868869781494,0.9989821314811708,3.0726470947265625,1.6948403120040894,5.023972511291504,1,1,0,0,0,1,1,1,1,1,1,0.8993360217252209
5568,185,data/attack/AdaptiveMimic_v7_D2_OR90_bypass_test,v7_or90_test.csv,median_pull,0.5,15581,AdaptiveMimic_v8_candidate,v8_candidates.csv,1,0.0976314768195152,0.9999864101409912,0.9989029169082642,3.059926986694336,1.6971298456192017,5.019781589508057,1,1,0,0,0,1,1,1,1,1,1,0.8993361691149717
8698,289,data/attack/AdaptiveMimic_v6_D1_OR90_bypass_test,v6_or90_test.csv,median_pull,0.8,18711,AdaptiveMimic_v8_candidate,v8_candidates.csv,1,0.0888316258788108,0.999987006187439,0.9989379048347472,3.0661656856536865,1.6968755722045898,5.026092529296875,1,1,0,0,0,1,1,1,1,1,1,0.8993365589504236
10170,339,data/attack/AdaptiveMimic_v7_D2_OR90_bypass_test,v7_or90_test.csv,blend_ref,0.2,20183,AdaptiveMimic_v8_candidate,v8_candidates.csv,1,0.0956284403800964,0.999987006187439,0.9989280104637146,3.0612151622772217,1.6937873363494873,5.028639316558838,1,1,0,0,0,1,1,1,1,1,1,0.899339047473268
8573,285,data/attack/AdaptiveMimic_v6_D1_OR90_bypass_test,v6_or90_test.csv,masked_blend_mean,0.9,18586,AdaptiveMimic_v8_candidate,v8_candidates.csv,1,0.1042920500040054,0.9999871253967284,0.9989008903503418,3.0551674365997314,1.6927306652069092,5.027936935424805,1,1,0,0,0,1,1,1,1,1,1,0.8993449154036719
8638,287,data/attack/AdaptiveMimic_v6_D1_OR90_bypass_test,v6_or90_test.csv,median_pull,0.5,18651,AdaptiveMimic_v8_candidate,v8_candidates.csv,1,0.0916637033224105,0.9999868869781494,0.998933732509613,3.064361095428467,1.6958597898483276,5.026331424713135,1,1,0,0,0,1,1,1,1,1,1,0.8993458409097546
4582,152,data/attack/AdaptiveMimic_v7_D2_OR90_bypass_test,v7_or90_test.csv,masked_blend_ref,0.2,14595,AdaptiveMimic_v8_candidate,v8_candidates.csv,1,0.0976549088954925,0.9999865293502808,0.9989064931869508,3.0603175163269043,1.6968668699264526,5.021175384521484,1,1,0,0,0,1,1,1,1,1,1,0.8993507928304435
7641,254,data/attack/AdaptiveMimic_v6_D1_OR90_bypass_test,v6_or90_test.csv,blend_mean,0.9,17654,AdaptiveMimic_v8_candidate,v8_candidates.csv,1,0.097177043557167,0.9999871253967284,0.9989354014396667,3.060337781906128,1.691528558731079,5.02773904800415,1,1,0,0,0,1,1,1,1,1,1,0.8993515874813465
1551,51,data/attack/AdaptiveMimic_v6_D1_OR90_bypass_test,v6_or90_test.csv,blend_mean,0.9,11564,AdaptiveMimic_v8_candidate,v8_candidates.csv,1,0.0960559919476509,0.9999871253967284,0.998938262462616,3.0612998008728027,1.691939115524292,5.028025627136231,1,1,0,0,0,1,1,1,1,1,1,0.8993563529833714
5258,175,data/attack/AdaptiveMimic_v7_D2_OR90_bypass_test,v7_or90_test.csv,median_pull,0.8,15271,AdaptiveMimic_v8_candidate,v8_candidates.csv,1,0.0821280106902122,0.99998676776886,0.9989669322967528,3.0715255737304688,1.6966780424118042,5.0232462882995605,1,1,0,0,0,1,1,1,1,1,1,0.8993570825134198
11318,377,data/attack/AdaptiveMimic_v5_constrained_test,window4.csv,median_pull,0.9,21331,AdaptiveMimic_v8_candidate,v8_candidates.csv,1,0.090111531317234,0.99998676776886,0.9989346861839294,3.065948247909546,1.6972733736038208,5.023778915405273,1,1,0,0,0,1,1,1,1,1,1,0.8993594040589475
12881,429,data/attack/AdaptiveMimic_v6_D1_OR90_bypass_test,v6_or90_test.csv,blend_mean,0.65,22894,AdaptiveMimic_v8_candidate,v8_candidates.csv,1,0.0941791161894798,0.999987006187439,0.998956561088562,3.062674760818481,1.689831256866455,5.023606300354004,1,1,0,0,0,1,1,1,1,1,1,0.8993620996700891
613,20,data/attack/AdaptiveMimic_v6_D1_OR90_bypass_test,v6_or90_test.csv,masked_blend_mean,0.8,10626,AdaptiveMimic_v8_candidate,v8_candidates.csv,1,0.1114762276411056,0.999987006187439,0.9989107847213744,3.050193548202514,1.6859612464904783,5.027137279510498,1,1,0,0,0,1,1,1,1,1,1,0.8993639708306449
13650,455,data/attack/AdaptiveMimic_v6_D1_OR90_bypass_test,v6_or90_test.csv,blend_ref,0.1,23663,AdaptiveMimic_v8_candidate,v8_candidates.csv,1,0.0928545892238617,0.999987244606018,0.9989847540855408,3.063442707061768,1.6851202249526978,5.024507522583008,1,1,0,0,0,1,1,1,1,1,1,0.8993658801673322
11398,379,data/attack/AdaptiveMimic_v5_constrained_test,window2.csv,median_pull,0.8,21411,AdaptiveMimic_v8_candidate,v8_candidates.csv,1,0.0842060297727584,0.999987244606018,0.9989635944366456,3.070341825485229,1.696149826049805,5.031844139099121,1,1,0,0,0,1,1,1,1,1,1,0.8993685273304728
6178,205,data/attack/FeatureGuideHumanMimic,window2.csv,median_pull,0.9,16191,AdaptiveMimic_v8_candidate,v8_candidates.csv,1,0.0971471443772316,0.9999866485595704,0.9988996982574464,3.0613949298858643,1.6991698741912842,5.023694515228272,1,1,0,0,0,1,1,1,1,1,1,0.8993704227131543
10858,361,data/attack/AdaptiveMimic_v6_D1_OR90_bypass_test,v6_or90_test.csv,median_pull,0.97,20871,AdaptiveMimic_v8_candidate,v8_candidates.csv,1,0.0821832492947578,0.99998676776886,0.9989646673202516,3.071929931640625,1.6975370645523071,5.021421432495117,1,1,0,0,0,1,1,1,1,1,1,0.8993705433244525
12321,410,data/attack/AdaptiveMimic_v6_D1_OR90_bypass_test,v6_or90_test.csv,blend_mean,0.8,22334,AdaptiveMimic_v8_candidate,v8_candidates.csv,1,0.099528320133686,0.9999874830245972,0.9989252686500548,3.059369802474976,1.6924443244934082,5.034254550933838,1,1,0,0,0,1,1,1,1,1,1,0.899373880980602
603,20,data/attack/AdaptiveMimic_v6_D1_OR90_bypass_test,v6_or90_test.csv,masked_blend_mean,0.35,10616,AdaptiveMimic_v8_candidate,v8_candidates.csv,1,0.1112161055207252,0.999987244606018,0.9989118576049804,3.050699472427368,1.6862609386444092,5.030972480773926,1,1,0,0,0,1,1,1,1,1,1,0.8993744376964131
9838,327,data/attack/FeatureGuideHumanMimic,window4.csv,median_pull,0.8,19851,AdaptiveMimic_v8_candidate,v8_candidates.csv,1,0.0887025818228721,0.9999868869781494,0.9989362359046936,3.0674991607666016,1.6985169649124146,5.028026580810547,1,1,0,0,0,1,1,1,1,1,1,0.8993756287166972
2878,95,data/attack/AdaptiveMimic_v6_D1_OR90_bypass_test,v6_or90_test.csv,median_pull,0.2,12891,AdaptiveMimic_v8_candidate,v8_candidates.csv,1,0.0942926183342933,0.9999871253967284,0.9989479184150696,3.063160181045532,1.6919701099395752,5.027629375457764,1,1,0,0,0,1,1,1,1,1,1,0.8993770886179195
7631,254,data/attack/AdaptiveMimic_v6_D1_OR90_bypass_test,v6_or90_test.csv,blend_mean,0.9,17644,AdaptiveMimic_v8_candidate,v8_candidates.csv,1,0.0967786684632301,0.999987244606018,0.9989446997642516,3.0613315105438232,1.6907649040222168,5.028154373168945,1,1,0,0,0,1,1,1,1,1,1,0.8993776293007334
10182,339,data/attack/AdaptiveMimic_v7_D2_OR90_bypass_test,v7_or90_test.csv,masked_blend_ref,0.1,20195,AdaptiveMimic_v8_candidate,v8_candidates.csv,1,0.1005846783518791,0.9999866485595704,0.9988954067230223,3.059084177017212,1.6976455450057983,5.024572849273682,1,1,0,0,0,1,1,1,1,1,1,0.899378180551343
12891,429,data/attack/AdaptiveMimic_v6_D1_OR90_bypass_test,v6_or90_test.csv,blend_mean,0.65,22904,AdaptiveMimic_v8_candidate,v8_candidates.csv,1,0.0959855914115905,0.999987244606018,0.9989621639251708,3.061805725097656,1.68788480758667,5.0248188972473145,1,1,0,0,0,1,1,1,1,1,1,0.8993805326610631
6373,212,data/attack/AdaptiveMimic_v7_D2_OR90_bypass_test,v7_or90_test.csv,masked_blend_mean,0.65,16386,AdaptiveMimic_v8_candidate,v8_candidates.csv,1,0.0862800776958465,0.999987006187439,0.998963475227356,3.0692524909973145,1.6950740814208984,5.02726936340332,1,1,0,0,0,1,1,1,1,1,1,0.8993839164308816
691,23,data/attack/AdaptiveMimic_v7_D2_OR90_bypass_test,v7_or90_test.csv,blend_mean,0.65,10704,AdaptiveMimic_v8_candidate,v8_candidates.csv,1,0.0904437378048896,0.999987006187439,0.9989594221115112,3.066195249557495,1.6928166151046753,5.025851726531982,1,1,0,0,0,1,1,1,1,1,1,0.8993854520428375
2868,95,data/attack/AdaptiveMimic_v6_D1_OR90_bypass_test,v6_or90_test.csv,median_pull,0.2,12881,AdaptiveMimic_v8_candidate,v8_candidates.csv,1,0.0942564308643341,0.9999871253967284,0.9989476799964904,3.063474416732788,1.6923273801803589,5.028543949127197,1,1,0,0,0,1,1,1,1,1,1,0.8993862276795649
6168,205,data/attack/FeatureGuideHumanMimic,window2.csv,median_pull,0.97,16181,AdaptiveMimic_v8_candidate,v8_candidates.csv,1,0.0962019637227058,0.9999865293502808,0.9989076852798462,3.062541246414185,1.6988604068756104,5.021988391876221,1,1,0,0,0,1,1,1,1,1,1,0.8993874158377329
3748,124,data/attack/FeatureGuideHumanMimic,window4.csv,median_pull,0.8,13761,AdaptiveMimic_v8_candidate,v8_candidates.csv,1,0.0800035372376442,0.999987006187439,0.9989826083183287,3.073894739151001,1.695985198020935,5.028820037841797,1,1,0,0,0,1,1,1,1,1,1,0.8993878922232156
4898,163,data/attack/AdaptiveMimic_v7_D2_OR90_bypass_test,v7_or90_test.csv,median_pull,0.97,14911,AdaptiveMimic_v8_candidate,v8_candidates.csv,1,0.0847669839859008,0.99998676776886,0.9989607334136964,3.0705971717834477,1.6969479322433472,5.022453308105469,1,1,0,0,0,1,1,1,1,1,1,0.8993891003752658
623,20,data/attack/AdaptiveMimic_v6_D1_OR90_bypass_test,v6_or90_test.csv,masked_blend_mean,0.5,10636,AdaptiveMimic_v8_candidate,v8_candidates.csv,1,0.1124249175190925,0.9999871253967284,0.9989041090011596,3.050370454788208,1.6873481273651123,5.03071928024292,1,1,0,0,0,1,1,1,1,1,1,0.8993901913680236
7128,237,data/attack/AdaptiveMimic_v6_D1_OR90_bypass_test,v6_or90_test.csv,median_pull,0.5,17141,AdaptiveMimic_v8_candidate,v8_candidates.csv,1,0.0890262201428413,0.9999868869781494,0.99895441532135,3.067724227905273,1.6952975988388062,5.023862838745117,1,1,0,0,0,1,1,1,1,1,1,0.8993980434514441
9571,319,data/attack/FeatureGuideHumanMimic,window3.csv,blend_mean,0.97,19584,AdaptiveMimic_v8_candidate,v8_candidates.csv,1,0.0936220660805702,0.9999871253967284,0.9989631175994872,3.064253807067871,1.6901437044143677,5.024573802947998,1,1,0,0,0,1,1,1,1,1,1,0.899402018553149
10188,339,data/attack/AdaptiveMimic_v7_D2_OR90_bypass_test,v7_or90_test.csv,median_pull,0.97,20201,AdaptiveMimic_v8_candidate,v8_candidates.csv,1,0.1017367541790008,0.9999864101409912,0.9988961219787598,3.059072494506836,1.6974992752075195,5.018559455871582,1,1,0,0,0,1,1,1,1,1,1,0.899406104931297
14721,490,data/attack/FeatureGuideHumanMimic,window2.csv,blend_mean,0.97,24734,AdaptiveMimic_v8_candidate,v8_candidates.csv,1,0.096757486462593,0.999987244606018,0.9989540576934814,3.0621583461761475,1.6897993087768557,5.027580261230469,1,1,0,0,0,1,1,1,1,1,1,0.899407477089466
6188,206,data/attack/FeatureGuideHumanMimic,window4.csv,median_pull,0.8,16201,AdaptiveMimic_v8_candidate,v8_candidates.csv,1,0.0788717344403266,0.999987006187439,0.9989731311798096,3.0754950046539307,1.6994458436965942,5.031935691833496,1,1,0,0,0,1,1,1,1,1,1,0.899408009620738
9151,305,data/attack/FeatureGuideHumanMimic,window2.csv,blend_mean,0.8,19164,AdaptiveMimic_v8_candidate,v8_candidates.csv,1,0.0900312289595604,0.999987244606018,0.9989922642707824,3.0668389797210693,1.6870362758636477,5.023863315582275,1,1,0,0,0,1,1,1,1,1,1,0.8994093454043082
10498,349,data/attack/FeatureGuideHumanMimic,window4.csv,median_pull,0.8,20511,AdaptiveMimic_v8_candidate,v8_candidates.csv,1,0.0806286260485649,0.999987244606018,0.9989738464355468,3.074302673339844,1.6981223821640017,5.033734321594238,1,1,0,0,0,1,1,1,1,1,1,0.8994128687005403
5578,185,data/attack/AdaptiveMimic_v7_D2_OR90_bypass_test,v7_or90_test.csv,median_pull,0.9,15591,AdaptiveMimic_v8_candidate,v8_candidates.csv,1,0.1008927822113037,0.9999864101409912,0.9989051818847656,3.059909582138061,1.6967047452926636,5.018332958221436,1,1,0,0,0,1,1,1,1,1,1,0.8994160881352807
14373,479,data/attack/AdaptiveMimic_v6_D1_OR90_bypass_test,v6_or90_test.csv,masked_blend_mean,0.9,24386,AdaptiveMimic_v8_candidate,v8_candidates.csv,1,0.0948649793863296,0.999987006187439,0.9989571571350098,3.0639290809631348,1.69096577167511,5.026478290557861,1,1,0,0,0,1,1,1,1,1,1,0.8994194577003402
12848,428,data/attack/AdaptiveMimic_v7_D2_OR90_bypass_test,v7_or90_test.csv,median_pull,0.1,22861,AdaptiveMimic_v8_candidate,v8_candidates.csv,1,0.0920768231153488,0.9999868869781494,0.9989448189735411,3.0661985874176025,1.6956002712249756,5.025414943695068,1,1,0,0,0,1,1,1,1,1,1,0.8994195166263932
2851,95,data/attack/AdaptiveMimic_v6_D1_OR90_bypass_test,v6_or90_test.csv,blend_mean,0.35,12864,AdaptiveMimic_v8_candidate,v8_candidates.csv,1,0.0983012914657592,0.9999871253967284,0.9989534616470336,3.061378240585327,1.689127802848816,5.028310775756836,1,1,0,0,0,1,1,1,1,1,1,0.8994197417836614
5873,195,data/attack/AdaptiveMimic_v6_D1_OR90_bypass_test,v6_or90_test.csv,masked_blend_mean,0.2,15886,AdaptiveMimic_v8_candidate,v8_candidates.csv,1,0.1037188172340393,0.999987244606018,0.9989053010940552,3.0578718185424805,1.6946252584457395,5.032349109649658,1,1,0,0,0,1,1,1,1,1,1,0.8994198133167229
8461,282,data/attack/AdaptiveMimic_v5_constrained_test,window3.csv,blend_mean,0.97,18474,AdaptiveMimic_v8_candidate,v8_candidates.csv,1,0.0965196341276168,0.999987244606018,0.9989595413208008,3.0626895427703857,1.6892799139022827,5.029282569885254,1,1,0,0,0,1,1,1,1,1,1,0.8994209699401384
2873,95,data/attack/AdaptiveMimic_v6_D1_OR90_bypass_test,v6_or90_test.csv,masked_blend_mean,0.8,12886,AdaptiveMimic_v8_candidate,v8_candidates.csv,1,0.0978002920746803,0.9999871253967284,0.9989433884620668,3.0619747638702397,1.6916590929031372,5.02790641784668,1,1,0,0,0,1,1,1,1,1,1,0.8994226946278853
2871,95,data/attack/AdaptiveMimic_v6_D1_OR90_bypass_test,v6_or90_test.csv,blend_mean,0.35,12884,AdaptiveMimic_v8_candidate,v8_candidates.csv,1,0.0981090813875198,0.9999871253967284,0.9989506006240844,3.061685085296631,1.689989686012268,5.0268635749816895,1,1,0,0,0,1,1,1,1,1,1,0.8994237870035859
4691,156,data/attack/AdaptiveMimic_v6_D1_OR90_bypass_test,v6_or90_test.csv,blend_mean,0.97,14704,AdaptiveMimic_v8_candidate,v8_candidates.csv,1,0.0972233638167381,0.9999871253967284,0.9989583492279052,3.062261819839477,1.6890698671340942,5.024380207061768,1,1,0,0,0,1,1,1,1,1,1,0.8994238445951973
3541,118,data/attack/AdaptiveMimic_v6_D1_OR90_bypass_test,v6_or90_test.csv,blend_mean,0.9,13554,AdaptiveMimic_v8_candidate,v8_candidates.csv,1,0.1166007444262504,0.999987006187439,0.9988780617713928,3.048720598220825,1.6903953552246094,5.028621196746826,1,1,0,0,0,1,1,1,1,1,1,0.899428491767406
4584,152,data/attack/AdaptiveMimic_v7_D2_OR90_bypass_test,v7_or90_test.csv,normal_jitter,0.1,14597,AdaptiveMimic_v8_candidate,v8_candidates.csv,1,0.1118491739034652,0.999986171722412,0.9988988637924194,3.05208420753479,1.6900172233581543,5.015761852264404,1,1,0,0,0,1,1,1,1,1,1,0.8994288414172248
7288,242,data/attack/AdaptiveMimic_v6_D1_OR90_bypass_test,v6_or90_test.csv,median_pull,0.1,17301,AdaptiveMimic_v8_candidate,v8_candidates.csv,1,0.1037454605102539,0.9999868869781494,0.9989196062088012,3.0580077171325684,1.692133545875549,5.02603006362915,1,1,0,0,0,1,1,1,1,1,1,0.8994304178838999
4868,162,data/attack/FeatureGuideHumanMimic,window2.csv,median_pull,0.9,14881,AdaptiveMimic_v8_candidate,v8_candidates.csv,1,0.1046748533844947,0.9999850988388062,0.9988973140716552,3.05762243270874,1.6958470344543457,4.986939907073975,1,1,0,0,0,1,1,1,1,1,1,0.8994310573444636
3728,124,data/attack/FeatureGuideHumanMimic,window4.csv,median_pull,0.8,13741,AdaptiveMimic_v8_candidate,v8_candidates.csv,1,0.0812725946307182,0.9999868869781494,0.998982846736908,3.074337959289551,1.6963804960250854,5.027647972106934,1,1,0,0,0,1,1,1,1,1,1,0.8994331742131566
11481,382,data/attack/AdaptiveMimic_v6_D1_OR90_bypass_test,v6_or90_test.csv,blend_mean,0.65,21494,AdaptiveMimic_v8_candidate,v8_candidates.csv,1,0.1041180193424224,0.9999873638153076,0.9989444613456726,3.0575406551361084,1.6870133876800537,5.028781890869141,1,1,0,0,0,1,1,1,1,1,1,0.8994346029383525
3121,104,data/attack/AdaptiveMimic_v7_D2_OR90_bypass_test,v7_or90_test.csv,blend_mean,0.97,13134,AdaptiveMimic_v8_candidate,v8_candidates.csv,1,0.0995606258511543,0.999987244606018,0.9989495873451232,3.060973644256592,1.6894798278808594,5.02779483795166,1,1,0,0,0,1,1,1,1,1,1,0.8994359398615724
2341,78,data/attack/AdaptiveMimic_v5_constrained_test,window3.csv,blend_mean,0.9,12354,AdaptiveMimic_v8_candidate,v8_candidates.csv,1,0.1000729575753212,0.9999871253967284,0.9989516735076904,3.060753345489502,1.688848614692688,5.024965286254883,1,1,0,0,0,1,1,1,1,1,1,0.8994421342417419
7818,260,data/attack/FeatureGuideHumanMimic,window4.csv,median_pull,0.8,17831,AdaptiveMimic_v8_candidate,v8_candidates.csv,1,0.0816294103860855,0.9999868869781494,0.9989812970161438,3.0744001865386963,1.696745991706848,5.02744722366333,1,1,0,0,0,1,1,1,1,1,1,0.8994432638779177
12840,428,data/attack/AdaptiveMimic_v7_D2_OR90_bypass_test,v7_or90_test.csv,blend_ref,0.1,22853,AdaptiveMimic_v8_candidate,v8_candidates.csv,1,0.0906669199466705,0.9999868869781494,0.9989579916000366,3.067903518676758,1.694798469543457,5.022246360778809,1,1,0,0,0,1,1,1,1,1,1,0.8994452783898297
3141,104,data/attack/AdaptiveMimic_v7_D2_OR90_bypass_test,v7_or90_test.csv,blend_mean,0.8,13154,AdaptiveMimic_v8_candidate,v8_candidates.csv,1,0.0971683636307716,0.999987244606018,0.9989538192749025,3.0630929470062256,1.6907763481140137,5.027910232543945,1,1,0,0,0,1,1,1,1,1,1,0.899447497950023
10801,360,data/attack/FeatureGuideHumanMimic,window4.csv,blend_mean,0.97,20814,AdaptiveMimic_v8_candidate,v8_candidates.csv,1,0.0981638953089714,0.9999871253967284,0.9989598989486694,3.062311887741089,1.6888350248336792,5.026623249053955,1,1,0,0,0,1,1,1,1,1,1,0.8994490247700268
701,23,data/attack/AdaptiveMimic_v7_D2_OR90_bypass_test,v7_or90_test.csv,blend_mean,0.9,10714,AdaptiveMimic_v8_candidate,v8_candidates.csv,1,0.0918269753456115,0.9999871253967284,0.9989818930625916,3.066902875900269,1.6891469955444336,5.022768020629883,1,1,0,0,0,1,1,1,1,1,1,0.8994510213504178
12191,406,data/attack/AdaptiveMimic_v6_D1_OR90_bypass_test,v6_or90_test.csv,blend_mean,0.97,22204,AdaptiveMimic_v8_candidate,v8_candidates.csv,1,0.1184483841061592,0.99998676776886,0.998910427093506,3.047642946243286,1.683464527130127,5.020987033843994,1,1,0,0,0,1,1,1,1,1,1,0.8994517266285879
13091,436,data/attack/AdaptiveMimic_v5_constrained_test,window1.csv,blend_mean,0.9,23104,AdaptiveMimic_v8_candidate,v8_candidates.csv,1,0.1002795323729515,0.999987244606018,0.998945415019989,3.061068534851074,1.6903575658798218,5.0295729637146,1,1,0,0,0,1,1,1,1,1,1,0.8994548668815585
721,24,data/attack/AdaptiveMimic_v7_D2_OR90_bypass_test,v7_or90_test.csv,blend_mean,0.9,10734,AdaptiveMimic_v8_candidate,v8_candidates.csv,1,0.0961321368813514,0.999987006187439,0.9989628791809082,3.064051389694214,1.6899902820587158,5.024352073669434,1,1,0,0,0,1,1,1,1,1,1,0.8994566021560246
10591,353,data/attack/FeatureGuideHumanMimic,window2.csv,blend_mean,0.8,20604,AdaptiveMimic_v8_candidate,v8_candidates.csv,1,0.0954105854034423,0.9999871253967284,0.9989612102508544,3.064637899398804,1.6908985376358032,5.025762557983398,1,1,0,0,0,1,1,1,1,1,1,0.8994572606757747
1211,40,data/attack/FeatureGuideHumanMimic,window4.csv,blend_mean,0.97,11224,AdaptiveMimic_v8_candidate,v8_candidates.csv,1,0.1000052466988563,0.999987244606018,0.9989450573921204,3.061430692672729,1.690799593925476,5.030700206756592,1,1,0,0,0,1,1,1,1,1,1,0.8994596917805091
612,20,data/attack/AdaptiveMimic_v6_D1_OR90_bypass_test,v6_or90_test.csv,masked_blend_ref,0.1,10625,AdaptiveMimic_v8_candidate,v8_candidates.csv,1,0.1163908988237381,0.9999868869781494,0.9988940358161926,3.0498626232147217,1.6886810064315796,5.025538444519043,1,1,0,0,0,1,1,1,1,1,1,0.8994664831499511
6383,212,data/attack/AdaptiveMimic_v7_D2_OR90_bypass_test,v7_or90_test.csv,masked_blend_mean,0.5,16396,AdaptiveMimic_v8_candidate,v8_candidates.csv,1,0.0890742689371109,0.999987006187439,0.9989689588546752,3.0696802139282227,1.6944557428359983,5.025904178619385,1,1,0,0,0,1,1,1,1,1,1,0.8994680573474885
8563,285,data/attack/AdaptiveMimic_v6_D1_OR90_bypass_test,v6_or90_test.csv,masked_blend_mean,0.8,18576,AdaptiveMimic_v8_candidate,v8_candidates.csv,1,0.1060923859477043,0.999987244606018,0.9989159107208252,3.0574676990509038,1.6922917366027832,5.031578063964844,1,1,0,0,0,1,1,1,1,1,1,0.8994689591151444
5478,182,data/attack/FeatureGuideHumanMimic,window2.csv,median_pull,0.97,15491,AdaptiveMimic_v8_candidate,v8_candidates.csv,1,0.0991226509213447,0.99998676776886,0.998909592628479,3.062897205352783,1.6988818645477295,5.024423599243164,1,1,0,0,0,1,1,1,1,1,1,0.8994709974473701
2861,95,data/attack/AdaptiveMimic_v6_D1_OR90_bypass_test,v6_or90_test.csv,blend_mean,0.1,12874,AdaptiveMimic_v8_candidate,v8_candidates.csv,1,0.1018990576267242,0.999987244606018,0.9989389777183532,3.060532331466675,1.691051006317139,5.030752182006836,1,1,0,0,0,1,1,1,1,1,1,0.8994745431393892
7361,245,data/attack/AdaptiveMimic_v6_D1_OR90_bypass_test,v6_or90_test.csv,blend_mean,0.9,17374,AdaptiveMimic_v8_candidate,v8_candidates.csv,1,0.0961232259869575,0.9999871253967284,0.9989770650863647,3.064452648162842,1.687639832496643,5.023334503173828,1,1,0,0,0,1,1,1,1,1,1,0.8994750260119719
8181,272,data/attack/FeatureGuideHumanMimic,window2.csv,blend_mean,0.97,18194,AdaptiveMimic_v8_candidate,v8_candidates.csv,1,0.0968733131885528,0.9999871253967284,0.9989618062973022,3.064136266708374,1.6902841329574585,5.023843288421631,1,1,0,0,0,1,1,1,1,1,1,0.8994770375973571
711,23,data/attack/AdaptiveMimic_v7_D2_OR90_bypass_test,v7_or90_test.csv,blend_mean,0.65,10724,AdaptiveMimic_v8_candidate,v8_candidates.csv,1,0.0908610224723815,0.999987006187439,0.9989778995513916,3.0685365200042725,1.691575050354004,5.023959636688232,1,1,0,0,0,1,1,1,1,1,1,0.8994784058119984
271,9,data/attack/AdaptiveMimic_v6_D1_OR90_bypass_test,v6_or90_test.csv,blend_mean,0.97,10284,AdaptiveMimic_v8_candidate,v8_candidates.csv,1,0.0982246771454811,0.999987244606018,0.9989632368087769,3.0631885528564453,1.689071774482727,5.02786111831665,1,1,0,0,0,1,1,1,1,1,1,0.8994801164195685
1411,47,data/attack/AdaptiveMimic_v7_D2_OR90_bypass_test,v7_or90_test.csv,blend_mean,0.8,11424,AdaptiveMimic_v8_candidate,v8_candidates.csv,1,0.0954653993248939,0.999987006187439,0.998971462249756,3.0653090476989746,1.6895846128463743,5.020991325378418,1,1,0,0,0,1,1,1,1,1,1,0.8994842600218251
9038,301,data/attack/AdaptiveMimic_v6_D1_OR90_bypass_test,v6_or90_test.csv,median_pull,0.1,19051,AdaptiveMimic_v8_candidate,v8_candidates.csv,1,0.0983911156654357,0.9999871253967284,0.998961329460144,3.0632598400115967,1.689495325088501,5.024834632873535,1,1,0,0,0,1,1,1,1,1,1,0.89948566198778
14948,498,data/attack/AdaptiveMimic_v6_D1_OR90_bypass_test,v6_or90_test.csv,median_pull,0.8,24961,AdaptiveMimic_v8_candidate,v8_candidates.csv,1,0.0871837139129638,0.9999868869781494,0.9989639520645142,3.0717456340789795,1.6974743604660034,5.027318000793457,1,1,0,0,0,1,1,1,1,1,1,0.8994863786967594
13163,438,data/attack/AdaptiveMimic_v6_D1_OR90_bypass_test,v6_or90_test.csv,masked_blend_mean,0.97,23176,AdaptiveMimic_v8_candidate,v8_candidates.csv,1,0.1116378605365753,0.9999871253967284,0.9989190101623536,3.0538032054901123,1.688052773475647,5.026238441467285,1,1,0,0,0,1,1,1,1,1,1,0.8994874717403198
1918,63,data/attack/AdaptiveMimic_v6_D1_OR90_bypass_test,v6_or90_test.csv,median_pull,0.97,11931,AdaptiveMimic_v8_candidate,v8_candidates.csv,1,0.1004455536603927,0.9999865293502808,0.9989067316055298,3.0624945163726807,1.6990002393722534,5.020570278167725,1,1,0,0,0,1,1,1,1,1,1,0.8994890702162457
12858,428,data/attack/AdaptiveMimic_v7_D2_OR90_bypass_test,v7_or90_test.csv,median_pull,0.1,22871,AdaptiveMimic_v8_candidate,v8_candidates.csv,1,0.0925877764821052,0.99998676776886,0.9989500641822816,3.067915916442871,1.6963270902633667,5.02294921875,1,1,0,0,0,1,1,1,1,1,1,0.8994893263628354
7931,264,data/attack/AdaptiveMimic_v6_D1_OR90_bypass_test,v6_or90_test.csv,blend_mean,0.9,17944,AdaptiveMimic_v8_candidate,v8_candidates.csv,1,0.0976395159959793,0.999987244606018,0.9989632368087769,3.0639395713806152,1.6898049116134644,5.026086807250977,1,1,0,0,0,1,1,1,1,1,1,0.899490019302797
3131,104,data/attack/AdaptiveMimic_v7_D2_OR90_bypass_test,v7_or90_test.csv,blend_mean,0.65,13144,AdaptiveMimic_v8_candidate,v8_candidates.csv,1,0.0973824262619018,0.999987006187439,0.9989500641822816,3.064417123794556,1.6928249597549438,5.027205944061279,1,1,0,0,0,1,1,1,1,1,1,0.8994937577367571
14378,479,data/attack/AdaptiveMimic_v6_D1_OR90_bypass_test,v6_or90_test.csv,median_pull,0.8,24391,AdaptiveMimic_v8_candidate,v8_candidates.csv,1,0.0918474495410919,0.9999868869781494,0.9989522695541382,3.068617582321167,1.69660747051239,5.023575305938721,1,1,0,0,0,1,1,1,1,1,1,0.8994947841537325
10991,366,data/attack/AdaptiveMimic_v6_D1_OR90_bypass_test,v6_or90_test.csv,blend_mean,0.65,21004,AdaptiveMimic_v8_candidate,v8_candidates.csv,1,0.1054233610630035,0.999987244606018,0.9989340901374816,3.058659791946411,1.6900873184204102,5.029188632965088,1,1,0,0,0,1,1,1,1,1,1,0.8994982887258192
9834,327,data/attack/FeatureGuideHumanMimic,window4.csv,normal_jitter,0.8,19847,AdaptiveMimic_v8_candidate,v8_candidates.csv,1,0.1045994460582733,0.999987244606018,0.9989309906959534,3.0593435764312744,1.691348433494568,5.028980731964111,1,1,0,0,0,1,1,1,1,1,1,0.8994989616984926
4414,147,data/attack/AdaptiveMimic_v7_D2_OR90_bypass_test,v7_or90_test.csv,normal_jitter,0.1,14427,AdaptiveMimic_v8_candidate,v8_candidates.csv,1,0.1107309535145759,0.9999871253967284,0.9989420771598816,3.0545661449432373,1.684501886367798,5.02817440032959,1,1,0,0,0,1,1,1,1,1,1,0.899499134880583
7861,262,data/attack/FeatureGuideHumanMimic,window4.csv,blend_mean,0.9,17874,AdaptiveMimic_v8_candidate,v8_candidates.csv,1,0.1079076603055,0.999987244606018,0.9989275336265564,3.056910753250122,1.6895557641983032,5.032753467559815,1,1,0,0,0,1,1,1,1,1,1,0.8994999677479909
10091,336,data/attack/AdaptiveMimic_v6_D1_OR90_bypass_test,v6_or90_test.csv,blend_mean,0.97,20104,AdaptiveMimic_v8_candidate,v8_candidates.csv,1,0.0988561064004898,0.9999871253967284,0.998953938484192,3.0634827613830566,1.6911369562149048,5.027428150177002,1,1,0,0,0,1,1,1,1,1,1,0.8995012283713822
1118,37,data/attack/FeatureGuideHumanMimic,window2.csv,median_pull,0.9,11131,AdaptiveMimic_v8_candidate,v8_candidates.csv,1,0.0971348732709884,0.999987006187439,0.9989280104637146,3.065113306045532,1.6976865530014038,5.026965141296387,1,1,0,0,0,1,1,1,1,1,1,0.8995013109666529
9224,307,data/attack/AdaptiveMimic_v6_D1_OR90_bypass_test,v6_or90_test.csv,normal_jitter,0.1,19237,AdaptiveMimic_v8_candidate,v8_candidates.csv,1,0.1062328442931175,0.99998676776886,0.998932421207428,3.0581722259521484,1.6899025440216064,5.019865036010742,1,1,0,0,0,1,1,1,1,1,1,0.8995014831480547
7161,238,data/attack/AdaptiveMimic_v6_D1_OR90_bypass_test,v6_or90_test.csv,blend_mean,0.97,17174,AdaptiveMimic_v8_candidate,v8_candidates.csv,1,0.1032109037041664,0.999987244606018,0.9989493489265442,3.0602502822875977,1.6887903213500977,5.02851152420044,1,1,0,0,0,1,1,1,1,1,1,0.8995016186066127
10751,358,data/attack/AdaptiveMimic_v6_D1_OR90_bypass_test,v6_or90_test.csv,blend_mean,0.9,20764,AdaptiveMimic_v8_candidate,v8_candidates.csv,1,0.1004660055041313,0.9999871253967284,0.9989525079727172,3.062294244766236,1.6902174949645996,5.026918888092041,1,1,0,0,0,1,1,1,1,1,1,0.8995016700911923
602,20,data/attack/AdaptiveMimic_v6_D1_OR90_bypass_test,v6_or90_test.csv,masked_blend_ref,0.1,10615,AdaptiveMimic_v8_candidate,v8_candidates.csv,1,0.1172287762165069,0.999987006187439,0.99890398979187,3.0502190589904785,1.687209963798523,5.028145790100098,1,1,0,0,0,1,1,1,1,1,1,0.899502432085517
9041,301,data/attack/AdaptiveMimic_v6_D1_OR90_bypass_test,v6_or90_test.csv,blend_mean,0.9,19054,AdaptiveMimic_v8_candidate,v8_candidates.csv,1,0.0975187346339225,0.9999871253967284,0.998966097831726,3.0644004344940186,1.6897215843200684,5.025306224822998,1,1,0,0,0,1,1,1,1,1,1,0.8995030073603998
5874,195,data/attack/AdaptiveMimic_v6_D1_OR90_bypass_test,v6_or90_test.csv,normal_jitter,0.8,15887,AdaptiveMimic_v8_candidate,v8_candidates.csv,1,0.1075706481933593,0.9999871253967284,0.9989264607429504,3.0572965145111084,1.6901483535766602,5.026362895965576,1,1,0,0,0,1,1,1,1,1,1,0.8995036883376457
1492,49,data/attack/AdaptiveMimic_v7_D2_OR90_bypass_test,v7_or90_test.csv,masked_blend_ref,0.35,11505,AdaptiveMimic_v8_candidate,v8_candidates.csv,1,0.0940584912896156,0.9999873638153076,0.9989666938781738,3.0670583248138428,1.6922719478607178,5.030795574188232,1,1,0,0,0,1,1,1,1,1,1,0.8995044893097806
11091,369,data/attack/AdaptiveMimic_v7_D2_OR90_bypass_test,v7_or90_test.csv,blend_mean,0.1,21104,AdaptiveMimic_v8_candidate,v8_candidates.csv,1,0.09370868653059,0.9999868869781494,0.9989487528800964,3.067669153213501,1.696328043937683,5.023864269256592,1,1,0,0,0,1,1,1,1,1,1,0.8995082539078589
1484,49,data/attack/AdaptiveMimic_v7_D2_OR90_bypass_test,v7_or90_test.csv,normal_jitter,0.1,11497,AdaptiveMimic_v8_candidate,v8_candidates.csv,1,0.1055868417024612,0.9999873638153076,0.9989407658576964,3.0588278770446777,1.6889927387237549,5.032650470733643,1,1,0,0,0,1,1,1,1,1,1,0.8995104073006667
11083,369,data/attack/AdaptiveMimic_v7_D2_OR90_bypass_test,v7_or90_test.csv,masked_blend_mean,0.35,21096,AdaptiveMimic_v8_candidate,v8_candidates.csv,1,0.0924372524023056,0.9999868869781494,0.9989572763442992,3.0686192512512207,1.6956498622894287,5.022988319396973,1,1,0,0,0,1,1,1,1,1,1,0.8995112313504735
2850,95,data/attack/AdaptiveMimic_v6_D1_OR90_bypass_test,v6_or90_test.csv,blend_ref,0.1,12863,AdaptiveMimic_v8_candidate,v8_candidates.csv,1,0.1042245849967002,0.9999871253967284,0.998940408229828,3.059922933578491,1.690159559249878,5.027930736541748,1,1,0,0,0,1,1,1,1,1,1,0.8995121881326735
5871,195,data/attack/AdaptiveMimic_v6_D1_OR90_bypass_test,v6_or90_test.csv,blend_mean,0.1,15884,AdaptiveMimic_v8_candidate,v8_candidates.csv,1,0.1027997136116027,0.999987244606018,0.9989205598831176,3.0612688064575195,1.695226788520813,5.031373023986816,1,1,0,0,0,1,1,1,1,1,1,0.8995128634549503
8581,286,data/attack/FeatureGuideHumanMimic,window3.csv,blend_mean,0.97,18594,AdaptiveMimic_v8_candidate,v8_candidates.csv,1,0.0981861129403114,0.999987244606018,0.9989686012268066,3.0641932487487797,1.689038872718811,5.0266313552856445,1,1,0,0,0,1,1,1,1,1,1,0.8995136692181092
9043,301,data/attack/AdaptiveMimic_v6_D1_OR90_bypass_test,v6_or90_test.csv,masked_blend_mean,0.35,19056,AdaptiveMimic_v8_candidate,v8_candidates.csv,1,0.1028301566839218,0.999987244606018,0.9989594221115112,3.060833692550659,1.6874512434005735,5.026717662811279,1,1,0,0,0,1,1,1,1,1,1,0.8995151418692431
10714,357,data/attack/FeatureGuideHumanMimic,window4.csv,normal_jitter,0.1,20727,AdaptiveMimic_v8_candidate,v8_candidates.csv,1,0.1060179397463798,0.9999877214431764,0.9989570379257202,3.058515787124634,1.685577392578125,5.035555362701416,1,1,0,0,0,1,1,1,1,1,1,0.8995175293579175
2881,96,data/attack/AdaptiveMimic_v7_D2_OR90_bypass_test,v7_or90_test.csv,blend_mean,0.8,12894,AdaptiveMimic_v8_candidate,v8_candidates.csv,1,0.0937635824084281,0.999987006187439,0.9989790916442872,3.0676252841949463,1.6904325485229492,5.0247111320495605,1,1,0,0,0,1,1,1,1,1,1,0.8995203640744307
14391,479,data/attack/AdaptiveMimic_v6_D1_OR90_bypass_test,v6_or90_test.csv,blend_mean,0.35,24404,AdaptiveMimic_v8_candidate,v8_candidates.csv,1,0.1027044057846069,0.9999871253967284,0.998944103717804,3.0612998008728027,1.690851092338562,5.0267744064331055,1,1,0,0,0,1,1,1,1,1,1,0.8995209057860222
2870,95,data/attack/AdaptiveMimic_v6_D1_OR90_bypass_test,v6_or90_test.csv,blend_ref,0.1,12883,AdaptiveMimic_v8_candidate,v8_candidates.csv,1,0.1023817732930183,0.9999871253967284,0.9989476799964904,3.061504602432251,1.6903680562973022,5.027544975280762,1,1,0,0,0,1,1,1,1,1,1,0.8995210582572039
5831,194,data/attack/AdaptiveMimic_v7_D2_OR90_bypass_test,v7_or90_test.csv,blend_mean,0.97,15844,AdaptiveMimic_v8_candidate,v8_candidates.csv,1,0.0955192521214485,0.9999871253967284,0.998978853225708,3.066319227218628,1.6891733407974243,5.0249528884887695,1,1,0,0,0,1,1,1,1,1,1,0.899521102587753
14031,467,data/attack/AdaptiveMimic_v7_D2_OR90_bypass_test,v7_or90_test.csv,blend_mean,0.97,24044,AdaptiveMimic_v8_candidate,v8_candidates.csv,1,0.0961052030324935,0.999987006187439,0.9989786148071288,3.0659332275390625,1.6888253688812256,5.024043083190918,1,1,0,0,0,1,1,1,1,1,1,0.8995228283530697
14381,479,data/attack/AdaptiveMimic_v6_D1_OR90_bypass_test,v6_or90_test.csv,blend_mean,0.35,24394,AdaptiveMimic_v8_candidate,v8_candidates.csv,1,0.1033171862363815,0.999987006187439,0.9989394545555116,3.061000347137451,1.6914129257202148,5.02762508392334,1,1,0,0,0,1,1,1,1,1,1,0.8995243083748925
8314,277,data/attack/AdaptiveMimic_v6_D1_OR90_bypass_test,v6_or90_test.csv,normal_jitter,0.65,18327,AdaptiveMimic_v8_candidate,v8_candidates.csv,1,0.1111414059996604,0.9999871253967284,0.99891996383667,3.0553314685821533,1.6893976926803589,5.027740955352783,1,1,0,0,0,1,1,1,1,1,1,0.8995249452374731
4434,147,data/attack/AdaptiveMimic_v7_D2_OR90_bypass_test,v7_or90_test.csv,normal_jitter,0.5,14447,AdaptiveMimic_v8_candidate,v8_candidates.csv,1,0.1055616214871406,0.999987006187439,0.9989303946495056,3.0594358444213867,1.6915481090545654,5.022586345672607,1,1,0,0,0,1,1,1,1,1,1,0.8995250750016034
6991,233,data/attack/FeatureGuideHumanMimic,window3.csv,blend_mean,0.97,17004,AdaptiveMimic_v8_candidate,v8_candidates.csv,1,0.0958342850208282,0.999987244606018,0.9989736080169678,3.066275119781494,1.6901386976242063,5.027052402496338,1,1,0,0,0,1,1,1,1,1,1,0.8995253186366451
1878,62,data/attack/AdaptiveMimic_v6_D1_OR90_bypass_test,v6_or90_test.csv,median_pull,0.9,11891,AdaptiveMimic_v8_candidate,v8_candidates.csv,1,0.0977695286273956,0.9999868869781494,0.9989386200904846,3.0652546882629395,1.6958237886428833,5.024129390716553,1,1,0,0,0,1,1,1,1,1,1,0.8995255442989593
12181,406,data/attack/AdaptiveMimic_v6_D1_OR90_bypass_test,v6_or90_test.csv,blend_mean,0.9,22194,AdaptiveMimic_v8_candidate,v8_candidates.csv,1,0.1186835244297981,0.99998676776886,0.9989249110221864,3.0495922565460205,1.6827354431152344,5.021193027496338,1,1,0,0,0,1,1,1,1,1,1,0.8995260189550837
9048,301,data/attack/AdaptiveMimic_v6_D1_OR90_bypass_test,v6_or90_test.csv,median_pull,0.1,19061,AdaptiveMimic_v8_candidate,v8_candidates.csv,1,0.0994274988770484,0.9999871253967284,0.9989607334136964,3.063760280609131,1.6901121139526367,5.025911808013916,1,1,0,0,0,1,1,1,1,1,1,0.8995268231146007
8678,289,data/attack/AdaptiveMimic_v6_D1_OR90_bypass_test,v6_or90_test.csv,median_pull,0.9,18691,AdaptiveMimic_v8_candidate,v8_candidates.csv,1,0.0951989144086837,0.9999868869781494,0.9989377856254578,3.067317485809326,1.6980453729629517,5.024969100952148,1,1,0,0,0,1,1,1,1,1,1,0.8995289048893885
183,6,data/attack/AdaptiveMimic_v6_D1_OR90_bypass_test,v6_or90_test.csv,masked_blend_mean,0.35,10196,AdaptiveMimic_v8_candidate,v8_candidates.csv,1,0.0998175740242004,0.999987244606018,0.9989820122718812,3.063298225402832,1.6855058670043943,5.022635459899902,1,1,0,0,0,1,1,1,1,1,1,0.8995300231938543
4221,140,data/attack/AdaptiveMimic_v6_D1_OR90_bypass_test,v6_or90_test.csv,blend_mean,0.5,14234,AdaptiveMimic_v8_candidate,v8_candidates.csv,1,0.1006209328770637,0.9999871253967284,0.9989581108093262,3.0630600452423096,1.689924240112305,5.024458408355713,1,1,0,0,0,1,1,1,1,1,1,0.8995323476439496
13131,437,data/attack/AdaptiveMimic_v6_D1_OR90_bypass_test,v6_or90_test.csv,blend_mean,0.2,23144,AdaptiveMimic_v8_candidate,v8_candidates.csv,1,0.1020851209759712,0.9999871253967284,0.9989523887634276,3.062023639678955,1.6899741888046265,5.023380279541016,1,1,0,0,0,1,1,1,1,1,1,0.8995324149965627
14011,467,data/attack/AdaptiveMimic_v7_D2_OR90_bypass_test,v7_or90_test.csv,blend_mean,0.65,24024,AdaptiveMimic_v8_candidate,v8_candidates.csv,1,0.0967545583844184,0.9999871253967284,0.9989684820175172,3.065964937210083,1.690819501876831,5.025237560272217,1,1,0,0,0,1,1,1,1,1,1,0.8995356876526489
11151,371,data/attack/AdaptiveMimic_v6_D1_OR90_bypass_test,v6_or90_test.csv,blend_mean,0.9,21164,AdaptiveMimic_v8_candidate,v8_candidates.csv,1,0.096931904554367,0.999987006187439,0.9989712238311768,3.0658271312713623,1.6901684999465942,5.02362871170044,1,1,0,0,0,1,1,1,1,1,1,0.8995366269006585
11511,383,data/attack/AdaptiveMimic_v5_constrained_test,window4.csv,blend_mean,0.65,21524,AdaptiveMimic_v8_candidate,v8_candidates.csv,1,0.107791744172573,0.999987244606018,0.9989374279975892,3.0580196380615234,1.6888253688812256,5.032879829406738,1,1,0,0,0,1,1,1,1,1,1,0.8995367997461601
10843,361,data/attack/AdaptiveMimic_v6_D1_OR90_bypass_test,v6_or90_test.csv,masked_blend_mean,0.8,20856,AdaptiveMimic_v8_candidate,v8_candidates.csv,1,0.0992681682109832,0.9999873638153076,0.9989625215530396,3.064180850982666,1.6901938915252686,5.031855583190918,1,1,0,0,0,1,1,1,1,1,1,0.8995372871995309
10948,364,data/attack/FeatureGuideHumanMimic,window4.csv,median_pull,0.8,20961,AdaptiveMimic_v8_candidate,v8_candidates.csv,1,0.105508953332901,0.9999868869781494,0.9989124536514282,3.060124635696411,1.6955853700637815,5.028320789337158,1,1,0,0,0,1,1,1,1,1,1,0.8995387427139159
11338,377,data/attack/AdaptiveMimic_v5_constrained_test,window4.csv,median_pull,0.8,21351,AdaptiveMimic_v8_candidate,v8_candidates.csv,1,0.0956015437841415,0.9999871253967284,0.9989482760429382,3.067186117172241,1.695930004119873,5.02988862991333,1,1,0,0,0,1,1,1,1,1,1,0.8995387906313231
4208,140,data/attack/AdaptiveMimic_v6_D1_OR90_bypass_test,v6_or90_test.csv,median_pull,0.2,14221,AdaptiveMimic_v8_candidate,v8_candidates.csv,1,0.0982360616326332,0.999987006187439,0.9989651441574096,3.06498646736145,1.690495491027832,5.024028301239014,1,1,0,0,0,1,1,1,1,1,1,0.8995389488157411
2401,80,data/attack/FeatureGuideHumanMimic,window2.csv,blend_mean,0.9,12414,AdaptiveMimic_v8_candidate,v8_candidates.csv,1,0.1064135506749153,0.9999874830245972,0.9989266991615297,3.0592710971832275,1.6920799016952517,5.0339884757995605,1,1,0,0,0,1,1,1,1,1,1,0.8995392696431534
2531,84,data/attack/AdaptiveMimic_v7_D2_OR90_bypass_test,v7_or90_test.csv,blend_mean,0.65,12544,AdaptiveMimic_v8_candidate,v8_candidates.csv,1,0.0961340218782424,0.9999868869781494,0.9989701509475708,3.066555976867676,1.6910991668701172,5.022330284118652,1,1,0,0,0,1,1,1,1,1,1,0.8995401488045645
12421,414,data/attack/AdaptiveMimic_v6_D1_OR90_bypass_test,v6_or90_test.csv,blend_mean,0.8,22434,AdaptiveMimic_v8_candidate,v8_candidates.csv,1,0.0984805524349212,0.9999871253967284,0.9989770650863647,3.064748525619507,1.6879369020462036,5.025778293609619,1,1,0,0,0,1,1,1,1,1,1,0.8995420693058014
