global_index,label,source_file,reconstruction_error
0,normal,window_typing_10000.csv,0.888035774230957
1,normal,window_typing_10000.csv,0.7511358857154846
2,normal,window_typing_10000.csv,0.6628507375717163
3,normal,window_typing_10000.csv,0.6057917475700378
4,normal,window_typing_10000.csv,0.5445999503135681
5,normal,window_typing_10000.csv,0.5028403401374817
6,normal,window_typing_10000.csv,0.4979267418384552
7,normal,window_typing_10000.csv,0.4813995659351349
8,normal,window_typing_10000.csv,0.4726082384586334
9,normal,window_typing_10000.csv,0.46645474433898926
10,normal,window_typing_10000.csv,0.46740734577178955
11,normal,window_typing_10000.csv,0.46954870223999023
12,normal,window_typing_10000.csv,0.46172070503234863
13,normal,window_typing_10000.csv,0.4651343822479248
14,normal,window_typing_10000.csv,0.46289822459220886
15,normal,window_typing_10000.csv,0.45995453000068665
16,normal,window_typing_10000.csv,0.46315568685531616
17,normal,window_typing_10000.csv,0.45667600631713867
18,normal,window_typing_10000.csv,0.4533466696739197
19,normal,window_typing_10000.csv,0.4545799195766449
20,normal,window_typing_10000.csv,0.45717325806617737
21,normal,window_typing_10000.csv,0.45796409249305725
22,normal,window_typing_10000.csv,0.4636937081813812
23,normal,window_typing_10000.csv,0.46454814076423645
24,normal,window_typing_10000.csv,0.46619370579719543
25,normal,window_typing_10000.csv,0.47150665521621704
26,normal,window_typing_10000.csv,0.4696826934814453
27,normal,window_typing_10000.csv,0.4724096953868866
28,normal,window_typing_10000.csv,0.46926772594451904
29,normal,window_typing_10000.csv,0.47187215089797974
30,normal,window_typing_10000.csv,0.46595099568367004
31,normal,window_typing_10000.csv,0.5896836519241333
32,normal,window_typing_10000.csv,0.6128333210945129
33,normal,window_typing_10000.csv,0.6290152668952942
34,normal,window_typing_10000.csv,0.6338199973106384
35,normal,window_typing_10000.csv,0.6645172238349915
36,normal,window_typing_10000.csv,0.5321182608604431
37,normal,window_typing_10000.csv,1.415762186050415
38,normal,window_typing_10000.csv,1.368762731552124
39,normal,window_typing_10000.csv,1.509580373764038
40,normal,window_typing_10000.csv,1.4639397859573364
41,normal,window_typing_10000.csv,1.3763728141784668
42,normal,window_typing_10000.csv,1.330539345741272
43,normal,window_typing_10000.csv,1.264210820198059
44,normal,window_typing_10000.csv,1.2299367189407349
45,normal,window_typing_10000.csv,1.2185697555541992
46,normal,window_typing_10000.csv,1.2639036178588867
47,normal,window_typing_10000.csv,1.2676151990890503
48,normal,window_typing_10000.csv,1.2713226079940796
49,normal,window_typing_10000.csv,1.2939538955688477
50,normal,window_typing_10000.csv,1.3565773963928223
51,normal,window_typing_10000.csv,1.288938045501709
52,normal,window_typing_10000.csv,1.2935012578964233
53,normal,window_typing_10000.csv,1.33297860622406
54,normal,window_typing_10000.csv,1.2856743335723877
55,normal,window_typing_10000.csv,1.3121155500411987
56,normal,window_typing_10000.csv,1.1926562786102295
57,normal,window_typing_10000.csv,1.2175183296203613
58,normal,window_typing_10000.csv,1.2617121934890747
59,normal,window_typing_10000.csv,1.3208931684494019
60,normal,window_typing_10000.csv,1.3552498817443848
61,normal,window_typing_10000.csv,1.318835735321045
62,normal,window_typing_10000.csv,1.3510301113128662
63,normal,window_typing_10000.csv,1.3342530727386475
64,normal,window_typing_10000.csv,1.3129501342773438
65,normal,window_typing_10000.csv,1.2903541326522827
66,normal,window_typing_10000.csv,1.2862396240234375
67,normal,window_typing_10000.csv,1.270753264427185
68,normal,window_typing_10000.csv,1.2853606939315796
69,normal,window_typing_10000.csv,1.2832366228103638
70,normal,window_typing_10000.csv,1.26291024684906
71,normal,window_typing_10000.csv,1.277474284172058
72,normal,window_typing_10000.csv,1.258378267288208
73,normal,window_typing_10000.csv,1.2486532926559448
74,normal,window_typing_10000.csv,1.2402398586273193
75,normal,window_typing_10000.csv,1.247801423072815
76,normal,window_typing_10000.csv,1.2395161390304565
77,normal,window_typing_10000.csv,1.2265795469284058
78,normal,window_typing_10000.csv,1.226330041885376
79,normal,window_typing_10000.csv,1.2461564540863037
80,normal,window_typing_10000.csv,1.3056211471557617
81,normal,window_typing_10000.csv,1.2431085109710693
82,normal,window_typing_10000.csv,1.4103152751922607
83,normal,window_typing_10000.csv,1.366415023803711
84,normal,window_typing_10000.csv,1.5022934675216675
85,normal,window_typing_10000.csv,1.7138049602508545
86,normal,window_typing_10000.csv,1.888014316558838
87,normal,window_typing_10000.csv,0.9072918891906738
88,normal,window_typing_10000.csv,0.7540042400360107
89,normal,window_typing_10000.csv,0.5715837478637695
90,normal,window_typing_10000.csv,0.4633696377277374
91,normal,window_typing_10000.csv,0.3995041847229004
92,normal,window_typing_10000.csv,0.35797053575515747
93,normal,window_typing_10000.csv,0.3323972821235657
94,normal,window_typing_10000.csv,0.3199787437915802
95,normal,window_typing_10000.csv,0.31558477878570557
96,normal,window_typing_10000.csv,0.31308263540267944
97,normal,window_typing_10000.csv,0.30690085887908936
98,normal,window_typing_10000.csv,0.2997119724750519
99,normal,window_typing_10000.csv,0.2953967750072479
100,normal,window_typing_10000.csv,0.2870818078517914
101,normal,window_typing_10000.csv,0.2816929519176483
102,normal,window_typing_10000.csv,0.2749384939670563
103,normal,window_typing_10000.csv,0.26761502027511597
104,normal,window_typing_10000.csv,0.26530760526657104
105,normal,window_typing_10000.csv,0.26150912046432495
106,normal,window_typing_10000.csv,0.26412978768348694
107,normal,window_typing_10000.csv,0.2671809196472168
108,normal,window_typing_10000.csv,0.2736753523349762
109,normal,window_typing_10000.csv,0.2747945189476013
110,normal,window_typing_10000.csv,0.2771548926830292
111,normal,window_typing_10000.csv,0.27606236934661865
112,normal,window_typing_10000.csv,0.2755044996738434
113,normal,window_typing_10000.csv,0.27135154604911804
114,normal,window_typing_10000.csv,0.27060604095458984
115,normal,window_typing_10000.csv,0.2658625841140747
116,normal,window_typing_10000.csv,0.2682751417160034
117,normal,window_typing_10000.csv,0.26339271664619446
118,normal,window_typing_10000.csv,0.28734302520751953
119,normal,window_typing_10000.csv,0.28495603799819946
120,normal,window_typing_10000.csv,0.2805154621601105
121,normal,window_typing_10000.csv,0.2866593897342682
122,normal,window_typing_10000.csv,0.2868446409702301
123,normal,window_typing_10000.csv,0.29367321729660034
124,normal,window_typing_10000.csv,0.3097817897796631
125,normal,window_typing_10000.csv,0.31378138065338135
126,normal,window_typing_10000.csv,0.30199337005615234
127,normal,window_typing_10000.csv,0.2872915267944336
128,normal,window_typing_10000.csv,0.27282002568244934
129,normal,window_typing_10000.csv,0.2583185136318207
130,normal,window_typing_10000.csv,0.24973919987678528
131,normal,window_typing_10000.csv,0.2439141869544983
132,normal,window_typing_10000.csv,0.22641947865486145
133,normal,window_typing_10000.csv,0.22840535640716553
134,normal,window_typing_10000.csv,0.23487699031829834
135,normal,window_typing_10000.csv,0.22205276787281036
136,normal,window_typing_10000.csv,0.2150452882051468
137,normal,window_typing_10000.csv,0.21749301254749298
138,normal,window_typing_10000.csv,0.2167889028787613
139,normal,window_typing_10000.csv,0.2183856964111328
140,normal,window_typing_10000.csv,0.22209765017032623
141,normal,window_typing_10000.csv,0.3630247414112091
142,normal,window_typing_10000.csv,0.3806237280368805
143,normal,window_typing_10000.csv,0.39775243401527405
144,normal,window_typing_10000.csv,0.4061541259288788
145,normal,window_typing_10000.csv,0.4332787096500397
146,normal,window_typing_10000.csv,0.4346558451652527
147,normal,window_typing_10000.csv,0.4504646360874176
148,normal,window_typing_10000.csv,0.45686718821525574
149,normal,window_typing_10000.csv,0.4920331835746765
150,normal,window_typing_10000.csv,0.48706093430519104
151,normal,window_typing_10000.csv,0.4881437122821808
152,normal,window_typing_10000.csv,0.4929651618003845
153,normal,window_typing_10000.csv,0.49280068278312683
154,normal,window_typing_10000.csv,0.48588621616363525
155,normal,window_typing_10000.csv,0.4786350727081299
156,normal,window_typing_10000.csv,0.47013574838638306
157,normal,window_typing_10000.csv,0.45671406388282776
158,normal,window_typing_10000.csv,0.4529675245285034
159,normal,window_typing_10000.csv,0.4540233910083771
160,normal,window_typing_10000.csv,0.45576319098472595
161,normal,window_typing_10000.csv,0.46545207500457764
162,normal,window_typing_10000.csv,0.4833129942417145
163,normal,window_typing_10000.csv,0.4958871304988861
164,normal,window_typing_10000.csv,0.5026866793632507
165,normal,window_typing_10000.csv,0.5060494542121887
166,normal,window_typing_10000.csv,0.4951402544975281
167,normal,window_typing_10000.csv,0.48855412006378174
168,normal,window_typing_10000.csv,0.47701582312583923
169,normal,window_typing_10000.csv,0.47030019760131836
170,normal,window_typing_10000.csv,0.47046035528182983
171,normal,window_typing_10000.csv,0.4604474902153015
172,normal,window_typing_10000.csv,0.4574173390865326
173,normal,window_typing_10000.csv,0.4512898325920105
174,normal,window_typing_10000.csv,0.4504615068435669
175,normal,window_typing_10000.csv,0.4473530948162079
176,normal,window_typing_10000.csv,0.44539615511894226
177,normal,window_typing_10000.csv,0.44767338037490845
178,normal,window_typing_10000.csv,0.45522427558898926
179,normal,window_typing_10000.csv,0.45723968744277954
180,normal,window_typing_10000.csv,0.46015775203704834
181,normal,window_typing_10000.csv,0.45976296067237854
182,normal,window_typing_10000.csv,0.4628675878047943
183,normal,window_typing_10000.csv,0.45961499214172363
184,normal,window_typing_10000.csv,0.44909965991973877
185,normal,window_typing_10000.csv,0.45163556933403015
186,normal,window_typing_10000.csv,0.4459018111228943
187,normal,window_typing_10000.csv,0.4457874000072479
188,normal,window_typing_10000.csv,0.4516119658946991
189,normal,window_typing_10000.csv,0.4525578022003174
190,normal,window_typing_10000.csv,0.4522649347782135
191,normal,window_typing_10000.csv,0.3205372393131256
192,normal,window_typing_10000.csv,0.2992987632751465
193,normal,window_typing_10000.csv,0.28676700592041016
194,normal,window_typing_10000.csv,0.28121402859687805
195,normal,window_typing_10000.csv,0.2522323429584503
196,normal,window_typing_10000.csv,0.24823063611984253
197,normal,window_typing_10000.csv,0.2423492819070816
198,normal,window_typing_10000.csv,0.23191626369953156
199,normal,window_typing_10000.csv,0.225051149725914
200,normal,window_typing_10000.csv,0.22267623245716095
201,normal,window_typing_10000.csv,0.21637560427188873
202,normal,window_typing_10000.csv,0.20792008936405182
203,normal,window_typing_10000.csv,0.20365788042545319
204,normal,window_typing_10000.csv,0.19670318067073822
205,normal,window_typing_10000.csv,0.19817154109477997
206,normal,window_typing_10000.csv,0.19759313762187958
207,normal,window_typing_10000.csv,0.19165708124637604
208,normal,window_typing_10000.csv,0.1883264183998108
209,normal,window_typing_10000.csv,0.18604841828346252
210,normal,window_typing_10000.csv,0.18494689464569092
211,normal,window_typing_10000.csv,0.19173413515090942
212,normal,window_typing_10000.csv,0.18686369061470032
213,normal,window_typing_10000.csv,0.18949605524539948
214,normal,window_typing_10000.csv,0.18706591427326202
215,normal,window_typing_10000.csv,0.17286600172519684
216,normal,window_typing_10000.csv,0.1693512499332428
217,normal,window_typing_10000.csv,0.1593298614025116
218,normal,window_typing_10000.csv,0.1523989588022232
219,normal,window_typing_10000.csv,0.15511181950569153
220,normal,window_typing_10000.csv,0.15596291422843933
221,normal,window_typing_10000.csv,0.16847842931747437
222,normal,window_typing_10000.csv,0.18295015394687653
223,normal,window_typing_10000.csv,0.21994563937187195
224,normal,window_typing_10000.csv,0.21735581755638123
225,normal,window_typing_10000.csv,0.24240881204605103
226,normal,window_typing_10000.csv,0.253576397895813
227,normal,window_typing_10000.csv,0.26425743103027344
228,normal,window_typing_10000.csv,0.26215070486068726
229,normal,window_typing_10000.csv,0.2510688304901123
230,normal,window_typing_10000.csv,0.2461664229631424
231,normal,window_typing_10000.csv,0.24891424179077148
232,normal,window_typing_10000.csv,0.2563092112541199
233,normal,window_typing_10000.csv,0.25729018449783325
234,normal,window_typing_10000.csv,0.26270967721939087
235,normal,window_typing_10000.csv,0.26360559463500977
236,normal,window_typing_10000.csv,0.276078462600708
237,normal,window_typing_10000.csv,0.2770286500453949
238,normal,window_typing_10000.csv,0.28073933720588684
239,normal,window_typing_10000.csv,0.27921608090400696
240,normal,window_typing_10000.csv,0.2775805592536926
241,normal,window_typing_10000.csv,0.274692177772522
242,normal,window_typing_10000.csv,0.2760550081729889
243,normal,window_typing_10000.csv,0.413379967212677
244,normal,window_typing_10000.csv,0.4476665258407593
245,normal,window_typing_10000.csv,0.4469682574272156
246,normal,window_typing_10000.csv,0.4549954831600189
247,normal,window_typing_10000.csv,0.4515417814254761
248,normal,window_typing_10000.csv,0.4473896026611328
249,normal,window_typing_10000.csv,0.44306766986846924
250,normal,window_typing_10000.csv,0.44339314103126526
251,normal,window_typing_10000.csv,0.44300082325935364
252,normal,window_typing_10000.csv,0.4437656104564667
253,normal,window_typing_10000.csv,0.44119077920913696
254,normal,window_typing_10000.csv,0.4395778775215149
255,normal,window_typing_10000.csv,0.43767261505126953
256,normal,window_typing_10000.csv,0.43614834547042847
257,normal,window_typing_10000.csv,0.4365173280239105
258,normal,window_typing_10000.csv,0.44389232993125916
259,normal,window_typing_10000.csv,0.44691455364227295
260,normal,window_typing_10000.csv,0.44685065746307373
261,normal,window_typing_10000.csv,0.442156583070755
262,normal,window_typing_10000.csv,0.4427630305290222
263,normal,window_typing_10000.csv,0.43826159834861755
264,normal,window_typing_10000.csv,0.43844684958457947
265,normal,window_typing_10000.csv,0.44370701909065247
266,normal,window_typing_10000.csv,0.44951772689819336
267,normal,window_typing_10000.csv,0.45802852511405945
268,normal,window_typing_10000.csv,0.46511250734329224
269,normal,window_typing_10000.csv,0.4684724807739258
270,normal,window_typing_10000.csv,0.46887296438217163
271,normal,window_typing_10000.csv,0.5983483195304871
272,normal,window_typing_10000.csv,0.594651997089386
273,normal,window_typing_10000.csv,0.5692178606987
274,normal,window_typing_10000.csv,0.569963276386261
275,normal,window_typing_10000.csv,0.5769671201705933
276,normal,window_typing_10000.csv,0.571996808052063
277,normal,window_typing_10000.csv,0.6072714924812317
278,normal,window_typing_10000.csv,0.635109543800354
279,normal,window_typing_10000.csv,0.6424039006233215
280,normal,window_typing_10000.csv,0.6511693596839905
281,normal,window_typing_10000.csv,0.6577361822128296
282,normal,window_typing_10000.csv,0.6471534371376038
283,normal,window_typing_10000.csv,0.648018479347229
284,normal,window_typing_10000.csv,0.6439832448959351
285,normal,window_typing_10000.csv,0.6428420543670654
286,normal,window_typing_10000.csv,0.6297855377197266
287,normal,window_typing_10000.csv,0.6231886744499207
288,normal,window_typing_10000.csv,0.6099308729171753
289,normal,window_typing_10000.csv,0.6049908995628357
290,normal,window_typing_10000.csv,0.6006034016609192
291,normal,window_typing_10000.csv,0.6103759407997131
292,normal,window_typing_10000.csv,0.6081175208091736
293,normal,window_typing_10000.csv,0.4910620152950287
294,normal,window_typing_10000.csv,0.46748071908950806
295,normal,window_typing_10000.csv,0.4769376516342163
296,normal,window_typing_10000.csv,0.47632312774658203
297,normal,window_typing_10000.csv,0.4767396152019501
298,normal,window_typing_10000.csv,0.48214688897132874
299,normal,window_typing_10000.csv,0.4866279363632202
300,normal,window_typing_10000.csv,0.4870922863483429
301,normal,window_typing_10000.csv,0.48931944370269775
302,normal,window_typing_10000.csv,0.4903191328048706
303,normal,window_typing_10000.csv,0.49584272503852844
304,normal,window_typing_10000.csv,0.49695074558258057
305,normal,window_typing_10000.csv,0.4941108226776123
306,normal,window_typing_10000.csv,0.49201858043670654
307,normal,window_typing_10000.csv,0.49264273047447205
308,normal,window_typing_10000.csv,0.4831412732601166
309,normal,window_typing_10000.csv,0.48336556553840637
310,normal,window_typing_10000.csv,0.48191046714782715
311,normal,window_typing_10000.csv,0.4812091290950775
312,normal,window_typing_10000.csv,0.4846572279930115
313,normal,window_typing_10000.csv,0.4878014326095581
314,normal,window_typing_10000.csv,0.5014029741287231
315,normal,window_typing_10000.csv,0.5024499297142029
316,normal,window_typing_10000.csv,0.5036213397979736
317,normal,window_typing_10000.csv,0.5166943073272705
318,normal,window_typing_10000.csv,0.514420747756958
319,normal,window_typing_10000.csv,0.5333853363990784
320,normal,window_typing_10000.csv,0.5412294864654541
321,normal,window_typing_10000.csv,0.42030176520347595
322,normal,window_typing_10000.csv,0.4008409380912781
323,normal,window_typing_10000.csv,0.3907817602157593
324,normal,window_typing_10000.csv,0.3690323531627655
325,normal,window_typing_10000.csv,0.3336651623249054
326,normal,window_typing_10000.csv,0.3279664218425751
327,normal,window_typing_10000.csv,0.2907792329788208
328,normal,window_typing_10000.csv,0.33065879344940186
329,normal,window_typing_10000.csv,0.3483903408050537
330,normal,window_typing_10000.csv,0.35046419501304626
331,normal,window_typing_10000.csv,0.36628520488739014
332,normal,window_typing_10000.csv,0.38315925002098083
333,normal,window_typing_10000.csv,0.3947238624095917
334,normal,window_typing_10000.csv,0.40479281544685364
335,normal,window_typing_10000.csv,0.4098890423774719
336,normal,window_typing_10000.csv,0.41884538531303406
337,normal,window_typing_10000.csv,0.4152786433696747
338,normal,window_typing_10000.csv,0.4203859269618988
339,normal,window_typing_10000.csv,0.40197184681892395
340,normal,window_typing_10000.csv,0.38875612616539
341,normal,window_typing_10000.csv,0.36163175106048584
342,normal,window_typing_10000.csv,0.3556557893753052
343,normal,window_typing_10000.csv,0.3465211093425751
344,normal,window_typing_10000.csv,0.3417092263698578
345,normal,window_typing_10000.csv,0.34387490153312683
346,normal,window_typing_10000.csv,0.3489443361759186
347,normal,window_typing_10000.csv,0.3562805950641632
348,normal,window_typing_10000.csv,0.3595941662788391
349,normal,window_typing_10000.csv,0.36169466376304626
350,normal,window_typing_10000.csv,0.36296346783638
351,normal,window_typing_10000.csv,0.36393383145332336
352,normal,window_typing_10000.csv,0.36539462208747864
353,normal,window_typing_10000.csv,0.3647620379924774
354,normal,window_typing_10000.csv,0.3628605902194977
355,normal,window_typing_10000.csv,0.3771135210990906
356,normal,window_typing_10000.csv,0.37875765562057495
357,normal,window_typing_10000.csv,0.3827076852321625
358,normal,window_typing_10000.csv,0.3829977512359619
359,normal,window_typing_10000.csv,0.3774859309196472
360,normal,window_typing_10000.csv,0.3743508756160736
361,normal,window_typing_10000.csv,0.3820609450340271
362,normal,window_typing_10000.csv,0.38116297125816345
363,normal,window_typing_10000.csv,0.3892640769481659
364,normal,window_typing_10000.csv,0.3914974629878998
365,normal,window_typing_10000.csv,0.3950129747390747
366,normal,window_typing_10000.csv,0.3930414319038391
367,normal,window_typing_10000.csv,0.38232821226119995
368,normal,window_typing_10000.csv,0.38305744528770447
369,normal,window_typing_10000.csv,0.37871503829956055
370,normal,window_typing_10000.csv,0.38610124588012695
371,normal,window_typing_10000.csv,0.3821282982826233
372,normal,window_typing_10000.csv,0.3787030279636383
373,normal,window_typing_10000.csv,0.373914510011673
374,normal,window_typing_10000.csv,0.36963239312171936
375,normal,window_typing_10000.csv,0.3606128990650177
376,normal,window_typing_10000.csv,0.3550143241882324
377,normal,window_typing_10000.csv,0.3556359112262726
378,normal,window_typing_10000.csv,0.3254042863845825
379,normal,window_typing_10000.csv,0.3033750057220459
380,normal,window_typing_10000.csv,0.298900306224823
381,normal,window_typing_10000.csv,0.29051387310028076
382,normal,window_typing_10000.csv,0.2885051965713501
383,normal,window_typing_10000.csv,0.30809858441352844
384,normal,window_typing_10000.csv,0.2982465624809265
385,normal,window_typing_10000.csv,0.2919638454914093
386,normal,window_typing_10000.csv,0.2793768644332886
387,normal,window_typing_10000.csv,0.2799132466316223
388,normal,window_typing_10000.csv,0.2754392623901367
389,normal,window_typing_10000.csv,0.2883976995944977
390,normal,window_typing_10000.csv,0.29816734790802
391,normal,window_typing_10000.csv,0.3039293587207794
392,normal,window_typing_10000.csv,0.3084303140640259
393,normal,window_typing_10000.csv,0.30833038687705994
394,normal,window_typing_10000.csv,0.30438971519470215
395,normal,window_typing_10000.csv,0.4188782572746277
396,normal,window_typing_10000.csv,0.4546504616737366
397,normal,window_typing_10000.csv,0.46372318267822266
398,normal,window_typing_10000.csv,0.4686041474342346
399,normal,window_typing_10000.csv,0.497650682926178
400,normal,window_typing_10000.csv,0.5179505944252014
401,normal,window_typing_10000.csv,0.5190602540969849
402,normal,window_typing_10000.csv,0.5228739976882935
403,normal,window_typing_10000.csv,0.520821750164032
404,normal,window_typing_10000.csv,0.5376779437065125
405,normal,window_typing_10000.csv,0.7245030999183655
406,normal,window_typing_10000.csv,0.6779904961585999
407,normal,window_typing_10000.csv,0.6778324842453003
408,normal,window_typing_10000.csv,0.7221289277076721
409,normal,window_typing_10000.csv,0.8241590857505798
410,normal,window_typing_10000.csv,0.7998985052108765
411,normal,window_typing_10000.csv,0.7907543778419495
412,normal,window_typing_10000.csv,0.7852111458778381
413,normal,window_typing_10000.csv,0.7715857625007629
414,normal,window_typing_10000.csv,0.7637763619422913
415,normal,window_typing_10000.csv,0.7592756152153015
416,normal,window_typing_10000.csv,0.7722049355506897
417,normal,window_typing_10000.csv,0.77457195520401
418,normal,window_typing_10000.csv,0.776697039604187
419,normal,window_typing_10000.csv,0.7789057493209839
420,normal,window_typing_10000.csv,0.7777888774871826
421,normal,window_typing_10000.csv,0.784339427947998
422,normal,window_typing_10000.csv,0.7906610369682312
423,normal,window_typing_10000.csv,0.7893398404121399
424,normal,window_typing_10000.csv,0.7929084300994873
425,normal,window_typing_10000.csv,0.7934058308601379
426,normal,window_typing_10000.csv,0.7942942380905151
427,normal,window_typing_10000.csv,0.795236349105835
428,normal,window_typing_10000.csv,0.7918093800544739
429,normal,window_typing_10000.csv,0.805827796459198
430,normal,window_typing_10000.csv,0.8145611882209778
431,normal,window_typing_10000.csv,0.8115768432617188
432,normal,window_typing_10000.csv,0.8148128390312195
433,normal,window_typing_10000.csv,0.8079557418823242
434,normal,window_typing_10000.csv,0.8135427832603455
435,normal,window_typing_10000.csv,0.8156277537345886
436,normal,window_typing_10000.csv,0.8187801241874695
437,normal,window_typing_10000.csv,0.829194188117981
438,normal,window_typing_10000.csv,0.8338133692741394
439,normal,window_typing_10000.csv,0.8326699733734131
440,normal,window_typing_10000.csv,0.8243953585624695
441,normal,window_typing_10000.csv,0.8125234842300415
442,normal,window_typing_10000.csv,0.8030919432640076
443,normal,window_typing_10000.csv,0.7895312309265137
444,normal,window_typing_10000.csv,0.778263509273529
445,normal,window_typing_10000.csv,0.6414461731910706
446,normal,window_typing_10000.csv,0.6003134846687317
447,normal,window_typing_10000.csv,0.6036863327026367
448,normal,window_typing_10000.csv,0.6060596704483032
449,normal,window_typing_10000.csv,0.5972673892974854
450,normal,window_typing_10000.csv,0.5981360673904419
451,normal,window_typing_10000.csv,0.591823935508728
452,normal,window_typing_10000.csv,0.5778383612632751
453,normal,window_typing_10000.csv,0.5762606859207153
454,normal,window_typing_10000.csv,0.5932834148406982
455,normal,window_typing_10000.csv,0.5134104490280151
456,normal,window_typing_10000.csv,0.48747608065605164
457,normal,window_typing_10000.csv,0.5010396838188171
458,normal,window_typing_10000.csv,0.46362239122390747
459,normal,window_typing_10000.csv,0.32318320870399475
460,normal,window_typing_10000.csv,0.3400704860687256
461,normal,window_typing_10000.csv,0.3360157907009125
462,normal,window_typing_10000.csv,0.3332078158855438
463,normal,window_typing_10000.csv,0.32646259665489197
464,normal,window_typing_10000.csv,0.317027747631073
465,normal,window_typing_10000.csv,0.31538334488868713
466,normal,window_typing_10000.csv,0.30660146474838257
467,normal,window_typing_10000.csv,0.2932465672492981
468,normal,window_typing_10000.csv,0.2936873733997345
469,normal,window_typing_10000.csv,0.28327998518943787
470,normal,window_typing_10000.csv,0.27492839097976685
471,normal,window_typing_10000.csv,0.26852700114250183
472,normal,window_typing_10000.csv,0.2643592953681946
473,normal,window_typing_10000.csv,0.26246178150177
474,normal,window_typing_10000.csv,0.26006582379341125
475,normal,window_typing_10000.csv,0.26131510734558105
476,normal,window_typing_10000.csv,0.26423612236976624
477,normal,window_typing_10000.csv,0.26720282435417175
478,normal,window_typing_10000.csv,0.2715369164943695
479,normal,window_typing_10000.csv,0.26561984419822693
480,normal,window_typing_10000.csv,0.26062703132629395
481,normal,window_typing_10000.csv,0.2550133168697357
482,normal,window_typing_10000.csv,0.24392418563365936
483,normal,window_typing_10000.csv,0.22683776915073395
484,normal,window_typing_10000.csv,0.2228659838438034
485,normal,window_typing_10000.csv,0.22791092097759247
486,normal,window_typing_10000.csv,0.22269101440906525
487,normal,window_typing_10000.csv,0.21399255096912384
488,normal,window_typing_10000.csv,0.21636441349983215
489,normal,window_typing_10000.csv,0.21440258622169495
490,normal,window_typing_10000.csv,0.2185116410255432
491,normal,window_typing_10000.csv,0.23349279165267944
492,normal,window_typing_10000.csv,0.24600526690483093
493,normal,window_typing_10000.csv,0.26630550622940063
494,normal,window_typing_10000.csv,0.266152948141098
495,normal,window_typing_10000.csv,0.2502266764640808
496,normal,window_typing_10000.csv,0.23850779235363007
497,normal,window_typing_10000.csv,0.23046840727329254
498,normal,window_typing_10000.csv,0.2321404218673706
499,normal,window_typing_10000.csv,0.23170572519302368
500,normal,window_typing_10000.csv,0.22996926307678223
501,normal,window_typing_10000.csv,0.23142032325267792
502,normal,window_typing_10000.csv,0.2297133356332779
503,normal,window_typing_10000.csv,0.2359042465686798
504,normal,window_typing_10000.csv,0.3762440085411072
505,normal,window_typing_10000.csv,0.4015771746635437
506,normal,window_typing_10000.csv,0.40657809376716614
507,normal,window_typing_10000.csv,0.4077111780643463
508,normal,window_typing_10000.csv,0.3971591293811798
509,normal,window_typing_10000.csv,0.3946687877178192
510,normal,window_typing_10000.csv,0.3658810555934906
511,normal,window_typing_10000.csv,0.3715783655643463
512,normal,window_typing_10000.csv,0.36613166332244873
513,normal,window_typing_10000.csv,0.3653545677661896
514,normal,window_typing_10000.csv,0.3674112558364868
515,normal,window_typing_10000.csv,0.3667882978916168
516,normal,window_typing_10000.csv,0.3716178238391876
517,normal,window_typing_10000.csv,0.37968066334724426
518,normal,window_typing_10000.csv,0.37877294421195984
519,normal,window_typing_10000.csv,0.3838270306587219
520,normal,window_typing_10000.csv,0.4004407525062561
521,normal,window_typing_10000.csv,0.4011474549770355
522,normal,window_typing_10000.csv,0.4049270749092102
523,normal,window_typing_10000.csv,0.4234568774700165
524,normal,window_typing_10000.csv,0.4244913160800934
525,normal,window_typing_10000.csv,0.43803849816322327
526,normal,window_typing_10000.csv,0.43989768624305725
527,normal,window_typing_10000.csv,0.4399617612361908
528,normal,window_typing_10000.csv,0.4392832815647125
529,normal,window_typing_10000.csv,0.4441923499107361
530,normal,window_typing_10000.csv,0.4415021240711212
531,normal,window_typing_10000.csv,0.45197156071662903
532,normal,window_typing_10000.csv,0.454357385635376
533,normal,window_typing_10000.csv,0.4568374752998352
534,normal,window_typing_10000.csv,0.4614385962486267
535,normal,window_typing_10000.csv,0.48407843708992004
536,normal,window_typing_10000.csv,0.49244946241378784
537,normal,window_typing_10000.csv,0.4984265863895416
538,normal,window_typing_10000.csv,0.5018338561058044
539,normal,window_typing_10000.csv,0.6534944176673889
540,normal,window_typing_10000.csv,0.6759370565414429
541,normal,window_typing_10000.csv,0.6769139170646667
542,normal,window_typing_10000.csv,0.6650022864341736
543,normal,window_typing_10000.csv,0.67533940076828
544,normal,window_typing_10000.csv,0.6781637668609619
545,normal,window_typing_10000.csv,0.6923182010650635
546,normal,window_typing_10000.csv,0.6993969678878784
547,normal,window_typing_10000.csv,0.7067978382110596
548,normal,window_typing_10000.csv,0.7129591107368469
549,normal,window_typing_10000.csv,0.7180286645889282
550,normal,window_typing_10000.csv,0.715034008026123
551,normal,window_typing_10000.csv,0.7152298092842102
552,normal,window_typing_10000.csv,0.7156699895858765
553,normal,window_typing_10000.csv,0.7120973467826843
554,normal,window_typing_10000.csv,0.5706875324249268
555,normal,window_typing_10000.csv,0.5455235838890076
556,normal,window_typing_10000.csv,0.5394476056098938
557,normal,window_typing_10000.csv,0.5369345545768738
558,normal,window_typing_10000.csv,0.5446585416793823
559,normal,window_typing_10000.csv,0.5403254628181458
560,normal,window_typing_10000.csv,0.5514729619026184
561,normal,window_typing_10000.csv,0.5491001009941101
562,normal,window_typing_10000.csv,0.5504459738731384
563,normal,window_typing_10000.csv,0.5549201369285583
564,normal,window_typing_10000.csv,0.5527276396751404
565,normal,window_typing_10000.csv,0.5526863932609558
566,normal,window_typing_10000.csv,0.547739565372467
567,normal,window_typing_10000.csv,0.5446244478225708
568,normal,window_typing_10000.csv,0.5528424978256226
569,normal,window_typing_10000.csv,0.5488317608833313
570,normal,window_typing_10000.csv,0.5378259420394897
571,normal,window_typing_10000.csv,0.5419570207595825
572,normal,window_typing_10000.csv,0.5497151017189026
573,normal,window_typing_10000.csv,0.5471283197402954
574,normal,window_typing_10000.csv,0.5458356738090515
575,normal,window_typing_10000.csv,0.5334537625312805
576,normal,window_typing_10000.csv,0.5351017117500305
577,normal,window_typing_10000.csv,0.5459375977516174
578,normal,window_typing_10000.csv,0.5441197156906128
579,normal,window_typing_10000.csv,0.5390670299530029
580,normal,window_typing_10000.csv,0.5438075661659241
581,normal,window_typing_10000.csv,0.5409374833106995
582,normal,window_typing_10000.csv,0.5471380949020386
583,normal,window_typing_10000.csv,0.5493295788764954
584,normal,window_typing_10000.csv,0.5523247122764587
585,normal,window_typing_10000.csv,0.541352391242981
586,normal,window_typing_10000.csv,0.5437571406364441
587,normal,window_typing_10000.csv,0.5471141934394836
588,normal,window_typing_10000.csv,0.5457378625869751
589,normal,window_typing_10000.csv,0.41078701615333557
590,normal,window_typing_10000.csv,0.3869297206401825
591,normal,window_typing_10000.csv,0.3737166225910187
592,normal,window_typing_10000.csv,0.3566541373729706
593,normal,window_typing_10000.csv,0.32223835587501526
594,normal,window_typing_10000.csv,0.33117562532424927
595,normal,window_typing_10000.csv,0.31901729106903076
596,normal,window_typing_10000.csv,0.312587708234787
597,normal,window_typing_10000.csv,0.30690798163414
598,normal,window_typing_10000.csv,0.3041653335094452
599,normal,window_typing_10000.csv,0.29767873883247375
600,normal,window_typing_10000.csv,0.293936163187027
601,normal,window_typing_10000.csv,0.2863628566265106
602,normal,window_typing_10000.csv,0.27649351954460144
603,normal,window_typing_10000.csv,0.27150362730026245
604,normal,window_typing_10000.csv,0.268379271030426
605,normal,window_typing_10000.csv,0.26356151700019836
606,normal,window_typing_10000.csv,0.2628572881221771
607,normal,window_typing_10000.csv,0.2641628384590149
608,normal,window_typing_10000.csv,0.26011157035827637
609,normal,window_typing_10000.csv,0.2615586817264557
610,normal,window_typing_10000.csv,0.26216620206832886
611,normal,window_typing_10000.csv,0.2591436207294464
612,normal,window_typing_10000.csv,0.2637401819229126
613,normal,window_typing_10000.csv,0.4079906642436981
614,normal,window_typing_10000.csv,0.425313800573349
615,normal,window_typing_10000.csv,0.43386316299438477
616,normal,window_typing_10000.csv,0.43769335746765137
617,normal,window_typing_10000.csv,0.4690568745136261
618,normal,window_typing_10000.csv,0.46624743938446045
619,normal,window_typing_10000.csv,0.5326671600341797
620,normal,window_typing_10000.csv,0.5402072072029114
621,normal,window_typing_10000.csv,0.5495461225509644
622,normal,window_typing_10000.csv,0.5487136244773865
623,normal,window_typing_10000.csv,0.5382227897644043
624,normal,window_typing_10000.csv,0.5292620658874512
625,normal,window_typing_10000.csv,0.519963264465332
626,normal,window_typing_10000.csv,0.5081700682640076
627,normal,window_typing_10000.csv,0.485683798789978
628,normal,window_typing_10000.csv,0.4945829212665558
629,normal,window_typing_10000.csv,0.4869104027748108
630,normal,window_typing_10000.csv,0.4872540533542633
631,normal,window_typing_10000.csv,0.4865483045578003
632,normal,window_typing_10000.csv,0.4859817326068878
633,normal,window_typing_10000.csv,0.49216771125793457
634,normal,window_typing_10000.csv,0.49196550250053406
635,normal,window_typing_10000.csv,0.48628678917884827
636,normal,window_typing_10000.csv,0.4859023094177246
637,normal,window_typing_10000.csv,0.48907482624053955
638,normal,window_typing_10000.csv,0.4802907705307007
639,normal,window_typing_10000.csv,0.48010534048080444
640,normal,window_typing_10000.csv,0.4746919572353363
641,normal,window_typing_10000.csv,0.4724898636341095
642,normal,window_typing_10000.csv,0.4698159992694855
643,normal,window_typing_10000.csv,0.46057265996932983
644,normal,window_typing_10000.csv,0.4489933252334595
645,normal,window_typing_10000.csv,0.44806981086730957
646,normal,window_typing_10000.csv,0.44984036684036255
647,normal,window_typing_10000.csv,0.45279568433761597
648,normal,window_typing_10000.csv,0.4595889449119568
649,normal,window_typing_10000.csv,0.4638546407222748
650,normal,window_typing_10000.csv,0.46559545397758484
651,normal,window_typing_10000.csv,0.4765492379665375
652,normal,window_typing_10000.csv,0.48201724886894226
653,normal,window_typing_10000.csv,0.4817144274711609
654,normal,window_typing_10000.csv,0.4799119532108307
655,normal,window_typing_10000.csv,0.4820305109024048
656,normal,window_typing_10000.csv,0.47851550579071045
657,normal,window_typing_10000.csv,0.48219653964042664
658,normal,window_typing_10000.csv,0.4796130657196045
659,normal,window_typing_10000.csv,0.48231396079063416
660,normal,window_typing_10000.csv,0.48319560289382935
661,normal,window_typing_10000.csv,0.49306583404541016
662,normal,window_typing_10000.csv,0.49897292256355286
663,normal,window_typing_10000.csv,0.3726559281349182
664,normal,window_typing_10000.csv,0.361952543258667
665,normal,window_typing_10000.csv,0.35551345348358154
666,normal,window_typing_10000.csv,0.34143301844596863
667,normal,window_typing_10000.csv,0.30073896050453186
668,normal,window_typing_10000.csv,0.29271718859672546
669,normal,window_typing_10000.csv,0.26478496193885803
670,normal,window_typing_10000.csv,0.2553863227367401
671,normal,window_typing_10000.csv,0.24360211193561554
672,normal,window_typing_10000.csv,0.2346259355545044
673,normal,window_typing_10000.csv,0.2251674383878708
674,normal,window_typing_10000.csv,0.23968377709388733
675,normal,window_typing_10000.csv,0.24378807842731476
676,normal,window_typing_10000.csv,0.2512286603450775
677,normal,window_typing_10000.csv,0.25630760192871094
678,normal,window_typing_10000.csv,0.2508383095264435
679,normal,window_typing_10000.csv,0.2537435293197632
680,normal,window_typing_10000.csv,0.2516316771507263
681,normal,window_typing_10000.csv,0.25048524141311646
682,normal,window_typing_10000.csv,0.2458423674106598
683,normal,window_typing_10000.csv,0.2393367737531662
684,normal,window_typing_10000.csv,0.23744961619377136
685,normal,window_typing_10000.csv,0.24146336317062378
686,normal,window_typing_10000.csv,0.24262511730194092
687,normal,window_typing_10000.csv,0.24127502739429474
688,normal,window_typing_10000.csv,0.2473553717136383
689,normal,window_typing_10000.csv,0.2523062527179718
690,normal,window_typing_10000.csv,0.25830966234207153
691,normal,window_typing_10000.csv,0.26047825813293457
692,normal,window_typing_10000.csv,0.2573809027671814
693,normal,window_typing_10000.csv,0.2633543312549591
694,normal,window_typing_10000.csv,0.2582392990589142
695,normal,window_typing_10000.csv,0.2565906047821045
696,normal,window_typing_10000.csv,0.2548714876174927
697,normal,window_typing_10000.csv,0.2515321969985962
698,normal,window_typing_10000.csv,0.24703694880008698
699,normal,window_typing_10000.csv,0.23613396286964417
700,normal,window_typing_10000.csv,0.24041076004505157
701,normal,window_typing_10000.csv,0.223352313041687
702,normal,window_typing_10000.csv,0.2212567925453186
703,normal,window_typing_10000.csv,0.22277826070785522
704,normal,window_typing_10000.csv,0.22154614329338074
705,normal,window_typing_10000.csv,0.21041928231716156
706,normal,window_typing_10000.csv,0.20921699702739716
707,normal,window_typing_10000.csv,0.19759953022003174
708,normal,window_typing_10000.csv,0.19597619771957397
709,normal,window_typing_10000.csv,0.19765697419643402
710,normal,window_typing_10000.csv,0.2083151787519455
711,normal,window_typing_10000.csv,0.2061583697795868
712,normal,window_typing_10000.csv,0.20126833021640778
713,normal,window_typing_10000.csv,0.20410948991775513
714,normal,window_typing_10000.csv,0.21923194825649261
715,normal,window_typing_10000.csv,0.23571540415287018
716,normal,window_typing_10000.csv,0.28420138359069824
717,normal,window_typing_10000.csv,0.294914573431015
718,normal,window_typing_10000.csv,0.27112048864364624
719,normal,window_typing_10000.csv,0.24750901758670807
720,normal,window_typing_10000.csv,0.22877314686775208
721,normal,window_typing_10000.csv,0.21180252730846405
722,normal,window_typing_10000.csv,0.20197218656539917
723,normal,window_typing_10000.csv,0.19835016131401062
724,normal,window_typing_10000.csv,0.1932394802570343
725,normal,window_typing_10000.csv,0.19448283314704895
726,normal,window_typing_10000.csv,0.19481875002384186
727,normal,window_typing_10000.csv,0.21178631484508514
728,normal,window_typing_10000.csv,0.2181004136800766
729,normal,window_typing_10000.csv,0.2259933203458786
730,normal,window_typing_10000.csv,0.21858149766921997
731,normal,window_typing_10000.csv,0.2181948870420456
732,normal,window_typing_10000.csv,0.2228723168373108
733,normal,window_typing_10000.csv,0.22542928159236908
734,normal,window_typing_10000.csv,0.2355865091085434
735,normal,window_typing_10000.csv,0.22821207344532013
736,normal,window_typing_10000.csv,0.22526973485946655
737,normal,window_typing_10000.csv,0.22629448771476746
738,normal,window_typing_10000.csv,0.2244725078344345
739,normal,window_typing_10000.csv,0.2308938354253769
740,normal,window_typing_10000.csv,0.2292153239250183
741,normal,window_typing_10000.csv,0.22805280983448029
742,normal,window_typing_10000.csv,0.2285567671060562
743,normal,window_typing_10000.csv,0.2339077740907669
744,normal,window_typing_10000.csv,0.24194909632205963
745,normal,window_typing_10000.csv,0.2605628967285156
746,normal,window_typing_10000.csv,0.29155558347702026
747,normal,window_typing_10000.csv,0.29948660731315613
748,normal,window_typing_10000.csv,0.31010740995407104
749,normal,window_typing_10000.csv,0.3136362135410309
750,normal,window_typing_10000.csv,0.3278176784515381
751,normal,window_typing_10000.csv,0.32800808548927307
752,normal,window_typing_10000.csv,0.33445677161216736
753,normal,window_typing_10000.csv,0.34002816677093506
754,normal,window_typing_10000.csv,0.3674395680427551
755,normal,window_typing_10000.csv,0.3756856322288513
756,normal,window_typing_10000.csv,0.3935008943080902
757,normal,window_typing_10000.csv,0.39835789799690247
758,normal,window_typing_10000.csv,0.4084697365760803
759,normal,window_typing_10000.csv,0.40454474091529846
760,normal,window_typing_10000.csv,0.40569713711738586
761,normal,window_typing_10000.csv,0.3980363607406616
762,normal,window_typing_10000.csv,0.40728941559791565
763,normal,window_typing_10000.csv,0.43162834644317627
764,normal,window_typing_10000.csv,0.42988723516464233
765,normal,window_typing_10000.csv,0.42461806535720825
766,normal,window_typing_10000.csv,0.4089033305644989
767,normal,window_typing_10000.csv,0.3901185393333435
768,normal,window_typing_10000.csv,0.3681395649909973
769,normal,window_typing_10000.csv,0.35645052790641785
770,normal,window_typing_10000.csv,0.3466753363609314
771,normal,window_typing_10000.csv,0.35047346353530884
772,normal,window_typing_10000.csv,0.35265102982521057
773,normal,window_typing_10000.csv,0.367145836353302
774,normal,window_typing_10000.csv,0.3722453713417053
775,normal,window_typing_10000.csv,0.3898298740386963
776,normal,window_typing_10000.csv,0.39660942554473877
777,normal,window_typing_10000.csv,0.4085172116756439
778,normal,window_typing_10000.csv,0.4103720784187317
779,normal,window_typing_10000.csv,0.4227793216705322
780,normal,window_typing_10000.csv,0.4253121018409729
781,normal,window_typing_10000.csv,0.43324869871139526
782,normal,window_typing_10000.csv,0.44459089636802673
783,normal,window_typing_10000.csv,0.4485638737678528
784,normal,window_typing_10000.csv,0.44295382499694824
785,normal,window_typing_10000.csv,0.44378945231437683
786,normal,window_typing_10000.csv,0.45888659358024597
787,normal,window_typing_10000.csv,0.4574583172798157
788,normal,window_typing_10000.csv,0.46051275730133057
789,normal,window_typing_10000.csv,0.4598884582519531
790,normal,window_typing_10000.csv,0.4644509255886078
791,normal,window_typing_10000.csv,0.46555450558662415
792,normal,window_typing_10000.csv,0.46402546763420105
793,normal,window_typing_10000.csv,0.4621538519859314
794,normal,window_typing_10000.csv,0.4499993324279785
795,normal,window_typing_10000.csv,0.4298460781574249
796,normal,window_typing_10000.csv,0.402078777551651
797,normal,window_typing_10000.csv,0.40941882133483887
798,normal,window_typing_10000.csv,0.40586116909980774
799,normal,window_typing_10000.csv,0.40396127104759216
800,normal,window_typing_10000.csv,0.410170316696167
801,normal,window_typing_10000.csv,0.40068382024765015
802,normal,window_typing_10000.csv,0.4005422294139862
803,normal,window_typing_10000.csv,0.397154301404953
804,normal,window_typing_10000.csv,0.3952232301235199
805,normal,window_typing_10000.csv,0.3896208107471466
806,normal,window_typing_10000.csv,0.3831420838832855
807,normal,window_typing_10000.csv,0.3879276514053345
808,normal,window_typing_10000.csv,0.3853485882282257
809,normal,window_typing_10000.csv,0.385967493057251
810,normal,window_typing_10000.csv,0.3812851011753082
811,normal,window_typing_10000.csv,0.38371893763542175
812,normal,window_typing_10000.csv,0.38318219780921936
813,normal,window_typing_10000.csv,0.36892423033714294
814,normal,window_typing_10000.csv,0.3767431676387787
815,normal,window_typing_10000.csv,0.37645062804222107
816,normal,window_typing_10000.csv,0.3783620297908783
817,normal,window_typing_10000.csv,0.38227197527885437
818,normal,window_typing_10000.csv,0.3827989101409912
819,normal,window_typing_10000.csv,0.38445764780044556
820,normal,window_typing_10000.csv,0.38530460000038147
821,normal,window_typing_10000.csv,0.3842572271823883
822,normal,window_typing_10000.csv,0.38697516918182373
823,normal,window_typing_10000.csv,0.37838688492774963
824,normal,window_typing_10000.csv,0.3705795407295227
825,normal,window_typing_10000.csv,0.3647298216819763
826,normal,window_typing_10000.csv,0.4877883791923523
827,normal,window_typing_10000.csv,0.5803174376487732
828,normal,window_typing_10000.csv,0.5980126857757568
829,normal,window_typing_10000.csv,0.5976251363754272
830,normal,window_typing_10000.csv,0.5982784032821655
831,normal,window_typing_10000.csv,0.5991334319114685
832,normal,window_typing_10000.csv,0.5914681553840637
833,normal,window_typing_10000.csv,0.5948136448860168
834,normal,window_typing_10000.csv,0.597629964351654
835,normal,window_typing_10000.csv,0.5942893624305725
836,normal,window_typing_10000.csv,0.5834309458732605
837,normal,window_typing_10000.csv,0.5774632692337036
838,normal,window_typing_10000.csv,0.5707089900970459
839,normal,window_typing_10000.csv,0.571640133857727
840,normal,window_typing_10000.csv,0.5676113963127136
841,normal,window_typing_10000.csv,0.5668637752532959
842,normal,window_typing_10000.csv,0.5655403733253479
843,normal,window_typing_10000.csv,0.57182377576828
844,normal,window_typing_10000.csv,0.5715510845184326
845,normal,window_typing_10000.csv,0.575707197189331
846,normal,window_typing_10000.csv,0.5715009570121765
847,normal,window_typing_10000.csv,0.559331476688385
848,normal,window_typing_10000.csv,0.54715895652771
849,normal,window_typing_10000.csv,0.5369110703468323
850,normal,window_typing_10000.csv,0.6471511125564575
851,normal,window_typing_10000.csv,0.6602720618247986
852,normal,window_typing_10000.csv,0.677274763584137
853,normal,window_typing_10000.csv,0.6740330457687378
854,normal,window_typing_10000.csv,0.6912294626235962
855,normal,window_typing_10000.csv,0.6917769312858582
856,normal,window_typing_10000.csv,0.6862394213676453
857,normal,window_typing_10000.csv,0.6865448355674744
858,normal,window_typing_10000.csv,0.6920393705368042
859,normal,window_typing_10000.csv,0.6941236257553101
860,normal,window_typing_10000.csv,0.6934638619422913
861,normal,window_typing_10000.csv,0.6940145492553711
862,normal,window_typing_10000.csv,0.701187252998352
863,normal,window_typing_10000.csv,0.6984553933143616
864,normal,window_typing_10000.csv,0.6947531700134277
865,normal,window_typing_10000.csv,0.7164691686630249
866,normal,window_typing_10000.csv,0.7126993536949158
867,normal,window_typing_10000.csv,0.7067419290542603
868,normal,window_typing_10000.csv,0.7087641358375549
869,normal,window_typing_10000.csv,0.7094272375106812
870,normal,window_typing_10000.csv,0.7146121859550476
871,normal,window_typing_10000.csv,0.720524787902832
872,normal,window_typing_10000.csv,0.7259851694107056
873,normal,window_typing_10000.csv,0.7347468733787537
874,normal,window_typing_10000.csv,0.7403097152709961
875,normal,window_typing_10000.csv,0.7430010437965393
876,normal,window_typing_10000.csv,0.6202096939086914
877,normal,window_typing_10000.csv,0.4977475106716156
878,normal,window_typing_10000.csv,0.47944897413253784
879,normal,window_typing_10000.csv,0.4827253818511963
880,normal,window_typing_10000.csv,0.4996684193611145
881,normal,window_typing_10000.csv,0.4988272190093994
882,normal,window_typing_10000.csv,0.5008808374404907
883,normal,window_typing_10000.csv,0.5103074312210083
884,normal,window_typing_10000.csv,0.5158023238182068
885,normal,window_typing_10000.csv,0.5168259739875793
886,normal,window_typing_10000.csv,0.5157073140144348
887,normal,window_typing_10000.csv,0.521833598613739
888,normal,window_typing_10000.csv,0.5216174125671387
889,normal,window_typing_10000.csv,0.5146353244781494
890,normal,window_typing_10000.csv,0.5133739113807678
891,normal,window_typing_10000.csv,0.5156183242797852
892,normal,window_typing_10000.csv,0.5146474242210388
893,normal,window_typing_10000.csv,0.503908634185791
894,normal,window_typing_10000.csv,0.4942941963672638
895,normal,window_typing_10000.csv,0.48309218883514404
896,normal,window_typing_10000.csv,0.475487619638443
897,normal,window_typing_10000.csv,0.4746358096599579
898,normal,window_typing_10000.csv,0.4780319333076477
899,normal,window_typing_10000.csv,0.47700944542884827
900,normal,window_typing_10000.csv,0.3499651253223419
901,normal,window_typing_10000.csv,0.3319792151451111
902,normal,window_typing_10000.csv,0.3246844410896301
903,normal,window_typing_10000.csv,0.32240816950798035
904,normal,window_typing_10000.csv,0.2990170419216156
905,normal,window_typing_10000.csv,0.29510605335235596
906,normal,window_typing_10000.csv,0.2848002314567566
907,normal,window_typing_10000.csv,0.2822341322898865
908,normal,window_typing_10000.csv,0.29673221707344055
909,normal,window_typing_10000.csv,0.3229295313358307
910,normal,window_typing_10000.csv,0.3395462930202484
911,normal,window_typing_10000.csv,0.3587315082550049
912,normal,window_typing_10000.csv,0.4790571928024292
913,normal,window_typing_10000.csv,0.5125967264175415
914,normal,window_typing_10000.csv,0.5145975947380066
915,normal,window_typing_10000.csv,0.49886375665664673
916,normal,window_typing_10000.csv,0.5039823055267334
917,normal,window_typing_10000.csv,0.4929349720478058
918,normal,window_typing_10000.csv,0.4797433316707611
919,normal,window_typing_10000.csv,0.48002171516418457
920,normal,window_typing_10000.csv,0.46146366000175476
921,normal,window_typing_10000.csv,0.45521268248558044
922,normal,window_typing_10000.csv,0.4531826078891754
923,normal,window_typing_10000.csv,0.45730793476104736
924,normal,window_typing_10000.csv,0.44856908917427063
925,normal,window_typing_10000.csv,0.44976574182510376
926,normal,window_typing_10000.csv,0.44943296909332275
927,normal,window_typing_10000.csv,0.4411797523498535
928,normal,window_typing_10000.csv,0.42981216311454773
929,normal,window_typing_10000.csv,0.4295661449432373
930,normal,window_typing_10000.csv,0.4139177203178406
931,normal,window_typing_10000.csv,0.4170909523963928
932,normal,window_typing_10000.csv,0.4199821650981903
933,normal,window_typing_10000.csv,0.41910049319267273
934,normal,window_typing_10000.csv,0.4203542470932007
935,normal,window_typing_10000.csv,0.41889873147010803
936,normal,window_typing_10000.csv,0.4193043112754822
937,normal,window_typing_10000.csv,0.419271320104599
938,normal,window_typing_10000.csv,0.4244452118873596
939,normal,window_typing_10000.csv,0.42317259311676025
940,normal,window_typing_10000.csv,0.42177852988243103
941,normal,window_typing_10000.csv,0.41627082228660583
942,normal,window_typing_10000.csv,0.4195865988731384
943,normal,window_typing_10000.csv,0.41186782717704773
944,normal,window_typing_10000.csv,0.41081950068473816
945,normal,window_typing_10000.csv,0.40969452261924744
946,normal,window_typing_10000.csv,0.41225147247314453
947,normal,window_typing_10000.csv,0.40789854526519775
948,normal,window_typing_10000.csv,0.5336532592773438
949,normal,window_typing_10000.csv,0.5518983602523804
950,normal,window_typing_10000.csv,0.5630666017532349
951,normal,window_typing_10000.csv,0.5753142833709717
952,normal,window_typing_10000.csv,0.5959628820419312
953,normal,window_typing_10000.csv,0.5955619812011719
954,normal,window_typing_10000.csv,0.5995012521743774
955,normal,window_typing_10000.csv,0.6154993176460266
956,normal,window_typing_10000.csv,0.6158466935157776
957,normal,window_typing_10000.csv,0.6075094938278198
958,normal,window_typing_10000.csv,0.6074464321136475
959,normal,window_typing_10000.csv,0.615545928478241
960,normal,window_typing_10000.csv,0.6213669180870056
961,normal,window_typing_10000.csv,0.6224033832550049
962,normal,window_typing_10000.csv,0.4899975657463074
963,normal,window_typing_10000.csv,0.4681360721588135
964,normal,window_typing_10000.csv,0.45920270681381226
965,normal,window_typing_10000.csv,0.46371906995773315
966,normal,window_typing_10000.csv,0.4657221734523773
967,normal,window_typing_10000.csv,0.470359742641449
968,normal,window_typing_10000.csv,0.47086790204048157
969,normal,window_typing_10000.csv,0.4572840631008148
970,normal,window_typing_10000.csv,0.46041661500930786
971,normal,window_typing_10000.csv,0.4586949944496155
972,normal,window_typing_10000.csv,0.45608389377593994
973,normal,window_typing_10000.csv,0.44923293590545654
974,normal,window_typing_10000.csv,0.44806399941444397
975,normal,window_typing_10000.csv,0.4476422965526581
976,normal,window_typing_10000.csv,0.44936925172805786
977,normal,window_typing_10000.csv,0.4552432894706726
978,normal,window_typing_10000.csv,0.4668862223625183
979,normal,window_typing_10000.csv,0.5113612413406372
980,normal,window_typing_10000.csv,0.5248139500617981
981,normal,window_typing_10000.csv,0.5324328541755676
982,normal,window_typing_10000.csv,0.5173553824424744
983,normal,window_typing_10000.csv,0.5056666135787964
984,normal,window_typing_10000.csv,0.502068281173706
985,normal,window_typing_10000.csv,0.49770310521125793
986,normal,window_typing_10000.csv,0.4941549301147461
987,normal,window_typing_10000.csv,0.4939669668674469
988,normal,window_typing_10000.csv,0.49215519428253174
989,normal,window_typing_10000.csv,0.4960003197193146
990,normal,window_typing_10000.csv,0.4973294138908386
991,normal,window_typing_10000.csv,0.5014634728431702
992,normal,window_typing_10000.csv,0.4990230202674866
993,normal,window_typing_10000.csv,0.5083978772163391
994,normal,window_typing_10000.csv,0.5029707551002502
995,normal,window_typing_10000.csv,0.5024709105491638
996,normal,window_typing_10000.csv,0.4969484806060791
997,normal,window_typing_10000.csv,0.507493257522583
998,normal,window_typing_10000.csv,0.37143415212631226
999,normal,window_typing_10000.csv,0.3587779402732849
1000,normal,window_typing_10000.csv,0.34931680560112
1001,normal,window_typing_10000.csv,0.3384159207344055
1002,normal,window_typing_10000.csv,0.31260228157043457
1003,normal,window_typing_10000.csv,0.3085708022117615
1004,normal,window_typing_10000.csv,0.30383437871932983
1005,normal,window_typing_10000.csv,0.30828604102134705
1006,normal,window_typing_10000.csv,0.41938939690589905
1007,normal,window_typing_10000.csv,0.5216430425643921
1008,normal,window_typing_10000.csv,0.5370976328849792
1009,normal,window_typing_10000.csv,0.5281510353088379
1010,normal,window_typing_10000.csv,0.5241354703903198
1011,normal,window_typing_10000.csv,0.5199156999588013
1012,normal,window_typing_10000.csv,0.5213114619255066
1013,normal,window_typing_10000.csv,0.5221543908119202
1014,normal,window_typing_10000.csv,0.5195322036743164
1015,normal,window_typing_10000.csv,0.5149589776992798
1016,normal,window_typing_10000.csv,0.5286719799041748
1017,normal,window_typing_10000.csv,0.521195113658905
1018,normal,window_typing_10000.csv,0.5817586779594421
1019,normal,window_typing_10000.csv,0.6102167367935181
1020,normal,window_typing_10000.csv,0.635968029499054
1021,normal,window_typing_10000.csv,0.6626359820365906
1022,normal,window_typing_10000.csv,0.6736228466033936
1023,normal,window_typing_10000.csv,0.6902256011962891
1024,normal,window_typing_10000.csv,0.8367539048194885
1025,normal,window_typing_10000.csv,0.8275107145309448
1026,normal,window_typing_10000.csv,0.8176635503768921
1027,normal,window_typing_10000.csv,0.8096200227737427
1028,normal,window_typing_10000.csv,0.8020265102386475
1029,normal,window_typing_10000.csv,0.7844917178153992
1030,normal,window_typing_10000.csv,0.7761291265487671
1031,normal,window_typing_10000.csv,0.7705533504486084
1032,normal,window_typing_10000.csv,0.7593936920166016
1033,normal,window_typing_10000.csv,0.7574670910835266
1034,normal,window_typing_10000.csv,0.7556771636009216
1035,normal,window_typing_10000.csv,0.7449270486831665
1036,normal,window_typing_10000.csv,0.7418345212936401
1037,normal,window_typing_10000.csv,0.7368593811988831
1038,normal,window_typing_10000.csv,0.7265275120735168
1039,normal,window_typing_10000.csv,0.7147077322006226
1040,normal,window_typing_10000.csv,0.7060792446136475
1041,normal,window_typing_10000.csv,0.696566641330719
1042,normal,window_typing_10000.csv,0.6954389810562134
1043,normal,window_typing_10000.csv,0.6789740324020386
1044,normal,window_typing_10000.csv,0.6875431537628174
1045,normal,window_typing_10000.csv,0.6940572261810303
1046,normal,window_typing_10000.csv,0.694762110710144
1047,normal,window_typing_10000.csv,0.6923407316207886
1048,normal,window_typing_10000.csv,0.6953855752944946
1049,normal,window_typing_10000.csv,0.6917800903320312
1050,normal,window_typing_10000.csv,0.7031327486038208
1051,normal,window_typing_10000.csv,0.7275863885879517
1052,normal,window_typing_10000.csv,0.7528090476989746
1053,normal,window_typing_10000.csv,0.797227680683136
1054,normal,window_typing_10000.csv,0.82015460729599
1055,normal,window_typing_10000.csv,0.8343304991722107
1056,normal,window_typing_10000.csv,0.7268561124801636
1057,normal,window_typing_10000.csv,0.6359266638755798
1058,normal,window_typing_10000.csv,0.6397318243980408
1059,normal,window_typing_10000.csv,0.6564928889274597
1060,normal,window_typing_10000.csv,0.6509292125701904
1061,normal,window_typing_10000.csv,0.6489904522895813
1062,normal,window_typing_10000.csv,0.6565709710121155
1063,normal,window_typing_10000.csv,0.6419132351875305
1064,normal,window_typing_10000.csv,0.6240628957748413
1065,normal,window_typing_10000.csv,0.600895345211029
1066,normal,window_typing_10000.csv,0.5655478239059448
1067,normal,window_typing_10000.csv,0.5700985193252563
1068,normal,window_typing_10000.csv,0.5455610156059265
1069,normal,window_typing_10000.csv,0.6509735584259033
1070,normal,window_typing_10000.csv,0.6768417358398438
1071,normal,window_typing_10000.csv,0.6571541428565979
1072,normal,window_typing_10000.csv,0.6446145176887512
1073,normal,window_typing_10000.csv,0.6160140037536621
1074,normal,window_typing_10000.csv,0.4833318591117859
1075,normal,window_typing_10000.csv,0.4743744134902954
1076,normal,window_typing_10000.csv,0.4724028706550598
1077,normal,window_typing_10000.csv,0.4617401361465454
1078,normal,window_typing_10000.csv,0.4689134359359741
1079,normal,window_typing_10000.csv,0.47407111525535583
1080,normal,window_typing_10000.csv,0.4845128059387207
1081,normal,window_typing_10000.csv,0.49577832221984863
1082,normal,window_typing_10000.csv,0.4986528754234314
1083,normal,window_typing_10000.csv,0.49564510583877563
1084,normal,window_typing_10000.csv,0.4956754148006439
1085,normal,window_typing_10000.csv,0.4941464066505432
1086,normal,window_typing_10000.csv,0.507936418056488
1087,normal,window_typing_10000.csv,0.5106646418571472
1088,normal,window_typing_10000.csv,0.5086807608604431
1089,normal,window_typing_10000.csv,0.5063132047653198
1090,normal,window_typing_10000.csv,0.5081475973129272
1091,normal,window_typing_10000.csv,0.5184339284896851
1092,normal,window_typing_10000.csv,0.516913115978241
1093,normal,window_typing_10000.csv,0.5273156762123108
1094,normal,window_typing_10000.csv,0.5299452543258667
1095,normal,window_typing_10000.csv,0.5271380543708801
1096,normal,window_typing_10000.csv,0.5143821835517883
1097,normal,window_typing_10000.csv,0.4951995015144348
1098,normal,window_typing_10000.csv,0.47133252024650574
1099,normal,window_typing_10000.csv,0.45595598220825195
1100,normal,window_typing_10000.csv,0.43976321816444397
1101,normal,window_typing_10000.csv,0.4235326647758484
1102,normal,window_typing_10000.csv,0.4186953008174896
1103,normal,window_typing_10000.csv,0.4169161319732666
1104,normal,window_typing_10000.csv,0.4174756705760956
1105,normal,window_typing_10000.csv,0.42970654368400574
1106,normal,window_typing_10000.csv,0.4397146701812744
1107,normal,window_typing_10000.csv,0.45044293999671936
1108,normal,window_typing_10000.csv,0.45790448784828186
1109,normal,window_typing_10000.csv,0.45674067735671997
1110,normal,window_typing_10000.csv,0.45708513259887695
1111,normal,window_typing_10000.csv,0.4516318738460541
1112,normal,window_typing_10000.csv,0.4461716115474701
1113,normal,window_typing_10000.csv,0.44542935490608215
1114,normal,window_typing_10000.csv,0.44532257318496704
1115,normal,window_typing_10000.csv,0.4377181828022003
1116,normal,window_typing_10000.csv,0.4352455139160156
1117,normal,window_typing_10000.csv,0.4312829077243805
1118,normal,window_typing_10000.csv,0.4265928566455841
1119,normal,window_typing_10000.csv,0.2891232371330261
1120,normal,window_typing_10000.csv,0.26600128412246704
1121,normal,window_typing_10000.csv,0.26197218894958496
1122,normal,window_typing_10000.csv,0.2630021274089813
1123,normal,window_typing_10000.csv,0.25940027832984924
1124,normal,window_typing_10000.csv,0.2703021764755249
1125,normal,window_typing_10000.csv,0.26194334030151367
1126,normal,window_typing_10000.csv,0.2586652636528015
1127,normal,window_typing_10000.csv,0.26154908537864685
1128,normal,window_typing_10000.csv,0.2618458569049835
1129,normal,window_typing_10000.csv,0.40171635150909424
1130,normal,window_typing_10000.csv,0.4305069148540497
1131,normal,window_typing_10000.csv,0.4311525821685791
1132,normal,window_typing_10000.csv,0.4337843358516693
1133,normal,window_typing_10000.csv,0.4664040207862854
1134,normal,window_typing_10000.csv,0.4603298604488373
1135,normal,window_typing_10000.csv,0.4803694486618042
1136,normal,window_typing_10000.csv,0.4655674695968628
1137,normal,window_typing_10000.csv,0.4953453838825226
1138,normal,window_typing_10000.csv,0.4848054051399231
1139,normal,window_typing_10000.csv,0.4966168701648712
1140,normal,window_typing_10000.csv,0.48987340927124023
1141,normal,window_typing_10000.csv,0.483923077583313
1142,normal,window_typing_10000.csv,0.4841492772102356
1143,normal,window_typing_10000.csv,0.4804692268371582
1144,normal,window_typing_10000.csv,0.4892197251319885
1145,normal,window_typing_10000.csv,0.4795299470424652
1146,normal,window_typing_10000.csv,0.479191392660141
1147,normal,window_typing_10000.csv,0.47613033652305603
1148,normal,window_typing_10000.csv,0.47227710485458374
1149,normal,window_typing_10000.csv,0.4724186956882477
1150,normal,window_typing_10000.csv,0.47460106015205383
1151,normal,window_typing_10000.csv,0.48408243060112
1152,normal,window_typing_10000.csv,0.4865582287311554
1153,normal,window_typing_10000.csv,0.49570897221565247
1154,normal,window_typing_10000.csv,0.4954577684402466
1155,normal,window_typing_10000.csv,0.4835449159145355
1156,normal,window_typing_10000.csv,0.48266246914863586
1157,normal,window_typing_10000.csv,0.4792661964893341
1158,normal,window_typing_10000.csv,0.4899057447910309
1159,normal,window_typing_10000.csv,0.49444523453712463
1160,normal,window_typing_10000.csv,0.6266087293624878
1161,normal,window_typing_10000.csv,0.6411733627319336
1162,normal,window_typing_10000.csv,0.644573450088501
1163,normal,window_typing_10000.csv,0.6475342512130737
1164,normal,window_typing_10000.csv,0.6493929624557495
1165,normal,window_typing_10000.csv,0.6509740948677063
1166,normal,window_typing_10000.csv,0.6536145806312561
1167,normal,window_typing_10000.csv,0.6522856950759888
1168,normal,window_typing_10000.csv,0.6568700075149536
1169,normal,window_typing_10000.csv,0.6563360691070557
1170,normal,window_typing_10000.csv,0.6619488000869751
1171,normal,window_typing_10000.csv,0.6593748331069946
1172,normal,window_typing_10000.csv,0.6554571986198425
1173,normal,window_typing_10000.csv,0.6508519649505615
1174,normal,window_typing_10000.csv,0.639945387840271
1175,normal,window_typing_10000.csv,0.643438458442688
1176,normal,window_typing_10000.csv,0.6489665508270264
1177,normal,window_typing_10000.csv,0.6612308025360107
1178,normal,window_typing_10000.csv,0.6684949994087219
1179,normal,window_typing_10000.csv,0.5418660640716553
1180,normal,window_typing_10000.csv,0.522067666053772
1181,normal,window_typing_10000.csv,0.5221114158630371
1182,normal,window_typing_10000.csv,0.5152488350868225
1183,normal,window_typing_10000.csv,0.4903489947319031
1184,normal,window_typing_10000.csv,0.49399304389953613
1185,normal,window_typing_10000.csv,0.4804917275905609
1186,normal,window_typing_10000.csv,0.46914932131767273
1187,normal,window_typing_10000.csv,0.4493010938167572
1188,normal,window_typing_10000.csv,0.44137004017829895
1189,normal,window_typing_10000.csv,0.4285448491573334
1190,normal,window_typing_10000.csv,0.42896515130996704
1191,normal,window_typing_10000.csv,0.42578426003456116
1192,normal,window_typing_10000.csv,0.42336416244506836
1193,normal,window_typing_10000.csv,0.4218343496322632
1194,normal,window_typing_10000.csv,0.4105340242385864
1195,normal,window_typing_10000.csv,0.40553995966911316
1196,normal,window_typing_10000.csv,0.3998876214027405
1197,normal,window_typing_10000.csv,0.4002293646335602
1198,normal,window_typing_10000.csv,0.4366588592529297
1199,normal,window_typing_10000.csv,0.47509753704071045
1200,normal,window_typing_10000.csv,0.49462243914604187
1201,normal,window_typing_10000.csv,0.49478915333747864
1202,normal,window_typing_10000.csv,0.5055299997329712
1203,normal,window_typing_10000.csv,0.5094950199127197
1204,normal,window_typing_10000.csv,0.5207774043083191
1205,normal,window_typing_10000.csv,0.5414056181907654
1206,normal,window_typing_10000.csv,0.5450400114059448
1207,normal,window_typing_10000.csv,0.5531968474388123
1208,normal,window_typing_10000.csv,0.5403296947479248
1209,normal,window_typing_10000.csv,0.5410934090614319
1210,normal,window_typing_10000.csv,0.40906310081481934
1211,normal,window_typing_10000.csv,0.38911786675453186
1212,normal,window_typing_10000.csv,0.3926736116409302
1213,normal,window_typing_10000.csv,0.3966660797595978
1214,normal,window_typing_10000.csv,0.39753270149230957
1215,normal,window_typing_10000.csv,0.40834271907806396
1216,normal,window_typing_10000.csv,0.4183492064476013
1217,normal,window_typing_10000.csv,0.4222241938114166
1218,normal,window_typing_10000.csv,0.42492666840553284
1219,normal,window_typing_10000.csv,0.4228842854499817
1220,normal,window_typing_10000.csv,0.40102189779281616
1221,normal,window_typing_10000.csv,0.39076581597328186
1222,normal,window_typing_10000.csv,0.3893972635269165
1223,normal,window_typing_10000.csv,0.3784129321575165
1224,normal,window_typing_10000.csv,0.37621524930000305
1225,normal,window_typing_10000.csv,0.3777300715446472
1226,normal,window_typing_10000.csv,0.37101224064826965
1227,normal,window_typing_10000.csv,0.3609682023525238
1228,normal,window_typing_10000.csv,0.35286277532577515
1229,normal,window_typing_10000.csv,0.3494104743003845
1230,normal,window_typing_10000.csv,0.3442355990409851
1231,normal,window_typing_10000.csv,0.34111469984054565
1232,normal,window_typing_10000.csv,0.3473215699195862
1233,normal,window_typing_10000.csv,0.3539142310619354
1234,normal,window_typing_10000.csv,0.3434951603412628
1235,normal,window_typing_10000.csv,0.3502841889858246
1236,normal,window_typing_10000.csv,0.33945024013519287
1237,normal,window_typing_10000.csv,0.32549357414245605
1238,normal,window_typing_10000.csv,0.3257632255554199
1239,normal,window_typing_10000.csv,0.3173812925815582
1240,normal,window_typing_10000.csv,0.3046942949295044
1241,normal,window_typing_10000.csv,0.3043026626110077
1242,normal,window_typing_10000.csv,0.32405325770378113
1243,normal,window_typing_10000.csv,0.33932918310165405
1244,normal,window_typing_10000.csv,0.46479734778404236
1245,normal,window_typing_10000.csv,0.4967280328273773
1246,normal,window_typing_10000.csv,0.4783545136451721
1247,normal,window_typing_10000.csv,0.4821179509162903
1248,normal,window_typing_10000.csv,0.46852970123291016
1249,normal,window_typing_10000.csv,0.47640466690063477
1250,normal,window_typing_10000.csv,0.46312496066093445
1251,normal,window_typing_10000.csv,0.4560069143772125
1252,normal,window_typing_10000.csv,0.4545370936393738
1253,normal,window_typing_10000.csv,0.45355117321014404
1254,normal,window_typing_10000.csv,0.45489534735679626
1255,normal,window_typing_10000.csv,0.4497418701648712
1256,normal,window_typing_10000.csv,0.4535573720932007
1257,normal,window_typing_10000.csv,0.45168381929397583
1258,normal,window_typing_10000.csv,0.45541709661483765
1259,normal,window_typing_10000.csv,0.45947933197021484
1260,normal,window_typing_10000.csv,0.4609459638595581
1261,normal,window_typing_10000.csv,0.45774662494659424
1262,normal,window_typing_10000.csv,0.4479803144931793
1263,normal,window_typing_10000.csv,0.43970951437950134
1264,normal,window_typing_10000.csv,0.4382341206073761
1265,normal,window_typing_10000.csv,0.4353186786174774
1266,normal,window_typing_10000.csv,0.43615925312042236
1267,normal,window_typing_10000.csv,0.4377875030040741
1268,normal,window_typing_10000.csv,0.4363360106945038
1269,normal,window_typing_10000.csv,0.4416258633136749
1270,normal,window_typing_10000.csv,0.4449895918369293
1271,normal,window_typing_10000.csv,0.46605184674263
1272,normal,window_typing_10000.csv,0.4523055851459503
1273,normal,window_typing_10000.csv,0.46256721019744873
1274,normal,window_typing_10000.csv,0.4597027003765106
1275,normal,window_typing_10000.csv,0.4842410087585449
1276,normal,window_typing_10000.csv,0.481853187084198
1277,normal,window_typing_10000.csv,0.5081899166107178
1278,normal,window_typing_10000.csv,1.078969120979309
1279,normal,window_typing_10000.csv,1.1157209873199463
1280,normal,window_typing_10000.csv,1.2259944677352905
1281,normal,window_typing_10000.csv,1.221490740776062
1282,normal,window_typing_10000.csv,1.1916024684906006
1283,normal,window_typing_10000.csv,1.160105586051941
1284,normal,window_typing_10000.csv,1.1797338724136353
1285,normal,window_typing_10000.csv,1.058740258216858
1286,normal,window_typing_10000.csv,1.048938512802124
1287,normal,window_typing_10000.csv,1.035737156867981
1288,normal,window_typing_10000.csv,1.0282760858535767
1289,normal,window_typing_10000.csv,1.0252745151519775
1290,normal,window_typing_10000.csv,1.0464379787445068
1291,normal,window_typing_10000.csv,1.054082989692688
1292,normal,window_typing_10000.csv,1.0544129610061646
1293,normal,window_typing_10000.csv,1.0912123918533325
1294,normal,window_typing_10000.csv,1.010520339012146
1295,normal,window_typing_10000.csv,1.1466442346572876
1296,normal,window_typing_10000.csv,1.1359297037124634
1297,normal,window_typing_10000.csv,1.2060737609863281
1298,normal,window_typing_10000.csv,1.1153430938720703
1299,normal,window_typing_10000.csv,1.0565129518508911
1300,normal,window_typing_10000.csv,1.0980976819992065
1301,normal,window_typing_10000.csv,1.0758873224258423
1302,normal,window_typing_10000.csv,1.1444514989852905
1303,normal,window_typing_10000.csv,1.4308894872665405
1304,normal,window_typing_10000.csv,1.4115471839904785
1305,normal,window_typing_10000.csv,1.4313101768493652
1306,normal,window_typing_10000.csv,1.4603865146636963
1307,normal,window_typing_10000.csv,1.5045853853225708
1308,normal,window_typing_10000.csv,1.5249099731445312
1309,normal,window_typing_10000.csv,1.5656087398529053
1310,normal,window_typing_10000.csv,1.5787259340286255
1311,normal,window_typing_10000.csv,1.6037490367889404
1312,normal,window_typing_10000.csv,1.6058450937271118
1313,normal,window_typing_10000.csv,1.6352392435073853
1314,normal,window_typing_10000.csv,1.6374504566192627
1315,normal,window_typing_10000.csv,1.6343566179275513
1316,normal,window_typing_10000.csv,1.6308174133300781
1317,normal,window_typing_10000.csv,1.6645246744155884
1318,normal,window_typing_10000.csv,1.6747859716415405
1319,normal,window_typing_10000.csv,1.6792298555374146
1320,normal,window_typing_10000.csv,1.6873987913131714
1321,normal,window_typing_10000.csv,1.6772645711898804
1322,normal,window_typing_10000.csv,1.6736440658569336
1323,normal,window_typing_10000.csv,1.6476970911026
1324,normal,window_typing_10000.csv,1.6470061540603638
1325,normal,window_typing_10000.csv,1.6232590675354004
1326,normal,window_typing_10000.csv,1.6499598026275635
1327,normal,window_typing_10000.csv,1.711594820022583
1328,normal,window_typing_10000.csv,1.0201996564865112
1329,normal,window_typing_10000.csv,0.9168183207511902
1330,normal,window_typing_10000.csv,0.8555163741111755
1331,normal,window_typing_10000.csv,0.8295143246650696
1332,normal,window_typing_10000.csv,0.8078426122665405
1333,normal,window_typing_10000.csv,0.7644815444946289
1334,normal,window_typing_10000.csv,0.7341141104698181
1335,normal,window_typing_10000.csv,0.7035537958145142
1336,normal,window_typing_10000.csv,0.6693952679634094
1337,normal,window_typing_10000.csv,0.6376471519470215
1338,normal,window_typing_10000.csv,0.6207162737846375
1339,normal,window_typing_10000.csv,0.6126078963279724
1340,normal,window_typing_10000.csv,0.6219916939735413
1341,normal,window_typing_10000.csv,0.6290743350982666
1342,normal,window_typing_10000.csv,0.6359076499938965
1343,normal,window_typing_10000.csv,0.6364555358886719
1344,normal,window_typing_10000.csv,0.6230388879776001
1345,normal,window_typing_10000.csv,0.6137834191322327
1346,normal,window_typing_10000.csv,0.6073696613311768
1347,normal,window_typing_10000.csv,0.6118819117546082
1348,normal,window_typing_10000.csv,0.6137046813964844
1349,normal,window_typing_10000.csv,0.5860055088996887
1350,normal,window_typing_10000.csv,0.5864025950431824
1351,normal,window_typing_10000.csv,0.5620407462120056
1352,normal,window_typing_10000.csv,0.52910315990448
1353,normal,window_typing_10000.csv,0.2800956964492798
1354,normal,window_typing_10000.csv,0.2714190185070038
1355,normal,window_typing_10000.csv,0.2654106318950653
1356,normal,window_typing_10000.csv,0.26089346408843994
1357,normal,window_typing_10000.csv,0.2610199749469757
1358,normal,window_typing_10000.csv,0.26015686988830566
1359,normal,window_typing_10000.csv,0.2634607255458832
1360,normal,window_typing_10000.csv,0.26545587182044983
1361,normal,window_typing_10000.csv,0.2642945647239685
1362,normal,window_typing_10000.csv,0.2601085901260376
1363,normal,window_typing_10000.csv,0.25808587670326233
1364,normal,window_typing_10000.csv,0.25510773062705994
1365,normal,window_typing_10000.csv,0.25492656230926514
1366,normal,window_typing_10000.csv,0.25486111640930176
1367,normal,window_typing_10000.csv,0.25360339879989624
1368,normal,window_typing_10000.csv,0.251516729593277
1369,normal,window_typing_10000.csv,0.25156596302986145
1370,normal,window_typing_10000.csv,0.24909691512584686
1371,normal,window_typing_10000.csv,0.25092586874961853
1372,normal,window_typing_10000.csv,0.25056755542755127
1373,normal,window_typing_10000.csv,0.24784624576568604
1374,normal,window_typing_10000.csv,0.24911974370479584
1375,normal,window_typing_10000.csv,0.24440303444862366
1376,normal,window_typing_10000.csv,0.24092170596122742
1377,normal,window_typing_10000.csv,0.2505829632282257
1378,normal,window_typing_10000.csv,0.23823103308677673
1379,normal,window_typing_10000.csv,0.36424869298934937
1380,normal,window_typing_10000.csv,0.3883174657821655
1381,normal,window_typing_10000.csv,0.376629114151001
1382,normal,window_typing_10000.csv,0.3759912848472595
1383,normal,window_typing_10000.csv,0.3769245445728302
1384,normal,window_typing_10000.csv,0.3894433081150055
1385,normal,window_typing_10000.csv,0.39226335287094116
1386,normal,window_typing_10000.csv,0.39553919434547424
1387,normal,window_typing_10000.csv,0.4006035625934601
1388,normal,window_typing_10000.csv,0.39918509125709534
1389,normal,window_typing_10000.csv,0.3966142535209656
1390,normal,window_typing_10000.csv,0.39892831444740295
1391,normal,window_typing_10000.csv,0.3953791558742523
1392,normal,window_typing_10000.csv,0.39547833800315857
1393,normal,window_typing_10000.csv,0.39633944630622864
1394,normal,window_typing_10000.csv,0.40244725346565247
1395,normal,window_typing_10000.csv,0.39892086386680603
1396,normal,window_typing_10000.csv,0.39964860677719116
1397,normal,window_typing_10000.csv,0.3924315273761749
1398,normal,window_typing_10000.csv,0.3907448649406433
1399,normal,window_typing_10000.csv,0.3854755759239197
1400,normal,window_typing_10000.csv,0.378253698348999
1401,normal,window_typing_10000.csv,0.37938931584358215
1402,normal,window_typing_10000.csv,0.37578487396240234
1403,normal,window_typing_10000.csv,0.3741421401500702
1404,normal,window_typing_10000.csv,0.37005263566970825
1405,normal,window_typing_10000.csv,0.37093985080718994
1406,normal,window_typing_10000.csv,0.37197569012641907
1407,normal,window_typing_10000.csv,0.3718542754650116
1408,normal,window_typing_10000.csv,0.37037235498428345
1409,normal,window_typing_10000.csv,0.372780442237854
1410,normal,window_typing_10000.csv,0.3818812072277069
1411,normal,window_typing_10000.csv,0.38430851697921753
1412,normal,window_typing_10000.csv,0.39087429642677307
1413,normal,window_typing_10000.csv,0.3891553580760956
1414,normal,window_typing_10000.csv,0.5195550918579102
1415,normal,window_typing_10000.csv,0.542540967464447
1416,normal,window_typing_10000.csv,0.5464843511581421
1417,normal,window_typing_10000.csv,0.5394399166107178
1418,normal,window_typing_10000.csv,0.5386427640914917
1419,normal,window_typing_10000.csv,0.5630524754524231
1420,normal,window_typing_10000.csv,0.5687510371208191
1421,normal,window_typing_10000.csv,0.5704601407051086
1422,normal,window_typing_10000.csv,0.691542387008667
1423,normal,window_typing_10000.csv,0.7051628232002258
1424,normal,window_typing_10000.csv,0.7101784348487854
1425,normal,window_typing_10000.csv,0.7120538949966431
1426,normal,window_typing_10000.csv,0.7106682658195496
1427,normal,window_typing_10000.csv,0.6988214254379272
1428,normal,window_typing_10000.csv,0.6981451511383057
1429,normal,window_typing_10000.csv,0.5692389011383057
1430,normal,window_typing_10000.csv,0.5411525368690491
1431,normal,window_typing_10000.csv,0.5465796589851379
1432,normal,window_typing_10000.csv,0.5681172609329224
1433,normal,window_typing_10000.csv,0.5727027654647827
1434,normal,window_typing_10000.csv,0.5679240822792053
1435,normal,window_typing_10000.csv,0.5868198871612549
1436,normal,window_typing_10000.csv,0.5964426398277283
1437,normal,window_typing_10000.csv,0.6047254800796509
1438,normal,window_typing_10000.csv,0.607195258140564
1439,normal,window_typing_10000.csv,0.6116660833358765
1440,normal,window_typing_10000.csv,0.614304780960083
1441,normal,window_typing_10000.csv,0.6220160126686096
1442,normal,window_typing_10000.csv,0.6265267133712769
1443,normal,window_typing_10000.csv,0.6288790106773376
1444,normal,window_typing_10000.csv,0.6393758654594421
1445,normal,window_typing_10000.csv,0.643334686756134
1446,normal,window_typing_10000.csv,0.6522029042243958
1447,normal,window_typing_10000.csv,0.6529183983802795
1448,normal,window_typing_10000.csv,0.6452743411064148
1449,normal,window_typing_10000.csv,0.6395166516304016
1450,normal,window_typing_10000.csv,0.6309573650360107
1451,normal,window_typing_10000.csv,0.6142123937606812
1452,normal,window_typing_10000.csv,0.6051880717277527
1453,normal,window_typing_10000.csv,0.5947697162628174
1454,normal,window_typing_10000.csv,0.5852615237236023
1455,normal,window_typing_10000.csv,0.5773783326148987
1456,normal,window_typing_10000.csv,0.5727168321609497
1457,normal,window_typing_10000.csv,0.5807865858078003
1458,normal,window_typing_10000.csv,0.5804640650749207
1459,normal,window_typing_10000.csv,0.5745320320129395
1460,normal,window_typing_10000.csv,0.5696354508399963
1461,normal,window_typing_10000.csv,0.5692116618156433
1462,normal,window_typing_10000.csv,0.5692274570465088
1463,normal,window_typing_10000.csv,0.5703016519546509
1464,normal,window_typing_10000.csv,0.4462175965309143
1465,normal,window_typing_10000.csv,0.4181729555130005
1466,normal,window_typing_10000.csv,0.4256476163864136
1467,normal,window_typing_10000.csv,0.4296450912952423
1468,normal,window_typing_10000.csv,0.4337787926197052
1469,normal,window_typing_10000.csv,0.4119986891746521
1470,normal,window_typing_10000.csv,0.4146459996700287
1471,normal,window_typing_10000.csv,0.41934025287628174
1472,normal,window_typing_10000.csv,0.30048978328704834
1473,normal,window_typing_10000.csv,0.28986719250679016
1474,normal,window_typing_10000.csv,0.29209819436073303
1475,normal,window_typing_10000.csv,0.30484992265701294
1476,normal,window_typing_10000.csv,0.31039318442344666
1477,normal,window_typing_10000.csv,0.3149823844432831
1478,normal,window_typing_10000.csv,0.33536025881767273
1479,normal,window_typing_10000.csv,0.34465140104293823
1480,normal,window_typing_10000.csv,0.3509685695171356
1481,normal,window_typing_10000.csv,0.3410250246524811
1482,normal,window_typing_10000.csv,0.3228302001953125
1483,normal,window_typing_10000.csv,0.2980920970439911
1484,normal,window_typing_10000.csv,0.2805545926094055
1485,normal,window_typing_10000.csv,0.2598767578601837
1486,normal,window_typing_10000.csv,0.24832339584827423
1487,normal,window_typing_10000.csv,0.23988047242164612
1488,normal,window_typing_10000.csv,0.24664725363254547
1489,normal,window_typing_10000.csv,0.24814295768737793
1490,normal,window_typing_10000.csv,0.25744524598121643
1491,normal,window_typing_10000.csv,0.2585591673851013
1492,normal,window_typing_10000.csv,0.25646424293518066
1493,normal,window_typing_10000.csv,0.2602553367614746
1494,normal,window_typing_10000.csv,0.2513257563114166
1495,normal,window_typing_10000.csv,0.25085923075675964
1496,normal,window_typing_10000.csv,0.24348652362823486
1497,normal,window_typing_10000.csv,0.24357132613658905
1498,normal,window_typing_10000.csv,0.24599793553352356
1499,normal,window_typing_10000.csv,0.2455526888370514
1500,normal,window_typing_10000.csv,0.39451390504837036
1501,normal,window_typing_10000.csv,0.40863358974456787
1502,normal,window_typing_10000.csv,0.4080071449279785
1503,normal,window_typing_10000.csv,0.40900129079818726
1504,normal,window_typing_10000.csv,0.41299039125442505
1505,normal,window_typing_10000.csv,0.42508065700531006
1506,normal,window_typing_10000.csv,0.43450963497161865
1507,normal,window_typing_10000.csv,0.44859805703163147
1508,normal,window_typing_10000.csv,0.44581860303878784
1509,normal,window_typing_10000.csv,0.4553449749946594
1510,normal,window_typing_10000.csv,0.458783358335495
1511,normal,window_typing_10000.csv,0.45517218112945557
1512,normal,window_typing_10000.csv,0.4576888680458069
1513,normal,window_typing_10000.csv,0.4596206843852997
1514,normal,window_typing_10000.csv,0.4611370265483856
1515,normal,window_typing_10000.csv,0.4623223841190338
1516,normal,window_typing_10000.csv,0.45528149604797363
1517,normal,window_typing_10000.csv,0.46088483929634094
1518,normal,window_typing_10000.csv,0.45610490441322327
1519,normal,window_typing_10000.csv,0.45772913098335266
1520,normal,window_typing_10000.csv,0.46272170543670654
1521,normal,window_typing_10000.csv,0.4608394205570221
1522,normal,window_typing_10000.csv,0.46010303497314453
1523,normal,window_typing_10000.csv,0.45690810680389404
1524,normal,window_typing_10000.csv,0.4557855725288391
1525,normal,window_typing_10000.csv,0.43979403376579285
1526,normal,window_typing_10000.csv,0.4362902045249939
1527,normal,window_typing_10000.csv,0.4286254942417145
1528,normal,window_typing_10000.csv,0.415515661239624
1529,normal,window_typing_10000.csv,0.41419970989227295
1530,normal,window_typing_10000.csv,0.4128853976726532
1531,normal,window_typing_10000.csv,0.4123430550098419
1532,normal,window_typing_10000.csv,0.41078880429267883
1533,normal,window_typing_10000.csv,0.4166744351387024
1534,normal,window_typing_10000.csv,0.4181901812553406
1535,normal,window_typing_10000.csv,0.41940006613731384
1536,normal,window_typing_10000.csv,0.42090824246406555
1537,normal,window_typing_10000.csv,0.4227859377861023
1538,normal,window_typing_10000.csv,0.41658952832221985
1539,normal,window_typing_10000.csv,0.4170605540275574
1540,normal,window_typing_10000.csv,0.41128596663475037
1541,normal,window_typing_10000.csv,0.4157843291759491
1542,normal,window_typing_10000.csv,0.42345237731933594
1543,normal,window_typing_10000.csv,0.4135682284832001
1544,normal,window_typing_10000.csv,0.4072490334510803
1545,normal,window_typing_10000.csv,0.403545081615448
1546,normal,window_typing_10000.csv,0.40799054503440857
1547,normal,window_typing_10000.csv,0.4476916491985321
1548,normal,window_typing_10000.csv,0.4475570023059845
1549,normal,window_typing_10000.csv,0.44774097204208374
1550,normal,window_typing_10000.csv,0.3076162338256836
1551,normal,window_typing_10000.csv,0.2842882573604584
1552,normal,window_typing_10000.csv,0.28312286734580994
1553,normal,window_typing_10000.csv,0.2844652533531189
1554,normal,window_typing_10000.csv,0.3056725263595581
1555,normal,window_typing_10000.csv,0.2903197407722473
1556,normal,window_typing_10000.csv,0.27190515398979187
1557,normal,window_typing_10000.csv,0.24253050982952118
1558,normal,window_typing_10000.csv,0.23426517844200134
1559,normal,window_typing_10000.csv,0.2277304232120514
1560,normal,window_typing_10000.csv,0.23040403425693512
1561,normal,window_typing_10000.csv,0.2350482940673828
1562,normal,window_typing_10000.csv,0.2353469282388687
1563,normal,window_typing_10000.csv,0.23849815130233765
1564,normal,window_typing_10000.csv,0.23885391652584076
1565,normal,window_typing_10000.csv,0.23695673048496246
1566,normal,window_typing_10000.csv,0.242650106549263
1567,normal,window_typing_10000.csv,0.23936673998832703
1568,normal,window_typing_10000.csv,0.2677820026874542
1569,normal,window_typing_10000.csv,0.2691001892089844
1570,normal,window_typing_10000.csv,0.2687932550907135
1571,normal,window_typing_10000.csv,0.2721284329891205
1572,normal,window_typing_10000.csv,0.2721710503101349
1573,normal,window_typing_10000.csv,0.2734021842479706
1574,normal,window_typing_10000.csv,0.2708878219127655
1575,normal,window_typing_10000.csv,0.2766640782356262
1576,normal,window_typing_10000.csv,0.27425894141197205
1577,normal,window_typing_10000.csv,0.27979618310928345
1578,normal,window_typing_10000.csv,0.28336653113365173
1579,normal,window_typing_10000.csv,0.28744152188301086
1580,normal,window_typing_10000.csv,0.29372715950012207
1581,normal,window_typing_10000.csv,0.29875633120536804
1582,normal,window_typing_10000.csv,0.29973533749580383
1583,normal,window_typing_10000.csv,0.2993963658809662
1584,normal,window_typing_10000.csv,0.3018697202205658
1585,normal,window_typing_10000.csv,0.30589860677719116
1586,normal,window_typing_10000.csv,0.3080415427684784
1587,normal,window_typing_10000.csv,0.30786433815956116
1588,normal,window_typing_10000.csv,0.3052532970905304
1589,normal,window_typing_10000.csv,0.30275699496269226
1590,normal,window_typing_10000.csv,0.30048224329948425
1591,normal,window_typing_10000.csv,0.29810309410095215
1592,normal,window_typing_10000.csv,0.2968071699142456
1593,normal,window_typing_10000.csv,0.3005824387073517
1594,normal,window_typing_10000.csv,0.3038659691810608
1595,normal,window_typing_10000.csv,0.30231526494026184
1596,normal,window_typing_10000.csv,0.2966081202030182
1597,normal,window_typing_10000.csv,0.26299983263015747
1598,normal,window_typing_10000.csv,0.2583194077014923
1599,normal,window_typing_10000.csv,0.25356513261795044
1600,normal,window_typing_10000.csv,0.25576406717300415
1601,normal,window_typing_10000.csv,0.2495843917131424
1602,normal,window_typing_10000.csv,0.24952355027198792
1603,normal,window_typing_10000.csv,0.24506151676177979
1604,normal,window_typing_10000.csv,0.2302842140197754
1605,normal,window_typing_10000.csv,0.22550374269485474
1606,normal,window_typing_10000.csv,0.2229723334312439
1607,normal,window_typing_10000.csv,0.358798623085022
1608,normal,window_typing_10000.csv,0.3771170973777771
1609,normal,window_typing_10000.csv,0.37847158312797546
1610,normal,window_typing_10000.csv,0.3792306184768677
1611,normal,window_typing_10000.csv,0.5178064107894897
1612,normal,window_typing_10000.csv,0.5419577360153198
1613,normal,window_typing_10000.csv,0.5449533462524414
1614,normal,window_typing_10000.csv,0.5441657900810242
1615,normal,window_typing_10000.csv,0.5765720009803772
1616,normal,window_typing_10000.csv,0.5671921968460083
1617,normal,window_typing_10000.csv,0.5977396965026855
1618,normal,window_typing_10000.csv,0.5755729675292969
1619,normal,window_typing_10000.csv,0.584571361541748
1620,normal,window_typing_10000.csv,0.5879450440406799
1621,normal,window_typing_10000.csv,0.5885400176048279
1622,normal,window_typing_10000.csv,0.6010351777076721
1623,normal,window_typing_10000.csv,0.6038865447044373
1624,normal,window_typing_10000.csv,0.598222553730011
1625,normal,window_typing_10000.csv,0.5889731645584106
1626,normal,window_typing_10000.csv,0.5844668745994568
1627,normal,window_typing_10000.csv,0.576471745967865
1628,normal,window_typing_10000.csv,0.5709409713745117
1629,normal,window_typing_10000.csv,0.5658590197563171
1630,normal,window_typing_10000.csv,0.5737563371658325
1631,normal,window_typing_10000.csv,0.5702980756759644
1632,normal,window_typing_10000.csv,0.5775508284568787
1633,normal,window_typing_10000.csv,0.5779199004173279
1634,normal,window_typing_10000.csv,0.5815026164054871
1635,normal,window_typing_10000.csv,0.5826845169067383
1636,normal,window_typing_10000.csv,0.5957525968551636
1637,normal,window_typing_10000.csv,0.5969380736351013
1638,normal,window_typing_10000.csv,0.6046838164329529
1639,normal,window_typing_10000.csv,0.6089199185371399
1640,normal,window_typing_10000.csv,0.6117260456085205
1641,normal,window_typing_10000.csv,0.6064232587814331
1642,normal,window_typing_10000.csv,0.6014775633811951
1643,normal,window_typing_10000.csv,0.5981055498123169
1644,normal,window_typing_10000.csv,0.6035910248756409
1645,normal,window_typing_10000.csv,0.5998994708061218
1646,normal,window_typing_10000.csv,0.6027091145515442
1647,normal,window_typing_10000.csv,0.6025800108909607
1648,normal,window_typing_10000.csv,0.6041847467422485
1649,normal,window_typing_10000.csv,0.6052943468093872
1650,normal,window_typing_10000.csv,0.5974598526954651
1651,normal,window_typing_10000.csv,0.5983699560165405
1652,normal,window_typing_10000.csv,0.5953900218009949
1653,normal,window_typing_10000.csv,0.5957438349723816
1654,normal,window_typing_10000.csv,0.5953803062438965
1655,normal,window_typing_10000.csv,0.5930399298667908
1656,normal,window_typing_10000.csv,0.5944675207138062
1657,normal,window_typing_10000.csv,0.45910578966140747
1658,normal,window_typing_10000.csv,0.43692195415496826
1659,normal,window_typing_10000.csv,0.43537771701812744
1660,normal,window_typing_10000.csv,0.43622884154319763
1661,normal,window_typing_10000.csv,0.3073662519454956
1662,normal,window_typing_10000.csv,0.2829318046569824
1663,normal,window_typing_10000.csv,0.2898954153060913
1664,normal,window_typing_10000.csv,0.2893367409706116
1665,normal,window_typing_10000.csv,0.27180248498916626
1666,normal,window_typing_10000.csv,0.27018555998802185
1667,normal,window_typing_10000.csv,0.24816951155662537
1668,normal,window_typing_10000.csv,0.2472812831401825
1669,normal,window_typing_10000.csv,0.2484940141439438
1670,normal,window_typing_10000.csv,0.2660156786441803
1671,normal,window_typing_10000.csv,0.30401045083999634
1672,normal,window_typing_10000.csv,0.3139071762561798
1673,normal,window_typing_10000.csv,0.33892935514450073
1674,normal,window_typing_10000.csv,0.34706541895866394
1675,normal,window_typing_10000.csv,0.3474569022655487
1676,normal,window_typing_10000.csv,0.3367135524749756
1677,normal,window_typing_10000.csv,0.3136322796344757
1678,normal,window_typing_10000.csv,0.3033435344696045
1679,normal,window_typing_10000.csv,0.2895192801952362
1680,normal,window_typing_10000.csv,0.28077173233032227
1681,normal,window_typing_10000.csv,0.27369365096092224
1682,normal,window_typing_10000.csv,0.2714173197746277
1683,normal,window_typing_10000.csv,0.26902952790260315
1684,normal,window_typing_10000.csv,0.27128034830093384
1685,normal,window_typing_10000.csv,0.27327340841293335
1686,normal,window_typing_10000.csv,0.2674048840999603
1687,normal,window_typing_10000.csv,0.2682841718196869
1688,normal,window_typing_10000.csv,0.2664481997489929
1689,normal,window_typing_10000.csv,0.2655808627605438
1690,normal,window_typing_10000.csv,0.26378506422042847
1691,normal,window_typing_10000.csv,0.264249712228775
1692,normal,window_typing_10000.csv,0.26583701372146606
1693,normal,window_typing_10000.csv,0.27794453501701355
1694,normal,window_typing_10000.csv,0.27610087394714355
1695,normal,window_typing_10000.csv,0.2763277292251587
1696,normal,window_typing_10000.csv,0.28431883454322815
1697,normal,window_typing_10000.csv,0.2790684103965759
1698,normal,window_typing_10000.csv,0.2949458658695221
1699,normal,window_typing_10000.csv,0.29366862773895264
1700,normal,window_typing_10000.csv,0.2900586426258087
1701,normal,window_typing_10000.csv,0.29584556818008423
1702,normal,window_typing_10000.csv,0.3000158965587616
1703,normal,window_typing_10000.csv,0.30985745787620544
1704,normal,window_typing_10000.csv,0.3024600148200989
1705,normal,window_typing_10000.csv,0.2988104224205017
1706,normal,window_typing_10000.csv,0.2883608639240265
1707,normal,window_typing_10000.csv,0.283963680267334
1708,normal,window_typing_10000.csv,0.28147757053375244
1709,normal,window_typing_10000.csv,0.2787191867828369
1710,normal,window_typing_10000.csv,0.2967837154865265
1711,normal,window_typing_10000.csv,0.30595076084136963
1712,normal,window_typing_10000.csv,0.3180553913116455
1713,normal,window_typing_10000.csv,0.4748862683773041
1714,normal,window_typing_10000.csv,0.5044716596603394
1715,normal,window_typing_10000.csv,0.5096219182014465
1716,normal,window_typing_10000.csv,0.5293974876403809
1717,normal,window_typing_10000.csv,0.5077365636825562
1718,normal,window_typing_10000.csv,0.49515432119369507
1719,normal,window_typing_10000.csv,0.48732951283454895
1720,normal,window_typing_10000.csv,0.4993335008621216
1721,normal,window_typing_10000.csv,0.4819180965423584
1722,normal,window_typing_10000.csv,0.4966311752796173
1723,normal,window_typing_10000.csv,0.49363911151885986
1724,normal,window_typing_10000.csv,0.48667627573013306
1725,normal,window_typing_10000.csv,0.4704536199569702
1726,normal,window_typing_10000.csv,0.46548599004745483
1727,normal,window_typing_10000.csv,0.4674470126628876
1728,normal,window_typing_10000.csv,0.46717891097068787
1729,normal,window_typing_10000.csv,0.47426074743270874
1730,normal,window_typing_10000.csv,0.48684272170066833
1731,normal,window_typing_10000.csv,0.4889509081840515
1732,normal,window_typing_10000.csv,0.49192243814468384
1733,normal,window_typing_10000.csv,0.48760709166526794
1734,normal,window_typing_10000.csv,0.49992263317108154
1735,normal,window_typing_10000.csv,0.49407756328582764
1736,normal,window_typing_10000.csv,0.49599504470825195
1737,normal,window_typing_10000.csv,0.4985302686691284
1738,normal,window_typing_10000.csv,0.5406539440155029
1739,normal,window_typing_10000.csv,0.5823725461959839
1740,normal,window_typing_10000.csv,0.611701488494873
1741,normal,window_typing_10000.csv,0.6309393048286438
1742,normal,window_typing_10000.csv,0.6298539042472839
1743,normal,window_typing_10000.csv,0.6024560332298279
1744,normal,window_typing_10000.csv,0.5912755727767944
1745,normal,window_typing_10000.csv,0.5782586932182312
1746,normal,window_typing_10000.csv,0.5491122007369995
1747,normal,window_typing_10000.csv,0.5316063761711121
1748,normal,window_typing_10000.csv,0.5111919641494751
1749,normal,window_typing_10000.csv,0.51506507396698
1750,normal,window_typing_10000.csv,0.5069484114646912
1751,normal,window_typing_10000.csv,0.4903174638748169
1752,normal,window_typing_10000.csv,0.4906040132045746
1753,normal,window_typing_10000.csv,0.4894790053367615
1754,normal,window_typing_10000.csv,0.49103841185569763
1755,normal,window_typing_10000.csv,0.49425795674324036
1756,normal,window_typing_10000.csv,0.4968099296092987
1757,normal,window_typing_10000.csv,0.5017963647842407
1758,normal,window_typing_10000.csv,0.5093334317207336
1759,normal,window_typing_10000.csv,0.5159351229667664
1760,normal,window_typing_10000.csv,0.5034554600715637
1761,normal,window_typing_10000.csv,0.49991679191589355
1762,normal,window_typing_10000.csv,0.49630123376846313
1763,normal,window_typing_10000.csv,0.3630935847759247
1764,normal,window_typing_10000.csv,0.345419317483902
1765,normal,window_typing_10000.csv,0.3526747524738312
1766,normal,window_typing_10000.csv,0.36180436611175537
1767,normal,window_typing_10000.csv,0.37863972783088684
1768,normal,window_typing_10000.csv,0.3820323944091797
1769,normal,window_typing_10000.csv,0.38593775033950806
1770,normal,window_typing_10000.csv,0.3933173418045044
1771,normal,window_typing_10000.csv,0.38913390040397644
1772,normal,window_typing_10000.csv,0.3803207278251648
1773,normal,window_typing_10000.csv,0.37542757391929626
1774,normal,window_typing_10000.csv,0.37291592359542847
1775,normal,window_typing_10000.csv,0.37832266092300415
1776,normal,window_typing_10000.csv,0.39357084035873413
1777,normal,window_typing_10000.csv,0.3926907777786255
1778,normal,window_typing_10000.csv,0.5097777843475342
1779,normal,window_typing_10000.csv,0.5237032175064087
1780,normal,window_typing_10000.csv,0.5169139504432678
1781,normal,window_typing_10000.csv,0.5205492377281189
1782,normal,window_typing_10000.csv,0.5099040269851685
1783,normal,window_typing_10000.csv,0.502629280090332
1784,normal,window_typing_10000.csv,0.47779613733291626
1785,normal,window_typing_10000.csv,0.4665163457393646
1786,normal,window_typing_10000.csv,0.4650390148162842
1787,normal,window_typing_10000.csv,0.47680342197418213
1788,normal,window_typing_10000.csv,0.4708722233772278
1789,normal,window_typing_10000.csv,0.46210575103759766
1790,normal,window_typing_10000.csv,0.4591848850250244
1791,normal,window_typing_10000.csv,0.45471200346946716
1792,normal,window_typing_10000.csv,0.45291510224342346
1793,normal,window_typing_10000.csv,0.4478992819786072
1794,normal,window_typing_10000.csv,0.4382634162902832
1795,normal,window_typing_10000.csv,0.4250811040401459
1796,normal,window_typing_10000.csv,0.41571077704429626
1797,normal,window_typing_10000.csv,0.4083998203277588
1798,normal,window_typing_10000.csv,0.40548136830329895
1799,normal,window_typing_10000.csv,0.3969464898109436
1800,normal,window_typing_10000.csv,0.3910927176475525
1801,normal,window_typing_10000.csv,0.38253477215766907
1802,normal,window_typing_10000.csv,0.37570804357528687
1803,normal,window_typing_10000.csv,0.36862248182296753
1804,normal,window_typing_10000.csv,0.3624781370162964
1805,normal,window_typing_10000.csv,0.3680112659931183
1806,normal,window_typing_10000.csv,0.37181830406188965
1807,normal,window_typing_10000.csv,0.3940685987472534
1808,normal,window_typing_10000.csv,0.39213237166404724
1809,normal,window_typing_10000.csv,0.3975253403186798
1810,normal,window_typing_10000.csv,0.4006901681423187
1811,normal,window_typing_10000.csv,0.3983395993709564
1812,normal,window_typing_10000.csv,0.3985666334629059
1813,normal,window_typing_10000.csv,0.39038753509521484
1814,normal,window_typing_10000.csv,0.3797805905342102
1815,normal,window_typing_10000.csv,0.37703874707221985
1816,normal,window_typing_10000.csv,0.3665298521518707
1817,normal,window_typing_10000.csv,0.34916239976882935
1818,normal,window_typing_10000.csv,0.34673991799354553
1819,normal,window_typing_10000.csv,0.3444344103336334
1820,normal,window_typing_10000.csv,0.33167770504951477
1821,normal,window_typing_10000.csv,0.33134832978248596
1822,normal,window_typing_10000.csv,0.33329787850379944
1823,normal,window_typing_10000.csv,0.3406912088394165
1824,normal,window_typing_10000.csv,0.35260099172592163
1825,normal,window_typing_10000.csv,0.3611859381198883
1826,normal,window_typing_10000.csv,0.36513572931289673
1827,normal,window_typing_10000.csv,0.3829875886440277
1828,normal,window_typing_10000.csv,0.25351205468177795
1829,normal,window_typing_10000.csv,0.23817387223243713
1830,normal,window_typing_10000.csv,0.23477010428905487
1831,normal,window_typing_10000.csv,0.22686795890331268
1832,normal,window_typing_10000.csv,0.22582581639289856
1833,normal,window_typing_10000.csv,0.22464188933372498
1834,normal,window_typing_10000.csv,0.21964608132839203
1835,normal,window_typing_10000.csv,0.2242216318845749
1836,normal,window_typing_10000.csv,0.22561059892177582
1837,normal,window_typing_10000.csv,0.2269478738307953
1838,normal,window_typing_10000.csv,0.2291201949119568
1839,normal,window_typing_10000.csv,0.2360801100730896
1840,normal,window_typing_10000.csv,0.24198128283023834
1841,normal,window_typing_10000.csv,0.25062063336372375
1842,normal,window_typing_10000.csv,0.2574365735054016
1843,normal,window_typing_10000.csv,0.258768230676651
1844,normal,window_typing_10000.csv,0.2915094494819641
1845,normal,window_typing_10000.csv,0.29026636481285095
1846,normal,window_typing_10000.csv,0.29367125034332275
1847,normal,window_typing_10000.csv,0.3039902150630951
1848,normal,window_typing_10000.csv,0.31563600897789
1849,normal,window_typing_10000.csv,0.32932451367378235
1850,normal,window_typing_10000.csv,0.3384958803653717
1851,normal,window_typing_10000.csv,0.3363737463951111
1852,normal,window_typing_10000.csv,0.3410208821296692
1853,normal,window_typing_10000.csv,0.33738595247268677
1854,normal,window_typing_10000.csv,0.35019832849502563
1855,normal,window_typing_10000.csv,0.35257795453071594
1856,normal,window_typing_10000.csv,0.3504789471626282
1857,normal,window_typing_10000.csv,0.32273241877555847
1858,normal,window_typing_10000.csv,0.32260531187057495
1859,normal,window_typing_10000.csv,0.324555367231369
1860,normal,window_typing_10000.csv,0.3300659656524658
1861,normal,window_typing_10000.csv,0.33636674284935
1862,normal,window_typing_10000.csv,0.344594269990921
1863,normal,window_typing_10000.csv,0.35425570607185364
1864,normal,window_typing_10000.csv,0.361674427986145
1865,normal,window_typing_10000.csv,0.39309561252593994
1866,normal,window_typing_10000.csv,0.3902025520801544
1867,normal,window_typing_10000.csv,0.3913128972053528
1868,normal,window_typing_10000.csv,0.3949405550956726
1869,normal,window_typing_10000.csv,0.4097036123275757
1870,normal,window_typing_10000.csv,0.42210057377815247
1871,normal,window_typing_10000.csv,0.4318559169769287
1872,normal,window_typing_10000.csv,0.43999212980270386
1873,normal,window_typing_10000.csv,0.4521377682685852
1874,normal,window_typing_10000.csv,0.4640640318393707
1875,normal,window_typing_10000.csv,0.47630152106285095
1876,normal,window_typing_10000.csv,0.4752810001373291
1877,normal,window_typing_10000.csv,0.47079136967658997
1878,normal,window_typing_10000.csv,0.4611343443393707
1879,normal,window_typing_10000.csv,0.46182578802108765
1880,normal,window_typing_10000.csv,0.4576648771762848
1881,normal,window_typing_10000.csv,0.454334020614624
1882,normal,window_typing_10000.csv,0.4453205466270447
1883,normal,window_typing_10000.csv,0.42812857031822205
1884,normal,window_typing_10000.csv,0.4369776248931885
1885,normal,window_typing_10000.csv,0.41204631328582764
1886,normal,window_typing_10000.csv,0.3994794487953186
1887,normal,window_typing_10000.csv,0.38325756788253784
1888,normal,window_typing_10000.csv,0.3639024496078491
1889,normal,window_typing_10000.csv,0.3655218780040741
1890,normal,window_typing_10000.csv,0.3575042188167572
1891,normal,window_typing_10000.csv,0.3555155396461487
1892,normal,window_typing_10000.csv,0.35347074270248413
1893,normal,window_typing_10000.csv,0.35649052262306213
1894,normal,window_typing_10000.csv,0.34909218549728394
1895,normal,window_typing_10000.csv,0.34590715169906616
1896,normal,window_typing_10000.csv,0.3497810959815979
1897,normal,window_typing_10000.csv,0.34369954466819763
1898,normal,window_typing_10000.csv,0.3416839838027954
1899,normal,window_typing_10000.csv,0.3420364558696747
1900,normal,window_typing_10000.csv,0.3315352201461792
1901,normal,window_typing_10000.csv,0.3319523334503174
1902,normal,window_typing_10000.csv,0.33373361825942993
1903,normal,window_typing_10000.csv,0.3281925320625305
1904,normal,window_typing_10000.csv,0.3106882572174072
1905,normal,window_typing_10000.csv,0.29966238141059875
1906,normal,window_typing_10000.csv,0.2911348044872284
1907,normal,window_typing_10000.csv,0.2905469536781311
1908,normal,window_typing_10000.csv,0.2866283357143402
1909,normal,window_typing_10000.csv,0.28709471225738525
1910,normal,window_typing_10000.csv,0.2935366928577423
1911,normal,window_typing_10000.csv,0.2903273403644562
1912,normal,window_typing_10000.csv,0.2861586809158325
1913,normal,window_typing_10000.csv,0.283146470785141
1914,normal,window_typing_10000.csv,0.2919481694698334
1915,normal,window_typing_10000.csv,0.2755652070045471
1916,normal,window_typing_10000.csv,0.278025358915329
1917,normal,window_typing_10000.csv,0.2805081307888031
1918,normal,window_typing_10000.csv,0.2984603941440582
1919,normal,window_typing_10000.csv,0.2913276255130768
1920,normal,window_typing_10000.csv,0.28468558192253113
1921,normal,window_typing_10000.csv,0.29752787947654724
1922,normal,window_typing_10000.csv,0.2968479096889496
1923,normal,window_typing_10000.csv,0.4242438077926636
1924,normal,window_typing_10000.csv,0.4357457160949707
1925,normal,window_typing_10000.csv,0.45307642221450806
1926,normal,window_typing_10000.csv,0.4547477960586548
1927,normal,window_typing_10000.csv,0.4567095637321472
1928,normal,window_typing_10000.csv,0.45228636264801025
1929,normal,window_typing_10000.csv,0.45660048723220825
1930,normal,window_typing_10000.csv,0.45498016476631165
1931,normal,window_typing_10000.csv,0.4557354152202606
1932,normal,window_typing_10000.csv,0.45121586322784424
1933,normal,window_typing_10000.csv,0.4511515200138092
1934,normal,window_typing_10000.csv,0.5785787105560303
1935,normal,window_typing_10000.csv,0.6023327708244324
1936,normal,window_typing_10000.csv,0.6172592043876648
1937,normal,window_typing_10000.csv,0.6179367899894714
1938,normal,window_typing_10000.csv,0.6475427150726318
1939,normal,window_typing_10000.csv,0.6321024298667908
1940,normal,window_typing_10000.csv,0.6671772599220276
1941,normal,window_typing_10000.csv,0.685356616973877
1942,normal,window_typing_10000.csv,0.6876905560493469
1943,normal,window_typing_10000.csv,0.6958327293395996
1944,normal,window_typing_10000.csv,0.6965696811676025
1945,normal,window_typing_10000.csv,0.7142302989959717
1946,normal,window_typing_10000.csv,0.7194438576698303
1947,normal,window_typing_10000.csv,0.7229912877082825
1948,normal,window_typing_10000.csv,0.7304985523223877
1949,normal,window_typing_10000.csv,0.7359095215797424
1950,normal,window_typing_10000.csv,0.7518126368522644
1951,normal,window_typing_10000.csv,0.7763664722442627
1952,normal,window_typing_10000.csv,0.7612015008926392
1953,normal,window_typing_10000.csv,0.77867591381073
1954,normal,window_typing_10000.csv,0.7997574210166931
1955,normal,window_typing_10000.csv,0.7877727746963501
1956,normal,window_typing_10000.csv,0.7831704020500183
1957,normal,window_typing_10000.csv,0.7857768535614014
1958,normal,window_typing_10000.csv,0.7900676727294922
1959,normal,window_typing_10000.csv,0.7995092868804932
1960,normal,window_typing_10000.csv,0.7973679304122925
1961,normal,window_typing_10000.csv,0.7997356653213501
1962,normal,window_typing_10000.csv,0.804218590259552
1963,normal,window_typing_10000.csv,0.8027333617210388
1964,normal,window_typing_10000.csv,0.8004255294799805
1965,normal,window_typing_10000.csv,0.8018191456794739
1966,normal,window_typing_10000.csv,0.8185300827026367
1967,normal,window_typing_10000.csv,0.8420379161834717
1968,normal,window_typing_10000.csv,0.8473398089408875
1969,normal,window_typing_10000.csv,0.9112054705619812
1970,normal,window_typing_10000.csv,0.9129102826118469
1971,normal,window_typing_10000.csv,0.9269060492515564
1972,normal,window_typing_10000.csv,0.9159980416297913
1973,normal,window_typing_10000.csv,1.0200350284576416
1974,normal,window_typing_10000.csv,1.0511549711227417
1975,normal,window_typing_10000.csv,1.0633991956710815
1976,normal,window_typing_10000.csv,1.0761724710464478
1977,normal,window_typing_10000.csv,1.0736613273620605
1978,normal,window_typing_10000.csv,1.0825345516204834
1979,normal,window_typing_10000.csv,1.0485681295394897
1980,normal,window_typing_10000.csv,1.0426429510116577
1981,normal,window_typing_10000.csv,1.0379091501235962
1982,normal,window_typing_10000.csv,1.0650800466537476
1983,normal,window_typing_10000.csv,1.086963415145874
1984,normal,window_typing_10000.csv,0.9578330516815186
1985,normal,window_typing_10000.csv,0.9211724400520325
1986,normal,window_typing_10000.csv,0.9066948890686035
1987,normal,window_typing_10000.csv,0.9018450379371643
1988,normal,window_typing_10000.csv,0.8725372552871704
1989,normal,window_typing_10000.csv,0.8956053853034973
1990,normal,window_typing_10000.csv,0.8671013712882996
1991,normal,window_typing_10000.csv,0.8463847637176514
1992,normal,window_typing_10000.csv,0.8598399758338928
1993,normal,window_typing_10000.csv,0.8599230051040649
1994,normal,window_typing_10000.csv,0.8632790446281433
1995,normal,window_typing_10000.csv,0.8615701198577881
1996,normal,window_typing_10000.csv,0.8720101714134216
1997,normal,window_typing_10000.csv,0.8989821076393127
1998,normal,window_typing_10000.csv,0.9729871153831482
1999,normal,window_typing_10000.csv,1.0387680530548096
2000,normal,window_typing_10000.csv,1.1160281896591187
2001,normal,window_typing_10000.csv,1.1183476448059082
2002,normal,window_typing_10000.csv,1.0954848527908325
2003,normal,window_typing_10000.csv,1.0343040227890015
2004,normal,window_typing_10000.csv,0.9857726693153381
2005,normal,window_typing_10000.csv,0.9630318880081177
2006,normal,window_typing_10000.csv,0.9392872452735901
2007,normal,window_typing_10000.csv,0.9013810753822327
2008,normal,window_typing_10000.csv,0.8845892548561096
2009,normal,window_typing_10000.csv,0.8663216233253479
2010,normal,window_typing_10000.csv,0.8546470999717712
2011,normal,window_typing_10000.csv,0.8568844199180603
2012,normal,window_typing_10000.csv,0.9923959970474243
2013,normal,window_typing_10000.csv,1.0310062170028687
2014,normal,window_typing_10000.csv,1.0584161281585693
2015,normal,window_typing_10000.csv,1.0588995218276978
2016,normal,window_typing_10000.csv,1.0627180337905884
2017,normal,window_typing_10000.csv,1.0608943700790405
2018,normal,window_typing_10000.csv,1.129251480102539
2019,normal,window_typing_10000.csv,1.1004652976989746
2020,normal,window_typing_10000.csv,1.1724578142166138
2021,normal,window_typing_10000.csv,1.2041963338851929
2022,normal,window_typing_10000.csv,1.246937870979309
2023,normal,window_typing_10000.csv,1.0322978496551514
2024,normal,window_typing_10000.csv,1.0125584602355957
2025,normal,window_typing_10000.csv,0.9763740301132202
2026,normal,window_typing_10000.csv,0.9614928364753723
2027,normal,window_typing_10000.csv,0.9382755160331726
2028,normal,window_typing_10000.csv,0.925183117389679
2029,normal,window_typing_10000.csv,0.9069336652755737
2030,normal,window_typing_10000.csv,0.8851047158241272
2031,normal,window_typing_10000.csv,0.8646312355995178
2032,normal,window_typing_10000.csv,0.8178871870040894
2033,normal,window_typing_10000.csv,0.790080726146698
2034,normal,window_typing_10000.csv,0.7824215292930603
2035,normal,window_typing_10000.csv,0.7823154330253601
2036,normal,window_typing_10000.csv,0.7699475884437561
2037,normal,window_typing_10000.csv,0.7619448304176331
2038,normal,window_typing_10000.csv,0.7529419660568237
2039,normal,window_typing_10000.csv,0.7183259725570679
2040,normal,window_typing_10000.csv,0.7058649063110352
2041,normal,window_typing_10000.csv,0.7002713084220886
2042,normal,window_typing_10000.csv,0.6965948939323425
2043,normal,window_typing_10000.csv,0.6955527067184448
2044,normal,window_typing_10000.csv,0.695163905620575
2045,normal,window_typing_10000.csv,0.7017385363578796
2046,normal,window_typing_10000.csv,0.7020614147186279
2047,normal,window_typing_10000.csv,0.7259812951087952
2048,normal,window_typing_10000.csv,0.6974208950996399
2049,normal,window_typing_10000.csv,0.6560103893280029
2050,normal,window_typing_10000.csv,0.6078011989593506
2051,normal,window_typing_10000.csv,0.5878672003746033
2052,normal,window_typing_10000.csv,0.5701099038124084
2053,normal,window_typing_10000.csv,0.5563263893127441
2054,normal,window_typing_10000.csv,0.5412976145744324
2055,normal,window_typing_10000.csv,0.5262139439582825
2056,normal,window_typing_10000.csv,0.5149560570716858
2057,normal,window_typing_10000.csv,0.485531747341156
2058,normal,window_typing_10000.csv,0.46325260400772095
2059,normal,window_typing_10000.csv,0.45002156496047974
2060,normal,window_typing_10000.csv,0.4423690140247345
2061,normal,window_typing_10000.csv,0.439034104347229
2062,normal,window_typing_10000.csv,0.3154151141643524
2063,normal,window_typing_10000.csv,0.30526620149612427
2064,normal,window_typing_10000.csv,0.3082260191440582
2065,normal,window_typing_10000.csv,0.310564249753952
2066,normal,window_typing_10000.csv,0.3056957423686981
2067,normal,window_typing_10000.csv,0.33283382654190063
2068,normal,window_typing_10000.csv,0.31628695130348206
2069,normal,window_typing_10000.csv,0.33546745777130127
2070,normal,window_typing_10000.csv,0.3019120395183563
2071,normal,window_typing_10000.csv,0.4217037856578827
2072,normal,window_typing_10000.csv,0.42611944675445557
2073,normal,window_typing_10000.csv,0.5288160443305969
2074,normal,window_typing_10000.csv,0.6319843530654907
2075,normal,window_typing_10000.csv,0.7411162257194519
2076,normal,window_typing_10000.csv,0.7706187963485718
2077,normal,window_typing_10000.csv,0.7651715278625488
2078,normal,window_typing_10000.csv,0.7612394094467163
2079,normal,window_typing_10000.csv,0.8627461791038513
2080,normal,window_typing_10000.csv,0.8752303123474121
2081,normal,window_typing_10000.csv,0.878483235836029
2082,normal,window_typing_10000.csv,0.889915943145752
2083,normal,window_typing_10000.csv,0.9193313121795654
2084,normal,window_typing_10000.csv,0.9331935048103333
2085,normal,window_typing_10000.csv,0.947537362575531
2086,normal,window_typing_10000.csv,0.9548007845878601
2087,normal,window_typing_10000.csv,0.9575536847114563
2088,normal,window_typing_10000.csv,0.9646695852279663
2089,normal,window_typing_10000.csv,0.9585505127906799
2090,normal,window_typing_10000.csv,0.9637731313705444
2091,normal,window_typing_10000.csv,0.9657129049301147
2092,normal,window_typing_10000.csv,0.973534345626831
2093,normal,window_typing_10000.csv,0.9783011078834534
2094,normal,window_typing_10000.csv,0.9694496989250183
2095,normal,window_typing_10000.csv,0.9585110545158386
2096,normal,window_typing_10000.csv,0.9597353339195251
2097,normal,window_typing_10000.csv,0.9685845971107483
2098,normal,window_typing_10000.csv,0.9755443334579468
2099,normal,window_typing_10000.csv,0.972900927066803
2100,normal,window_typing_10000.csv,0.965308427810669
2101,normal,window_typing_10000.csv,0.9612042307853699
2102,normal,window_typing_10000.csv,0.9658174514770508
2103,normal,window_typing_10000.csv,0.9664942026138306
2104,normal,window_typing_10000.csv,0.9633836150169373
2105,normal,window_typing_10000.csv,0.9633346199989319
2106,normal,window_typing_10000.csv,0.9621087908744812
2107,normal,window_typing_10000.csv,0.9592022895812988
2108,normal,window_typing_10000.csv,0.9592950940132141
2109,normal,window_typing_10000.csv,0.9590721726417542
2110,normal,window_typing_10000.csv,0.9583104848861694
2111,normal,window_typing_10000.csv,0.9590300917625427
2112,normal,window_typing_10000.csv,0.9615901708602905
2113,normal,window_typing_10000.csv,0.9651923775672913
2114,normal,window_typing_10000.csv,0.9692445993423462
2115,normal,window_typing_10000.csv,0.980737566947937
2116,normal,window_typing_10000.csv,0.9886663556098938
2117,normal,window_typing_10000.csv,0.993800938129425
2118,normal,window_typing_10000.csv,1.0021216869354248
2119,normal,window_typing_10000.csv,1.0485092401504517
2120,normal,window_typing_10000.csv,1.0654140710830688
2121,normal,window_typing_10000.csv,0.9556194543838501
2122,normal,window_typing_10000.csv,0.9315685033798218
2123,normal,window_typing_10000.csv,0.797367513179779
2124,normal,window_typing_10000.csv,0.659085750579834
2125,normal,window_typing_10000.csv,0.5254904627799988
2126,normal,window_typing_10000.csv,0.4893808960914612
2127,normal,window_typing_10000.csv,0.4896107614040375
2128,normal,window_typing_10000.csv,0.49074992537498474
2129,normal,window_typing_10000.csv,0.36977440118789673
2130,normal,window_typing_10000.csv,0.3532516658306122
2131,normal,window_typing_10000.csv,0.5021934509277344
2132,normal,window_typing_10000.csv,0.5371899604797363
2133,normal,window_typing_10000.csv,0.5134238600730896
2134,normal,window_typing_10000.csv,0.5035759806632996
2135,normal,window_typing_10000.csv,0.5403813123703003
2136,normal,window_typing_10000.csv,0.5895752906799316
2137,normal,window_typing_10000.csv,0.6192932724952698
2138,normal,window_typing_10000.csv,0.6211745738983154
2139,normal,window_typing_10000.csv,0.6695572137832642
2140,normal,window_typing_10000.csv,0.7766080498695374
2141,normal,window_typing_10000.csv,0.8259505033493042
2142,normal,window_typing_10000.csv,0.8051735162734985
2143,normal,window_typing_10000.csv,0.7804893851280212
2144,normal,window_typing_10000.csv,0.7801825404167175
2145,normal,window_typing_10000.csv,0.7879217267036438
2146,normal,window_typing_10000.csv,0.755998432636261
2147,normal,window_typing_10000.csv,0.7384681105613708
2148,normal,window_typing_10000.csv,0.7288608551025391
2149,normal,window_typing_10000.csv,0.7335332036018372
2150,normal,window_typing_10000.csv,0.7376410961151123
2151,normal,window_typing_10000.csv,0.7552071809768677
2152,normal,window_typing_10000.csv,0.745721697807312
2153,normal,window_typing_10000.csv,0.7478545904159546
2154,normal,window_typing_10000.csv,0.7415012717247009
2155,normal,window_typing_10000.csv,0.7400451302528381
2156,normal,window_typing_10000.csv,0.7304837703704834
2157,normal,window_typing_10000.csv,0.7398752570152283
2158,normal,window_typing_10000.csv,0.731233537197113
2159,normal,window_typing_10000.csv,0.7282456159591675
2160,normal,window_typing_10000.csv,0.7298751473426819
2161,normal,window_typing_10000.csv,0.7288858890533447
2162,normal,window_typing_10000.csv,0.7349861860275269
2163,normal,window_typing_10000.csv,0.7356874942779541
2164,normal,window_typing_10000.csv,0.7451619505882263
2165,normal,window_typing_10000.csv,0.7488979697227478
2166,normal,window_typing_10000.csv,0.7535839676856995
2167,normal,window_typing_10000.csv,0.7584413290023804
2168,normal,window_typing_10000.csv,0.7723737955093384
2169,normal,window_typing_10000.csv,0.7523533701896667
2170,normal,window_typing_10000.csv,0.7729322910308838
2171,normal,window_typing_10000.csv,0.7584197521209717
2172,normal,window_typing_10000.csv,0.7523050904273987
2173,normal,window_typing_10000.csv,0.7442346811294556
2174,normal,window_typing_10000.csv,0.7546612024307251
2175,normal,window_typing_10000.csv,0.7390422821044922
2176,normal,window_typing_10000.csv,0.7126678228378296
2177,normal,window_typing_10000.csv,0.6900101900100708
2178,normal,window_typing_10000.csv,0.6691344976425171
2179,normal,window_typing_10000.csv,0.653697669506073
2180,normal,window_typing_10000.csv,0.6464187502861023
2181,normal,window_typing_10000.csv,0.514142632484436
2182,normal,window_typing_10000.csv,0.4717559218406677
2183,normal,window_typing_10000.csv,0.47376009821891785
2184,normal,window_typing_10000.csv,0.483822226524353
2185,normal,window_typing_10000.csv,0.4752112627029419
2186,normal,window_typing_10000.csv,0.4679880440235138
2187,normal,window_typing_10000.csv,0.4644743502140045
2188,normal,window_typing_10000.csv,0.4957503080368042
2189,normal,window_typing_10000.csv,0.5505995154380798
2190,normal,window_typing_10000.csv,0.4895075559616089
2191,normal,window_typing_10000.csv,0.4720950424671173
2192,normal,window_typing_10000.csv,0.4188325107097626
2193,normal,window_typing_10000.csv,0.3872125744819641
2194,normal,window_typing_10000.csv,0.3496001064777374
2195,normal,window_typing_10000.csv,0.30684688687324524
2196,normal,window_typing_10000.csv,0.2878230810165405
2197,normal,window_typing_10000.csv,0.2782617509365082
2198,normal,window_typing_10000.csv,0.27711066603660583
2199,normal,window_typing_10000.csv,0.2839548885822296
2200,normal,window_typing_10000.csv,0.28783708810806274
2201,normal,window_typing_10000.csv,0.27528560161590576
2202,normal,window_typing_10000.csv,0.26362907886505127
2203,normal,window_typing_10000.csv,0.25556012988090515
2204,normal,window_typing_10000.csv,0.28688085079193115
2205,normal,window_typing_10000.csv,0.3226524591445923
2206,normal,window_typing_10000.csv,0.35523757338523865
2207,normal,window_typing_10000.csv,0.36952078342437744
2208,normal,window_typing_10000.csv,0.479718953371048
2209,normal,window_typing_10000.csv,0.5220905542373657
2210,normal,window_typing_10000.csv,0.5593543648719788
2211,normal,window_typing_10000.csv,0.5607085227966309
2212,normal,window_typing_10000.csv,0.5378422737121582
2213,normal,window_typing_10000.csv,0.5128220915794373
2214,normal,window_typing_10000.csv,0.5017290711402893
2215,normal,window_typing_10000.csv,0.49202677607536316
2216,normal,window_typing_10000.csv,0.5132214426994324
2217,normal,window_typing_10000.csv,0.5211765766143799
2218,normal,window_typing_10000.csv,0.5172982811927795
2219,normal,window_typing_10000.csv,0.5200722813606262
2220,normal,window_typing_10000.csv,0.5078891515731812
2221,normal,window_typing_10000.csv,0.5000391602516174
2222,normal,window_typing_10000.csv,0.49039509892463684
2223,normal,window_typing_10000.csv,0.5028483867645264
2224,normal,window_typing_10000.csv,0.49792423844337463
2225,normal,window_typing_10000.csv,0.5355753302574158
2226,normal,window_typing_10000.csv,0.5579858422279358
2227,normal,window_typing_10000.csv,0.574726939201355
2228,normal,window_typing_10000.csv,0.6667552590370178
2229,normal,window_typing_10000.csv,0.7362771034240723
2230,normal,window_typing_10000.csv,0.7467088103294373
2231,normal,window_typing_10000.csv,0.7688315510749817
2232,normal,window_typing_10000.csv,0.7276121377944946
2233,normal,window_typing_10000.csv,0.7341746091842651
2234,normal,window_typing_10000.csv,0.73337322473526
2235,normal,window_typing_10000.csv,0.7147399187088013
2236,normal,window_typing_10000.csv,0.70974200963974
2237,normal,window_typing_10000.csv,0.7035536170005798
2238,normal,window_typing_10000.csv,0.70218425989151
2239,normal,window_typing_10000.csv,0.6993381977081299
2240,normal,window_typing_10000.csv,0.7014994025230408
2241,normal,window_typing_10000.csv,0.6906673312187195
2242,normal,window_typing_10000.csv,0.6859369874000549
2243,normal,window_typing_10000.csv,0.7032464146614075
2244,normal,window_typing_10000.csv,0.6884937882423401
2245,normal,window_typing_10000.csv,0.6847542524337769
2246,normal,window_typing_10000.csv,0.676603376865387
2247,normal,window_typing_10000.csv,0.6592310070991516
2248,normal,window_typing_10000.csv,0.6466153264045715
2249,normal,window_typing_10000.csv,0.6382672190666199
2250,normal,window_typing_10000.csv,0.6250721216201782
2251,normal,window_typing_10000.csv,0.6134718060493469
2252,normal,window_typing_10000.csv,0.6045246720314026
2253,normal,window_typing_10000.csv,0.5965372920036316
2254,normal,window_typing_10000.csv,0.5696142315864563
2255,normal,window_typing_10000.csv,0.5537558197975159
2256,normal,window_typing_10000.csv,0.5366904139518738
2257,normal,window_typing_10000.csv,0.5469498634338379
2258,normal,window_typing_10000.csv,0.5348939299583435
2259,normal,window_typing_10000.csv,0.509729266166687
2260,normal,window_typing_10000.csv,0.47169503569602966
2261,normal,window_typing_10000.csv,0.4446071684360504
2262,normal,window_typing_10000.csv,0.4252004623413086
2263,normal,window_typing_10000.csv,0.41568630933761597
2264,normal,window_typing_10000.csv,0.40260761976242065
2265,normal,window_typing_10000.csv,0.39591360092163086
2266,normal,window_typing_10000.csv,0.3840969204902649
2267,normal,window_typing_10000.csv,0.3708605170249939
2268,normal,window_typing_10000.csv,0.37018802762031555
2269,normal,window_typing_10000.csv,0.3714509904384613
2270,normal,window_typing_10000.csv,0.3840356767177582
2271,normal,window_typing_10000.csv,0.3851569890975952
2272,normal,window_typing_10000.csv,0.3966054320335388
2273,normal,window_typing_10000.csv,0.4622045159339905
2274,normal,window_typing_10000.csv,0.47043028473854065
2275,normal,window_typing_10000.csv,0.45472151041030884
2276,normal,window_typing_10000.csv,0.4686656892299652
2277,normal,window_typing_10000.csv,0.5577604174613953
2278,normal,window_typing_10000.csv,0.5016955733299255
2279,normal,window_typing_10000.csv,0.42388325929641724
2280,normal,window_typing_10000.csv,0.3961542546749115
2281,normal,window_typing_10000.csv,0.3444175124168396
2282,normal,window_typing_10000.csv,0.32179030776023865
2283,normal,window_typing_10000.csv,0.27945956587791443
2284,normal,window_typing_10000.csv,0.257921427488327
2285,normal,window_typing_10000.csv,0.24591238796710968
2286,normal,window_typing_10000.csv,0.23725548386573792
2287,normal,window_typing_10000.csv,0.3613166809082031
2288,normal,window_typing_10000.csv,0.36851048469543457
2289,normal,window_typing_10000.csv,0.36638882756233215
2290,normal,window_typing_10000.csv,0.3689206540584564
2291,normal,window_typing_10000.csv,0.37427830696105957
2292,normal,window_typing_10000.csv,0.3771076500415802
2293,normal,window_typing_10000.csv,0.370510995388031
2294,normal,window_typing_10000.csv,0.3832373023033142
2295,normal,window_typing_10000.csv,0.3799095153808594
2296,normal,window_typing_10000.csv,0.3877033591270447
2297,normal,window_typing_10000.csv,0.38507404923439026
2298,normal,window_typing_10000.csv,0.3862159848213196
2299,normal,window_typing_10000.csv,0.389950156211853
2300,normal,window_typing_10000.csv,0.39420679211616516
2301,normal,window_typing_10000.csv,0.4067234694957733
2302,normal,window_typing_10000.csv,0.41425007581710815
2303,normal,window_typing_10000.csv,0.4219639003276825
2304,normal,window_typing_10000.csv,0.42042243480682373
2305,normal,window_typing_10000.csv,0.42251142859458923
2306,normal,window_typing_10000.csv,0.4093409478664398
2307,normal,window_typing_10000.csv,0.40421557426452637
2308,normal,window_typing_10000.csv,0.3959480822086334
2309,normal,window_typing_10000.csv,0.39072901010513306
2310,normal,window_typing_10000.csv,0.38346126675605774
2311,normal,window_typing_10000.csv,0.38144099712371826
2312,normal,window_typing_10000.csv,0.3848787844181061
2313,normal,window_typing_10000.csv,0.3799700140953064
2314,normal,window_typing_10000.csv,0.38070499897003174
2315,normal,window_typing_10000.csv,0.38316577672958374
2316,normal,window_typing_10000.csv,0.38264209032058716
2317,normal,window_typing_10000.csv,0.37376758456230164
2318,normal,window_typing_10000.csv,0.37285277247428894
2319,normal,window_typing_10000.csv,0.3732042610645294
2320,normal,window_typing_10000.csv,0.37154603004455566
2321,normal,window_typing_10000.csv,0.3738422095775604
2322,normal,window_typing_10000.csv,0.39996761083602905
2323,normal,window_typing_10000.csv,0.40337902307510376
2324,normal,window_typing_10000.csv,0.49462589621543884
2325,normal,window_typing_10000.csv,0.5615443587303162
2326,normal,window_typing_10000.csv,0.6010916829109192
2327,normal,window_typing_10000.csv,0.5661195516586304
2328,normal,window_typing_10000.csv,0.5504299998283386
2329,normal,window_typing_10000.csv,0.6100636124610901
2330,normal,window_typing_10000.csv,0.5157973766326904
2331,normal,window_typing_10000.csv,0.6604991555213928
2332,normal,window_typing_10000.csv,0.631714940071106
2333,normal,window_typing_10000.csv,0.6360229253768921
2334,normal,window_typing_10000.csv,0.6280224919319153
2335,normal,window_typing_10000.csv,0.6299538612365723
2336,normal,window_typing_10000.csv,0.6277667880058289
2337,normal,window_typing_10000.csv,0.49098819494247437
2338,normal,window_typing_10000.csv,0.47787946462631226
2339,normal,window_typing_10000.csv,0.48448362946510315
2340,normal,window_typing_10000.csv,0.486768513917923
2341,normal,window_typing_10000.csv,0.4889955222606659
2342,normal,window_typing_10000.csv,0.4995357096195221
2343,normal,window_typing_10000.csv,0.5168784260749817
2344,normal,window_typing_10000.csv,0.5085750222206116
2345,normal,window_typing_10000.csv,0.5172916054725647
2346,normal,window_typing_10000.csv,0.5307194590568542
2347,normal,window_typing_10000.csv,0.5361112952232361
2348,normal,window_typing_10000.csv,0.541759192943573
2349,normal,window_typing_10000.csv,0.5469627976417542
2350,normal,window_typing_10000.csv,0.5488849878311157
2351,normal,window_typing_10000.csv,0.5553002953529358
2352,normal,window_typing_10000.csv,0.5626386404037476
2353,normal,window_typing_10000.csv,0.5577247142791748
2354,normal,window_typing_10000.csv,0.5591673851013184
2355,normal,window_typing_10000.csv,0.561601996421814
2356,normal,window_typing_10000.csv,0.5709160566329956
2357,normal,window_typing_10000.csv,0.5942711234092712
2358,normal,window_typing_10000.csv,0.587820827960968
2359,normal,window_typing_10000.csv,0.5845677256584167
2360,normal,window_typing_10000.csv,0.5808945894241333
2361,normal,window_typing_10000.csv,0.5804251432418823
2362,normal,window_typing_10000.csv,0.5791398882865906
2363,normal,window_typing_10000.csv,0.5821861028671265
2364,normal,window_typing_10000.csv,0.5877028703689575
2365,normal,window_typing_10000.csv,0.576576828956604
2366,normal,window_typing_10000.csv,0.5736758708953857
2367,normal,window_typing_10000.csv,0.5645845532417297
2368,normal,window_typing_10000.csv,0.568137526512146
2369,normal,window_typing_10000.csv,0.5526377558708191
2370,normal,window_typing_10000.csv,0.5368950366973877
2371,normal,window_typing_10000.csv,0.5253155827522278
2372,normal,window_typing_10000.csv,0.5164116024971008
2373,normal,window_typing_10000.csv,0.5303064584732056
2374,normal,window_typing_10000.csv,0.519650399684906
2375,normal,window_typing_10000.csv,0.49571871757507324
2376,normal,window_typing_10000.csv,0.6268846392631531
2377,normal,window_typing_10000.csv,0.6561495661735535
2378,normal,window_typing_10000.csv,0.6278186440467834
2379,normal,window_typing_10000.csv,0.5968019962310791
2380,normal,window_typing_10000.csv,0.5735045671463013
2381,normal,window_typing_10000.csv,0.4272225797176361
2382,normal,window_typing_10000.csv,0.41158512234687805
2383,normal,window_typing_10000.csv,0.4001384973526001
2384,normal,window_typing_10000.csv,0.40504759550094604
2385,normal,window_typing_10000.csv,0.4007558524608612
2386,normal,window_typing_10000.csv,0.39926716685295105
2387,normal,window_typing_10000.csv,0.3979068100452423
2388,normal,window_typing_10000.csv,0.39810359477996826
2389,normal,window_typing_10000.csv,0.3997659385204315
2390,normal,window_typing_10000.csv,0.40051764249801636
2391,normal,window_typing_10000.csv,0.4071250855922699
2392,normal,window_typing_10000.csv,0.4041748046875
2393,normal,window_typing_10000.csv,0.39608362317085266
2394,normal,window_typing_10000.csv,0.3920871913433075
2395,normal,window_typing_10000.csv,0.38862499594688416
2396,normal,window_typing_10000.csv,0.385384202003479
2397,normal,window_typing_10000.csv,0.3873779773712158
2398,normal,window_typing_10000.csv,0.39573580026626587
2399,normal,window_typing_10000.csv,0.4058162271976471
2400,normal,window_typing_10000.csv,0.4087182283401489
2401,normal,window_typing_10000.csv,0.4109126329421997
2402,normal,window_typing_10000.csv,0.41521576046943665
2403,normal,window_typing_10000.csv,0.4195132255554199
2404,normal,window_typing_10000.csv,0.42077162861824036
2405,normal,window_typing_10000.csv,0.41710415482521057
2406,normal,window_typing_10000.csv,0.551135778427124
2407,normal,window_typing_10000.csv,0.5502140522003174
2408,normal,window_typing_10000.csv,0.5646688938140869
2409,normal,window_typing_10000.csv,0.5737678408622742
2410,normal,window_typing_10000.csv,0.6033631563186646
2411,normal,window_typing_10000.csv,0.604111909866333
2412,normal,window_typing_10000.csv,0.6016526222229004
2413,normal,window_typing_10000.csv,0.6045243740081787
2414,normal,window_typing_10000.csv,0.6050777435302734
2415,normal,window_typing_10000.csv,0.6129591464996338
2416,normal,window_typing_10000.csv,0.6199820637702942
2417,normal,window_typing_10000.csv,0.6322511434555054
2418,normal,window_typing_10000.csv,0.618202269077301
2419,normal,window_typing_10000.csv,0.6164611577987671
2420,normal,window_typing_10000.csv,0.6322574019432068
2421,normal,window_typing_10000.csv,0.6236047148704529
2422,normal,window_typing_10000.csv,0.6166512966156006
2423,normal,window_typing_10000.csv,0.6132331490516663
2424,normal,window_typing_10000.csv,0.6101710796356201
2425,normal,window_typing_10000.csv,0.6043201684951782
2426,normal,window_typing_10000.csv,0.4640263617038727
2427,normal,window_typing_10000.csv,0.43791133165359497
2428,normal,window_typing_10000.csv,0.43881916999816895
2429,normal,window_typing_10000.csv,0.44265812635421753
2430,normal,window_typing_10000.csv,0.4496801793575287
2431,normal,window_typing_10000.csv,0.4523342549800873
2432,normal,window_typing_10000.csv,0.44749975204467773
2433,normal,window_typing_10000.csv,0.44647303223609924
2434,normal,window_typing_10000.csv,0.44509366154670715
2435,normal,window_typing_10000.csv,0.4509676396846771
2436,normal,window_typing_10000.csv,0.459795743227005
2437,normal,window_typing_10000.csv,0.4638654291629791
2438,normal,window_typing_10000.csv,0.4687815010547638
2439,normal,window_typing_10000.csv,0.4660980999469757
2440,normal,window_typing_10000.csv,0.4643065929412842
2441,normal,window_typing_10000.csv,0.4611865282058716
2442,normal,window_typing_10000.csv,0.4590391516685486
2443,normal,window_typing_10000.csv,0.46497347950935364
2444,normal,window_typing_10000.csv,0.46982648968696594
2445,normal,window_typing_10000.csv,0.47383031249046326
2446,normal,window_typing_10000.csv,0.46651163697242737
2447,normal,window_typing_10000.csv,0.46487241983413696
2448,normal,window_typing_10000.csv,0.45930278301239014
2449,normal,window_typing_10000.csv,0.4536293148994446
2450,normal,window_typing_10000.csv,0.4587521553039551
2451,normal,window_typing_10000.csv,0.46552610397338867
2452,normal,window_typing_10000.csv,0.47238004207611084
2453,normal,window_typing_10000.csv,0.5011953711509705
2454,normal,window_typing_10000.csv,0.49699047207832336
2455,normal,window_typing_10000.csv,0.48456624150276184
2456,normal,window_typing_10000.csv,0.34365344047546387
2457,normal,window_typing_10000.csv,0.3408370614051819
2458,normal,window_typing_10000.csv,0.3380563259124756
2459,normal,window_typing_10000.csv,0.33553364872932434
2460,normal,window_typing_10000.csv,0.3085925579071045
2461,normal,window_typing_10000.csv,0.29778555035591125
2462,normal,window_typing_10000.csv,0.28750407695770264
2463,normal,window_typing_10000.csv,0.3035009503364563
2464,normal,window_typing_10000.csv,0.29822468757629395
2465,normal,window_typing_10000.csv,0.29218244552612305
2466,normal,window_typing_10000.csv,0.2960008382797241
2467,normal,window_typing_10000.csv,0.2866370677947998
2468,normal,window_typing_10000.csv,0.28178608417510986
2469,normal,window_typing_10000.csv,0.2758130729198456
2470,normal,window_typing_10000.csv,0.2516457438468933
2471,normal,window_typing_10000.csv,0.27190160751342773
2472,normal,window_typing_10000.csv,0.2713707387447357
2473,normal,window_typing_10000.csv,0.27138641476631165
2474,normal,window_typing_10000.csv,0.27356353402137756
2475,normal,window_typing_10000.csv,0.2898045480251312
2476,normal,window_typing_10000.csv,0.2962842285633087
2477,normal,window_typing_10000.csv,0.29870375990867615
2478,normal,window_typing_10000.csv,0.3248375356197357
2479,normal,window_typing_10000.csv,0.3305695056915283
2480,normal,window_typing_10000.csv,0.3321624994277954
2481,normal,window_typing_10000.csv,0.3390948176383972
2482,normal,window_typing_10000.csv,0.3511769473552704
2483,normal,window_typing_10000.csv,0.3513641357421875
2484,normal,window_typing_10000.csv,0.34878459572792053
2485,normal,window_typing_10000.csv,0.48417866230010986
2486,normal,window_typing_10000.csv,0.49611684679985046
2487,normal,window_typing_10000.csv,0.5179391503334045
2488,normal,window_typing_10000.csv,0.51891028881073
2489,normal,window_typing_10000.csv,0.5312578082084656
2490,normal,window_typing_10000.csv,0.526928186416626
2491,normal,window_typing_10000.csv,0.5262243747711182
2492,normal,window_typing_10000.csv,0.5396279096603394
2493,normal,window_typing_10000.csv,0.5462344288825989
2494,normal,window_typing_10000.csv,0.5584747791290283
2495,normal,window_typing_10000.csv,0.5757861137390137
2496,normal,window_typing_10000.csv,0.5896978974342346
2497,normal,window_typing_10000.csv,0.598928689956665
2498,normal,window_typing_10000.csv,0.5915786623954773
2499,normal,window_typing_10000.csv,0.5838016867637634
2500,normal,window_typing_10000.csv,0.582395613193512
2501,normal,window_typing_10000.csv,0.5748291611671448
2502,normal,window_typing_10000.csv,0.5778393745422363
2503,normal,window_typing_10000.csv,0.5731236338615417
2504,normal,window_typing_10000.csv,0.578748345375061
2505,normal,window_typing_10000.csv,0.5748070478439331
2506,normal,window_typing_10000.csv,0.5783085227012634
2507,normal,window_typing_10000.csv,0.5673030018806458
2508,normal,window_typing_10000.csv,0.5607512593269348
2509,normal,window_typing_10000.csv,0.5532240271568298
2510,normal,window_typing_10000.csv,0.5483425259590149
2511,normal,window_typing_10000.csv,0.5415996313095093
2512,normal,window_typing_10000.csv,0.5365241765975952
2513,normal,window_typing_10000.csv,0.5294111967086792
2514,normal,window_typing_10000.csv,0.5269191861152649
2515,normal,window_typing_10000.csv,0.5443186163902283
2516,normal,window_typing_10000.csv,0.5445220470428467
2517,normal,window_typing_10000.csv,0.5551742911338806
2518,normal,window_typing_10000.csv,0.5890894532203674
2519,normal,window_typing_10000.csv,0.65482097864151
2520,normal,window_typing_10000.csv,0.6562150120735168
2521,normal,window_typing_10000.csv,0.6210437417030334
2522,normal,window_typing_10000.csv,0.603639543056488
2523,normal,window_typing_10000.csv,0.6065588593482971
2524,normal,window_typing_10000.csv,0.6114178895950317
2525,normal,window_typing_10000.csv,0.5931693315505981
2526,normal,window_typing_10000.csv,0.5827004909515381
2527,normal,window_typing_10000.csv,0.5711447596549988
2528,normal,window_typing_10000.csv,0.5608783960342407
2529,normal,window_typing_10000.csv,0.5570991039276123
2530,normal,window_typing_10000.csv,0.5611822605133057
2531,normal,window_typing_10000.csv,0.5560503602027893
2532,normal,window_typing_10000.csv,0.5440633893013
2533,normal,window_typing_10000.csv,0.5403597354888916
2534,normal,window_typing_10000.csv,0.5488744974136353
2535,normal,window_typing_10000.csv,0.4201239049434662
2536,normal,window_typing_10000.csv,0.5316928625106812
2537,normal,window_typing_10000.csv,0.5456658005714417
2538,normal,window_typing_10000.csv,0.540602445602417
2539,normal,window_typing_10000.csv,0.5047118067741394
2540,normal,window_typing_10000.csv,0.5496794581413269
2541,normal,window_typing_10000.csv,0.5908468961715698
2542,normal,window_typing_10000.csv,0.6135092973709106
2543,normal,window_typing_10000.csv,0.6546027064323425
2544,normal,window_typing_10000.csv,0.6521251797676086
2545,normal,window_typing_10000.csv,0.6936676502227783
2546,normal,window_typing_10000.csv,0.7143035531044006
2547,normal,window_typing_10000.csv,0.7762763500213623
2548,normal,window_typing_10000.csv,0.7853044867515564
2549,normal,window_typing_10000.csv,0.7965449690818787
2550,normal,window_typing_10000.csv,0.7600697875022888
2551,normal,window_typing_10000.csv,0.7318728566169739
2552,normal,window_typing_10000.csv,0.7151899933815002
2553,normal,window_typing_10000.csv,0.7254123687744141
2554,normal,window_typing_10000.csv,0.730936586856842
2555,normal,window_typing_10000.csv,0.7401874661445618
2556,normal,window_typing_10000.csv,0.7412906289100647
2557,normal,window_typing_10000.csv,0.7463463544845581
2558,normal,window_typing_10000.csv,0.742332935333252
2559,normal,window_typing_10000.csv,0.7376705408096313
2560,normal,window_typing_10000.csv,0.7387131452560425
2561,normal,window_typing_10000.csv,0.7234287261962891
2562,normal,window_typing_10000.csv,0.7140844464302063
2563,normal,window_typing_10000.csv,0.6997047662734985
2564,normal,window_typing_10000.csv,0.6771395802497864
2565,normal,window_typing_10000.csv,0.7504733204841614
2566,normal,window_typing_10000.csv,0.740276575088501
2567,normal,window_typing_10000.csv,0.7203855514526367
2568,normal,window_typing_10000.csv,0.7163456082344055
2569,normal,window_typing_10000.csv,0.6963398456573486
2570,normal,window_typing_10000.csv,0.69768887758255
2571,normal,window_typing_10000.csv,0.6998324990272522
2572,normal,window_typing_10000.csv,0.6999518275260925
2573,normal,window_typing_10000.csv,0.706307053565979
2574,normal,window_typing_10000.csv,0.7130336761474609
2575,normal,window_typing_10000.csv,0.7210506200790405
2576,normal,window_typing_10000.csv,0.7262798547744751
2577,normal,window_typing_10000.csv,0.7257888913154602
2578,normal,window_typing_10000.csv,0.7238072752952576
2579,normal,window_typing_10000.csv,0.7244049310684204
2580,normal,window_typing_10000.csv,0.7152312994003296
2581,normal,window_typing_10000.csv,0.7169918417930603
2582,normal,window_typing_10000.csv,0.7144742608070374
2583,normal,window_typing_10000.csv,0.7152554988861084
2584,normal,window_typing_10000.csv,0.7143027186393738
2585,normal,window_typing_10000.csv,0.7066641449928284
2586,normal,window_typing_10000.csv,0.585020124912262
2587,normal,window_typing_10000.csv,0.5728081464767456
2588,normal,window_typing_10000.csv,0.5851644277572632
2589,normal,window_typing_10000.csv,0.58147132396698
2590,normal,window_typing_10000.csv,0.5384864807128906
2591,normal,window_typing_10000.csv,0.6396175622940063
2592,normal,window_typing_10000.csv,0.6746719479560852
2593,normal,window_typing_10000.csv,0.6442426443099976
2594,normal,window_typing_10000.csv,0.7604613900184631
2595,normal,window_typing_10000.csv,0.8390193581581116
2596,normal,window_typing_10000.csv,0.8872997760772705
2597,normal,window_typing_10000.csv,0.8522612452507019
2598,normal,window_typing_10000.csv,0.8394196629524231
2599,normal,window_typing_10000.csv,0.8579700589179993
2600,normal,window_typing_10000.csv,0.8490092754364014
2601,normal,window_typing_10000.csv,0.8369878530502319
2602,normal,window_typing_10000.csv,0.835324227809906
2603,normal,window_typing_10000.csv,0.8337857127189636
2604,normal,window_typing_10000.csv,0.8461998701095581
2605,normal,window_typing_10000.csv,0.8603834509849548
2606,normal,window_typing_10000.csv,0.8715662360191345
2607,normal,window_typing_10000.csv,0.8814597129821777
2608,normal,window_typing_10000.csv,0.8865759968757629
2609,normal,window_typing_10000.csv,0.8812514543533325
2610,normal,window_typing_10000.csv,0.8804096579551697
2611,normal,window_typing_10000.csv,0.8708808422088623
2612,normal,window_typing_10000.csv,0.8575044870376587
2613,normal,window_typing_10000.csv,0.8511711955070496
2614,normal,window_typing_10000.csv,0.8459063768386841
2615,normal,window_typing_10000.csv,0.7222190499305725
2616,normal,window_typing_10000.csv,0.7051782011985779
2617,normal,window_typing_10000.csv,0.7066419720649719
2618,normal,window_typing_10000.csv,0.70262610912323
2619,normal,window_typing_10000.csv,0.7059357166290283
2620,normal,window_typing_10000.csv,0.7102068662643433
2621,normal,window_typing_10000.csv,0.7111832499504089
2622,normal,window_typing_10000.csv,0.7282724380493164
2623,normal,window_typing_10000.csv,0.7080584168434143
2624,normal,window_typing_10000.csv,0.697490930557251
2625,normal,window_typing_10000.csv,0.6906861662864685
2626,normal,window_typing_10000.csv,0.6894078850746155
2627,normal,window_typing_10000.csv,0.6875962018966675
2628,normal,window_typing_10000.csv,0.6883977651596069
2629,normal,window_typing_10000.csv,0.6910841464996338
2630,normal,window_typing_10000.csv,0.6872705817222595
2631,normal,window_typing_10000.csv,0.6892381310462952
2632,normal,window_typing_10000.csv,0.688418447971344
2633,normal,window_typing_10000.csv,0.6941161751747131
2634,normal,window_typing_10000.csv,0.6965314745903015
2635,normal,window_typing_10000.csv,0.7202178239822388
2636,normal,window_typing_10000.csv,0.7255181670188904
2637,normal,window_typing_10000.csv,0.861578106880188
2638,normal,window_typing_10000.csv,0.8826410174369812
2639,normal,window_typing_10000.csv,0.9993614554405212
2640,normal,window_typing_10000.csv,1.1049679517745972
2641,normal,window_typing_10000.csv,1.0870517492294312
2642,normal,window_typing_10000.csv,1.1022295951843262
2643,normal,window_typing_10000.csv,1.1287628412246704
2644,normal,window_typing_10000.csv,1.0276769399642944
2645,normal,window_typing_10000.csv,0.9151324033737183
2646,normal,window_typing_10000.csv,0.887908935546875
2647,normal,window_typing_10000.csv,0.8934807777404785
2648,normal,window_typing_10000.csv,0.9000146389007568
2649,normal,window_typing_10000.csv,0.8866040110588074
2650,normal,window_typing_10000.csv,0.9003479480743408
2651,normal,window_typing_10000.csv,0.9167580604553223
2652,normal,window_typing_10000.csv,0.9238641858100891
2653,normal,window_typing_10000.csv,0.9149706959724426
2654,normal,window_typing_10000.csv,0.9187269806861877
2655,normal,window_typing_10000.csv,0.9143717885017395
2656,normal,window_typing_10000.csv,0.9238194823265076
2657,normal,window_typing_10000.csv,0.9186729192733765
2658,normal,window_typing_10000.csv,0.9144285321235657
2659,normal,window_typing_10000.csv,0.9150166511535645
2660,normal,window_typing_10000.csv,0.8820778131484985
2661,normal,window_typing_10000.csv,0.8780952095985413
2662,normal,window_typing_10000.csv,0.8754558563232422
2663,normal,window_typing_10000.csv,0.8875117301940918
2664,normal,window_typing_10000.csv,0.88443523645401
2665,normal,window_typing_10000.csv,0.8806498646736145
2666,normal,window_typing_10000.csv,0.8766937851905823
2667,normal,window_typing_10000.csv,0.8721634745597839
2668,normal,window_typing_10000.csv,0.8790853023529053
2669,normal,window_typing_10000.csv,0.8735033869743347
2670,normal,window_typing_10000.csv,0.8740688562393188
2671,normal,window_typing_10000.csv,0.8701478838920593
2672,normal,window_typing_10000.csv,0.851628839969635
2673,normal,window_typing_10000.csv,0.8502489924430847
2674,normal,window_typing_10000.csv,0.8504115343093872
2675,normal,window_typing_10000.csv,0.8537263870239258
2676,normal,window_typing_10000.csv,0.8516778945922852
2677,normal,window_typing_10000.csv,0.8552460670471191
2678,normal,window_typing_10000.csv,0.8550416827201843
2679,normal,window_typing_10000.csv,0.8548071384429932
2680,normal,window_typing_10000.csv,0.8553239107131958
2681,normal,window_typing_10000.csv,0.8597399592399597
2682,normal,window_typing_10000.csv,0.8686704635620117
2683,normal,window_typing_10000.csv,0.8754196166992188
2684,normal,window_typing_10000.csv,0.8813948631286621
2685,normal,window_typing_10000.csv,0.8960226774215698
2686,normal,window_typing_10000.csv,0.8994791507720947
2687,normal,window_typing_10000.csv,0.774867594242096
2688,normal,window_typing_10000.csv,0.7494331002235413
2689,normal,window_typing_10000.csv,0.6289570331573486
2690,normal,window_typing_10000.csv,0.5113757848739624
2691,normal,window_typing_10000.csv,0.3791077435016632
2692,normal,window_typing_10000.csv,0.3496052920818329
2693,normal,window_typing_10000.csv,0.3535043001174927
2694,normal,window_typing_10000.csv,0.341043621301651
2695,normal,window_typing_10000.csv,0.3074401617050171
2696,normal,window_typing_10000.csv,0.30268341302871704
2697,normal,window_typing_10000.csv,0.2979453206062317
2698,normal,window_typing_10000.csv,0.2997228503227234
2699,normal,window_typing_10000.csv,0.3064920902252197
2700,normal,window_typing_10000.csv,0.3126891553401947
2701,normal,window_typing_10000.csv,0.3149886727333069
2702,normal,window_typing_10000.csv,0.31635603308677673
2703,normal,window_typing_10000.csv,0.45467230677604675
2704,normal,window_typing_10000.csv,0.47090965509414673
2705,normal,window_typing_10000.csv,0.47418147325515747
2706,normal,window_typing_10000.csv,0.4716750383377075
2707,normal,window_typing_10000.csv,0.4843590557575226
2708,normal,window_typing_10000.csv,0.4947584867477417
2709,normal,window_typing_10000.csv,0.5086730122566223
2710,normal,window_typing_10000.csv,0.5134547352790833
2711,normal,window_typing_10000.csv,0.5348508358001709
2712,normal,window_typing_10000.csv,0.5468549132347107
2713,normal,window_typing_10000.csv,0.5468229651451111
2714,normal,window_typing_10000.csv,0.5491973161697388
2715,normal,window_typing_10000.csv,0.5480431914329529
2716,normal,window_typing_10000.csv,0.5480748414993286
2717,normal,window_typing_10000.csv,0.547882616519928
2718,normal,window_typing_10000.csv,0.5340008735656738
2719,normal,window_typing_10000.csv,0.5302504301071167
2720,normal,window_typing_10000.csv,0.5208574533462524
2721,normal,window_typing_10000.csv,0.5156877636909485
2722,normal,window_typing_10000.csv,0.511989176273346
2723,normal,window_typing_10000.csv,0.5138847827911377
2724,normal,window_typing_10000.csv,0.5074002146720886
2725,normal,window_typing_10000.csv,0.5144590735435486
2726,normal,window_typing_10000.csv,0.5198689103126526
2727,normal,window_typing_10000.csv,0.6565430164337158
2728,normal,window_typing_10000.csv,0.6929419636726379
2729,normal,window_typing_10000.csv,0.7264867424964905
2730,normal,window_typing_10000.csv,0.7405825257301331
2731,normal,window_typing_10000.csv,0.7884021997451782
2732,normal,window_typing_10000.csv,0.8011757731437683
2733,normal,window_typing_10000.csv,0.820111095905304
2734,normal,window_typing_10000.csv,0.8229121565818787
2735,normal,window_typing_10000.csv,0.7868663668632507
2736,normal,window_typing_10000.csv,0.8329731225967407
2737,normal,window_typing_10000.csv,0.9529420733451843
2738,normal,window_typing_10000.csv,0.9914423823356628
2739,normal,window_typing_10000.csv,0.9842821955680847
2740,normal,window_typing_10000.csv,0.9457125663757324
2741,normal,window_typing_10000.csv,0.8836858868598938
2742,normal,window_typing_10000.csv,0.8505701422691345
2743,normal,window_typing_10000.csv,0.8247338533401489
2744,normal,window_typing_10000.csv,0.8091762661933899
2745,normal,window_typing_10000.csv,0.7918056845664978
2746,normal,window_typing_10000.csv,0.7876338362693787
2747,normal,window_typing_10000.csv,0.791204035282135
2748,normal,window_typing_10000.csv,0.7975058555603027
2749,normal,window_typing_10000.csv,0.8024172186851501
2750,normal,window_typing_10000.csv,0.8028507232666016
2751,normal,window_typing_10000.csv,0.7951238751411438
2752,normal,window_typing_10000.csv,0.792111337184906
2753,normal,window_typing_10000.csv,0.6637545228004456
2754,normal,window_typing_10000.csv,0.6381568908691406
2755,normal,window_typing_10000.csv,0.6201944947242737
2756,normal,window_typing_10000.csv,0.6054122447967529
2757,normal,window_typing_10000.csv,0.5859334468841553
2758,normal,window_typing_10000.csv,0.5738430023193359
2759,normal,window_typing_10000.csv,0.5597600936889648
2760,normal,window_typing_10000.csv,0.5482306480407715
2761,normal,window_typing_10000.csv,0.5276206135749817
2762,normal,window_typing_10000.csv,0.5165449380874634
2763,normal,window_typing_10000.csv,0.5058665871620178
2764,normal,window_typing_10000.csv,0.500089704990387
2765,normal,window_typing_10000.csv,0.5029526352882385
2766,normal,window_typing_10000.csv,0.512223482131958
2767,normal,window_typing_10000.csv,0.5170049071311951
2768,normal,window_typing_10000.csv,0.5183874368667603
2769,normal,window_typing_10000.csv,0.5171357989311218
2770,normal,window_typing_10000.csv,0.518498957157135
2771,normal,window_typing_10000.csv,0.5161547660827637
2772,normal,window_typing_10000.csv,0.5185074210166931
2773,normal,window_typing_10000.csv,0.5199395418167114
2774,normal,window_typing_10000.csv,0.5269315838813782
2775,normal,window_typing_10000.csv,0.5186596512794495
2776,normal,window_typing_10000.csv,0.5251937508583069
2777,normal,window_typing_10000.csv,0.40199315547943115
2778,normal,window_typing_10000.csv,0.3871574401855469
2779,normal,window_typing_10000.csv,0.39390257000923157
2780,normal,window_typing_10000.csv,0.39511892199516296
2781,normal,window_typing_10000.csv,0.41567718982696533
2782,normal,window_typing_10000.csv,0.405233234167099
2783,normal,window_typing_10000.csv,0.38771623373031616
2784,normal,window_typing_10000.csv,0.37381938099861145
2785,normal,window_typing_10000.csv,0.35658901929855347
2786,normal,window_typing_10000.csv,0.35059717297554016
2787,normal,window_typing_10000.csv,0.34307190775871277
2788,normal,window_typing_10000.csv,0.3159298598766327
2789,normal,window_typing_10000.csv,0.315157413482666
2790,normal,window_typing_10000.csv,0.31785282492637634
2791,normal,window_typing_10000.csv,0.3205296993255615
2792,normal,window_typing_10000.csv,0.32618817687034607
2793,normal,window_typing_10000.csv,0.32293370366096497
2794,normal,window_typing_10000.csv,0.3219382166862488
2795,normal,window_typing_10000.csv,0.3104851543903351
2796,normal,window_typing_10000.csv,0.297524094581604
2797,normal,window_typing_10000.csv,0.28842446208000183
2798,normal,window_typing_10000.csv,0.27893486618995667
2799,normal,window_typing_10000.csv,0.27109295129776
2800,normal,window_typing_10000.csv,0.2651786804199219
2801,normal,window_typing_10000.csv,0.28238725662231445
2802,normal,window_typing_10000.csv,0.275330126285553
2803,normal,window_typing_10000.csv,0.27579551935195923
2804,normal,window_typing_10000.csv,0.2677614688873291
2805,normal,window_typing_10000.csv,0.2717213034629822
2806,normal,window_typing_10000.csv,0.26713719964027405
2807,normal,window_typing_10000.csv,0.26860517263412476
2808,normal,window_typing_10000.csv,0.2678047716617584
2809,normal,window_typing_10000.csv,0.2723318636417389
2810,normal,window_typing_10000.csv,0.2772548496723175
2811,normal,window_typing_10000.csv,0.2811099886894226
2812,normal,window_typing_10000.csv,0.28511059284210205
2813,normal,window_typing_10000.csv,0.28412488102912903
2814,normal,window_typing_10000.csv,0.2846088111400604
2815,normal,window_typing_10000.csv,0.2816835939884186
2816,normal,window_typing_10000.csv,0.27331167459487915
2817,normal,window_typing_10000.csv,0.2650262713432312
2818,normal,window_typing_10000.csv,0.26993227005004883
2819,normal,window_typing_10000.csv,0.3008889853954315
2820,normal,window_typing_10000.csv,0.2966015934944153
2821,normal,window_typing_10000.csv,0.3052903413772583
2822,normal,window_typing_10000.csv,0.3061032295227051
2823,normal,window_typing_10000.csv,0.3009214997291565
2824,normal,window_typing_10000.csv,0.31183922290802
2825,normal,window_typing_10000.csv,0.31584179401397705
2826,normal,window_typing_10000.csv,0.34040772914886475
2827,normal,window_typing_10000.csv,0.3398628830909729
2828,normal,window_typing_10000.csv,0.3414911925792694
2829,normal,window_typing_10000.csv,0.3351530134677887
2830,normal,window_typing_10000.csv,0.3343413174152374
2831,normal,window_typing_10000.csv,0.33125364780426025
2832,normal,window_typing_10000.csv,0.32884010672569275
2833,normal,window_typing_10000.csv,0.3375423848628998
2834,normal,window_typing_10000.csv,0.33371853828430176
2835,normal,window_typing_10000.csv,0.33026063442230225
2836,normal,window_typing_10000.csv,0.3314982056617737
2837,normal,window_typing_10000.csv,0.3300488293170929
2838,normal,window_typing_10000.csv,0.33565765619277954
2839,normal,window_typing_10000.csv,0.33978256583213806
2840,normal,window_typing_10000.csv,0.3391127586364746
2841,normal,window_typing_10000.csv,0.33974024653434753
2842,normal,window_typing_10000.csv,0.3373328447341919
2843,normal,window_typing_10000.csv,0.34453630447387695
2844,normal,window_typing_10000.csv,0.34782469272613525
2845,normal,window_typing_10000.csv,0.3496859073638916
2846,normal,window_typing_10000.csv,0.35035815834999084
2847,normal,window_typing_10000.csv,0.3493688404560089
2848,normal,window_typing_10000.csv,0.34860238432884216
2849,normal,window_typing_10000.csv,0.35051319003105164
2850,normal,window_typing_10000.csv,0.34747451543807983
2851,normal,window_typing_10000.csv,0.32906919717788696
2852,normal,window_typing_10000.csv,0.3321138024330139
2853,normal,window_typing_10000.csv,0.33877667784690857
2854,normal,window_typing_10000.csv,0.3373209834098816
2855,normal,window_typing_10000.csv,0.34366658329963684
2856,normal,window_typing_10000.csv,0.3461044132709503
2857,normal,window_typing_10000.csv,0.3455843925476074
2858,normal,window_typing_10000.csv,0.3450259268283844
2859,normal,window_typing_10000.csv,0.34774547815322876
2860,normal,window_typing_10000.csv,0.3499490022659302
2861,normal,window_typing_10000.csv,0.34878242015838623
2862,normal,window_typing_10000.csv,0.3454194664955139
2863,normal,window_typing_10000.csv,0.3419853448867798
2864,normal,window_typing_10000.csv,0.33526182174682617
2865,normal,window_typing_10000.csv,0.3246951997280121
2866,normal,window_typing_10000.csv,0.3211877942085266
2867,normal,window_typing_10000.csv,0.32403528690338135
2868,normal,window_typing_10000.csv,0.32644397020339966
2869,normal,window_typing_10000.csv,0.30910488963127136
2870,normal,window_typing_10000.csv,0.3086637258529663
2871,normal,window_typing_10000.csv,0.30742737650871277
2872,normal,window_typing_10000.csv,0.30976012349128723
2873,normal,window_typing_10000.csv,0.310577392578125
2874,normal,window_typing_10000.csv,0.3051319718360901
2875,normal,window_typing_10000.csv,0.29716387391090393
2876,normal,window_typing_10000.csv,0.2795023024082184
2877,normal,window_typing_10000.csv,0.2751511335372925
2878,normal,window_typing_10000.csv,0.27656492590904236
2879,normal,window_typing_10000.csv,0.2813977301120758
2880,normal,window_typing_10000.csv,0.2845795750617981
2881,normal,window_typing_10000.csv,0.25865912437438965
2882,normal,window_typing_10000.csv,0.25363415479660034
2883,normal,window_typing_10000.csv,0.24470800161361694
2884,normal,window_typing_10000.csv,0.2431679666042328
2885,normal,window_typing_10000.csv,0.23691576719284058
2886,normal,window_typing_10000.csv,0.23545531928539276
2887,normal,window_typing_10000.csv,0.23414713144302368
2888,normal,window_typing_10000.csv,0.23614852130413055
2889,normal,window_typing_10000.csv,0.2411969006061554
2890,normal,window_typing_10000.csv,0.24922001361846924
2891,normal,window_typing_10000.csv,0.26219481229782104
2892,normal,window_typing_10000.csv,0.2892474830150604
2893,normal,window_typing_10000.csv,0.31920677423477173
2894,normal,window_typing_10000.csv,0.32008790969848633
2895,normal,window_typing_10000.csv,0.32493311166763306
2896,normal,window_typing_10000.csv,0.327795147895813
2897,normal,window_typing_10000.csv,0.33215615153312683
2898,normal,window_typing_10000.csv,0.3347220718860626
2899,normal,window_typing_10000.csv,0.3353416621685028
2900,normal,window_typing_10000.csv,0.33669984340667725
2901,normal,window_typing_10000.csv,0.33464691042900085
2902,normal,window_typing_10000.csv,0.33507856726646423
2903,normal,window_typing_10000.csv,0.32638832926750183
2904,normal,window_typing_10000.csv,0.32591259479522705
2905,normal,window_typing_10000.csv,0.31874385476112366
2906,normal,window_typing_10000.csv,0.3144906461238861
2907,normal,window_typing_10000.csv,0.3070088326931
2908,normal,window_typing_10000.csv,0.3180844187736511
2909,normal,window_typing_10000.csv,0.3169153034687042
2910,normal,window_typing_10000.csv,0.3212363123893738
2911,normal,window_typing_10000.csv,0.3295738101005554
2912,normal,window_typing_10000.csv,0.37891843914985657
2913,normal,window_typing_10000.csv,0.3949110805988312
2914,normal,window_typing_10000.csv,0.41885513067245483
2915,normal,window_typing_10000.csv,0.43346890807151794
2916,normal,window_typing_10000.csv,0.4668833017349243
2917,normal,window_typing_10000.csv,0.46804696321487427
2918,normal,window_typing_10000.csv,0.45087963342666626
2919,normal,window_typing_10000.csv,0.4267200529575348
2920,normal,window_typing_10000.csv,0.4108907878398895
2921,normal,window_typing_10000.csv,0.40817755460739136
2922,normal,window_typing_10000.csv,0.4075014293193817
2923,normal,window_typing_10000.csv,0.40058958530426025
2924,normal,window_typing_10000.csv,0.3962729871273041
2925,normal,window_typing_10000.csv,0.3892366588115692
2926,normal,window_typing_10000.csv,0.38318243622779846
2927,normal,window_typing_10000.csv,0.3858383893966675
2928,normal,window_typing_10000.csv,0.3840157687664032
2929,normal,window_typing_10000.csv,0.3924086093902588
2930,normal,window_typing_10000.csv,0.39235562086105347
2931,normal,window_typing_10000.csv,0.4226329028606415
2932,normal,window_typing_10000.csv,0.43351227045059204
2933,normal,window_typing_10000.csv,0.43957918882369995
2934,normal,window_typing_10000.csv,0.43370354175567627
2935,normal,window_typing_10000.csv,0.4286096692085266
2936,normal,window_typing_10000.csv,0.42397168278694153
2937,normal,window_typing_10000.csv,0.42514851689338684
2938,normal,window_typing_10000.csv,0.41979271173477173
2939,normal,window_typing_10000.csv,0.4167984127998352
2940,normal,window_typing_10000.csv,0.4300071895122528
2941,normal,window_typing_10000.csv,0.42106375098228455
2942,normal,window_typing_10000.csv,0.40304023027420044
2943,normal,window_typing_10000.csv,0.3755219578742981
2944,normal,window_typing_10000.csv,0.3831263780593872
2945,normal,window_typing_10000.csv,0.3906276524066925
2946,normal,window_typing_10000.csv,0.3991367220878601
2947,normal,window_typing_10000.csv,0.403251051902771
2948,normal,window_typing_10000.csv,0.40946680307388306
2949,normal,window_typing_10000.csv,0.4159379005432129
2950,normal,window_typing_10000.csv,0.43388399481773376
2951,normal,window_typing_10000.csv,0.4426036775112152
2952,normal,window_typing_10000.csv,0.458296000957489
2953,normal,window_typing_10000.csv,0.4756964445114136
2954,normal,window_typing_10000.csv,0.48664936423301697
2955,normal,window_typing_10000.csv,0.49602213501930237
2956,normal,window_typing_10000.csv,0.4964877963066101
2957,normal,window_typing_10000.csv,0.4849577844142914
2958,normal,window_typing_10000.csv,0.4444972276687622
2959,normal,window_typing_10000.csv,0.41969722509384155
2960,normal,window_typing_10000.csv,0.3935391902923584
2961,normal,window_typing_10000.csv,0.37658098340034485
2962,normal,window_typing_10000.csv,0.34717896580696106
2963,normal,window_typing_10000.csv,0.34215247631073
2964,normal,window_typing_10000.csv,0.34124231338500977
2965,normal,window_typing_10000.csv,0.46525493264198303
2966,normal,window_typing_10000.csv,0.5531126856803894
2967,normal,window_typing_10000.csv,0.5677530169487
2968,normal,window_typing_10000.csv,0.563329815864563
2969,normal,window_typing_10000.csv,0.558645486831665
2970,normal,window_typing_10000.csv,0.5470999479293823
2971,normal,window_typing_10000.csv,0.541756808757782
2972,normal,window_typing_10000.csv,0.5260173082351685
2973,normal,window_typing_10000.csv,0.5164582133293152
2974,normal,window_typing_10000.csv,0.5063263773918152
2975,normal,window_typing_10000.csv,0.5050173997879028
2976,normal,window_typing_10000.csv,0.4993574917316437
2977,normal,window_typing_10000.csv,0.49604812264442444
2978,normal,window_typing_10000.csv,0.49483901262283325
2979,normal,window_typing_10000.csv,0.49338749051094055
2980,normal,window_typing_10000.csv,0.5041503310203552
2981,normal,window_typing_10000.csv,0.4986817240715027
2982,normal,window_typing_10000.csv,0.49932926893234253
2983,normal,window_typing_10000.csv,0.6272862553596497
2984,normal,window_typing_10000.csv,0.6471003293991089
2985,normal,window_typing_10000.csv,0.7608672380447388
2986,normal,window_typing_10000.csv,0.8883523941040039
2987,normal,window_typing_10000.csv,0.9987374544143677
2988,normal,window_typing_10000.csv,1.0043525695800781
2989,normal,window_typing_10000.csv,0.9956706166267395
2990,normal,window_typing_10000.csv,0.9873466491699219
2991,normal,window_typing_10000.csv,1.0079047679901123
2992,normal,window_typing_10000.csv,1.0071301460266113
2993,normal,window_typing_10000.csv,1.0306611061096191
2994,normal,window_typing_10000.csv,1.0370948314666748
2995,normal,window_typing_10000.csv,1.0400686264038086
2996,normal,window_typing_10000.csv,1.0420225858688354
2997,normal,window_typing_10000.csv,1.1586064100265503
2998,normal,window_typing_10000.csv,1.1750737428665161
2999,normal,window_typing_10000.csv,1.1840190887451172
3000,normal,window_typing_10000.csv,1.1896692514419556
3001,normal,window_typing_10000.csv,1.1939239501953125
3002,normal,window_typing_10000.csv,1.1967850923538208
3003,normal,window_typing_10000.csv,1.1988805532455444
3004,normal,window_typing_10000.csv,1.2000062465667725
3005,normal,window_typing_10000.csv,1.1973555088043213
3006,normal,window_typing_10000.csv,1.19586181640625
3007,normal,window_typing_10000.csv,1.1911842823028564
3008,normal,window_typing_10000.csv,1.1895707845687866
3009,normal,window_typing_10000.csv,1.1866304874420166
3010,normal,window_typing_10000.csv,1.1942684650421143
3011,normal,window_typing_10000.csv,1.2332602739334106
3012,normal,window_typing_10000.csv,1.2398854494094849
3013,normal,window_typing_10000.csv,1.2434077262878418
3014,normal,window_typing_10000.csv,1.2362531423568726
3015,normal,window_typing_10000.csv,1.1005421876907349
3016,normal,window_typing_10000.csv,0.9792253971099854
3017,normal,window_typing_10000.csv,1.1048972606658936
3018,normal,window_typing_10000.csv,1.1348668336868286
3019,normal,window_typing_10000.csv,1.157120943069458
3020,normal,window_typing_10000.csv,1.1664247512817383
3021,normal,window_typing_10000.csv,1.168243169784546
3022,normal,window_typing_10000.csv,1.3115590810775757
3023,normal,window_typing_10000.csv,1.3305553197860718
3024,normal,window_typing_10000.csv,1.342441439628601
3025,normal,window_typing_10000.csv,1.3415398597717285
3026,normal,window_typing_10000.csv,1.3398990631103516
3027,normal,window_typing_10000.csv,1.337748408317566
3028,normal,window_typing_10000.csv,1.3370521068572998
3029,normal,window_typing_10000.csv,1.3398151397705078
3030,normal,window_typing_10000.csv,1.3320443630218506
3031,normal,window_typing_10000.csv,1.3300561904907227
3032,normal,window_typing_10000.csv,1.3329824209213257
3033,normal,window_typing_10000.csv,1.2023138999938965
3034,normal,window_typing_10000.csv,1.1826705932617188
3035,normal,window_typing_10000.csv,1.0617024898529053
3036,normal,window_typing_10000.csv,0.9393633008003235
3037,normal,window_typing_10000.csv,0.8027446866035461
3038,normal,window_typing_10000.csv,0.7834574580192566
3039,normal,window_typing_10000.csv,0.7724032998085022
3040,normal,window_typing_10000.csv,0.7653360962867737
3041,normal,window_typing_10000.csv,0.7383679151535034
3042,normal,window_typing_10000.csv,0.7360263466835022
3043,normal,window_typing_10000.csv,0.7091057300567627
3044,normal,window_typing_10000.csv,0.7097214460372925
3045,normal,window_typing_10000.csv,0.709890604019165
3046,normal,window_typing_10000.csv,0.7073990702629089
3047,normal,window_typing_10000.csv,0.5824621319770813
3048,normal,window_typing_10000.csv,0.5720458030700684
3049,normal,window_typing_10000.csv,0.5759497880935669
3050,normal,window_typing_10000.csv,0.5669832825660706
3051,normal,window_typing_10000.csv,0.6886237859725952
3052,normal,window_typing_10000.csv,0.6890953779220581
3053,normal,window_typing_10000.csv,0.6844301819801331
3054,normal,window_typing_10000.csv,0.6805790662765503
3055,normal,window_typing_10000.csv,0.6798927187919617
3056,normal,window_typing_10000.csv,0.6773502826690674
3057,normal,window_typing_10000.csv,0.6789303421974182
3058,normal,window_typing_10000.csv,0.6833866238594055
3059,normal,window_typing_10000.csv,0.68515944480896
3060,normal,window_typing_10000.csv,0.7978495955467224
3061,normal,window_typing_10000.csv,0.7895773649215698
3062,normal,window_typing_10000.csv,0.803300142288208
3063,normal,window_typing_10000.csv,0.8092096447944641
3064,normal,window_typing_10000.csv,0.8302536010742188
3065,normal,window_typing_10000.csv,0.8366252183914185
3066,normal,window_typing_10000.csv,0.8397669196128845
3067,normal,window_typing_10000.csv,0.7064074873924255
3068,normal,window_typing_10000.csv,0.6878437995910645
3069,normal,window_typing_10000.csv,0.6859200596809387
3070,normal,window_typing_10000.csv,0.691389799118042
3071,normal,window_typing_10000.csv,0.6967506408691406
3072,normal,window_typing_10000.csv,0.5665619969367981
3073,normal,window_typing_10000.csv,0.5516494512557983
3074,normal,window_typing_10000.csv,0.5557355284690857
3075,normal,window_typing_10000.csv,0.5781543254852295
3076,normal,window_typing_10000.csv,0.5795596837997437
3077,normal,window_typing_10000.csv,0.5726869702339172
3078,normal,window_typing_10000.csv,0.5676175355911255
3079,normal,window_typing_10000.csv,0.5578247308731079
3080,normal,window_typing_10000.csv,0.5535902380943298
3081,normal,window_typing_10000.csv,0.5468845367431641
3082,normal,window_typing_10000.csv,0.5452919602394104
3083,normal,window_typing_10000.csv,0.5429714322090149
3084,normal,window_typing_10000.csv,0.5412009954452515
3085,normal,window_typing_10000.csv,0.5403183102607727
3086,normal,window_typing_10000.csv,0.5396634936332703
3087,normal,window_typing_10000.csv,0.5384399890899658
3088,normal,window_typing_10000.csv,0.5396055579185486
3089,normal,window_typing_10000.csv,0.5358160138130188
3090,normal,window_typing_10000.csv,0.5332965850830078
3091,normal,window_typing_10000.csv,0.5348557829856873
3092,normal,window_typing_10000.csv,0.5308385491371155
3093,normal,window_typing_10000.csv,0.5282653570175171
3094,normal,window_typing_10000.csv,0.5325174927711487
3095,normal,window_typing_10000.csv,0.5326993465423584
3096,normal,window_typing_10000.csv,0.5378227829933167
3097,normal,window_typing_10000.csv,0.542500913143158
3098,normal,window_typing_10000.csv,0.5518192648887634
3099,normal,window_typing_10000.csv,0.5536941885948181
3100,normal,window_typing_10000.csv,0.5653805136680603
3101,normal,window_typing_10000.csv,0.43878138065338135
3102,normal,window_typing_10000.csv,0.4243723452091217
3103,normal,window_typing_10000.csv,0.4364272952079773
3104,normal,window_typing_10000.csv,0.5707640051841736
3105,normal,window_typing_10000.csv,0.5860561728477478
3106,normal,window_typing_10000.csv,0.5874044895172119
3107,normal,window_typing_10000.csv,0.5860519409179688
3108,normal,window_typing_10000.csv,0.5886773467063904
3109,normal,window_typing_10000.csv,0.5915454626083374
3110,normal,window_typing_10000.csv,0.4674656093120575
3111,normal,window_typing_10000.csv,0.4634551405906677
3112,normal,window_typing_10000.csv,0.4792116582393646
3113,normal,window_typing_10000.csv,0.49334776401519775
3114,normal,window_typing_10000.csv,0.4755898416042328
3115,normal,window_typing_10000.csv,0.4734959602355957
3116,normal,window_typing_10000.csv,0.471322625875473
3117,normal,window_typing_10000.csv,0.46608081459999084
3118,normal,window_typing_10000.csv,0.4599708616733551
3119,normal,window_typing_10000.csv,0.45608991384506226
3120,normal,window_typing_10000.csv,0.4520927667617798
3121,normal,window_typing_10000.csv,0.4634231626987457
3122,normal,window_typing_10000.csv,0.45816996693611145
3123,normal,window_typing_10000.csv,0.46126195788383484
3124,normal,window_typing_10000.csv,0.46452051401138306
3125,normal,window_typing_10000.csv,0.4392680525779724
3126,normal,window_typing_10000.csv,0.4397813379764557
3127,normal,window_typing_10000.csv,0.43941423296928406
3128,normal,window_typing_10000.csv,0.43274861574172974
3129,normal,window_typing_10000.csv,0.4300471544265747
3130,normal,window_typing_10000.csv,0.4264744520187378
3131,normal,window_typing_10000.csv,0.4200062155723572
3132,normal,window_typing_10000.csv,0.41358792781829834
3133,normal,window_typing_10000.csv,0.40928971767425537
3134,normal,window_typing_10000.csv,0.40688684582710266
3135,normal,window_typing_10000.csv,0.40283364057540894
3136,normal,window_typing_10000.csv,0.3970901668071747
3137,normal,window_typing_10000.csv,0.3968820869922638
3138,normal,window_typing_10000.csv,0.39574626088142395
3139,normal,window_typing_10000.csv,0.3941601514816284
3140,normal,window_typing_10000.csv,0.39425718784332275
3141,normal,window_typing_10000.csv,0.3861818015575409
3142,normal,window_typing_10000.csv,0.3840779662132263
3143,normal,window_typing_10000.csv,0.3887118697166443
3144,normal,window_typing_10000.csv,0.3858201801776886
3145,normal,window_typing_10000.csv,0.4158933460712433
3146,normal,window_typing_10000.csv,0.4398172199726105
3147,normal,window_typing_10000.csv,0.48530736565589905
3148,normal,window_typing_10000.csv,0.5074658989906311
3149,normal,window_typing_10000.csv,0.5431644320487976
3150,normal,window_typing_10000.csv,0.5494614839553833
3151,normal,window_typing_10000.csv,0.526822030544281
3152,normal,window_typing_10000.csv,0.5107150673866272
3153,normal,window_typing_10000.csv,0.49789395928382874
3154,normal,window_typing_10000.csv,0.36528781056404114
3155,normal,window_typing_10000.csv,0.35829320549964905
3156,normal,window_typing_10000.csv,0.37425610423088074
3157,normal,window_typing_10000.csv,0.36544886231422424
3158,normal,window_typing_10000.csv,0.36714470386505127
3159,normal,window_typing_10000.csv,0.39466673135757446
3160,normal,window_typing_10000.csv,0.39367544651031494
3161,normal,window_typing_10000.csv,0.3897121250629425
3162,normal,window_typing_10000.csv,0.38727155327796936
3163,normal,window_typing_10000.csv,0.40909436345100403
3164,normal,window_typing_10000.csv,0.4030333161354065
3165,normal,window_typing_10000.csv,0.40670153498649597
3166,normal,window_typing_10000.csv,0.4190913736820221
3167,normal,window_typing_10000.csv,0.4287405014038086
3168,normal,window_typing_10000.csv,0.44143912196159363
3169,normal,window_typing_10000.csv,0.45565265417099
3170,normal,window_typing_10000.csv,0.4681837558746338
3171,normal,window_typing_10000.csv,0.47599828243255615
3172,normal,window_typing_10000.csv,0.48503100872039795
3173,normal,window_typing_10000.csv,0.4876898527145386
3174,normal,window_typing_10000.csv,0.6379996538162231
3175,normal,window_typing_10000.csv,0.6650969386100769
3176,normal,window_typing_10000.csv,0.6738050580024719
3177,normal,window_typing_10000.csv,0.683296799659729
3178,normal,window_typing_10000.csv,0.6897664070129395
3179,normal,window_typing_10000.csv,0.6971692442893982
3180,normal,window_typing_10000.csv,0.687049150466919
3181,normal,window_typing_10000.csv,0.6813033223152161
3182,normal,window_typing_10000.csv,0.6730705499649048
3183,normal,window_typing_10000.csv,0.6618534326553345
3184,normal,window_typing_10000.csv,0.6426732540130615
3185,normal,window_typing_10000.csv,0.6359542608261108
3186,normal,window_typing_10000.csv,0.6386934518814087
3187,normal,window_typing_10000.csv,0.6416948437690735
3188,normal,window_typing_10000.csv,0.6753457188606262
3189,normal,window_typing_10000.csv,0.7280485033988953
3190,normal,window_typing_10000.csv,0.7851412892341614
3191,normal,window_typing_10000.csv,0.9370623230934143
3192,normal,window_typing_10000.csv,0.9643275737762451
3193,normal,window_typing_10000.csv,0.9024364948272705
3194,normal,window_typing_10000.csv,0.8209025263786316
3195,normal,window_typing_10000.csv,0.7544257640838623
3196,normal,window_typing_10000.csv,0.7283307313919067
3197,normal,window_typing_10000.csv,0.6968613266944885
3198,normal,window_typing_10000.csv,0.671721875667572
3199,normal,window_typing_10000.csv,0.6342363953590393
3200,normal,window_typing_10000.csv,0.6261475682258606
3201,normal,window_typing_10000.csv,0.6494002938270569
3202,normal,window_typing_10000.csv,0.6617111563682556
3203,normal,window_typing_10000.csv,0.6702522039413452
3204,normal,window_typing_10000.csv,0.665147066116333
3205,normal,window_typing_10000.csv,0.6615593433380127
3206,normal,window_typing_10000.csv,0.6583164930343628
3207,normal,window_typing_10000.csv,0.6680029034614563
3208,normal,window_typing_10000.csv,0.6807599067687988
3209,normal,window_typing_10000.csv,0.688348650932312
3210,normal,window_typing_10000.csv,0.6943796873092651
3211,normal,window_typing_10000.csv,0.7046751379966736
3212,normal,window_typing_10000.csv,0.6950097680091858
3213,normal,window_typing_10000.csv,0.6576383113861084
3214,normal,window_typing_10000.csv,0.6452026963233948
3215,normal,window_typing_10000.csv,0.6313733458518982
3216,normal,window_typing_10000.csv,0.6182388663291931
3217,normal,window_typing_10000.csv,0.612911581993103
3218,normal,window_typing_10000.csv,0.6313700079917908
3219,normal,window_typing_10000.csv,0.661623477935791
3220,normal,window_typing_10000.csv,0.686817467212677
3221,normal,window_typing_10000.csv,0.6796714067459106
3222,normal,window_typing_10000.csv,0.6841805577278137
3223,normal,window_typing_10000.csv,0.6908571720123291
3224,normal,window_typing_10000.csv,0.5906454920768738
3225,normal,window_typing_10000.csv,0.5630308985710144
3226,normal,window_typing_10000.csv,0.550659716129303
3227,normal,window_typing_10000.csv,0.549713671207428
3228,normal,window_typing_10000.csv,0.5592981576919556
3229,normal,window_typing_10000.csv,0.5652414560317993
3230,normal,window_typing_10000.csv,0.5769063234329224
3231,normal,window_typing_10000.csv,0.5966825485229492
3232,normal,window_typing_10000.csv,0.6135922074317932
3233,normal,window_typing_10000.csv,0.6233507990837097
3234,normal,window_typing_10000.csv,0.6187273859977722
3235,normal,window_typing_10000.csv,0.6164252758026123
3236,normal,window_typing_10000.csv,0.5996719598770142
3237,normal,window_typing_10000.csv,0.5827311277389526
3238,normal,window_typing_10000.csv,0.549465000629425
3239,normal,window_typing_10000.csv,0.5491179823875427
3240,normal,window_typing_10000.csv,0.5503984093666077
3241,normal,window_typing_10000.csv,0.5059968829154968
3242,normal,window_typing_10000.csv,0.4831492602825165
3243,normal,window_typing_10000.csv,0.4764237105846405
3244,normal,window_typing_10000.csv,0.4787657558917999
3245,normal,window_typing_10000.csv,0.46863943338394165
3246,normal,window_typing_10000.csv,0.4610626697540283
3247,normal,window_typing_10000.csv,0.45247626304626465
3248,normal,window_typing_10000.csv,0.4533499777317047
3249,normal,window_typing_10000.csv,0.43464428186416626
3250,normal,window_typing_10000.csv,0.42211589217185974
3251,normal,window_typing_10000.csv,0.39251473546028137
3252,normal,window_typing_10000.csv,0.3805840313434601
3253,normal,window_typing_10000.csv,0.3755793273448944
3254,normal,window_typing_10000.csv,0.3798908591270447
3255,normal,window_typing_10000.csv,0.38200756907463074
3256,normal,window_typing_10000.csv,0.38652074337005615
3257,normal,window_typing_10000.csv,0.3876398801803589
3258,normal,window_typing_10000.csv,0.38389208912849426
3259,normal,window_typing_10000.csv,0.3771948516368866
3260,normal,window_typing_10000.csv,0.3722854256629944
3261,normal,window_typing_10000.csv,0.3676580488681793
3262,normal,window_typing_10000.csv,0.3718971610069275
3263,normal,window_typing_10000.csv,0.3729916214942932
3264,normal,window_typing_10000.csv,0.3818022310733795
3265,normal,window_typing_10000.csv,0.3983437120914459
3266,normal,window_typing_10000.csv,0.4210631549358368
3267,normal,window_typing_10000.csv,0.44703784584999084
3268,normal,window_typing_10000.csv,0.4342605471611023
3269,normal,window_typing_10000.csv,0.4120681583881378
3270,normal,window_typing_10000.csv,0.37958163022994995
3271,normal,window_typing_10000.csv,0.3788721561431885
3272,normal,window_typing_10000.csv,0.3699541687965393
3273,normal,window_typing_10000.csv,0.3545495867729187
3274,normal,window_typing_10000.csv,0.31688252091407776
3275,normal,window_typing_10000.csv,0.3051241636276245
3276,normal,window_typing_10000.csv,0.29624295234680176
3277,normal,window_typing_10000.csv,0.2916141450405121
3278,normal,window_typing_10000.csv,0.2955797612667084
3279,normal,window_typing_10000.csv,0.2890652120113373
3280,normal,window_typing_10000.csv,0.28470274806022644
3281,normal,window_typing_10000.csv,0.29333505034446716
3282,normal,window_typing_10000.csv,0.290275514125824
3283,normal,window_typing_10000.csv,0.287740021944046
3284,normal,window_typing_10000.csv,0.29366230964660645
3285,normal,window_typing_10000.csv,0.30512797832489014
3286,normal,window_typing_10000.csv,0.3124697506427765
3287,normal,window_typing_10000.csv,0.32055386900901794
3288,normal,window_typing_10000.csv,0.32729676365852356
3289,normal,window_typing_10000.csv,0.3295850455760956
3290,normal,window_typing_10000.csv,0.3315630257129669
3291,normal,window_typing_10000.csv,0.341225266456604
3292,normal,window_typing_10000.csv,0.34004735946655273
3293,normal,window_typing_10000.csv,0.3428446054458618
3294,normal,window_typing_10000.csv,0.34298625588417053
3295,normal,window_typing_10000.csv,0.3440645635128021
3296,normal,window_typing_10000.csv,0.34450671076774597
3297,normal,window_typing_10000.csv,0.34724628925323486
3298,normal,window_typing_10000.csv,0.3500748574733734
3299,normal,window_typing_10000.csv,0.3563991189002991
3300,normal,window_typing_10000.csv,0.3730632960796356
3301,normal,window_typing_10000.csv,0.3806857764720917
3302,normal,window_typing_10000.csv,0.4155641198158264
3303,normal,window_typing_10000.csv,0.4234365224838257
3304,normal,window_typing_10000.csv,0.43711262941360474
3305,normal,window_typing_10000.csv,0.4405917227268219
3306,normal,window_typing_10000.csv,0.48183950781822205
3307,normal,window_typing_10000.csv,0.4809686243534088
3308,normal,window_typing_10000.csv,0.5043571591377258
3309,normal,window_typing_10000.csv,0.520574152469635
3310,normal,window_typing_10000.csv,0.5138195157051086
3311,normal,window_typing_10000.csv,0.5027936697006226
3312,normal,window_typing_10000.csv,0.478579044342041
3313,normal,window_typing_10000.csv,0.4689818024635315
3314,normal,window_typing_10000.csv,0.46759724617004395
3315,normal,window_typing_10000.csv,0.47721973061561584
3316,normal,window_typing_10000.csv,0.47862398624420166
3317,normal,window_typing_10000.csv,0.47394660115242004
3318,normal,window_typing_10000.csv,0.4682569205760956
3319,normal,window_typing_10000.csv,0.45157867670059204
3320,normal,window_typing_10000.csv,0.4570823609828949
3321,normal,window_typing_10000.csv,0.4395741820335388
3322,normal,window_typing_10000.csv,0.4407355785369873
3323,normal,window_typing_10000.csv,0.4330745339393616
3324,normal,window_typing_10000.csv,0.43238598108291626
3325,normal,window_typing_10000.csv,0.4316922128200531
3326,normal,window_typing_10000.csv,0.4266117215156555
3327,normal,window_typing_10000.csv,0.4485344886779785
3328,normal,window_typing_10000.csv,0.4408699572086334
3329,normal,window_typing_10000.csv,0.45331260561943054
3330,normal,window_typing_10000.csv,0.4586871564388275
3331,normal,window_typing_10000.csv,0.45728063583374023
3332,normal,window_typing_10000.csv,0.4634352922439575
3333,normal,window_typing_10000.csv,0.45973777770996094
3334,normal,window_typing_10000.csv,0.44623738527297974
3335,normal,window_typing_10000.csv,0.43429407477378845
3336,normal,window_typing_10000.csv,0.4261237680912018
3337,normal,window_typing_10000.csv,0.42249661684036255
3338,normal,window_typing_10000.csv,0.4195561408996582
3339,normal,window_typing_10000.csv,0.4156263768672943
3340,normal,window_typing_10000.csv,0.4191958010196686
3341,normal,window_typing_10000.csv,0.41869673132896423
3342,normal,window_typing_10000.csv,0.41844236850738525
3343,normal,window_typing_10000.csv,0.40666836500167847
3344,normal,window_typing_10000.csv,0.40738850831985474
3345,normal,window_typing_10000.csv,0.4114306569099426
3346,normal,window_typing_10000.csv,0.41237133741378784
3347,normal,window_typing_10000.csv,0.4173068106174469
3348,normal,window_typing_10000.csv,0.42113298177719116
3349,normal,window_typing_10000.csv,0.4198899567127228
3350,normal,window_typing_10000.csv,0.4075431227684021
3351,normal,window_typing_10000.csv,0.398237943649292
3352,normal,window_typing_10000.csv,0.3698183596134186
3353,normal,window_typing_10000.csv,0.3687388598918915
3354,normal,window_typing_10000.csv,0.37719401717185974
3355,normal,window_typing_10000.csv,0.4055764079093933
3356,normal,window_typing_10000.csv,0.38193920254707336
3357,normal,window_typing_10000.csv,0.37509191036224365
3358,normal,window_typing_10000.csv,0.3347485661506653
3359,normal,window_typing_10000.csv,0.30614614486694336
3360,normal,window_typing_10000.csv,0.3195177912712097
3361,normal,window_typing_10000.csv,0.29084107279777527
3362,normal,window_typing_10000.csv,0.2767221927642822
3363,normal,window_typing_10000.csv,0.26543736457824707
3364,normal,window_typing_10000.csv,0.2513629198074341
3365,normal,window_typing_10000.csv,0.23820233345031738
3366,normal,window_typing_10000.csv,0.2370644062757492
3367,normal,window_typing_10000.csv,0.2402217835187912
3368,normal,window_typing_10000.csv,0.2389547973871231
3369,normal,window_typing_10000.csv,0.2385716587305069
3370,normal,window_typing_10000.csv,0.238479346036911
3371,normal,window_typing_10000.csv,0.23850373923778534
3372,normal,window_typing_10000.csv,0.23674781620502472
3373,normal,window_typing_10000.csv,0.23583945631980896
3374,normal,window_typing_10000.csv,0.23681166768074036
3375,normal,window_typing_10000.csv,0.2468804121017456
3376,normal,window_typing_10000.csv,0.24885103106498718
3377,normal,window_typing_10000.csv,0.2254393845796585
3378,normal,window_typing_10000.csv,0.2303505688905716
3379,normal,window_typing_10000.csv,0.2301495522260666
3380,normal,window_typing_10000.csv,0.23383812606334686
3381,normal,window_typing_10000.csv,0.23775683343410492
3382,normal,window_typing_10000.csv,0.24001175165176392
3383,normal,window_typing_10000.csv,0.24784716963768005
3384,normal,window_typing_10000.csv,0.24800661206245422
3385,normal,window_typing_10000.csv,0.24665948748588562
3386,normal,window_typing_10000.csv,0.24182768166065216
3387,normal,window_typing_10000.csv,0.24068506062030792
3388,normal,window_typing_10000.csv,0.24271036684513092
3389,normal,window_typing_10000.csv,0.24117320775985718
3390,normal,window_typing_10000.csv,0.2329585701227188
3391,normal,window_typing_10000.csv,0.226282000541687
3392,normal,window_typing_10000.csv,0.21987828612327576
3393,normal,window_typing_10000.csv,0.217290461063385
3394,normal,window_typing_10000.csv,0.21744057536125183
3395,normal,window_typing_10000.csv,0.2520354688167572
3396,normal,window_typing_10000.csv,0.2976270318031311
3397,normal,window_typing_10000.csv,0.3295270502567291
3398,normal,window_typing_10000.csv,0.3403083384037018
3399,normal,window_typing_10000.csv,0.5727882981300354
3400,normal,window_typing_10000.csv,0.6422780156135559
3401,normal,window_typing_10000.csv,0.6942764520645142
3402,normal,window_typing_10000.csv,0.7108740210533142
3403,normal,window_typing_10000.csv,0.7003450393676758
3404,normal,window_typing_10000.csv,0.6745309829711914
3405,normal,window_typing_10000.csv,0.6514561176300049
3406,normal,window_typing_10000.csv,0.6320005059242249
3407,normal,window_typing_10000.csv,0.6148959994316101
3408,normal,window_typing_10000.csv,0.6091082096099854
3409,normal,window_typing_10000.csv,0.6017748713493347
3410,normal,window_typing_10000.csv,0.5892015099525452
3411,normal,window_typing_10000.csv,0.5889055728912354
3412,normal,window_typing_10000.csv,0.5902498364448547
3413,normal,window_typing_10000.csv,0.5892564058303833
3414,normal,window_typing_10000.csv,0.5924902558326721
3415,normal,window_typing_10000.csv,0.5902710556983948
3416,normal,window_typing_10000.csv,0.590177595615387
3417,normal,window_typing_10000.csv,0.5906784534454346
3418,normal,window_typing_10000.csv,0.5915169715881348
3419,normal,window_typing_10000.csv,0.5953146815299988
3420,normal,window_typing_10000.csv,0.5971742868423462
3421,normal,window_typing_10000.csv,0.6046682596206665
3422,normal,window_typing_10000.csv,0.6249193549156189
3423,normal,window_typing_10000.csv,0.6280509233474731
3424,normal,window_typing_10000.csv,0.6305797696113586
3425,normal,window_typing_10000.csv,0.619677722454071
3426,normal,window_typing_10000.csv,0.6209513545036316
3427,normal,window_typing_10000.csv,0.6089129447937012
3428,normal,window_typing_10000.csv,0.5978224873542786
3429,normal,window_typing_10000.csv,0.5922852754592896
3430,normal,window_typing_10000.csv,0.5840823650360107
3431,normal,window_typing_10000.csv,0.5748322010040283
3432,normal,window_typing_10000.csv,0.5669097304344177
3433,normal,window_typing_10000.csv,0.5574749112129211
3434,normal,window_typing_10000.csv,0.5498632788658142
3435,normal,window_typing_10000.csv,0.5447279810905457
3436,normal,window_typing_10000.csv,0.5419929027557373
3437,normal,window_typing_10000.csv,0.5356211066246033
3438,normal,window_typing_10000.csv,0.5299699902534485
3439,normal,window_typing_10000.csv,0.5363937616348267
3440,normal,window_typing_10000.csv,0.5286675095558167
3441,normal,window_typing_10000.csv,0.5382149815559387
3442,normal,window_typing_10000.csv,0.5332764983177185
3443,normal,window_typing_10000.csv,0.535722553730011
3444,normal,window_typing_10000.csv,0.5368950366973877
3445,normal,window_typing_10000.csv,0.5424643754959106
3446,normal,window_typing_10000.csv,0.5182992815971375
3447,normal,window_typing_10000.csv,0.5059431791305542
3448,normal,window_typing_10000.csv,0.5286199450492859
3449,normal,window_typing_10000.csv,0.369350790977478
3450,normal,window_typing_10000.csv,0.33572912216186523
3451,normal,window_typing_10000.csv,0.30256369709968567
3452,normal,window_typing_10000.csv,0.2901766896247864
3453,normal,window_typing_10000.csv,0.2846486568450928
3454,normal,window_typing_10000.csv,0.28082749247550964
3455,normal,window_typing_10000.csv,0.28579577803611755
3456,normal,window_typing_10000.csv,0.2828359305858612
3457,normal,window_typing_10000.csv,0.27677470445632935
3458,normal,window_typing_10000.csv,0.2706892192363739
3459,normal,window_typing_10000.csv,0.2685217559337616
3460,normal,window_typing_10000.csv,0.2654074728488922
3461,normal,window_typing_10000.csv,0.26385629177093506
3462,normal,window_typing_10000.csv,0.26912012696266174
3463,normal,window_typing_10000.csv,0.2711232006549835
3464,normal,window_typing_10000.csv,0.2894909083843231
3465,normal,window_typing_10000.csv,0.29716044664382935
3466,normal,window_typing_10000.csv,0.3013463616371155
3467,normal,window_typing_10000.csv,0.30919143557548523
3468,normal,window_typing_10000.csv,0.3170652687549591
3469,normal,window_typing_10000.csv,0.32063305377960205
3470,normal,window_typing_10000.csv,0.3243926763534546
3471,normal,window_typing_10000.csv,0.32770439982414246
3472,normal,window_typing_10000.csv,0.2958620488643646
3473,normal,window_typing_10000.csv,0.30315157771110535
3474,normal,window_typing_10000.csv,0.2991549074649811
3475,normal,window_typing_10000.csv,0.30000951886177063
3476,normal,window_typing_10000.csv,0.32604148983955383
3477,normal,window_typing_10000.csv,0.3505910634994507
3478,normal,window_typing_10000.csv,0.356499582529068
3479,normal,window_typing_10000.csv,0.36710724234580994
3480,normal,window_typing_10000.csv,0.3668973445892334
3481,normal,window_typing_10000.csv,0.3674996793270111
3482,normal,window_typing_10000.csv,0.38459500670433044
3483,normal,window_typing_10000.csv,0.38778913021087646
3484,normal,window_typing_10000.csv,0.39823922514915466
3485,normal,window_typing_10000.csv,0.4044026732444763
3486,normal,window_typing_10000.csv,0.40874674916267395
3487,normal,window_typing_10000.csv,0.40508610010147095
3488,normal,window_typing_10000.csv,0.4255976378917694
3489,normal,window_typing_10000.csv,0.40096694231033325
3490,normal,window_typing_10000.csv,0.3953298330307007
3491,normal,window_typing_10000.csv,0.3795599043369293
3492,normal,window_typing_10000.csv,0.3805909752845764
3493,normal,window_typing_10000.csv,0.37836188077926636
3494,normal,window_typing_10000.csv,0.37252676486968994
3495,normal,window_typing_10000.csv,0.3376590609550476
3496,normal,window_typing_10000.csv,0.33984389901161194
3497,normal,window_typing_10000.csv,0.3617182672023773
3498,normal,window_typing_10000.csv,0.3663868308067322
3499,normal,window_typing_10000.csv,0.3700970411300659
3500,normal,window_typing_10000.csv,0.3771210014820099
3501,normal,window_typing_10000.csv,0.3767295777797699
3502,normal,window_typing_10000.csv,0.38396769762039185
3503,normal,window_typing_10000.csv,0.386387437582016
3504,normal,window_typing_10000.csv,0.39306607842445374
3505,normal,window_typing_10000.csv,0.38721320033073425
3506,normal,window_typing_10000.csv,0.3972606062889099
3507,normal,window_typing_10000.csv,0.40505123138427734
3508,normal,window_typing_10000.csv,0.40587368607521057
3509,normal,window_typing_10000.csv,0.3996974229812622
3510,normal,window_typing_10000.csv,0.39591991901397705
3511,normal,window_typing_10000.csv,0.3902812600135803
3512,normal,window_typing_10000.csv,0.38303548097610474
3513,normal,window_typing_10000.csv,0.38304582238197327
3514,normal,window_typing_10000.csv,0.37729841470718384
3515,normal,window_typing_10000.csv,0.38193726539611816
3516,normal,window_typing_10000.csv,0.3896307051181793
3517,normal,window_typing_10000.csv,0.396015465259552
3518,normal,window_typing_10000.csv,0.40155646204948425
3519,normal,window_typing_10000.csv,0.4058588743209839
3520,normal,window_typing_10000.csv,0.40858569741249084
3521,normal,window_typing_10000.csv,0.41057807207107544
3522,normal,window_typing_10000.csv,0.411471962928772
3523,normal,window_typing_10000.csv,0.4153504967689514
3524,normal,window_typing_10000.csv,0.41963720321655273
3525,normal,window_typing_10000.csv,0.4268190562725067
3526,normal,window_typing_10000.csv,0.400896281003952
3527,normal,window_typing_10000.csv,0.37929850816726685
3528,normal,window_typing_10000.csv,0.3752792477607727
3529,normal,window_typing_10000.csv,0.3706439435482025
3530,normal,window_typing_10000.csv,0.37417757511138916
3531,normal,window_typing_10000.csv,0.3713166415691376
3532,normal,window_typing_10000.csv,0.3707015812397003
3533,normal,window_typing_10000.csv,0.36774420738220215
3534,normal,window_typing_10000.csv,0.3529507517814636
3535,normal,window_typing_10000.csv,0.3450489342212677
3536,normal,window_typing_10000.csv,0.32760974764823914
3537,normal,window_typing_10000.csv,0.3232794404029846
3538,normal,window_typing_10000.csv,0.30559197068214417
3539,normal,window_typing_10000.csv,0.29623526334762573
3540,normal,window_typing_10000.csv,0.32522308826446533
3541,normal,window_typing_10000.csv,0.32299038767814636
3542,normal,window_typing_10000.csv,0.318919837474823
3543,normal,window_typing_10000.csv,0.31187552213668823
3544,normal,window_typing_10000.csv,0.4364704489707947
3545,normal,window_typing_10000.csv,0.4530166685581207
3546,normal,window_typing_10000.csv,0.4555917978286743
3547,normal,window_typing_10000.csv,0.4463103711605072
3548,normal,window_typing_10000.csv,0.4520621597766876
3549,normal,window_typing_10000.csv,0.4509120285511017
3550,normal,window_typing_10000.csv,0.45299795269966125
3551,normal,window_typing_10000.csv,0.4570465385913849
3552,normal,window_typing_10000.csv,0.46045705676078796
3553,normal,window_typing_10000.csv,0.4680502116680145
3554,normal,window_typing_10000.csv,0.47504889965057373
3555,normal,window_typing_10000.csv,0.47866424918174744
3556,normal,window_typing_10000.csv,0.47704777121543884
3557,normal,window_typing_10000.csv,0.4675973951816559
3558,normal,window_typing_10000.csv,0.4638506770133972
3559,normal,window_typing_10000.csv,0.45979034900665283
3560,normal,window_typing_10000.csv,0.4503772258758545
3561,normal,window_typing_10000.csv,0.4362219274044037
3562,normal,window_typing_10000.csv,0.42940860986709595
3563,normal,window_typing_10000.csv,0.42135587334632874
3564,normal,window_typing_10000.csv,0.4137822091579437
3565,normal,window_typing_10000.csv,0.42462101578712463
3566,normal,window_typing_10000.csv,0.42308422923088074
3567,normal,window_typing_10000.csv,0.4326970875263214
3568,normal,window_typing_10000.csv,0.4301225543022156
3569,normal,window_typing_10000.csv,0.42551419138908386
3570,normal,window_typing_10000.csv,0.423464834690094
3571,normal,window_typing_10000.csv,0.4261673092842102
3572,normal,window_typing_10000.csv,0.42289265990257263
3573,normal,window_typing_10000.csv,0.42399299144744873
3574,normal,window_typing_10000.csv,0.42509931325912476
3575,normal,window_typing_10000.csv,0.4556903541088104
3576,normal,window_typing_10000.csv,0.46098950505256653
3577,normal,window_typing_10000.csv,0.4643480181694031
3578,normal,window_typing_10000.csv,0.4738002121448517
3579,normal,window_typing_10000.csv,0.4891354441642761
3580,normal,window_typing_10000.csv,0.5073291063308716
3581,normal,window_typing_10000.csv,0.5110791325569153
3582,normal,window_typing_10000.csv,0.5188775658607483
3583,normal,window_typing_10000.csv,0.5297437906265259
3584,normal,window_typing_10000.csv,0.5376038551330566
3585,normal,window_typing_10000.csv,0.5374345779418945
3586,normal,window_typing_10000.csv,0.5383543968200684
3587,normal,window_typing_10000.csv,0.539499044418335
3588,normal,window_typing_10000.csv,0.5374256372451782
3589,normal,window_typing_10000.csv,0.5327529907226562
3590,normal,window_typing_10000.csv,0.5319878458976746
3591,normal,window_typing_10000.csv,0.5695317983627319
3592,normal,window_typing_10000.csv,0.5908845663070679
3593,normal,window_typing_10000.csv,0.5923210978507996
3594,normal,window_typing_10000.csv,0.6407710313796997
3595,normal,window_typing_10000.csv,0.6471754312515259
3596,normal,window_typing_10000.csv,0.682712733745575
3597,normal,window_typing_10000.csv,0.7136500477790833
3598,normal,window_typing_10000.csv,0.7189061045646667
3599,normal,window_typing_10000.csv,0.7166590094566345
3600,normal,window_typing_10000.csv,0.7225489020347595
3601,normal,window_typing_10000.csv,0.7159957885742188
3602,normal,window_typing_10000.csv,0.7055107355117798
3603,normal,window_typing_10000.csv,0.7019159197807312
3604,normal,window_typing_10000.csv,0.6907671093940735
3605,normal,window_typing_10000.csv,0.6960753798484802
3606,normal,window_typing_10000.csv,0.7005348205566406
3607,normal,window_typing_10000.csv,0.6940383911132812
3608,normal,window_typing_10000.csv,0.7275294661521912
3609,normal,window_typing_10000.csv,0.7310047149658203
3610,normal,window_typing_10000.csv,0.7251086235046387
3611,normal,window_typing_10000.csv,0.7196347713470459
3612,normal,window_typing_10000.csv,0.722299337387085
3613,normal,window_typing_10000.csv,0.7195709347724915
3614,normal,window_typing_10000.csv,0.7300748825073242
3615,normal,window_typing_10000.csv,0.7640435099601746
3616,normal,window_typing_10000.csv,0.7659447193145752
3617,normal,window_typing_10000.csv,0.7669934630393982
3618,normal,window_typing_10000.csv,0.7723711729049683
3619,normal,window_typing_10000.csv,0.7735322117805481
3620,normal,window_typing_10000.csv,0.7770475149154663
3621,normal,window_typing_10000.csv,0.7713380455970764
3622,normal,window_typing_10000.csv,0.7876419425010681
3623,normal,window_typing_10000.csv,0.7758844494819641
3624,normal,window_typing_10000.csv,0.8039181232452393
3625,normal,window_typing_10000.csv,0.8421167135238647
3626,normal,window_typing_10000.csv,0.8472353219985962
3627,normal,window_typing_10000.csv,0.8477983474731445
3628,normal,window_typing_10000.csv,0.839448869228363
3629,normal,window_typing_10000.csv,0.8309473991394043
3630,normal,window_typing_10000.csv,0.8117969632148743
3631,normal,window_typing_10000.csv,0.8127866387367249
3632,normal,window_typing_10000.csv,0.8098135590553284
3633,normal,window_typing_10000.csv,0.8123146295547485
3634,normal,window_typing_10000.csv,0.8195810317993164
3635,normal,window_typing_10000.csv,0.8331633806228638
3636,normal,window_typing_10000.csv,0.8443863987922668
3637,normal,window_typing_10000.csv,0.8485978841781616
3638,normal,window_typing_10000.csv,0.8589293360710144
3639,normal,window_typing_10000.csv,0.8683346509933472
3640,normal,window_typing_10000.csv,0.855614185333252
3641,normal,window_typing_10000.csv,0.8341168761253357
3642,normal,window_typing_10000.csv,0.8180667161941528
3643,normal,window_typing_10000.csv,0.8183263540267944
3644,normal,window_typing_10000.csv,0.637763500213623
3645,normal,window_typing_10000.csv,0.6283532381057739
3646,normal,window_typing_10000.csv,0.5940486192703247
3647,normal,window_typing_10000.csv,0.5781056880950928
3648,normal,window_typing_10000.csv,0.5748873353004456
3649,normal,window_typing_10000.csv,0.5683491230010986
3650,normal,window_typing_10000.csv,0.6862862706184387
3651,normal,window_typing_10000.csv,0.7038514614105225
3652,normal,window_typing_10000.csv,0.6910955905914307
3653,normal,window_typing_10000.csv,0.6852543950080872
3654,normal,window_typing_10000.csv,0.8026058673858643
3655,normal,window_typing_10000.csv,0.815709114074707
3656,normal,window_typing_10000.csv,0.820716142654419
3657,normal,window_typing_10000.csv,0.8173906207084656
3658,normal,window_typing_10000.csv,0.7971581816673279
3659,normal,window_typing_10000.csv,0.8003232479095459
3660,normal,window_typing_10000.csv,0.8122010827064514
3661,normal,window_typing_10000.csv,0.8329926133155823
3662,normal,window_typing_10000.csv,0.8343408703804016
3663,normal,window_typing_10000.csv,0.8384140729904175
3664,normal,window_typing_10000.csv,0.8475150465965271
3665,normal,window_typing_10000.csv,0.8220356106758118
3666,normal,window_typing_10000.csv,0.8072106242179871
3667,normal,window_typing_10000.csv,0.7991142272949219
3668,normal,window_typing_10000.csv,0.7912341952323914
3669,normal,window_typing_10000.csv,0.7782979011535645
3670,normal,window_typing_10000.csv,0.7684617638587952
3671,normal,window_typing_10000.csv,0.7572476267814636
3672,normal,window_typing_10000.csv,0.7494406700134277
3673,normal,window_typing_10000.csv,0.7574084997177124
3674,normal,window_typing_10000.csv,0.7364156246185303
3675,normal,window_typing_10000.csv,0.6871232986450195
3676,normal,window_typing_10000.csv,0.654699444770813
3677,normal,window_typing_10000.csv,0.6567384600639343
3678,normal,window_typing_10000.csv,0.6425927877426147
3679,normal,window_typing_10000.csv,0.6401199698448181
3680,normal,window_typing_10000.csv,0.6418882012367249
3681,normal,window_typing_10000.csv,0.6365649104118347
3682,normal,window_typing_10000.csv,0.638368546962738
3683,normal,window_typing_10000.csv,0.6295701265335083
3684,normal,window_typing_10000.csv,0.6307429671287537
3685,normal,window_typing_10000.csv,0.6322038173675537
3686,normal,window_typing_10000.csv,0.6332858800888062
3687,normal,window_typing_10000.csv,0.6387490034103394
3688,normal,window_typing_10000.csv,0.6391903162002563
3689,normal,window_typing_10000.csv,0.6389364004135132
3690,normal,window_typing_10000.csv,0.6237501502037048
3691,normal,window_typing_10000.csv,0.6070356369018555
3692,normal,window_typing_10000.csv,0.5972827672958374
3693,normal,window_typing_10000.csv,0.6005995869636536
3694,normal,window_typing_10000.csv,0.6122278571128845
3695,normal,window_typing_10000.csv,0.7479469180107117
3696,normal,window_typing_10000.csv,0.7742692232131958
3697,normal,window_typing_10000.csv,0.7755691409111023
3698,normal,window_typing_10000.csv,0.7737447619438171
3699,normal,window_typing_10000.csv,0.7762477397918701
3700,normal,window_typing_10000.csv,0.6431227922439575
3701,normal,window_typing_10000.csv,0.6394606232643127
3702,normal,window_typing_10000.csv,0.8798248767852783
3703,normal,window_typing_10000.csv,0.8805094957351685
3704,normal,window_typing_10000.csv,0.7590917348861694
3705,normal,window_typing_10000.csv,0.7220905423164368
3706,normal,window_typing_10000.csv,0.7218030691146851
3707,normal,window_typing_10000.csv,0.7291703224182129
3708,normal,window_typing_10000.csv,0.7958889603614807
3709,normal,window_typing_10000.csv,0.831242024898529
3710,normal,window_typing_10000.csv,0.8863449692726135
3711,normal,window_typing_10000.csv,0.881477952003479
3712,normal,window_typing_10000.csv,0.8590665459632874
3713,normal,window_typing_10000.csv,0.8403420448303223
3714,normal,window_typing_10000.csv,0.7960067391395569
3715,normal,window_typing_10000.csv,0.7796751260757446
3716,normal,window_typing_10000.csv,0.7660549283027649
3717,normal,window_typing_10000.csv,0.7643274068832397
3718,normal,window_typing_10000.csv,0.7769718170166016
3719,normal,window_typing_10000.csv,0.7696653604507446
3720,normal,window_typing_10000.csv,0.7902407050132751
3721,normal,window_typing_10000.csv,0.7915148138999939
3722,normal,window_typing_10000.csv,0.7919766902923584
3723,normal,window_typing_10000.csv,0.7910650968551636
3724,normal,window_typing_10000.csv,0.8048381209373474
3725,normal,window_typing_10000.csv,0.8037410378456116
3726,normal,window_typing_10000.csv,0.7961519360542297
3727,normal,window_typing_10000.csv,0.8010784983634949
3728,normal,window_typing_10000.csv,0.8010665774345398
3729,normal,window_typing_10000.csv,0.7992914319038391
3730,normal,window_typing_10000.csv,0.8011016249656677
3731,normal,window_typing_10000.csv,0.7946503758430481
3732,normal,window_typing_10000.csv,0.9057635068893433
3733,normal,window_typing_10000.csv,0.9284615516662598
3734,normal,window_typing_10000.csv,0.9339664578437805
3735,normal,window_typing_10000.csv,0.9339138269424438
3736,normal,window_typing_10000.csv,0.9521072506904602
3737,normal,window_typing_10000.csv,0.9833400249481201
3738,normal,window_typing_10000.csv,1.0196120738983154
3739,normal,window_typing_10000.csv,1.0240211486816406
3740,normal,window_typing_10000.csv,1.0325199365615845
3741,normal,window_typing_10000.csv,1.045728325843811
3742,normal,window_typing_10000.csv,1.0624268054962158
3743,normal,window_typing_10000.csv,1.0629349946975708
3744,normal,window_typing_10000.csv,1.0561020374298096
3745,normal,window_typing_10000.csv,0.9245117902755737
3746,normal,window_typing_10000.csv,0.8916804790496826
3747,normal,window_typing_10000.csv,0.8866904377937317
3748,normal,window_typing_10000.csv,0.888676643371582
3749,normal,window_typing_10000.csv,0.8908829689025879
3750,normal,window_typing_10000.csv,0.8962345123291016
3751,normal,window_typing_10000.csv,0.9008938670158386
3752,normal,window_typing_10000.csv,0.7784114480018616
3753,normal,window_typing_10000.csv,0.8480830788612366
3754,normal,window_typing_10000.csv,0.8749797344207764
3755,normal,window_typing_10000.csv,0.8579049110412598
3756,normal,window_typing_10000.csv,0.900560200214386
3757,normal,window_typing_10000.csv,0.9562222957611084
3758,normal,window_typing_10000.csv,0.8297497630119324
3759,normal,window_typing_10000.csv,0.7434839010238647
3760,normal,window_typing_10000.csv,0.6546440720558167
3761,normal,window_typing_10000.csv,0.6107361316680908
3762,normal,window_typing_10000.csv,0.5757105946540833
3763,normal,window_typing_10000.csv,0.5715979933738708
3764,normal,window_typing_10000.csv,0.5780484676361084
3765,normal,window_typing_10000.csv,0.5767791271209717
3766,normal,window_typing_10000.csv,0.5701481103897095
3767,normal,window_typing_10000.csv,0.563868522644043
3768,normal,window_typing_10000.csv,0.5543930530548096
3769,normal,window_typing_10000.csv,0.5474932193756104
3770,normal,window_typing_10000.csv,0.5595415830612183
3771,normal,window_typing_10000.csv,0.5554157495498657
3772,normal,window_typing_10000.csv,0.5569014549255371
3773,normal,window_typing_10000.csv,0.5535148978233337
3774,normal,window_typing_10000.csv,0.544422447681427
3775,normal,window_typing_10000.csv,0.542434811592102
3776,normal,window_typing_10000.csv,0.537079393863678
3777,normal,window_typing_10000.csv,0.5419022440910339
3778,normal,window_typing_10000.csv,0.5490518808364868
3779,normal,window_typing_10000.csv,0.5549758672714233
3780,normal,window_typing_10000.csv,0.5667197108268738
3781,normal,window_typing_10000.csv,0.5970149636268616
3782,normal,window_typing_10000.csv,0.4851955473423004
3783,normal,window_typing_10000.csv,0.42813971638679504
3784,normal,window_typing_10000.csv,0.4157950282096863
3785,normal,window_typing_10000.csv,0.4077779948711395
3786,normal,window_typing_10000.csv,0.37245795130729675
3787,normal,window_typing_10000.csv,0.3438479006290436
3788,normal,window_typing_10000.csv,0.3163159191608429
3789,normal,window_typing_10000.csv,0.3232190012931824
3790,normal,window_typing_10000.csv,0.3259217441082001
3791,normal,window_typing_10000.csv,0.3519635796546936
3792,normal,window_typing_10000.csv,0.3523913025856018
3793,normal,window_typing_10000.csv,0.35690799355506897
3794,normal,window_typing_10000.csv,0.35674819350242615
3795,normal,window_typing_10000.csv,0.3582836091518402
3796,normal,window_typing_10000.csv,0.3496007025241852
3797,normal,window_typing_10000.csv,0.3775477707386017
3798,normal,window_typing_10000.csv,0.38885724544525146
3799,normal,window_typing_10000.csv,0.4102739095687866
3800,normal,window_typing_10000.csv,0.42400044202804565
3801,normal,window_typing_10000.csv,0.4298679828643799
3802,normal,window_typing_10000.csv,0.45647644996643066
3803,normal,window_typing_10000.csv,0.4471299648284912
3804,normal,window_typing_10000.csv,0.48163753747940063
3805,normal,window_typing_10000.csv,0.5106111764907837
3806,normal,window_typing_10000.csv,0.5525588393211365
3807,normal,window_typing_10000.csv,0.5826647281646729
3808,normal,window_typing_10000.csv,0.5989397764205933
3809,normal,window_typing_10000.csv,0.5987913012504578
3810,normal,window_typing_10000.csv,0.5928868651390076
3811,normal,window_typing_10000.csv,0.5756751298904419
3812,normal,window_typing_10000.csv,0.5426695942878723
3813,normal,window_typing_10000.csv,0.5143612623214722
3814,normal,window_typing_10000.csv,0.5115142464637756
3815,normal,window_typing_10000.csv,0.5084262490272522
3816,normal,window_typing_10000.csv,0.5067659020423889
3817,normal,window_typing_10000.csv,0.5137984752655029
3818,normal,window_typing_10000.csv,0.5333588719367981
3819,normal,window_typing_10000.csv,0.55070960521698
3820,normal,window_typing_10000.csv,0.5380514860153198
3821,normal,window_typing_10000.csv,0.5401600003242493
3822,normal,window_typing_10000.csv,0.5203561186790466
3823,normal,window_typing_10000.csv,0.5012762546539307
3824,normal,window_typing_10000.csv,0.49031972885131836
3825,normal,window_typing_10000.csv,0.47556889057159424
3826,normal,window_typing_10000.csv,0.4671706557273865
3827,normal,window_typing_10000.csv,0.45207658410072327
3828,normal,window_typing_10000.csv,0.44474896788597107
3829,normal,window_typing_10000.csv,0.43849119544029236
3830,normal,window_typing_10000.csv,0.4390298128128052
3831,normal,window_typing_10000.csv,0.440687358379364
3832,normal,window_typing_10000.csv,0.4384137988090515
3833,normal,window_typing_10000.csv,0.4274933934211731
3834,normal,window_typing_10000.csv,0.4192654490470886
3835,normal,window_typing_10000.csv,0.40623584389686584
3836,normal,window_typing_10000.csv,0.4083561301231384
3837,normal,window_typing_10000.csv,0.39163702726364136
3838,normal,window_typing_10000.csv,0.37761190533638
3839,normal,window_typing_10000.csv,0.36660200357437134
3840,normal,window_typing_10000.csv,0.35380709171295166
3841,normal,window_typing_10000.csv,0.34553036093711853
3842,normal,window_typing_10000.csv,0.3363005816936493
3843,normal,window_typing_10000.csv,0.46009212732315063
3844,normal,window_typing_10000.csv,0.4756912291049957
3845,normal,window_typing_10000.csv,0.47642782330513
3846,normal,window_typing_10000.csv,0.488809734582901
3847,normal,window_typing_10000.csv,0.46991777420043945
3848,normal,window_typing_10000.csv,0.47278735041618347
3849,normal,window_typing_10000.csv,0.46533334255218506
3850,normal,window_typing_10000.csv,0.4685165286064148
3851,normal,window_typing_10000.csv,0.46136385202407837
3852,normal,window_typing_10000.csv,0.435785710811615
3853,normal,window_typing_10000.csv,0.4359845221042633
3854,normal,window_typing_10000.csv,0.43472009897232056
3855,normal,window_typing_10000.csv,0.44340938329696655
3856,normal,window_typing_10000.csv,0.5527978539466858
3857,normal,window_typing_10000.csv,0.5405423045158386
3858,normal,window_typing_10000.csv,0.5284284949302673
3859,normal,window_typing_10000.csv,0.520588755607605
3860,normal,window_typing_10000.csv,0.5165344476699829
3861,normal,window_typing_10000.csv,0.5240287780761719
3862,normal,window_typing_10000.csv,0.5220119953155518
3863,normal,window_typing_10000.csv,0.5148670077323914
3864,normal,window_typing_10000.csv,0.5101085305213928
3865,normal,window_typing_10000.csv,0.5075418949127197
3866,normal,window_typing_10000.csv,0.5053443312644958
3867,normal,window_typing_10000.csv,0.6450384855270386
3868,normal,window_typing_10000.csv,0.6601088643074036
3869,normal,window_typing_10000.csv,0.6784258484840393
3870,normal,window_typing_10000.csv,0.6844460964202881
3871,normal,window_typing_10000.csv,0.7104884386062622
3872,normal,window_typing_10000.csv,0.7137058973312378
3873,normal,window_typing_10000.csv,0.7168048620223999
3874,normal,window_typing_10000.csv,0.7109999060630798
3875,normal,window_typing_10000.csv,0.7071720361709595
3876,normal,window_typing_10000.csv,0.7041260600090027
3877,normal,window_typing_10000.csv,0.7051030397415161
3878,normal,window_typing_10000.csv,0.7131227254867554
3879,normal,window_typing_10000.csv,0.723006010055542
3880,normal,window_typing_10000.csv,0.7315155267715454
3881,normal,window_typing_10000.csv,0.7366943359375
3882,normal,window_typing_10000.csv,0.7395814657211304
3883,normal,window_typing_10000.csv,0.7485084533691406
3884,normal,window_typing_10000.csv,0.7566512227058411
3885,normal,window_typing_10000.csv,0.7958817481994629
3886,normal,window_typing_10000.csv,0.8049209117889404
3887,normal,window_typing_10000.csv,0.8114274144172668
3888,normal,window_typing_10000.csv,0.8004612326622009
3889,normal,window_typing_10000.csv,0.7784827351570129
3890,normal,window_typing_10000.csv,0.769463300704956
3891,normal,window_typing_10000.csv,0.7559506893157959
3892,normal,window_typing_10000.csv,0.7674285173416138
3893,normal,window_typing_10000.csv,0.6485511064529419
3894,normal,window_typing_10000.csv,0.6384238004684448
3895,normal,window_typing_10000.csv,0.6370271444320679
3896,normal,window_typing_10000.csv,0.6358953714370728
3897,normal,window_typing_10000.csv,0.639843761920929
3898,normal,window_typing_10000.csv,0.6314573287963867
3899,normal,window_typing_10000.csv,0.6349508166313171
3900,normal,window_typing_10000.csv,0.7515550255775452
3901,normal,window_typing_10000.csv,0.7614591121673584
3902,normal,window_typing_10000.csv,0.7598247528076172
3903,normal,window_typing_10000.csv,0.7568454742431641
3904,normal,window_typing_10000.csv,0.7518191933631897
3905,normal,window_typing_10000.csv,0.7460528612136841
3906,normal,window_typing_10000.csv,0.6236125230789185
3907,normal,window_typing_10000.csv,0.6128104329109192
3908,normal,window_typing_10000.csv,0.613972008228302
3909,normal,window_typing_10000.csv,0.6206586956977844
3910,normal,window_typing_10000.csv,0.6357535719871521
3911,normal,window_typing_10000.csv,0.6329857110977173
3912,normal,window_typing_10000.csv,0.635013997554779
3913,normal,window_typing_10000.csv,0.6327203512191772
3914,normal,window_typing_10000.csv,0.6287586688995361
3915,normal,window_typing_10000.csv,0.627479076385498
3916,normal,window_typing_10000.csv,0.6215669512748718
3917,normal,window_typing_10000.csv,0.4868457019329071
3918,normal,window_typing_10000.csv,0.46088501811027527
3919,normal,window_typing_10000.csv,0.46141090989112854
3920,normal,window_typing_10000.csv,0.45099300146102905
3921,normal,window_typing_10000.csv,0.4277735948562622
3922,normal,window_typing_10000.csv,0.42823582887649536
3923,normal,window_typing_10000.csv,0.42861127853393555
3924,normal,window_typing_10000.csv,0.42683589458465576
3925,normal,window_typing_10000.csv,0.4293438196182251
3926,normal,window_typing_10000.csv,0.43129026889801025
3927,normal,window_typing_10000.csv,0.43655264377593994
3928,normal,window_typing_10000.csv,0.43675175309181213
3929,normal,window_typing_10000.csv,0.5725622773170471
3930,normal,window_typing_10000.csv,0.6145046949386597
3931,normal,window_typing_10000.csv,0.6154624223709106
3932,normal,window_typing_10000.csv,0.6293768882751465
3933,normal,window_typing_10000.csv,0.6459899544715881
3934,normal,window_typing_10000.csv,0.6595919728279114
3935,normal,window_typing_10000.csv,0.6447226405143738
3936,normal,window_typing_10000.csv,0.6519142389297485
3937,normal,window_typing_10000.csv,0.6763994693756104
3938,normal,window_typing_10000.csv,0.6725404262542725
3939,normal,window_typing_10000.csv,0.6681393980979919
3940,normal,window_typing_10000.csv,0.6687458157539368
3941,normal,window_typing_10000.csv,0.6667438745498657
3942,normal,window_typing_10000.csv,0.6507833003997803
3943,normal,window_typing_10000.csv,0.6448473334312439
3944,normal,window_typing_10000.csv,0.6354937553405762
3945,normal,window_typing_10000.csv,0.6345887184143066
3946,normal,window_typing_10000.csv,0.6278214454650879
3947,normal,window_typing_10000.csv,0.6233064532279968
3948,normal,window_typing_10000.csv,0.6242339015007019
3949,normal,window_typing_10000.csv,0.6173234581947327
3950,normal,window_typing_10000.csv,0.4892231523990631
3951,normal,window_typing_10000.csv,0.47081610560417175
3952,normal,window_typing_10000.csv,0.47327911853790283
3953,normal,window_typing_10000.csv,0.47217318415641785
3954,normal,window_typing_10000.csv,0.4749982953071594
3955,normal,window_typing_10000.csv,0.47543373703956604
3956,normal,window_typing_10000.csv,0.47181859612464905
3957,normal,window_typing_10000.csv,0.47584572434425354
3958,normal,window_typing_10000.csv,0.486665278673172
3959,normal,window_typing_10000.csv,0.4856638014316559
3960,normal,window_typing_10000.csv,0.4810073971748352
3961,normal,window_typing_10000.csv,0.4705599844455719
3962,normal,window_typing_10000.csv,0.4608950912952423
3963,normal,window_typing_10000.csv,0.461904376745224
3964,normal,window_typing_10000.csv,0.4645322263240814
3965,normal,window_typing_10000.csv,0.46421265602111816
3966,normal,window_typing_10000.csv,0.4644274115562439
3967,normal,window_typing_10000.csv,0.4677150845527649
3968,normal,window_typing_10000.csv,0.4683080315589905
3969,normal,window_typing_10000.csv,0.4578245282173157
3970,normal,window_typing_10000.csv,0.451452374458313
3971,normal,window_typing_10000.csv,0.4494081139564514
3972,normal,window_typing_10000.csv,0.4440827965736389
3973,normal,window_typing_10000.csv,0.4337552785873413
3974,normal,window_typing_10000.csv,0.4353387951850891
3975,normal,window_typing_10000.csv,0.4390445649623871
3976,normal,window_typing_10000.csv,0.4435059726238251
3977,normal,window_typing_10000.csv,0.4447934031486511
3978,normal,window_typing_10000.csv,0.44722509384155273
3979,normal,window_typing_10000.csv,0.31354814767837524
3980,normal,window_typing_10000.csv,0.2757096588611603
3981,normal,window_typing_10000.csv,0.28189370036125183
3982,normal,window_typing_10000.csv,0.28262293338775635
3983,normal,window_typing_10000.csv,0.279401957988739
3984,normal,window_typing_10000.csv,0.2729414701461792
3985,normal,window_typing_10000.csv,0.2672741115093231
3986,normal,window_typing_10000.csv,0.26081234216690063
3987,normal,window_typing_10000.csv,0.23937074840068817
3988,normal,window_typing_10000.csv,0.24809794127941132
3989,normal,window_typing_10000.csv,0.2540624439716339
3990,normal,window_typing_10000.csv,0.2533339262008667
3991,normal,window_typing_10000.csv,0.3885098397731781
3992,normal,window_typing_10000.csv,0.4260398745536804
3993,normal,window_typing_10000.csv,0.4244249165058136
3994,normal,window_typing_10000.csv,0.4219752848148346
3995,normal,window_typing_10000.csv,0.4163391888141632
3996,normal,window_typing_10000.csv,0.41196906566619873
3997,normal,window_typing_10000.csv,0.4331415295600891
3998,normal,window_typing_10000.csv,0.43038150668144226
3999,normal,window_typing_10000.csv,0.5565868616104126
4000,normal,window_typing_10000.csv,0.5740919709205627
4001,normal,window_typing_10000.csv,0.5771018266677856
4002,normal,window_typing_10000.csv,0.5747416019439697
4003,normal,window_typing_10000.csv,0.5729454159736633
4004,normal,window_typing_10000.csv,0.5686347484588623
4005,normal,window_typing_10000.csv,0.5693066120147705
4006,normal,window_typing_10000.csv,0.5711527466773987
4007,normal,window_typing_10000.csv,0.570923388004303
4008,normal,window_typing_10000.csv,0.5606429576873779
4009,normal,window_typing_10000.csv,0.5621792078018188
4010,normal,window_typing_10000.csv,0.5512011051177979
4011,normal,window_typing_10000.csv,0.5625432729721069
4012,normal,window_typing_10000.csv,0.5630994439125061
4013,normal,window_typing_10000.csv,0.5632320642471313
4014,normal,window_typing_10000.csv,0.5638720989227295
4015,normal,window_typing_10000.csv,0.5640997886657715
4016,normal,window_typing_10000.csv,0.5629264116287231
4017,normal,window_typing_10000.csv,0.5625513195991516
4018,normal,window_typing_10000.csv,0.5774632692337036
4019,normal,window_typing_10000.csv,0.5861987471580505
4020,normal,window_typing_10000.csv,0.5949741005897522
4021,normal,window_typing_10000.csv,0.5937313437461853
4022,normal,window_typing_10000.csv,0.5923792719841003
4023,normal,window_typing_10000.csv,0.5940076112747192
4024,normal,window_typing_10000.csv,0.5942865610122681
4025,normal,window_typing_10000.csv,0.5913170576095581
4026,normal,window_typing_10000.csv,0.5875113010406494
4027,normal,window_typing_10000.csv,0.5838082432746887
4028,normal,window_typing_10000.csv,0.5806995630264282
4029,normal,window_typing_10000.csv,0.5782410502433777
4030,normal,window_typing_10000.csv,0.5801985859870911
4031,normal,window_typing_10000.csv,0.5771920084953308
4032,normal,window_typing_10000.csv,0.5879578590393066
4033,normal,window_typing_10000.csv,0.5941734313964844
4034,normal,window_typing_10000.csv,0.591884434223175
4035,normal,window_typing_10000.csv,0.589760959148407
4036,normal,window_typing_10000.csv,0.588531494140625
4037,normal,window_typing_10000.csv,0.5886205434799194
4038,normal,window_typing_10000.csv,0.5809659957885742
4039,normal,window_typing_10000.csv,0.7062714695930481
4040,normal,window_typing_10000.csv,0.7271139025688171
4041,normal,window_typing_10000.csv,0.6018955111503601
4042,normal,window_typing_10000.csv,0.5587080717086792
4043,normal,window_typing_10000.csv,0.5682960152626038
4044,normal,window_typing_10000.csv,0.6957800984382629
4045,normal,window_typing_10000.csv,0.7139428853988647
4046,normal,window_typing_10000.csv,0.7208927273750305
4047,normal,window_typing_10000.csv,0.6969020962715149
4048,normal,window_typing_10000.csv,0.7254255414009094
4049,normal,window_typing_10000.csv,0.5907936096191406
4050,normal,window_typing_10000.csv,0.572087824344635
4051,normal,window_typing_10000.csv,0.5722647309303284
4052,normal,window_typing_10000.csv,0.5730983018875122
4053,normal,window_typing_10000.csv,0.573643147945404
4054,normal,window_typing_10000.csv,0.5765582323074341
4055,normal,window_typing_10000.csv,0.5717726349830627
4056,normal,window_typing_10000.csv,0.569288969039917
4057,normal,window_typing_10000.csv,0.5910882949829102
4058,normal,window_typing_10000.csv,0.5899751782417297
4059,normal,window_typing_10000.csv,0.591702938079834
4060,normal,window_typing_10000.csv,0.5956441760063171
4061,normal,window_typing_10000.csv,0.5857204794883728
4062,normal,window_typing_10000.csv,0.5826012492179871
4063,normal,window_typing_10000.csv,0.57734215259552
4064,normal,window_typing_10000.csv,0.5846253037452698
4065,normal,window_typing_10000.csv,0.5852844715118408
4066,normal,window_typing_10000.csv,0.5918018817901611
4067,normal,window_typing_10000.csv,0.5959283113479614
4068,normal,window_typing_10000.csv,0.5823741555213928
4069,normal,window_typing_10000.csv,0.5739813446998596
4070,normal,window_typing_10000.csv,0.5651638507843018
4071,normal,window_typing_10000.csv,0.5663564205169678
4072,normal,window_typing_10000.csv,0.5688220262527466
4073,normal,window_typing_10000.csv,0.569733202457428
4074,normal,window_typing_10000.csv,0.5694499015808105
4075,normal,window_typing_10000.csv,0.5685619711875916
4076,normal,window_typing_10000.csv,0.5681194067001343
4077,normal,window_typing_10000.csv,0.6982061862945557
4078,normal,window_typing_10000.csv,0.7205821871757507
4079,normal,window_typing_10000.csv,0.7306877374649048
4080,normal,window_typing_10000.csv,0.7345172166824341
4081,normal,window_typing_10000.csv,0.7644765377044678
4082,normal,window_typing_10000.csv,0.7627612352371216
4083,normal,window_typing_10000.csv,0.7606965899467468
4084,normal,window_typing_10000.csv,0.7801478505134583
4085,normal,window_typing_10000.csv,0.7844200730323792
4086,normal,window_typing_10000.csv,0.7878186106681824
4087,normal,window_typing_10000.csv,0.7834897637367249
4088,normal,window_typing_10000.csv,0.7826412916183472
4089,normal,window_typing_10000.csv,0.6511210203170776
4090,normal,window_typing_10000.csv,0.6181854605674744
4091,normal,window_typing_10000.csv,0.6086425185203552
4092,normal,window_typing_10000.csv,0.6089184284210205
4093,normal,window_typing_10000.csv,0.6047520041465759
4094,normal,window_typing_10000.csv,0.46916937828063965
4095,normal,window_typing_10000.csv,0.44978854060173035
4096,normal,window_typing_10000.csv,0.44978222250938416
4097,normal,window_typing_10000.csv,0.45090916752815247
4098,normal,window_typing_10000.csv,0.4315038323402405
4099,normal,window_typing_10000.csv,0.4384894073009491
4100,normal,window_typing_10000.csv,0.4407305121421814
4101,normal,window_typing_10000.csv,0.441034734249115
4102,normal,window_typing_10000.csv,0.446323037147522
4103,normal,window_typing_10000.csv,0.4499397277832031
4104,normal,window_typing_10000.csv,0.4492756426334381
4105,normal,window_typing_10000.csv,0.4508759677410126
4106,normal,window_typing_10000.csv,0.4466693103313446
4107,normal,window_typing_10000.csv,0.4329195022583008
4108,normal,window_typing_10000.csv,0.4322982430458069
4109,normal,window_typing_10000.csv,0.43231484293937683
4110,normal,window_typing_10000.csv,0.4283234477043152
4111,normal,window_typing_10000.csv,0.428722083568573
4112,normal,window_typing_10000.csv,0.43066316843032837
4113,normal,window_typing_10000.csv,0.42960360646247864
4114,normal,window_typing_10000.csv,0.4181143343448639
4115,normal,window_typing_10000.csv,0.4235754609107971
4116,normal,window_typing_10000.csv,0.41397541761398315
4117,normal,window_typing_10000.csv,0.41030728816986084
4118,normal,window_typing_10000.csv,0.4080497920513153
4119,normal,window_typing_10000.csv,0.41093122959136963
4120,normal,window_typing_10000.csv,0.4120003283023834
4121,normal,window_typing_10000.csv,0.4190647006034851
4122,normal,window_typing_10000.csv,0.41661250591278076
4123,normal,window_typing_10000.csv,0.4187387526035309
4124,normal,window_typing_10000.csv,0.4199964106082916
4125,normal,window_typing_10000.csv,0.4229874610900879
4126,normal,window_typing_10000.csv,0.426177442073822
4127,normal,window_typing_10000.csv,0.2889440953731537
4128,normal,window_typing_10000.csv,0.2816438674926758
4129,normal,window_typing_10000.csv,0.27350011467933655
4130,normal,window_typing_10000.csv,0.26885986328125
4131,normal,window_typing_10000.csv,0.24103987216949463
4132,normal,window_typing_10000.csv,0.24132244288921356
4133,normal,window_typing_10000.csv,0.2441662847995758
4134,normal,window_typing_10000.csv,0.23804320394992828
4135,normal,window_typing_10000.csv,0.23867830634117126
4136,normal,window_typing_10000.csv,0.2354200780391693
4137,normal,window_typing_10000.csv,0.23119951784610748
4138,normal,window_typing_10000.csv,0.23250874876976013
4139,normal,window_typing_10000.csv,0.23081423342227936
4140,normal,window_typing_10000.csv,0.22870607674121857
4141,normal,window_typing_10000.csv,0.22901694476604462
4142,normal,window_typing_10000.csv,0.2320636361837387
4143,normal,window_typing_10000.csv,0.23576907813549042
4144,normal,window_typing_10000.csv,0.2438671886920929
4145,normal,window_typing_10000.csv,0.24785447120666504
4146,normal,window_typing_10000.csv,0.2443353235721588
4147,normal,window_typing_10000.csv,0.2388153076171875
4148,normal,window_typing_10000.csv,0.23350028693675995
4149,normal,window_typing_10000.csv,0.23020102083683014
4150,normal,window_typing_10000.csv,0.2280580997467041
4151,normal,window_typing_10000.csv,0.22592692077159882
4152,normal,window_typing_10000.csv,0.24430283904075623
4153,normal,window_typing_10000.csv,0.24606068432331085
4154,normal,window_typing_10000.csv,0.25290292501449585
4155,normal,window_typing_10000.csv,0.25153815746307373
4156,normal,window_typing_10000.csv,0.25534316897392273
4157,normal,window_typing_10000.csv,0.2537277936935425
4158,normal,window_typing_10000.csv,0.2547537684440613
4159,normal,window_typing_10000.csv,0.25137093663215637
4160,normal,window_typing_10000.csv,0.25919461250305176
4161,normal,window_typing_10000.csv,0.26512080430984497
4162,normal,window_typing_10000.csv,0.2592676877975464
4163,normal,window_typing_10000.csv,0.2586500346660614
4164,normal,window_typing_10000.csv,0.2605525553226471
4165,normal,window_typing_10000.csv,0.2529084384441376
4166,normal,window_typing_10000.csv,0.2528532147407532
4167,normal,window_typing_10000.csv,0.2535526156425476
4168,normal,window_typing_10000.csv,0.2578800916671753
4169,normal,window_typing_10000.csv,0.2527932822704315
4170,normal,window_typing_10000.csv,0.2543966770172119
4171,normal,window_typing_10000.csv,0.2446637749671936
4172,normal,window_typing_10000.csv,0.24197393655776978
4173,normal,window_typing_10000.csv,0.2412758618593216
4174,normal,window_typing_10000.csv,0.24144549667835236
4175,normal,window_typing_10000.csv,0.2467781901359558
4176,normal,window_typing_10000.csv,0.24757707118988037
4177,normal,window_typing_10000.csv,0.2556792199611664
4178,normal,window_typing_10000.csv,0.23735754191875458
4179,normal,window_typing_10000.csv,0.2582215666770935
4180,normal,window_typing_10000.csv,0.25379201769828796
4181,normal,window_typing_10000.csv,0.25354456901550293
4182,normal,window_typing_10000.csv,0.2620600163936615
4183,normal,window_typing_10000.csv,0.25231167674064636
4184,normal,window_typing_10000.csv,0.26429471373558044
4185,normal,window_typing_10000.csv,0.2570722699165344
4186,normal,window_typing_10000.csv,0.2931876480579376
4187,normal,window_typing_10000.csv,0.3237344026565552
4188,normal,window_typing_10000.csv,0.3240942656993866
4189,normal,window_typing_10000.csv,0.3286909759044647
4190,normal,window_typing_10000.csv,0.3338959515094757
4191,normal,window_typing_10000.csv,0.33789995312690735
4192,normal,window_typing_10000.csv,0.34840327501296997
4193,normal,window_typing_10000.csv,0.35034969449043274
4194,normal,window_typing_10000.csv,0.348786860704422
4195,normal,window_typing_10000.csv,0.3490375876426697
4196,normal,window_typing_10000.csv,0.3548617362976074
4197,normal,window_typing_10000.csv,0.3604468107223511
4198,normal,window_typing_10000.csv,0.37016910314559937
4199,normal,window_typing_10000.csv,0.3721305727958679
4200,normal,window_typing_10000.csv,0.36694636940956116
4201,normal,window_typing_10000.csv,0.35781538486480713
4202,normal,window_typing_10000.csv,0.33195003867149353
4203,normal,window_typing_10000.csv,0.3258277475833893
4204,normal,window_typing_10000.csv,0.3189491033554077
4205,normal,window_typing_10000.csv,0.31843435764312744
4206,normal,window_typing_10000.csv,0.3212222158908844
4207,normal,window_typing_10000.csv,0.32626980543136597
4208,normal,window_typing_10000.csv,0.3302594721317291
4209,normal,window_typing_10000.csv,0.33969056606292725
4210,normal,window_typing_10000.csv,0.3364144563674927
4211,normal,window_typing_10000.csv,0.33526989817619324
4212,normal,window_typing_10000.csv,0.3326716423034668
4213,normal,window_typing_10000.csv,0.3567239046096802
4214,normal,window_typing_10000.csv,0.36375442147254944
4215,normal,window_typing_10000.csv,0.36538153886795044
4216,normal,window_typing_10000.csv,0.3641335368156433
4217,normal,window_typing_10000.csv,0.36228108406066895
4218,normal,window_typing_10000.csv,0.3643661141395569
4219,normal,window_typing_10000.csv,0.36376941204071045
4220,normal,window_typing_10000.csv,0.3666006624698639
4221,normal,window_typing_10000.csv,0.3697030544281006
4222,normal,window_typing_10000.csv,0.36788514256477356
4223,normal,window_typing_10000.csv,0.3628612458705902
4224,normal,window_typing_10000.csv,0.3542880415916443
4225,normal,window_typing_10000.csv,0.3505893051624298
4226,normal,window_typing_10000.csv,0.3474039137363434
4227,normal,window_typing_10000.csv,0.35202327370643616
4228,normal,window_typing_10000.csv,0.35299575328826904
4229,normal,window_typing_10000.csv,0.351860374212265
4230,normal,window_typing_10000.csv,0.3509371280670166
4231,normal,window_typing_10000.csv,0.351268470287323
4232,normal,window_typing_10000.csv,0.3469524681568146
4233,normal,window_typing_10000.csv,0.3552488684654236
4234,normal,window_typing_10000.csv,0.3415093421936035
4235,normal,window_typing_10000.csv,0.3369370400905609
4236,normal,window_typing_10000.csv,0.3058300018310547
4237,normal,window_typing_10000.csv,0.284567654132843
4238,normal,window_typing_10000.csv,0.2865491807460785
4239,normal,window_typing_10000.csv,0.4111138582229614
4240,normal,window_typing_10000.csv,0.42218130826950073
4241,normal,window_typing_10000.csv,0.4126942455768585
4242,normal,window_typing_10000.csv,0.4027342200279236
4243,normal,window_typing_10000.csv,0.39650553464889526
4244,normal,window_typing_10000.csv,0.394073486328125
4245,normal,window_typing_10000.csv,0.39554092288017273
4246,normal,window_typing_10000.csv,0.41342416405677795
4247,normal,window_typing_10000.csv,0.43116316199302673
4248,normal,window_typing_10000.csv,0.43859949707984924
4249,normal,window_typing_10000.csv,0.444916695356369
4250,normal,window_typing_10000.csv,0.4421185553073883
4251,normal,window_typing_10000.csv,0.42442524433135986
4252,normal,window_typing_10000.csv,0.4031490087509155
4253,normal,window_typing_10000.csv,0.3936367630958557
4254,normal,window_typing_10000.csv,0.3854101598262787
4255,normal,window_typing_10000.csv,0.39148297905921936
4256,normal,window_typing_10000.csv,0.39308419823646545
4257,normal,window_typing_10000.csv,0.39422622323036194
4258,normal,window_typing_10000.csv,0.3950771391391754
4259,normal,window_typing_10000.csv,0.3953666090965271
4260,normal,window_typing_10000.csv,0.39455217123031616
4261,normal,window_typing_10000.csv,0.5105493068695068
4262,normal,window_typing_10000.csv,0.5347094535827637
4263,normal,window_typing_10000.csv,0.5290071368217468
4264,normal,window_typing_10000.csv,0.6475648880004883
4265,normal,window_typing_10000.csv,0.6571925282478333
4266,normal,window_typing_10000.csv,0.6605669260025024
4267,normal,window_typing_10000.csv,0.6610259413719177
4268,normal,window_typing_10000.csv,0.7673883438110352
4269,normal,window_typing_10000.csv,0.8748118281364441
4270,normal,window_typing_10000.csv,0.8942312598228455
4271,normal,window_typing_10000.csv,0.891693651676178
4272,normal,window_typing_10000.csv,0.8932187557220459
4273,normal,window_typing_10000.csv,0.8944207429885864
4274,normal,window_typing_10000.csv,0.8976425528526306
4275,normal,window_typing_10000.csv,0.9010003805160522
4276,normal,window_typing_10000.csv,0.9025418162345886
4277,normal,window_typing_10000.csv,0.8971822261810303
4278,normal,window_typing_10000.csv,0.8990820050239563
4279,normal,window_typing_10000.csv,0.8953102231025696
4280,normal,window_typing_10000.csv,0.9221625924110413
4281,normal,window_typing_10000.csv,0.920466959476471
4282,normal,window_typing_10000.csv,0.9263913631439209
4283,normal,window_typing_10000.csv,0.912712037563324
4284,normal,window_typing_10000.csv,0.912609875202179
4285,normal,window_typing_10000.csv,0.9114094972610474
4286,normal,window_typing_10000.csv,0.9122734069824219
4287,normal,window_typing_10000.csv,0.9091532826423645
4288,normal,window_typing_10000.csv,0.910180389881134
4289,normal,window_typing_10000.csv,0.8016903400421143
4290,normal,window_typing_10000.csv,0.8062797784805298
4291,normal,window_typing_10000.csv,0.8084030151367188
4292,normal,window_typing_10000.csv,0.8042858839035034
4293,normal,window_typing_10000.csv,0.8054918646812439
4294,normal,window_typing_10000.csv,0.8074394464492798
4295,normal,window_typing_10000.csv,0.8102495074272156
4296,normal,window_typing_10000.csv,0.8056710362434387
4297,normal,window_typing_10000.csv,0.8004913926124573
4298,normal,window_typing_10000.csv,0.8014757633209229
4299,normal,window_typing_10000.csv,0.8054198026657104
4300,normal,window_typing_10000.csv,0.8040966987609863
4301,normal,window_typing_10000.csv,0.8225618600845337
4302,normal,window_typing_10000.csv,0.8401731848716736
4303,normal,window_typing_10000.csv,0.8450310826301575
4304,normal,window_typing_10000.csv,0.8569046854972839
4305,normal,window_typing_10000.csv,0.8622449636459351
4306,normal,window_typing_10000.csv,0.879709780216217
4307,normal,window_typing_10000.csv,0.8971641063690186
4308,normal,window_typing_10000.csv,0.9068648815155029
4309,normal,window_typing_10000.csv,0.923615038394928
4310,normal,window_typing_10000.csv,0.9355491399765015
4311,normal,window_typing_10000.csv,0.8210760951042175
4312,normal,window_typing_10000.csv,0.8026869893074036
4313,normal,window_typing_10000.csv,0.8279635310173035
4314,normal,window_typing_10000.csv,0.6688013672828674
4315,normal,window_typing_10000.csv,0.660283088684082
4316,normal,window_typing_10000.csv,0.6661851406097412
4317,normal,window_typing_10000.csv,0.7977727055549622
4318,normal,window_typing_10000.csv,0.7088244557380676
4319,normal,window_typing_10000.csv,0.5865755677223206
4320,normal,window_typing_10000.csv,0.569081723690033
4321,normal,window_typing_10000.csv,0.5764849185943604
4322,normal,window_typing_10000.csv,0.5840265154838562
4323,normal,window_typing_10000.csv,0.5901803374290466
4324,normal,window_typing_10000.csv,0.5853273272514343
4325,normal,window_typing_10000.csv,0.5864928960800171
4326,normal,window_typing_10000.csv,0.5846569538116455
4327,normal,window_typing_10000.csv,0.5832911729812622
4328,normal,window_typing_10000.csv,0.5806869268417358
4329,normal,window_typing_10000.csv,0.5807063579559326
4330,normal,window_typing_10000.csv,0.55959153175354
4331,normal,window_typing_10000.csv,0.5593213438987732
4332,normal,window_typing_10000.csv,0.5548356175422668
4333,normal,window_typing_10000.csv,0.5570030808448792
4334,normal,window_typing_10000.csv,0.5581358671188354
4335,normal,window_typing_10000.csv,0.5607573986053467
4336,normal,window_typing_10000.csv,0.6973069310188293
4337,normal,window_typing_10000.csv,0.7109617590904236
4338,normal,window_typing_10000.csv,0.7285115718841553
4339,normal,window_typing_10000.csv,0.7187382578849792
4340,normal,window_typing_10000.csv,0.7285984754562378
4341,normal,window_typing_10000.csv,0.7371692657470703
4342,normal,window_typing_10000.csv,0.7469723224639893
4343,normal,window_typing_10000.csv,0.7559880018234253
4344,normal,window_typing_10000.csv,0.7640995979309082
4345,normal,window_typing_10000.csv,0.7804781794548035
4346,normal,window_typing_10000.csv,0.7855057716369629
4347,normal,window_typing_10000.csv,0.7973241806030273
4348,normal,window_typing_10000.csv,0.8009663224220276
4349,normal,window_typing_10000.csv,0.7952805161476135
4350,normal,window_typing_10000.csv,0.791892409324646
4351,normal,window_typing_10000.csv,0.7862076759338379
4352,normal,window_typing_10000.csv,0.7694319486618042
4353,normal,window_typing_10000.csv,0.7602699995040894
4354,normal,window_typing_10000.csv,0.7427873611450195
4355,normal,window_typing_10000.csv,0.7345548272132874
4356,normal,window_typing_10000.csv,0.7602614760398865
4357,normal,window_typing_10000.csv,0.7696676254272461
4358,normal,window_typing_10000.csv,0.787469208240509
4359,normal,window_typing_10000.csv,0.7825911641120911
4360,normal,window_typing_10000.csv,0.7803518772125244
4361,normal,window_typing_10000.csv,0.8263202905654907
4362,normal,window_typing_10000.csv,0.8279991745948792
4363,normal,window_typing_10000.csv,0.7964941263198853
4364,normal,window_typing_10000.csv,0.766374409198761
4365,normal,window_typing_10000.csv,0.7440115213394165
4366,normal,window_typing_10000.csv,0.7177618145942688
4367,normal,window_typing_10000.csv,0.591336190700531
4368,normal,window_typing_10000.csv,0.5609396696090698
4369,normal,window_typing_10000.csv,0.554982602596283
4370,normal,window_typing_10000.csv,0.5540704727172852
4371,normal,window_typing_10000.csv,0.5498892068862915
4372,normal,window_typing_10000.csv,0.5489650964736938
4373,normal,window_typing_10000.csv,0.5401038527488708
4374,normal,window_typing_10000.csv,0.5301079154014587
4375,normal,window_typing_10000.csv,0.5072689652442932
4376,normal,window_typing_10000.csv,0.4929733872413635
4377,normal,window_typing_10000.csv,0.48402953147888184
4378,normal,window_typing_10000.csv,0.4716923236846924
4379,normal,window_typing_10000.csv,0.459358274936676
4380,normal,window_typing_10000.csv,0.45095282793045044
4381,normal,window_typing_10000.csv,0.44925352931022644
4382,normal,window_typing_10000.csv,0.4415751099586487
4383,normal,window_typing_10000.csv,0.4428905248641968
4384,normal,window_typing_10000.csv,0.4437306225299835
4385,normal,window_typing_10000.csv,0.44671398401260376
4386,normal,window_typing_10000.csv,0.3222382068634033
4387,normal,window_typing_10000.csv,0.3059936463832855
4388,normal,window_typing_10000.csv,0.3204641342163086
4389,normal,window_typing_10000.csv,0.3074951469898224
4390,normal,window_typing_10000.csv,0.27372220158576965
4391,normal,window_typing_10000.csv,0.2690192759037018
4392,normal,window_typing_10000.csv,0.26596903800964355
4393,normal,window_typing_10000.csv,0.2634038031101227
4394,normal,window_typing_10000.csv,0.4094317853450775
4395,normal,window_typing_10000.csv,0.41444629430770874
4396,normal,window_typing_10000.csv,0.4113941192626953
4397,normal,window_typing_10000.csv,0.40590202808380127
4398,normal,window_typing_10000.csv,0.4183635711669922
4399,normal,window_typing_10000.csv,0.42061153054237366
4400,normal,window_typing_10000.csv,0.43548110127449036
4401,normal,window_typing_10000.csv,0.4459030032157898
4402,normal,window_typing_10000.csv,0.46116140484809875
4403,normal,window_typing_10000.csv,0.46988797187805176
4404,normal,window_typing_10000.csv,0.46832334995269775
4405,normal,window_typing_10000.csv,0.46674299240112305
4406,normal,window_typing_10000.csv,0.4580725431442261
4407,normal,window_typing_10000.csv,0.44842734932899475
4408,normal,window_typing_10000.csv,0.43740564584732056
4409,normal,window_typing_10000.csv,0.4285024404525757
4410,normal,window_typing_10000.csv,0.41937491297721863
4411,normal,window_typing_10000.csv,0.4130982756614685
4412,normal,window_typing_10000.csv,0.4045570492744446
4413,normal,window_typing_10000.csv,0.40619057416915894
4414,normal,window_typing_10000.csv,0.4063543975353241
4415,normal,window_typing_10000.csv,0.4089681804180145
4416,normal,window_typing_10000.csv,0.40656402707099915
4417,normal,window_typing_10000.csv,0.4004984200000763
4418,normal,window_typing_10000.csv,0.39097800850868225
4419,normal,window_typing_10000.csv,0.3864493668079376
4420,normal,window_typing_10000.csv,0.3995899558067322
4421,normal,window_typing_10000.csv,0.4001869261264801
4422,normal,window_typing_10000.csv,0.38996556401252747
4423,normal,window_typing_10000.csv,0.38067227602005005
4424,normal,window_typing_10000.csv,0.37240853905677795
4425,normal,window_typing_10000.csv,0.36754879355430603
4426,normal,window_typing_10000.csv,0.3664560914039612
4427,normal,window_typing_10000.csv,0.36768069863319397
4428,normal,window_typing_10000.csv,0.37139004468917847
4429,normal,window_typing_10000.csv,0.38263118267059326
4430,normal,window_typing_10000.csv,0.3786483407020569
4431,normal,window_typing_10000.csv,0.3791181743144989
4432,normal,window_typing_10000.csv,0.37936779856681824
4433,normal,window_typing_10000.csv,0.379252552986145
4434,normal,window_typing_10000.csv,0.3779980540275574
4435,normal,window_typing_10000.csv,0.3759828507900238
4436,normal,window_typing_10000.csv,0.37349069118499756
4437,normal,window_typing_10000.csv,0.3733295798301697
4438,normal,window_typing_10000.csv,0.3607344627380371
4439,normal,window_typing_10000.csv,0.36088109016418457
4440,normal,window_typing_10000.csv,0.36261481046676636
4441,normal,window_typing_10000.csv,0.36421874165534973
4442,normal,window_typing_10000.csv,0.363059937953949
4443,normal,window_typing_10000.csv,0.3617994487285614
4444,normal,window_typing_10000.csv,0.2315395474433899
4445,normal,window_typing_10000.csv,0.21762607991695404
4446,normal,window_typing_10000.csv,0.21800974011421204
4447,normal,window_typing_10000.csv,0.21663618087768555
4448,normal,window_typing_10000.csv,0.21611246466636658
4449,normal,window_typing_10000.csv,0.22039155662059784
4450,normal,window_typing_10000.csv,0.36094120144844055
4451,normal,window_typing_10000.csv,0.3790827989578247
4452,normal,window_typing_10000.csv,0.3767663538455963
4453,normal,window_typing_10000.csv,0.38535815477371216
4454,normal,window_typing_10000.csv,0.3887559473514557
4455,normal,window_typing_10000.csv,0.3941413164138794
4456,normal,window_typing_10000.csv,0.39578408002853394
4457,normal,window_typing_10000.csv,0.3932071030139923
4458,normal,window_typing_10000.csv,0.3943652808666229
4459,normal,window_typing_10000.csv,0.39189261198043823
4460,normal,window_typing_10000.csv,0.3898516297340393
4461,normal,window_typing_10000.csv,0.39115262031555176
4462,normal,window_typing_10000.csv,0.39115381240844727
4463,normal,window_typing_10000.csv,0.4210331439971924
4464,normal,window_typing_10000.csv,0.42521199584007263
4465,normal,window_typing_10000.csv,0.4233744144439697
4466,normal,window_typing_10000.csv,0.42108044028282166
4467,normal,window_typing_10000.csv,0.42057421803474426
4468,normal,window_typing_10000.csv,0.4140810966491699
4469,normal,window_typing_10000.csv,0.41082531213760376
4470,normal,window_typing_10000.csv,0.39669179916381836
4471,normal,window_typing_10000.csv,0.3859577476978302
4472,normal,window_typing_10000.csv,0.3871752917766571
4473,normal,window_typing_10000.csv,0.38939782977104187
4474,normal,window_typing_10000.csv,0.39228227734565735
4475,normal,window_typing_10000.csv,0.39574575424194336
4476,normal,window_typing_10000.csv,0.39613398909568787
4477,normal,window_typing_10000.csv,0.3969195485115051
4478,normal,window_typing_10000.csv,0.39576807618141174
4479,normal,window_typing_10000.csv,0.3796209394931793
4480,normal,window_typing_10000.csv,0.3794260323047638
4481,normal,window_typing_10000.csv,0.380052775144577
4482,normal,window_typing_10000.csv,0.38062891364097595
4483,normal,window_typing_10000.csv,0.37993213534355164
4484,normal,window_typing_10000.csv,0.3802885413169861
4485,normal,window_typing_10000.csv,0.3813779652118683
4486,normal,window_typing_10000.csv,0.3777748644351959
4487,normal,window_typing_10000.csv,0.3760043978691101
4488,normal,window_typing_10000.csv,0.37268388271331787
4489,normal,window_typing_10000.csv,0.37186458706855774
4490,normal,window_typing_10000.csv,0.37226513028144836
4491,normal,window_typing_10000.csv,0.3715391457080841
4492,normal,window_typing_10000.csv,0.3729891777038574
4493,normal,window_typing_10000.csv,0.39503851532936096
4494,normal,window_typing_10000.csv,0.392290860414505
4495,normal,window_typing_10000.csv,0.39157941937446594
4496,normal,window_typing_10000.csv,0.3893362581729889
4497,normal,window_typing_10000.csv,0.3901744782924652
4498,normal,window_typing_10000.csv,0.38824087381362915
4499,normal,window_typing_10000.csv,0.390780508518219
4500,normal,window_typing_10000.csv,0.257842481136322
4501,normal,window_typing_10000.csv,0.23953130841255188
4502,normal,window_typing_10000.csv,0.24022550880908966
4503,normal,window_typing_10000.csv,0.23991777002811432
4504,normal,window_typing_10000.csv,0.24208544194698334
4505,normal,window_typing_10000.csv,0.2608145773410797
4506,normal,window_typing_10000.csv,0.2665213942527771
4507,normal,window_typing_10000.csv,0.26844319701194763
4508,normal,window_typing_10000.csv,0.26798170804977417
4509,normal,window_typing_10000.csv,0.25898030400276184
4510,normal,window_typing_10000.csv,0.2786931097507477
4511,normal,window_typing_10000.csv,0.28238049149513245
4512,normal,window_typing_10000.csv,0.2918190658092499
4513,normal,window_typing_10000.csv,0.26868173480033875
4514,normal,window_typing_10000.csv,0.2675529420375824
4515,normal,window_typing_10000.csv,0.2709192633628845
4516,normal,window_typing_10000.csv,0.275360107421875
4517,normal,window_typing_10000.csv,0.27459532022476196
4518,normal,window_typing_10000.csv,0.2846545875072479
4519,normal,window_typing_10000.csv,0.2829449772834778
4520,normal,window_typing_10000.csv,0.27918314933776855
4521,normal,window_typing_10000.csv,0.28063005208969116
4522,normal,window_typing_10000.csv,0.28374457359313965
4523,normal,window_typing_10000.csv,0.28660616278648376
4524,normal,window_typing_10000.csv,0.29456204175949097
4525,normal,window_typing_10000.csv,0.2940101623535156
4526,normal,window_typing_10000.csv,0.296783447265625
4527,normal,window_typing_10000.csv,0.29884830117225647
4528,normal,window_typing_10000.csv,0.31869956851005554
4529,normal,window_typing_10000.csv,0.3380049467086792
4530,normal,window_typing_10000.csv,0.34911051392555237
4531,normal,window_typing_10000.csv,0.3619386851787567
4532,normal,window_typing_10000.csv,0.3644906282424927
4533,normal,window_typing_10000.csv,0.3753924071788788
4534,normal,window_typing_10000.csv,0.3675735592842102
4535,normal,window_typing_10000.csv,0.36540186405181885
4536,normal,window_typing_10000.csv,0.36634284257888794
4537,normal,window_typing_10000.csv,0.36714741587638855
4538,normal,window_typing_10000.csv,0.3680886924266815
4539,normal,window_typing_10000.csv,0.36973175406455994
4540,normal,window_typing_10000.csv,0.36331915855407715
4541,normal,window_typing_10000.csv,0.3639965057373047
4542,normal,window_typing_10000.csv,0.36326608061790466
4543,normal,window_typing_10000.csv,0.34920474886894226
4544,normal,window_typing_10000.csv,0.3596028983592987
4545,normal,window_typing_10000.csv,0.3721054792404175
4546,normal,window_typing_10000.csv,0.3716220259666443
4547,normal,window_typing_10000.csv,0.3726881146430969
4548,normal,window_typing_10000.csv,0.3756362199783325
4549,normal,window_typing_10000.csv,0.3832618296146393
4550,normal,window_typing_10000.csv,0.38800182938575745
4551,normal,window_typing_10000.csv,0.3879231810569763
4552,normal,window_typing_10000.csv,0.37809887528419495
4553,normal,window_typing_10000.csv,0.36883705854415894
4554,normal,window_typing_10000.csv,0.3645516633987427
4555,normal,window_typing_10000.csv,0.36043837666511536
4556,normal,window_typing_10000.csv,0.3588162660598755
4557,normal,window_typing_10000.csv,0.3667265474796295
4558,normal,window_typing_10000.csv,0.36760860681533813
4559,normal,window_typing_10000.csv,0.3708318769931793
4560,normal,window_typing_10000.csv,0.3463716506958008
4561,normal,window_typing_10000.csv,0.35387516021728516
4562,normal,window_typing_10000.csv,0.35169583559036255
4563,normal,window_typing_10000.csv,0.34946417808532715
4564,normal,window_typing_10000.csv,0.35666027665138245
4565,normal,window_typing_10000.csv,0.47714367508888245
4566,normal,window_typing_10000.csv,0.5065265893936157
4567,normal,window_typing_10000.csv,0.5032919049263
4568,normal,window_typing_10000.csv,0.49450942873954773
4569,normal,window_typing_10000.csv,0.4907662570476532
4570,normal,window_typing_10000.csv,0.5034024715423584
4571,normal,window_typing_10000.csv,0.5027883052825928
4572,normal,window_typing_10000.csv,0.5057473182678223
4573,normal,window_typing_10000.csv,0.515364408493042
4574,normal,window_typing_10000.csv,0.5098700523376465
4575,normal,window_typing_10000.csv,0.5175750851631165
4576,normal,window_typing_10000.csv,0.5159974098205566
4577,normal,window_typing_10000.csv,0.5253013372421265
4578,normal,window_typing_10000.csv,0.5109673738479614
4579,normal,window_typing_10000.csv,0.4986944794654846
4580,normal,window_typing_10000.csv,0.4913482964038849
4581,normal,window_typing_10000.csv,0.4828720688819885
4582,normal,window_typing_10000.csv,0.4837709069252014
4583,normal,window_typing_10000.csv,0.4755350649356842
4584,normal,window_typing_10000.csv,0.4753414988517761
4585,normal,window_typing_10000.csv,0.4762742817401886
4586,normal,window_typing_10000.csv,0.4698339104652405
4587,normal,window_typing_10000.csv,0.4647236764431
4588,normal,window_typing_10000.csv,0.4638257622718811
4589,normal,window_typing_10000.csv,0.5029784440994263
4590,normal,window_typing_10000.csv,0.5031927227973938
4591,normal,window_typing_10000.csv,0.5074796676635742
4592,normal,window_typing_10000.csv,0.5105808973312378
4593,normal,window_typing_10000.csv,0.5042934417724609
4594,normal,window_typing_10000.csv,0.505806028842926
4595,normal,window_typing_10000.csv,0.4961729645729065
4596,normal,window_typing_10000.csv,0.4945515990257263
4597,normal,window_typing_10000.csv,0.5029961466789246
4598,normal,window_typing_10000.csv,0.5059395432472229
4599,normal,window_typing_10000.csv,0.5094836950302124
4600,normal,window_typing_10000.csv,0.5134375095367432
4601,normal,window_typing_10000.csv,0.5105745196342468
4602,normal,window_typing_10000.csv,0.5106406807899475
4603,normal,window_typing_10000.csv,0.5075812339782715
4604,normal,window_typing_10000.csv,0.5077154040336609
4605,normal,window_typing_10000.csv,0.5048019886016846
4606,normal,window_typing_10000.csv,0.5013599395751953
4607,normal,window_typing_10000.csv,0.4975177049636841
4608,normal,window_typing_10000.csv,0.4977860450744629
4609,normal,window_typing_10000.csv,0.5071234703063965
4610,normal,window_typing_10000.csv,0.5106856822967529
4611,normal,window_typing_10000.csv,0.5116929411888123
4612,normal,window_typing_10000.csv,0.5132784843444824
4613,normal,window_typing_10000.csv,0.5176278948783875
4614,normal,window_typing_10000.csv,0.511074960231781
4615,normal,window_typing_10000.csv,0.38294103741645813
4616,normal,window_typing_10000.csv,0.34706926345825195
4617,normal,window_typing_10000.csv,0.34296754002571106
4618,normal,window_typing_10000.csv,0.3342597484588623
4619,normal,window_typing_10000.csv,0.3319780230522156
4620,normal,window_typing_10000.csv,0.3183550238609314
4621,normal,window_typing_10000.csv,0.3112265169620514
4622,normal,window_typing_10000.csv,0.3153156340122223
4623,normal,window_typing_10000.csv,0.3082193434238434
4624,normal,window_typing_10000.csv,0.3078017830848694
4625,normal,window_typing_10000.csv,0.2988104224205017
4626,normal,window_typing_10000.csv,0.29783570766448975
4627,normal,window_typing_10000.csv,0.2835639417171478
4628,normal,window_typing_10000.csv,0.27510300278663635
4629,normal,window_typing_10000.csv,0.26649418473243713
4630,normal,window_typing_10000.csv,0.25956833362579346
4631,normal,window_typing_10000.csv,0.2540978491306305
4632,normal,window_typing_10000.csv,0.24871648848056793
4633,normal,window_typing_10000.csv,0.2517924904823303
4634,normal,window_typing_10000.csv,0.24839471280574799
4635,normal,window_typing_10000.csv,0.27478092908859253
4636,normal,window_typing_10000.csv,0.2831829786300659
4637,normal,window_typing_10000.csv,1.1873631477355957
4638,normal,window_typing_10000.csv,1.3188847303390503
4639,normal,window_typing_10000.csv,1.2834386825561523
4640,normal,window_typing_10000.csv,1.2047232389450073
4641,normal,window_typing_10000.csv,1.2176389694213867
4642,normal,window_typing_10000.csv,1.1083613634109497
4643,normal,window_typing_10000.csv,1.0240600109100342
4644,normal,window_typing_10000.csv,1.0083404779434204
4645,normal,window_typing_10000.csv,0.9804032444953918
4646,normal,window_typing_10000.csv,0.9868783950805664
4647,normal,window_typing_10000.csv,0.8985422849655151
4648,normal,window_typing_10000.csv,0.9023315906524658
4649,normal,window_typing_10000.csv,0.8968988060951233
4650,normal,window_typing_10000.csv,0.8897542357444763
4651,normal,window_typing_10000.csv,0.9075517654418945
4652,normal,window_typing_10000.csv,0.9429993629455566
4653,normal,window_typing_10000.csv,0.9295975565910339
4654,normal,window_typing_10000.csv,0.9113894104957581
4655,normal,window_typing_10000.csv,0.9492617249488831
4656,normal,window_typing_10000.csv,1.019885540008545
4657,normal,window_typing_10000.csv,0.9711907505989075
4658,normal,window_typing_10000.csv,1.0104211568832397
4659,normal,window_typing_10000.csv,0.9949514865875244
4660,normal,window_typing_10000.csv,0.9903700947761536
4661,normal,window_typing_10000.csv,1.030245304107666
4662,normal,window_typing_10000.csv,1.0167771577835083
4663,normal,window_typing_10000.csv,1.0296192169189453
4664,normal,window_typing_10000.csv,1.031966209411621
4665,normal,window_typing_10000.csv,1.053749442100525
4666,normal,window_typing_10000.csv,1.0802239179611206
4667,normal,window_typing_10000.csv,1.1456912755966187
4668,normal,window_typing_10000.csv,1.153295874595642
4669,normal,window_typing_10000.csv,1.1427522897720337
4670,normal,window_typing_10000.csv,1.1296474933624268
4671,normal,window_typing_10000.csv,1.1035603284835815
4672,normal,window_typing_10000.csv,1.1106610298156738
4673,normal,window_typing_10000.csv,1.0936403274536133
4674,normal,window_typing_10000.csv,1.1176234483718872
4675,normal,window_typing_10000.csv,1.1380246877670288
4676,normal,window_typing_10000.csv,1.1564412117004395
4677,normal,window_typing_10000.csv,1.2829967737197876
4678,normal,window_typing_10000.csv,1.3059157133102417
4679,normal,window_typing_10000.csv,1.2714357376098633
4680,normal,window_typing_10000.csv,1.2780629396438599
4681,normal,window_typing_10000.csv,1.2993762493133545
4682,normal,window_typing_10000.csv,1.2990792989730835
4683,normal,window_typing_10000.csv,1.3534574508666992
4684,normal,window_typing_10000.csv,1.4156103134155273
4685,normal,window_typing_10000.csv,1.4671710729599
4686,normal,window_typing_10000.csv,1.6064897775650024
4687,normal,window_typing_10000.csv,0.9183031320571899
4688,normal,window_typing_10000.csv,0.8086821436882019
4689,normal,window_typing_10000.csv,0.6155394315719604
4690,normal,window_typing_10000.csv,0.5529958605766296
4691,normal,window_typing_10000.csv,0.5332196950912476
4692,normal,window_typing_10000.csv,0.5270560383796692
4693,normal,window_typing_10000.csv,0.5249063968658447
4694,normal,window_typing_10000.csv,0.5299482941627502
4695,normal,window_typing_10000.csv,0.5356190204620361
4696,normal,window_typing_10000.csv,0.5233033895492554
4697,normal,window_typing_10000.csv,0.5100398063659668
4698,normal,window_typing_10000.csv,0.49883535504341125
4699,normal,window_typing_10000.csv,0.49041011929512024
4700,normal,window_typing_10000.csv,0.486746221780777
4701,normal,window_typing_10000.csv,0.4808328449726105
4702,normal,window_typing_10000.csv,0.47433072328567505
4703,normal,window_typing_10000.csv,0.46856653690338135
4704,normal,window_typing_10000.csv,0.46084845066070557
4705,normal,window_typing_10000.csv,0.45501813292503357
4706,normal,window_typing_10000.csv,0.4418630301952362
4707,normal,window_typing_10000.csv,0.43549779057502747
4708,normal,window_typing_10000.csv,0.41031160950660706
4709,normal,window_typing_10000.csv,0.3924843370914459
4710,normal,window_typing_10000.csv,0.3655626177787781
4711,normal,window_typing_10000.csv,0.33444973826408386
4712,normal,window_typing_10000.csv,0.3296438455581665
4713,normal,window_typing_10000.csv,0.32714319229125977
4714,normal,window_typing_10000.csv,0.31446951627731323
4715,normal,window_typing_10000.csv,0.31015825271606445
4716,normal,window_typing_10000.csv,0.3080523610115051
4717,normal,window_typing_10000.csv,0.3000735938549042
4718,normal,window_typing_10000.csv,0.2958603799343109
4719,normal,window_typing_10000.csv,0.29104408621788025
4720,normal,window_typing_10000.csv,0.2752994894981384
4721,normal,window_typing_10000.csv,0.2668592631816864
4722,normal,window_typing_10000.csv,0.26230818033218384
4723,normal,window_typing_10000.csv,0.2551294267177582
4724,normal,window_typing_10000.csv,0.248198464512825
4725,normal,window_typing_10000.csv,0.24469217658042908
4726,normal,window_typing_10000.csv,0.2553147077560425
4727,normal,window_typing_10000.csv,0.236226886510849
4728,normal,window_typing_10000.csv,0.2844070494174957
4729,normal,window_typing_10000.csv,0.31789061427116394
4730,normal,window_typing_10000.csv,0.3178500831127167
4731,normal,window_typing_10000.csv,0.31181466579437256
4732,normal,window_typing_10000.csv,0.3057691156864166
4733,normal,window_typing_10000.csv,0.3055855333805084
4734,normal,window_typing_10000.csv,0.31253495812416077
4735,normal,window_typing_10000.csv,0.31679439544677734
4736,normal,window_typing_10000.csv,0.30949878692626953
4737,normal,window_typing_10000.csv,0.41547679901123047
4738,normal,window_typing_10000.csv,0.5389355421066284
4739,normal,window_typing_10000.csv,0.5463228821754456
4740,normal,window_typing_10000.csv,0.5472192168235779
4741,normal,window_typing_10000.csv,0.5384312868118286
4742,normal,window_typing_10000.csv,0.5635248422622681
4743,normal,window_typing_10000.csv,0.5679003596305847
4744,normal,window_typing_10000.csv,0.5691888928413391
4745,normal,window_typing_10000.csv,0.5755341649055481
4746,normal,window_typing_10000.csv,0.5822392702102661
4747,normal,window_typing_10000.csv,0.5924007296562195
4748,normal,window_typing_10000.csv,0.6126142144203186
4749,normal,window_typing_10000.csv,0.6187310218811035
4750,normal,window_typing_10000.csv,0.6358901858329773
4751,normal,window_typing_10000.csv,0.6573978662490845
4752,normal,window_typing_10000.csv,0.6473493576049805
4753,normal,window_typing_10000.csv,0.653130829334259
4754,normal,window_typing_10000.csv,0.6588435173034668
4755,normal,window_typing_10000.csv,0.6519637107849121
4756,normal,window_typing_10000.csv,0.6473546028137207
4757,normal,window_typing_10000.csv,0.6399108171463013
4758,normal,window_typing_10000.csv,0.6409517526626587
4759,normal,window_typing_10000.csv,0.6327604651451111
4760,normal,window_typing_10000.csv,0.660483717918396
4761,normal,window_typing_10000.csv,0.6598703265190125
4762,normal,window_typing_10000.csv,0.6520344614982605
4763,normal,window_typing_10000.csv,0.6527943015098572
4764,normal,window_typing_10000.csv,0.6591309309005737
4765,normal,window_typing_10000.csv,0.6640968918800354
4766,normal,window_typing_10000.csv,0.6745967268943787
4767,normal,window_typing_10000.csv,0.7018207907676697
4768,normal,window_typing_10000.csv,0.7189106345176697
4769,normal,window_typing_10000.csv,0.7273759841918945
4770,normal,window_typing_10000.csv,0.7368474006652832
4771,normal,window_typing_10000.csv,0.7744426727294922
4772,normal,window_typing_10000.csv,0.778007984161377
4773,normal,window_typing_10000.csv,0.8977428078651428
4774,normal,window_typing_10000.csv,0.8806660175323486
4775,normal,window_typing_10000.csv,0.8485890030860901
4776,normal,window_typing_10000.csv,0.8196438550949097
4777,normal,window_typing_10000.csv,0.8152924180030823
4778,normal,window_typing_10000.csv,0.79124915599823
4779,normal,window_typing_10000.csv,0.7883644104003906
4780,normal,window_typing_10000.csv,0.7936314344406128
4781,normal,window_typing_10000.csv,0.807844340801239
4782,normal,window_typing_10000.csv,0.8204127550125122
4783,normal,window_typing_10000.csv,0.8278325796127319
4784,normal,window_typing_10000.csv,0.8246743083000183
4785,normal,window_typing_10000.csv,0.8154332637786865
4786,normal,window_typing_10000.csv,0.8097772002220154
4787,normal,window_typing_10000.csv,0.6747219562530518
4788,normal,window_typing_10000.csv,0.532780110836029
4789,normal,window_typing_10000.csv,0.5050861835479736
4790,normal,window_typing_10000.csv,0.48866215348243713
4791,normal,window_typing_10000.csv,0.4720412492752075
4792,normal,window_typing_10000.csv,0.44454678893089294
4793,normal,window_typing_10000.csv,0.4439857006072998
4794,normal,window_typing_10000.csv,0.4515972435474396
4795,normal,window_typing_10000.csv,0.46170565485954285
4796,normal,window_typing_10000.csv,0.4587976038455963
4797,normal,window_typing_10000.csv,0.4580630958080292
4798,normal,window_typing_10000.csv,0.45095524191856384
4799,normal,window_typing_10000.csv,0.44791194796562195
4800,normal,window_typing_10000.csv,0.43158870935440063
4801,normal,window_typing_10000.csv,0.42298001050949097
4802,normal,window_typing_10000.csv,0.4172663986682892
4803,normal,window_typing_10000.csv,0.41477635502815247
4804,normal,window_typing_10000.csv,0.41511180996894836
4805,normal,window_typing_10000.csv,0.4160524904727936
4806,normal,window_typing_10000.csv,0.421804279088974
4807,normal,window_typing_10000.csv,0.4258915185928345
4808,normal,window_typing_10000.csv,0.42980876564979553
4809,normal,window_typing_10000.csv,0.4466134309768677
4810,normal,window_typing_10000.csv,0.4302346110343933
4811,normal,window_typing_10000.csv,0.42850252985954285
4812,normal,window_typing_10000.csv,0.43359413743019104
4813,normal,window_typing_10000.csv,0.4313530921936035
4814,normal,window_typing_10000.csv,0.47034135460853577
4815,normal,window_typing_10000.csv,0.47499093413352966
4816,normal,window_typing_10000.csv,0.47980329394340515
4817,normal,window_typing_10000.csv,0.4648633599281311
4818,normal,window_typing_10000.csv,0.45025399327278137
4819,normal,window_typing_10000.csv,0.4733359217643738
4820,normal,window_typing_10000.csv,0.49374625086784363
4821,normal,window_typing_10000.csv,0.4988742768764496
4822,normal,window_typing_10000.csv,0.49789339303970337
4823,normal,window_typing_10000.csv,0.3788072466850281
4824,normal,window_typing_10000.csv,0.3983036279678345
4825,normal,window_typing_10000.csv,0.4102237820625305
4826,normal,window_typing_10000.csv,0.4099849462509155
4827,normal,window_typing_10000.csv,0.411655992269516
4828,normal,window_typing_10000.csv,0.40170958638191223
4829,normal,window_typing_10000.csv,0.395876944065094
4830,normal,window_typing_10000.csv,0.38826993107795715
4831,normal,window_typing_10000.csv,0.38310667872428894
4832,normal,window_typing_10000.csv,0.3834637403488159
4833,normal,window_typing_10000.csv,0.39263516664505005
4834,normal,window_typing_10000.csv,0.4019532799720764
4835,normal,window_typing_10000.csv,0.4110088646411896
4836,normal,window_typing_10000.csv,0.4116252362728119
4837,normal,window_typing_10000.csv,0.42101582884788513
4838,normal,window_typing_10000.csv,0.43189534544944763
4839,normal,window_typing_10000.csv,0.44501370191574097
4840,normal,window_typing_10000.csv,0.4406595826148987
4841,normal,window_typing_10000.csv,0.4641898572444916
4842,normal,window_typing_10000.csv,0.47234174609184265
4843,normal,window_typing_10000.csv,0.462208092212677
4844,normal,window_typing_10000.csv,0.4511668384075165
4845,normal,window_typing_10000.csv,0.4535994529724121
4846,normal,window_typing_10000.csv,0.45212459564208984
4847,normal,window_typing_10000.csv,0.44790297746658325
4848,normal,window_typing_10000.csv,0.4482080936431885
4849,normal,window_typing_10000.csv,0.44830814003944397
4850,normal,window_typing_10000.csv,0.45690542459487915
4851,normal,window_typing_10000.csv,0.4525955021381378
4852,normal,window_typing_10000.csv,0.46965473890304565
4853,normal,window_typing_10000.csv,0.48690420389175415
4854,normal,window_typing_10000.csv,0.4739151895046234
4855,normal,window_typing_10000.csv,0.4768255949020386
4856,normal,window_typing_10000.csv,0.47325369715690613
4857,normal,window_typing_10000.csv,0.47336453199386597
4858,normal,window_typing_10000.csv,0.47814467549324036
4859,normal,window_typing_10000.csv,0.4672377109527588
4860,normal,window_typing_10000.csv,0.46337366104125977
4861,normal,window_typing_10000.csv,0.4557272791862488
4862,normal,window_typing_10000.csv,0.46027708053588867
4863,normal,window_typing_10000.csv,0.4539640545845032
4864,normal,window_typing_10000.csv,0.4392067790031433
4865,normal,window_typing_10000.csv,0.4388193190097809
4866,normal,window_typing_10000.csv,0.439785897731781
4867,normal,window_typing_10000.csv,0.45038843154907227
4868,normal,window_typing_10000.csv,0.4609667956829071
4869,normal,window_typing_10000.csv,0.46076127886772156
4870,normal,window_typing_10000.csv,0.47188231348991394
4871,normal,window_typing_10000.csv,0.4708128273487091
4872,normal,window_typing_10000.csv,0.503644585609436
4873,normal,window_typing_10000.csv,0.5199296474456787
4874,normal,window_typing_10000.csv,0.5186066031455994
4875,normal,window_typing_10000.csv,0.4796678125858307
4876,normal,window_typing_10000.csv,0.43279385566711426
4877,normal,window_typing_10000.csv,0.39904776215553284
4878,normal,window_typing_10000.csv,0.38941600918769836
4879,normal,window_typing_10000.csv,0.38437312841415405
4880,normal,window_typing_10000.csv,0.408079594373703
4881,normal,window_typing_10000.csv,0.4072093069553375
4882,normal,window_typing_10000.csv,0.4251769185066223
4883,normal,window_typing_10000.csv,0.42578157782554626
4884,normal,window_typing_10000.csv,0.4089006781578064
4885,normal,window_typing_10000.csv,0.3899003565311432
4886,normal,window_typing_10000.csv,0.37070658802986145
4887,normal,window_typing_10000.csv,0.3526463210582733
4888,normal,window_typing_10000.csv,0.34146633744239807
4889,normal,window_typing_10000.csv,0.3237804174423218
4890,normal,window_typing_10000.csv,0.30863672494888306
4891,normal,window_typing_10000.csv,0.3024529218673706
4892,normal,window_typing_10000.csv,0.3042348623275757
4893,normal,window_typing_10000.csv,0.3021729290485382
4894,normal,window_typing_10000.csv,0.30197980999946594
4895,normal,window_typing_10000.csv,0.3125140368938446
4896,normal,window_typing_10000.csv,0.3110902011394501
4897,normal,window_typing_10000.csv,0.32000061869621277
4898,normal,window_typing_10000.csv,0.31570789217948914
4899,normal,window_typing_10000.csv,0.31956836581230164
4900,normal,window_typing_10000.csv,0.3169112801551819
4901,normal,window_typing_10000.csv,0.3144102096557617
4902,normal,window_typing_10000.csv,0.30834466218948364
4903,normal,window_typing_10000.csv,0.29481950402259827
4904,normal,window_typing_10000.csv,0.29268544912338257
4905,normal,window_typing_10000.csv,0.2930830717086792
4906,normal,window_typing_10000.csv,0.2939384877681732
4907,normal,window_typing_10000.csv,0.293721467256546
4908,normal,window_typing_10000.csv,0.2937062084674835
4909,normal,window_typing_10000.csv,0.2914371192455292
4910,normal,window_typing_10000.csv,0.2927355468273163
4911,normal,window_typing_10000.csv,0.2973809838294983
4912,normal,window_typing_10000.csv,0.29347386956214905
4913,normal,window_typing_10000.csv,0.29588255286216736
4914,normal,window_typing_10000.csv,0.2969602942466736
4915,normal,window_typing_10000.csv,0.45352452993392944
4916,normal,window_typing_10000.csv,0.47820180654525757
4917,normal,window_typing_10000.csv,0.4962119460105896
4918,normal,window_typing_10000.csv,0.5258398652076721
4919,normal,window_typing_10000.csv,0.5609004497528076
4920,normal,window_typing_10000.csv,0.561543881893158
4921,normal,window_typing_10000.csv,0.5607473850250244
4922,normal,window_typing_10000.csv,0.5457738637924194
4923,normal,window_typing_10000.csv,0.5394418239593506
4924,normal,window_typing_10000.csv,0.563126802444458
4925,normal,window_typing_10000.csv,0.5986981391906738
4926,normal,window_typing_10000.csv,0.6134540438652039
4927,normal,window_typing_10000.csv,0.6365546584129333
4928,normal,window_typing_10000.csv,0.6375405192375183
4929,normal,window_typing_10000.csv,0.6235384345054626
4930,normal,window_typing_10000.csv,0.6079949736595154
4931,normal,window_typing_10000.csv,0.5873628854751587
4932,normal,window_typing_10000.csv,0.574841320514679
4933,normal,window_typing_10000.csv,0.5602867007255554
4934,normal,window_typing_10000.csv,0.5467943549156189
4935,normal,window_typing_10000.csv,0.536091148853302
4936,normal,window_typing_10000.csv,0.53159099817276
4937,normal,window_typing_10000.csv,0.5345589518547058
4938,normal,window_typing_10000.csv,0.5279557108879089
4939,normal,window_typing_10000.csv,0.6656023263931274
4940,normal,window_typing_10000.csv,0.6711456775665283
4941,normal,window_typing_10000.csv,0.6591850519180298
4942,normal,window_typing_10000.csv,0.658433735370636
4943,normal,window_typing_10000.csv,0.6616595387458801
4944,normal,window_typing_10000.csv,0.6574659943580627
4945,normal,window_typing_10000.csv,0.6479812860488892
4946,normal,window_typing_10000.csv,0.6464628577232361
4947,normal,window_typing_10000.csv,0.6375378966331482
4948,normal,window_typing_10000.csv,0.6456334590911865
4949,normal,window_typing_10000.csv,0.6480273604393005
4950,normal,window_typing_10000.csv,0.6530120968818665
4951,normal,window_typing_10000.csv,0.656409502029419
4952,normal,window_typing_10000.csv,0.6589148044586182
4953,normal,window_typing_10000.csv,0.6708068251609802
4954,normal,window_typing_10000.csv,0.6781097650527954
4955,normal,window_typing_10000.csv,0.6792638897895813
4956,normal,window_typing_10000.csv,0.6865215301513672
4957,normal,window_typing_10000.csv,0.6946513056755066
4958,normal,window_typing_10000.csv,0.6947569251060486
4959,normal,window_typing_10000.csv,0.7051826119422913
4960,normal,window_typing_10000.csv,0.7003012895584106
4961,normal,window_typing_10000.csv,0.693659245967865
4962,normal,window_typing_10000.csv,0.6844355463981628
4963,normal,window_typing_10000.csv,0.6767328381538391
4964,normal,window_typing_10000.csv,0.6787983179092407
4965,normal,window_typing_10000.csv,0.5679325461387634
4966,normal,window_typing_10000.csv,0.5537904500961304
4967,normal,window_typing_10000.csv,0.5565305352210999
4968,normal,window_typing_10000.csv,0.5622541308403015
4969,normal,window_typing_10000.csv,0.5572527050971985
4970,normal,window_typing_10000.csv,0.5675305724143982
4971,normal,window_typing_10000.csv,0.5764422416687012
4972,normal,window_typing_10000.csv,0.5483161807060242
4973,normal,window_typing_10000.csv,0.6389189958572388
4974,normal,window_typing_10000.csv,0.6627072095870972
4975,normal,window_typing_10000.csv,0.6241306662559509
4976,normal,window_typing_10000.csv,0.6130174994468689
4977,normal,window_typing_10000.csv,0.5985022783279419
4978,normal,window_typing_10000.csv,0.5888750553131104
4979,normal,window_typing_10000.csv,0.5895432829856873
4980,normal,window_typing_10000.csv,0.5889664888381958
4981,normal,window_typing_10000.csv,0.5945742726325989
4982,normal,window_typing_10000.csv,0.5917561650276184
4983,normal,window_typing_10000.csv,0.6040980815887451
4984,normal,window_typing_10000.csv,0.6110231280326843
4985,normal,window_typing_10000.csv,0.6152411103248596
4986,normal,window_typing_10000.csv,0.6170840859413147
4987,normal,window_typing_10000.csv,0.6103135943412781
4988,normal,window_typing_10000.csv,0.6091978549957275
4989,normal,window_typing_10000.csv,0.47588422894477844
4990,normal,window_typing_10000.csv,0.46611735224723816
4991,normal,window_typing_10000.csv,0.4728524386882782
4992,normal,window_typing_10000.csv,0.46910610795021057
4993,normal,window_typing_10000.csv,0.46280792355537415
4994,normal,window_typing_10000.csv,0.4625495970249176
4995,normal,window_typing_10000.csv,0.45860645174980164
4996,normal,window_typing_10000.csv,0.45993173122406006
4997,normal,window_typing_10000.csv,0.4563065469264984
4998,normal,window_typing_10000.csv,0.45534664392471313
4999,normal,window_typing_10000.csv,0.4494051933288574
5000,normal,window_typing_10000.csv,0.45027419924736023
5001,normal,window_typing_10000.csv,0.4495011270046234
5002,normal,window_typing_10000.csv,0.4494153559207916
5003,normal,window_typing_10000.csv,0.4412172734737396
5004,normal,window_typing_10000.csv,0.4401560127735138
5005,normal,window_typing_10000.csv,0.43711164593696594
5006,normal,window_typing_10000.csv,0.435177206993103
5007,normal,window_typing_10000.csv,0.4344738721847534
5008,normal,window_typing_10000.csv,0.43324729800224304
5009,normal,window_typing_10000.csv,0.4338121712207794
5010,normal,window_typing_10000.csv,0.4405275881290436
5011,normal,window_typing_10000.csv,0.44211384654045105
5012,normal,window_typing_10000.csv,0.44902360439300537
5013,normal,window_typing_10000.csv,0.4462268352508545
5014,normal,window_typing_10000.csv,0.4409986436367035
5015,normal,window_typing_10000.csv,0.42247068881988525
5016,normal,window_typing_10000.csv,0.4150235056877136
5017,normal,window_typing_10000.csv,0.40390172600746155
5018,normal,window_typing_10000.csv,0.3785807192325592
5019,normal,window_typing_10000.csv,0.385128915309906
5020,normal,window_typing_10000.csv,0.3766535520553589
5021,normal,window_typing_10000.csv,0.3851572275161743
5022,normal,window_typing_10000.csv,0.38162803649902344
5023,normal,window_typing_10000.csv,0.2447248101234436
5024,normal,window_typing_10000.csv,0.22385641932487488
5025,normal,window_typing_10000.csv,0.22946049273014069
5026,normal,window_typing_10000.csv,0.2310575395822525
5027,normal,window_typing_10000.csv,0.23198188841342926
5028,normal,window_typing_10000.csv,0.233075350522995
5029,normal,window_typing_10000.csv,0.23173321783542633
5030,normal,window_typing_10000.csv,0.23104926943778992
5031,normal,window_typing_10000.csv,0.23826082050800323
5032,normal,window_typing_10000.csv,0.2377128005027771
5033,normal,window_typing_10000.csv,0.22696663439273834
5034,normal,window_typing_10000.csv,0.22062648832798004
5035,normal,window_typing_10000.csv,0.21394678950309753
5036,normal,window_typing_10000.csv,0.20981648564338684
5037,normal,window_typing_10000.csv,0.20775142312049866
5038,normal,window_typing_10000.csv,0.21150551736354828
5039,normal,window_typing_10000.csv,0.22095422446727753
5040,normal,window_typing_10000.csv,0.21021102368831635
5041,normal,window_typing_10000.csv,0.21502172946929932
5042,normal,window_typing_10000.csv,0.21483321487903595
5043,normal,window_typing_10000.csv,0.2152804136276245
5044,normal,window_typing_10000.csv,0.21980024874210358
5045,normal,window_typing_10000.csv,0.23347893357276917
5046,normal,window_typing_10000.csv,0.22642745077610016
5047,normal,window_typing_10000.csv,0.33632993698120117
5048,normal,window_typing_10000.csv,0.3359389901161194
5049,normal,window_typing_10000.csv,0.33757469058036804
5050,normal,window_typing_10000.csv,0.3292822539806366
5051,normal,window_typing_10000.csv,0.3279268741607666
5052,normal,window_typing_10000.csv,0.33179131150245667
5053,normal,window_typing_10000.csv,0.49014753103256226
5054,normal,window_typing_10000.csv,0.5022467970848083
5055,normal,window_typing_10000.csv,0.5238425731658936
5056,normal,window_typing_10000.csv,0.5290644764900208
5057,normal,window_typing_10000.csv,0.5553903579711914
5058,normal,window_typing_10000.csv,0.5572217702865601
5059,normal,window_typing_10000.csv,0.5746657252311707
5060,normal,window_typing_10000.csv,0.5741679668426514
5061,normal,window_typing_10000.csv,0.576633632183075
5062,normal,window_typing_10000.csv,0.5769402384757996
5063,normal,window_typing_10000.csv,0.5808165669441223
5064,normal,window_typing_10000.csv,0.5795470476150513
5065,normal,window_typing_10000.csv,0.5786398649215698
5066,normal,window_typing_10000.csv,0.5767728686332703
5067,normal,window_typing_10000.csv,0.5800454616546631
5068,normal,window_typing_10000.csv,0.5945549011230469
5069,normal,window_typing_10000.csv,0.5925382375717163
5070,normal,window_typing_10000.csv,0.5953829884529114
5071,normal,window_typing_10000.csv,0.587996780872345
5072,normal,window_typing_10000.csv,0.732915461063385
5073,normal,window_typing_10000.csv,0.7466837763786316
5074,normal,window_typing_10000.csv,0.7736511826515198
5075,normal,window_typing_10000.csv,0.7747302055358887
5076,normal,window_typing_10000.csv,0.7816741466522217
5077,normal,window_typing_10000.csv,0.783462405204773
5078,normal,window_typing_10000.csv,0.8613199591636658
5079,normal,window_typing_10000.csv,0.8731529116630554
5080,normal,window_typing_10000.csv,0.8944278359413147
5081,normal,window_typing_10000.csv,0.9034306406974792
5082,normal,window_typing_10000.csv,0.9271331429481506
5083,normal,window_typing_10000.csv,0.9579753279685974
5084,normal,window_typing_10000.csv,0.9895598888397217
5085,normal,window_typing_10000.csv,1.0122689008712769
5086,normal,window_typing_10000.csv,1.0158576965332031
5087,normal,window_typing_10000.csv,1.0222735404968262
5088,normal,window_typing_10000.csv,1.019404649734497
5089,normal,window_typing_10000.csv,1.0368034839630127
5090,normal,window_typing_10000.csv,1.0457643270492554
5091,normal,window_typing_10000.csv,1.0312480926513672
5092,normal,window_typing_10000.csv,1.0294005870819092
5093,normal,window_typing_10000.csv,1.028939127922058
5094,normal,window_typing_10000.csv,1.0306484699249268
5095,normal,window_typing_10000.csv,1.0322319269180298
5096,normal,window_typing_10000.csv,1.0378087759017944
5097,normal,window_typing_10000.csv,0.9528697729110718
5098,normal,window_typing_10000.csv,0.974481999874115
5099,normal,window_typing_10000.csv,0.9844483733177185
5100,normal,window_typing_10000.csv,0.987003743648529
5101,normal,window_typing_10000.csv,0.9890733957290649
5102,normal,window_typing_10000.csv,1.0002152919769287
5103,normal,window_typing_10000.csv,0.8714434504508972
5104,normal,window_typing_10000.csv,0.849897027015686
5105,normal,window_typing_10000.csv,0.8304176926612854
5106,normal,window_typing_10000.csv,0.8074191808700562
5107,normal,window_typing_10000.csv,0.7727240920066833
5108,normal,window_typing_10000.csv,0.7663202881813049
5109,normal,window_typing_10000.csv,0.7550779581069946
5110,normal,window_typing_10000.csv,0.7530518174171448
5111,normal,window_typing_10000.csv,0.7625148296356201
5112,normal,window_typing_10000.csv,0.7763491868972778
5113,normal,window_typing_10000.csv,0.7931393980979919
5114,normal,window_typing_10000.csv,0.8174107074737549
5115,normal,window_typing_10000.csv,0.8561738133430481
5116,normal,window_typing_10000.csv,0.8692565560340881
5117,normal,window_typing_10000.csv,0.9342462420463562
5118,normal,window_typing_10000.csv,0.8854361176490784
5119,normal,window_typing_10000.csv,0.7283723950386047
5120,normal,window_typing_10000.csv,0.6675500273704529
5121,normal,window_typing_10000.csv,0.6233083009719849
5122,normal,window_typing_10000.csv,0.6260794401168823
5123,normal,window_typing_10000.csv,0.6044409275054932
5124,normal,window_typing_10000.csv,0.5854278206825256
5125,normal,window_typing_10000.csv,0.5813941955566406
5126,normal,window_typing_10000.csv,0.5471184253692627
5127,normal,window_typing_10000.csv,0.5442491173744202
5128,normal,window_typing_10000.csv,0.514196515083313
5129,normal,window_typing_10000.csv,0.5241234302520752
5130,normal,window_typing_10000.csv,0.524534285068512
5131,normal,window_typing_10000.csv,0.5380149483680725
5132,normal,window_typing_10000.csv,0.5293902158737183
5133,normal,window_typing_10000.csv,0.5210442543029785
5134,normal,window_typing_10000.csv,0.5092617273330688
5135,normal,window_typing_10000.csv,0.4984353482723236
5136,normal,window_typing_10000.csv,0.4900919497013092
5137,normal,window_typing_10000.csv,0.4852336347103119
5138,normal,window_typing_10000.csv,0.4750960171222687
5139,normal,window_typing_10000.csv,0.45980891585350037
5140,normal,window_typing_10000.csv,0.4516925811767578
5141,normal,window_typing_10000.csv,0.4525410532951355
5142,normal,window_typing_10000.csv,0.45177391171455383
5143,normal,window_typing_10000.csv,0.45120230317115784
5144,normal,window_typing_10000.csv,0.46304330229759216
5145,normal,window_typing_10000.csv,0.46248647570610046
5146,normal,window_typing_10000.csv,0.4613247811794281
5147,normal,window_typing_10000.csv,0.4590321481227875
5148,normal,window_typing_10000.csv,0.4553264081478119
5149,normal,window_typing_10000.csv,0.5942205786705017
5150,normal,window_typing_10000.csv,0.6149635314941406
5151,normal,window_typing_10000.csv,0.6207554340362549
5152,normal,window_typing_10000.csv,0.6122692227363586
5153,normal,window_typing_10000.csv,0.7427327632904053
5154,normal,window_typing_10000.csv,0.764241099357605
5155,normal,window_typing_10000.csv,0.7670656442642212
5156,normal,window_typing_10000.csv,0.7662043571472168
5157,normal,window_typing_10000.csv,0.7897775173187256
5158,normal,window_typing_10000.csv,0.7917554378509521
5159,normal,window_typing_10000.csv,0.7944539189338684
5160,normal,window_typing_10000.csv,0.7958186864852905
5161,normal,window_typing_10000.csv,0.7994285225868225
5162,normal,window_typing_10000.csv,0.8176110982894897
5163,normal,window_typing_10000.csv,0.8192382454872131
5164,normal,window_typing_10000.csv,0.8235108852386475
5165,normal,window_typing_10000.csv,0.8210470080375671
5166,normal,window_typing_10000.csv,0.8210214972496033
5167,normal,window_typing_10000.csv,0.8211590051651001
5168,normal,window_typing_10000.csv,0.8243321776390076
5169,normal,window_typing_10000.csv,0.8274915814399719
5170,normal,window_typing_10000.csv,0.8317994475364685
5171,normal,window_typing_10000.csv,0.8460537195205688
5172,normal,window_typing_10000.csv,0.708130419254303
5173,normal,window_typing_10000.csv,0.6974628567695618
5174,normal,window_typing_10000.csv,0.8259301781654358
5175,normal,window_typing_10000.csv,0.8403777480125427
5176,normal,window_typing_10000.csv,0.8250808119773865
5177,normal,window_typing_10000.csv,0.8275765180587769
5178,normal,window_typing_10000.csv,0.7988540530204773
5179,normal,window_typing_10000.csv,0.8031168580055237
5180,normal,window_typing_10000.csv,0.786922037601471
5181,normal,window_typing_10000.csv,0.7828922271728516
5182,normal,window_typing_10000.csv,0.7848473787307739
5183,normal,window_typing_10000.csv,0.7831635475158691
5184,normal,window_typing_10000.csv,0.7888839244842529
5185,normal,window_typing_10000.csv,0.786133885383606
5186,normal,window_typing_10000.csv,0.7919121980667114
5187,normal,window_typing_10000.csv,0.7892993092536926
5188,normal,window_typing_10000.csv,0.8010169863700867
5189,normal,window_typing_10000.csv,0.8017701506614685
5190,normal,window_typing_10000.csv,0.8052508234977722
5191,normal,window_typing_10000.csv,0.7983238697052002
5192,normal,window_typing_10000.csv,0.7950463891029358
5193,normal,window_typing_10000.csv,0.7995984554290771
5194,normal,window_typing_10000.csv,0.7910276651382446
5195,normal,window_typing_10000.csv,0.9188601970672607
5196,normal,window_typing_10000.csv,0.9401314854621887
5197,normal,window_typing_10000.csv,0.9590327143669128
5198,normal,window_typing_10000.csv,0.9660907983779907
5199,normal,window_typing_10000.csv,0.856697678565979
5200,normal,window_typing_10000.csv,0.843614399433136
5201,normal,window_typing_10000.csv,0.8494346141815186
5202,normal,window_typing_10000.csv,0.8577882647514343
5203,normal,window_typing_10000.csv,0.7208906412124634
5204,normal,window_typing_10000.csv,0.7009941339492798
5205,normal,window_typing_10000.csv,0.6864354014396667
5206,normal,window_typing_10000.csv,35.86262893676758
5207,normal,window_typing_10000.csv,36.876888275146484
5208,normal,window_typing_10000.csv,43.894500732421875
5209,normal,window_typing_10000.csv,47.357112884521484
5210,normal,window_typing_10000.csv,49.27608108520508
5211,normal,window_typing_10000.csv,50.5743293762207
5212,normal,window_typing_10000.csv,51.544063568115234
5213,normal,window_typing_10000.csv,52.50244903564453
5214,normal,window_typing_10000.csv,53.28669738769531
5215,normal,window_typing_10000.csv,54.08108901977539
5216,normal,window_typing_10000.csv,54.81442642211914
5217,normal,window_typing_10000.csv,55.416175842285156
5218,normal,window_typing_10000.csv,56.17788314819336
5219,normal,window_typing_10000.csv,56.709083557128906
5220,normal,window_typing_10000.csv,57.3168830871582
5221,normal,window_typing_10000.csv,47.730499267578125
5222,normal,window_typing_10000.csv,39.4484748840332
5223,normal,window_typing_10000.csv,36.80219650268555
5224,normal,window_typing_10000.csv,35.796451568603516
5225,normal,window_typing_10000.csv,35.80610275268555
5226,normal,window_typing_10000.csv,35.759796142578125
5227,normal,window_typing_10000.csv,35.715579986572266
5228,normal,window_typing_10000.csv,35.72235107421875
5229,normal,window_typing_10000.csv,35.90670394897461
5230,normal,window_typing_10000.csv,35.78829574584961
5231,normal,window_typing_10000.csv,35.836788177490234
5232,normal,window_typing_10000.csv,35.67017364501953
5233,normal,window_typing_10000.csv,35.68573760986328
5234,normal,window_typing_10000.csv,35.71891403198242
5235,normal,window_typing_10000.csv,35.80940628051758
5236,normal,window_typing_10000.csv,35.78886795043945
5237,normal,window_typing_10000.csv,35.896018981933594
5238,normal,window_typing_10000.csv,36.51219940185547
5239,normal,window_typing_10000.csv,39.44328689575195
5240,normal,window_typing_10000.csv,40.732242584228516
5241,normal,window_typing_10000.csv,41.98676300048828
5242,normal,window_typing_10000.csv,41.994293212890625
5243,normal,window_typing_10000.csv,42.2504768371582
5244,normal,window_typing_10000.csv,40.82294845581055
5245,normal,window_typing_10000.csv,38.8655891418457
5246,normal,window_typing_10000.csv,37.726619720458984
5247,normal,window_typing_10000.csv,37.16009521484375
5248,normal,window_typing_10000.csv,37.138160705566406
5249,normal,window_typing_10000.csv,36.815826416015625
5250,normal,window_typing_10000.csv,36.51276779174805
5251,normal,window_typing_10000.csv,36.31576156616211
5252,normal,window_typing_10000.csv,36.29981994628906
5253,normal,window_typing_10000.csv,36.935604095458984
5254,normal,window_typing_10000.csv,38.81555938720703
5255,normal,window_typing_10000.csv,42.61966323852539
5256,normal,window_typing_10000.csv,4.12517786026001
5257,normal,window_typing_10000.csv,3.6009023189544678
5258,normal,window_typing_10000.csv,3.225830078125
5259,normal,window_typing_10000.csv,3.000593662261963
5260,normal,window_typing_10000.csv,2.8060364723205566
5261,normal,window_typing_10000.csv,2.6877353191375732
5262,normal,window_typing_10000.csv,2.874406337738037
5263,normal,window_typing_10000.csv,2.6582705974578857
5264,normal,window_typing_10000.csv,2.347541570663452
5265,normal,window_typing_10000.csv,2.046618938446045
5266,normal,window_typing_10000.csv,1.8216067552566528
5267,normal,window_typing_10000.csv,1.6021764278411865
5268,normal,window_typing_10000.csv,1.3273311853408813
5269,normal,window_typing_10000.csv,0.8984031677246094
5270,normal,window_typing_10000.csv,0.4578906297683716
5271,normal,window_typing_10000.csv,0.454629510641098
5272,normal,window_typing_10000.csv,0.4557681977748871
5273,normal,window_typing_10000.csv,0.453746497631073
5274,normal,window_typing_10000.csv,0.45107612013816833
5275,normal,window_typing_10000.csv,0.4466439485549927
5276,normal,window_typing_10000.csv,0.4467988908290863
5277,normal,window_typing_10000.csv,0.44917869567871094
5278,normal,window_typing_10000.csv,0.45519039034843445
5279,normal,window_typing_10000.csv,0.45802563428878784
5280,normal,window_typing_10000.csv,0.4780830144882202
5281,normal,window_typing_10000.csv,0.47656160593032837
5282,normal,window_typing_10000.csv,0.4730833172798157
5283,normal,window_typing_10000.csv,0.46480387449264526
5284,normal,window_typing_10000.csv,0.4566231667995453
5285,normal,window_typing_10000.csv,0.45053187012672424
5286,normal,window_typing_10000.csv,0.43891915678977966
5287,normal,window_typing_10000.csv,0.4369254410266876
5288,normal,window_typing_10000.csv,0.30712899565696716
5289,normal,window_typing_10000.csv,0.3073292374610901
5290,normal,window_typing_10000.csv,0.3041199743747711
5291,normal,window_typing_10000.csv,0.31926223635673523
5292,normal,window_typing_10000.csv,0.32283836603164673
5293,normal,window_typing_10000.csv,0.3291119933128357
5294,normal,window_typing_10000.csv,0.3332298994064331
5295,normal,window_typing_10000.csv,0.3344537913799286
5296,normal,window_typing_10000.csv,0.33996090292930603
5297,normal,window_typing_10000.csv,0.33257055282592773
5298,normal,window_typing_10000.csv,0.32820987701416016
5299,normal,window_typing_10000.csv,0.3223363757133484
5300,normal,window_typing_10000.csv,0.31745073199272156
5301,normal,window_typing_10000.csv,0.31194430589675903
5302,normal,window_typing_10000.csv,0.3124768137931824
5303,normal,window_typing_10000.csv,0.3111966550350189
5304,normal,window_typing_10000.csv,0.3117663264274597
5305,normal,window_typing_10000.csv,0.3146771788597107
5306,normal,window_typing_10000.csv,0.3276333510875702
5307,normal,window_typing_10000.csv,0.32964780926704407
5308,normal,window_typing_10000.csv,0.3324179947376251
5309,normal,window_typing_10000.csv,0.33485281467437744
5310,normal,window_typing_10000.csv,0.33365342020988464
5311,normal,window_typing_10000.csv,0.33124488592147827
5312,normal,window_typing_10000.csv,0.2986491024494171
5313,normal,window_typing_10000.csv,0.29244285821914673
5314,normal,window_typing_10000.csv,0.2899305522441864
5315,normal,window_typing_10000.csv,0.28861042857170105
5316,normal,window_typing_10000.csv,0.2888266146183014
5317,normal,window_typing_10000.csv,0.2918168902397156
5318,normal,window_typing_10000.csv,0.29154834151268005
5319,normal,window_typing_10000.csv,0.2969968318939209
5320,normal,window_typing_10000.csv,0.3071991205215454
5321,normal,window_typing_10000.csv,0.3121492564678192
5322,normal,window_typing_10000.csv,0.326178640127182
5323,normal,window_typing_10000.csv,0.33112987875938416
5324,normal,window_typing_10000.csv,0.3391307592391968
5325,normal,window_typing_10000.csv,0.3399741053581238
5326,normal,window_typing_10000.csv,0.3427599370479584
5327,normal,window_typing_10000.csv,0.3453483581542969
5328,normal,window_typing_10000.csv,0.34897857904434204
5329,normal,window_typing_10000.csv,0.3429219424724579
5330,normal,window_typing_10000.csv,0.3291245996952057
5331,normal,window_typing_10000.csv,0.32911011576652527
5332,normal,window_typing_10000.csv,0.3273341655731201
5333,normal,window_typing_10000.csv,0.32714805006980896
5334,normal,window_typing_10000.csv,0.3223896026611328
5335,normal,window_typing_10000.csv,0.32286718487739563
5336,normal,window_typing_10000.csv,0.30691587924957275
5337,normal,window_typing_10000.csv,0.3074759840965271
5338,normal,window_typing_10000.csv,0.30778729915618896
5339,normal,window_typing_10000.csv,0.27500879764556885
5340,normal,window_typing_10000.csv,0.27653902769088745
5341,normal,window_typing_10000.csv,0.26276740431785583
5342,normal,window_typing_10000.csv,0.26529380679130554
5343,normal,window_typing_10000.csv,0.26439347863197327
5344,normal,window_typing_10000.csv,0.26394715905189514
5345,normal,window_typing_10000.csv,0.27359306812286377
5346,normal,window_typing_10000.csv,0.27625906467437744
5347,normal,window_typing_10000.csv,0.26412472128868103
5348,normal,window_typing_10000.csv,0.3939855098724365
5349,normal,window_typing_10000.csv,0.4064376652240753
5350,normal,window_typing_10000.csv,0.3882087767124176
5351,normal,window_typing_10000.csv,0.38178279995918274
5352,normal,window_typing_10000.csv,0.3735111355781555
5353,normal,window_typing_10000.csv,0.3685999810695648
5354,normal,window_typing_10000.csv,0.37122270464897156
5355,normal,window_typing_10000.csv,0.3698948919773102
5356,normal,window_typing_10000.csv,0.3676391541957855
5357,normal,window_typing_10000.csv,0.3691672384738922
5358,normal,window_typing_10000.csv,0.36775723099708557
5359,normal,window_typing_10000.csv,0.37476351857185364
5360,normal,window_typing_10000.csv,0.38467296957969666
5361,normal,window_typing_10000.csv,0.3876338601112366
5362,normal,window_typing_10000.csv,0.38839924335479736
5363,normal,window_typing_10000.csv,0.38825875520706177
5364,normal,window_typing_10000.csv,0.38942259550094604
5365,normal,window_typing_10000.csv,0.39115485548973083
5366,normal,window_typing_10000.csv,0.39383187890052795
5367,normal,window_typing_10000.csv,0.3969576358795166
5368,normal,window_typing_10000.csv,0.40077120065689087
5369,normal,window_typing_10000.csv,0.4071756899356842
5370,normal,window_typing_10000.csv,0.40866538882255554
5371,normal,window_typing_10000.csv,0.4132659137248993
5372,normal,window_typing_10000.csv,0.40760961174964905
5373,normal,window_typing_10000.csv,0.40711334347724915
5374,normal,window_typing_10000.csv,0.41185587644577026
5375,normal,window_typing_10000.csv,0.4151836335659027
5376,normal,window_typing_10000.csv,0.4142610728740692
5377,normal,window_typing_10000.csv,0.4186934232711792
5378,normal,window_typing_10000.csv,0.41232553124427795
5379,normal,window_typing_10000.csv,0.4134559631347656
5380,normal,window_typing_10000.csv,0.4457707107067108
5381,normal,window_typing_10000.csv,0.45230183005332947
5382,normal,window_typing_10000.csv,0.46465811133384705
5383,normal,window_typing_10000.csv,0.46841296553611755
5384,normal,window_typing_10000.csv,0.4789769649505615
5385,normal,window_typing_10000.csv,0.4808385670185089
5386,normal,window_typing_10000.csv,0.6423435807228088
5387,normal,window_typing_10000.csv,0.642404317855835
5388,normal,window_typing_10000.csv,0.6609442234039307
5389,normal,window_typing_10000.csv,0.6639058589935303
5390,normal,window_typing_10000.csv,0.6797212362289429
5391,normal,window_typing_10000.csv,0.67880779504776
5392,normal,window_typing_10000.csv,0.6819714903831482
5393,normal,window_typing_10000.csv,0.6795171499252319
5394,normal,window_typing_10000.csv,0.6810753345489502
5395,normal,window_typing_10000.csv,0.6753659844398499
5396,normal,window_typing_10000.csv,0.6715663075447083
5397,normal,window_typing_10000.csv,0.6779525279998779
5398,normal,window_typing_10000.csv,0.5477728843688965
5399,normal,window_typing_10000.csv,0.5392970442771912
5400,normal,window_typing_10000.csv,0.5427663922309875
5401,normal,window_typing_10000.csv,0.5414025187492371
5402,normal,window_typing_10000.csv,0.5383775234222412
5403,normal,window_typing_10000.csv,0.5362364649772644
5404,normal,window_typing_10000.csv,0.5221222639083862
5405,normal,window_typing_10000.csv,0.5138351321220398
5406,normal,window_typing_10000.csv,0.5006996989250183
5407,normal,window_typing_10000.csv,0.494505375623703
5408,normal,window_typing_10000.csv,0.4878983497619629
5409,normal,window_typing_10000.csv,0.47443774342536926
5410,normal,window_typing_10000.csv,0.4611457586288452
5411,normal,window_typing_10000.csv,0.4622229337692261
5412,normal,window_typing_10000.csv,0.4592098891735077
5413,normal,window_typing_10000.csv,0.46588224172592163
5414,normal,window_typing_10000.csv,0.46372854709625244
5415,normal,window_typing_10000.csv,0.4625296890735626
5416,normal,window_typing_10000.csv,0.46432316303253174
5417,normal,window_typing_10000.csv,0.46754753589630127
5418,normal,window_typing_10000.csv,0.4664146602153778
5419,normal,window_typing_10000.csv,0.4605157971382141
5420,normal,window_typing_10000.csv,0.45882055163383484
5421,normal,window_typing_10000.csv,0.46181049942970276
5422,normal,window_typing_10000.csv,0.46830859780311584
5423,normal,window_typing_10000.csv,0.4681999087333679
5424,normal,window_typing_10000.csv,0.4647946059703827
5425,normal,window_typing_10000.csv,0.4679213762283325
5426,normal,window_typing_10000.csv,0.4844781160354614
5427,normal,window_typing_10000.csv,0.4934253692626953
5428,normal,window_typing_10000.csv,0.5141175985336304
5429,normal,window_typing_10000.csv,0.5201389789581299
5430,normal,window_typing_10000.csv,0.5050545930862427
5431,normal,window_typing_10000.csv,0.5025973916053772
5432,normal,window_typing_10000.csv,0.4921189844608307
5433,normal,window_typing_10000.csv,0.4835292100906372
5434,normal,window_typing_10000.csv,0.48480892181396484
5435,normal,window_typing_10000.csv,0.47669222950935364
5436,normal,window_typing_10000.csv,0.3411964178085327
5437,normal,window_typing_10000.csv,0.31831657886505127
5438,normal,window_typing_10000.csv,0.30329251289367676
5439,normal,window_typing_10000.csv,0.29307177662849426
5440,normal,window_typing_10000.csv,0.26833751797676086
5441,normal,window_typing_10000.csv,0.2681557536125183
5442,normal,window_typing_10000.csv,0.27137491106987
5443,normal,window_typing_10000.csv,0.2749173045158386
5444,normal,window_typing_10000.csv,0.2734193801879883
5445,normal,window_typing_10000.csv,0.27738064527511597
5446,normal,window_typing_10000.csv,0.2747234106063843
5447,normal,window_typing_10000.csv,0.27556920051574707
5448,normal,window_typing_10000.csv,0.28185656666755676
5449,normal,window_typing_10000.csv,0.283641517162323
5450,normal,window_typing_10000.csv,0.2828544080257416
5451,normal,window_typing_10000.csv,0.4118266701698303
5452,normal,window_typing_10000.csv,0.4471924304962158
5453,normal,window_typing_10000.csv,0.45059505105018616
5454,normal,window_typing_10000.csv,0.4493367075920105
5455,normal,window_typing_10000.csv,0.5578691959381104
5456,normal,window_typing_10000.csv,0.5753478407859802
5457,normal,window_typing_10000.csv,0.5816899538040161
5458,normal,window_typing_10000.csv,0.5875702500343323
5459,normal,window_typing_10000.csv,0.5908666253089905
5460,normal,window_typing_10000.csv,0.5861069560050964
5461,normal,window_typing_10000.csv,0.5764558911323547
5462,normal,window_typing_10000.csv,0.5877859592437744
5463,normal,window_typing_10000.csv,0.5774694681167603
5464,normal,window_typing_10000.csv,0.5850300788879395
5465,normal,window_typing_10000.csv,0.5883913636207581
5466,normal,window_typing_10000.csv,0.5911089181900024
5467,normal,window_typing_10000.csv,0.5876367092132568
5468,normal,window_typing_10000.csv,0.5868934392929077
5469,normal,window_typing_10000.csv,0.5825063586235046
5470,normal,window_typing_10000.csv,0.5780444145202637
5471,normal,window_typing_10000.csv,0.5718312859535217
5472,normal,window_typing_10000.csv,0.5683908462524414
5473,normal,window_typing_10000.csv,0.5673373341560364
5474,normal,window_typing_10000.csv,0.5660846829414368
5475,normal,window_typing_10000.csv,0.5687429904937744
5476,normal,window_typing_10000.csv,0.5711783170700073
5477,normal,window_typing_10000.csv,0.5716545581817627
5478,normal,window_typing_10000.csv,0.5581416487693787
5479,normal,window_typing_10000.csv,0.5517548322677612
5480,normal,window_typing_10000.csv,0.5401725769042969
5481,normal,window_typing_10000.csv,0.5341033935546875
5482,normal,window_typing_10000.csv,0.5325812697410583
5483,normal,window_typing_10000.csv,0.6715826988220215
5484,normal,window_typing_10000.csv,0.6752638816833496
5485,normal,window_typing_10000.csv,0.6865419149398804
5486,normal,window_typing_10000.csv,0.6805697083473206
5487,normal,window_typing_10000.csv,0.7103449702262878
5488,normal,window_typing_10000.csv,0.7118613123893738
5489,normal,window_typing_10000.csv,0.7164525389671326
5490,normal,window_typing_10000.csv,0.7195888757705688
5491,normal,window_typing_10000.csv,0.7187170386314392
5492,normal,window_typing_10000.csv,0.7170011401176453
5493,normal,window_typing_10000.csv,0.7155203223228455
5494,normal,window_typing_10000.csv,0.7142192125320435
5495,normal,window_typing_10000.csv,0.715584933757782
5496,normal,window_typing_10000.csv,0.7252407073974609
5497,normal,window_typing_10000.csv,0.7297940850257874
5498,normal,window_typing_10000.csv,0.7287920117378235
5499,normal,window_typing_10000.csv,0.7495639324188232
5500,normal,window_typing_10000.csv,0.7627202272415161
5501,normal,window_typing_10000.csv,0.6408061981201172
5502,normal,window_typing_10000.csv,0.6148824691772461
5503,normal,window_typing_10000.csv,0.6116015911102295
5504,normal,window_typing_10000.csv,0.6055225729942322
5505,normal,window_typing_10000.csv,0.4784508943557739
5506,normal,window_typing_10000.csv,0.4626652002334595
5507,normal,window_typing_10000.csv,0.46134719252586365
5508,normal,window_typing_10000.csv,0.45537683367729187
5509,normal,window_typing_10000.csv,0.4486457407474518
5510,normal,window_typing_10000.csv,0.45794910192489624
5511,normal,window_typing_10000.csv,0.46550747752189636
5512,normal,window_typing_10000.csv,0.4526461660861969
5513,normal,window_typing_10000.csv,0.45164787769317627
5514,normal,window_typing_10000.csv,0.4431512951850891
5515,normal,window_typing_10000.csv,0.4455116391181946
5516,normal,window_typing_10000.csv,0.4482209384441376
5517,normal,window_typing_10000.csv,0.45603618025779724
5518,normal,window_typing_10000.csv,0.46166613698005676
5519,normal,window_typing_10000.csv,0.4733191132545471
5520,normal,window_typing_10000.csv,0.4763329327106476
5521,normal,window_typing_10000.csv,0.48087403178215027
5522,normal,window_typing_10000.csv,0.4842987358570099
5523,normal,window_typing_10000.csv,0.4862339198589325
5524,normal,window_typing_10000.csv,0.48803767561912537
5525,normal,window_typing_10000.csv,0.4900643527507782
5526,normal,window_typing_10000.csv,0.48991915583610535
5527,normal,window_typing_10000.csv,0.4911825358867645
5528,normal,window_typing_10000.csv,0.49410703778266907
5529,normal,window_typing_10000.csv,0.4936464726924896
5530,normal,window_typing_10000.csv,0.49465346336364746
5531,normal,window_typing_10000.csv,0.49087774753570557
5532,normal,window_typing_10000.csv,0.48960721492767334
5533,normal,window_typing_10000.csv,0.3539460301399231
5534,normal,window_typing_10000.csv,0.3310285210609436
5535,normal,window_typing_10000.csv,0.31543129682540894
5536,normal,window_typing_10000.csv,0.30580630898475647
5537,normal,window_typing_10000.csv,0.2757483422756195
5538,normal,window_typing_10000.csv,0.2845982611179352
5539,normal,window_typing_10000.csv,0.2881062924861908
5540,normal,window_typing_10000.csv,0.30681562423706055
5541,normal,window_typing_10000.csv,0.31118106842041016
5542,normal,window_typing_10000.csv,0.32452040910720825
5543,normal,window_typing_10000.csv,0.3249504566192627
5544,normal,window_typing_10000.csv,0.329342782497406
5545,normal,window_typing_10000.csv,0.3294493854045868
5546,normal,window_typing_10000.csv,0.3221968412399292
5547,normal,window_typing_10000.csv,0.31829455494880676
5548,normal,window_typing_10000.csv,0.312203049659729
5549,normal,window_typing_10000.csv,0.30324694514274597
5550,normal,window_typing_10000.csv,0.3006903827190399
5551,normal,window_typing_10000.csv,0.2896992564201355
5552,normal,window_typing_10000.csv,0.298604816198349
5553,normal,window_typing_10000.csv,0.29479482769966125
5554,normal,window_typing_10000.csv,0.3018284738063812
5555,normal,window_typing_10000.csv,0.2960161566734314
5556,normal,window_typing_10000.csv,0.2910192906856537
5557,normal,window_typing_10000.csv,0.2881008982658386
5558,normal,window_typing_10000.csv,0.2888668477535248
5559,normal,window_typing_10000.csv,0.29440027475357056
5560,normal,window_typing_10000.csv,0.2906394898891449
5561,normal,window_typing_10000.csv,0.2774719297885895
5562,normal,window_typing_10000.csv,0.2715456783771515
5563,normal,window_typing_10000.csv,0.2725621163845062
5564,normal,window_typing_10000.csv,0.27424219250679016
5565,normal,window_typing_10000.csv,0.2774810791015625
5566,normal,window_typing_10000.csv,0.2903902530670166
5567,normal,window_typing_10000.csv,0.2928439974784851
5568,normal,window_typing_10000.csv,0.2979145348072052
5569,normal,window_typing_10000.csv,0.29733654856681824
5570,normal,window_typing_10000.csv,0.29987356066703796
5571,normal,window_typing_10000.csv,0.3250778019428253
5572,normal,window_typing_10000.csv,0.3389323949813843
5573,normal,window_typing_10000.csv,0.3560601770877838
5574,normal,window_typing_10000.csv,0.373206228017807
5575,normal,window_typing_10000.csv,0.3819658160209656
5576,normal,window_typing_10000.csv,0.3852188289165497
5577,normal,window_typing_10000.csv,0.3818648159503937
5578,normal,window_typing_10000.csv,0.36889493465423584
5579,normal,window_typing_10000.csv,0.35774946212768555
5580,normal,window_typing_10000.csv,0.35691821575164795
5581,normal,window_typing_10000.csv,0.34799522161483765
5582,normal,window_typing_10000.csv,0.3414077162742615
5583,normal,window_typing_10000.csv,0.3321845531463623
5584,normal,window_typing_10000.csv,0.3309771418571472
5585,normal,window_typing_10000.csv,0.3273012042045593
5586,normal,window_typing_10000.csv,0.331190824508667
5587,normal,window_typing_10000.csv,0.35242465138435364
5588,normal,window_typing_10000.csv,0.35675492882728577
5589,normal,window_typing_10000.csv,0.3646031320095062
5590,normal,window_typing_10000.csv,0.3545175790786743
5591,normal,window_typing_10000.csv,0.3604829013347626
5592,normal,window_typing_10000.csv,0.3582713305950165
5593,normal,window_typing_10000.csv,0.36318889260292053
5594,normal,window_typing_10000.csv,0.3670926094055176
5595,normal,window_typing_10000.csv,0.36944183707237244
5596,normal,window_typing_10000.csv,0.36941343545913696
5597,normal,window_typing_10000.csv,0.36424991488456726
5598,normal,window_typing_10000.csv,0.36656835675239563
5599,normal,window_typing_10000.csv,0.36924242973327637
5600,normal,window_typing_10000.csv,0.368009477853775
5601,normal,window_typing_10000.csv,0.36268505454063416
5602,normal,window_typing_10000.csv,0.345913827419281
5603,normal,window_typing_10000.csv,0.3357531428337097
5604,normal,window_typing_10000.csv,0.32423144578933716
5605,normal,window_typing_10000.csv,0.3174704909324646
5606,normal,window_typing_10000.csv,0.43621963262557983
5607,normal,window_typing_10000.csv,0.48220115900039673
5608,normal,window_typing_10000.csv,0.476664274930954
5609,normal,window_typing_10000.csv,0.48239022493362427
5610,normal,window_typing_10000.csv,0.4818086624145508
5611,normal,window_typing_10000.csv,0.48605430126190186
5612,normal,window_typing_10000.csv,0.49566853046417236
5613,normal,window_typing_10000.csv,0.6400778889656067
5614,normal,window_typing_10000.csv,0.6610780954360962
5615,normal,window_typing_10000.csv,0.6665567755699158
5616,normal,window_typing_10000.csv,0.6561941504478455
5617,normal,window_typing_10000.csv,0.6537013053894043
5618,normal,window_typing_10000.csv,0.6473029255867004
5619,normal,window_typing_10000.csv,0.6405189633369446
5620,normal,window_typing_10000.csv,0.6316593289375305
5621,normal,window_typing_10000.csv,0.6142047643661499
5622,normal,window_typing_10000.csv,0.6066998243331909
5623,normal,window_typing_10000.csv,0.5970993638038635
5624,normal,window_typing_10000.csv,0.5880446434020996
5625,normal,window_typing_10000.csv,0.5817074179649353
5626,normal,window_typing_10000.csv,0.5824177861213684
5627,normal,window_typing_10000.csv,0.5766050219535828
5628,normal,window_typing_10000.csv,0.5776107311248779
5629,normal,window_typing_10000.csv,0.5758535861968994
5630,normal,window_typing_10000.csv,0.5696239471435547
5631,normal,window_typing_10000.csv,0.5715150237083435
5632,normal,window_typing_10000.csv,0.568650484085083
5633,normal,window_typing_10000.csv,0.5680844783782959
5634,normal,window_typing_10000.csv,0.582551121711731
5635,normal,window_typing_10000.csv,0.5823336243629456
5636,normal,window_typing_10000.csv,0.5863293409347534
5637,normal,window_typing_10000.csv,0.5730071663856506
5638,normal,window_typing_10000.csv,0.5714008808135986
5639,normal,window_typing_10000.csv,0.5605946183204651
5640,normal,window_typing_10000.csv,0.5580891966819763
5641,normal,window_typing_10000.csv,0.5717343091964722
5642,normal,window_typing_10000.csv,0.569093644618988
5643,normal,window_typing_10000.csv,0.5666377544403076
5644,normal,window_typing_10000.csv,0.5633672475814819
5645,normal,window_typing_10000.csv,0.5857344269752502
5646,normal,window_typing_10000.csv,0.5753620266914368
5647,normal,window_typing_10000.csv,0.5773071050643921
5648,normal,window_typing_10000.csv,0.5739479660987854
5649,normal,window_typing_10000.csv,0.5692983865737915
5650,normal,window_typing_10000.csv,0.5699185729026794
5651,normal,window_typing_10000.csv,0.5697641372680664
5652,normal,window_typing_10000.csv,0.5767627954483032
5653,normal,window_typing_10000.csv,0.5858240723609924
5654,normal,window_typing_10000.csv,0.5865172743797302
5655,normal,window_typing_10000.csv,0.5915284752845764
5656,normal,window_typing_10000.csv,0.46755295991897583
5657,normal,window_typing_10000.csv,0.41849201917648315
5658,normal,window_typing_10000.csv,0.4302305579185486
5659,normal,window_typing_10000.csv,0.4293299913406372
5660,normal,window_typing_10000.csv,0.4414196312427521
5661,normal,window_typing_10000.csv,0.4905649423599243
5662,normal,window_typing_10000.csv,0.5013335943222046
5663,normal,window_typing_10000.csv,0.3693482279777527
5664,normal,window_typing_10000.csv,0.35826319456100464
5665,normal,window_typing_10000.csv,0.35905689001083374
5666,normal,window_typing_10000.csv,0.36257943511009216
5667,normal,window_typing_10000.csv,0.35876017808914185
5668,normal,window_typing_10000.csv,0.3642972409725189
5669,normal,window_typing_10000.csv,0.3541490137577057
5670,normal,window_typing_10000.csv,0.4844672381877899
5671,normal,window_typing_10000.csv,0.4911554455757141
5672,normal,window_typing_10000.csv,0.4829546809196472
5673,normal,window_typing_10000.csv,0.4789709150791168
5674,normal,window_typing_10000.csv,0.4766994118690491
5675,normal,window_typing_10000.csv,0.4750515818595886
5676,normal,window_typing_10000.csv,0.46994295716285706
5677,normal,window_typing_10000.csv,0.471672922372818
5678,normal,window_typing_10000.csv,0.4889882802963257
5679,normal,window_typing_10000.csv,0.4951903522014618
5680,normal,window_typing_10000.csv,0.5015923380851746
5681,normal,window_typing_10000.csv,0.5000966787338257
5682,normal,window_typing_10000.csv,0.5006352066993713
5683,normal,window_typing_10000.csv,0.5050457715988159
5684,normal,window_typing_10000.csv,0.49035683274269104
5685,normal,window_typing_10000.csv,0.4956187307834625
5686,normal,window_typing_10000.csv,0.489909291267395
5687,normal,window_typing_10000.csv,0.49469149112701416
5688,normal,window_typing_10000.csv,0.49455344676971436
5689,normal,window_typing_10000.csv,0.5034359097480774
5690,normal,window_typing_10000.csv,0.5097326040267944
5691,normal,window_typing_10000.csv,0.5014615058898926
5692,normal,window_typing_10000.csv,0.49954840540885925
5693,normal,window_typing_10000.csv,0.49675893783569336
5694,normal,window_typing_10000.csv,0.5003698468208313
5695,normal,window_typing_10000.csv,0.4753284454345703
5696,normal,window_typing_10000.csv,0.4725598990917206
5697,normal,window_typing_10000.csv,0.4675275683403015
5698,normal,window_typing_10000.csv,0.46834662556648254
5699,normal,window_typing_10000.csv,0.46834638714790344
5700,normal,window_typing_10000.csv,0.48143696784973145
5701,normal,window_typing_10000.csv,0.49787473678588867
5702,normal,window_typing_10000.csv,0.4967603385448456
5703,normal,window_typing_10000.csv,0.4992813766002655
5704,normal,window_typing_10000.csv,0.5037277936935425
5705,normal,window_typing_10000.csv,0.5012470483779907
5706,normal,window_typing_10000.csv,0.5006346702575684
5707,normal,window_typing_10000.csv,0.49362242221832275
5708,normal,window_typing_10000.csv,0.47663813829421997
5709,normal,window_typing_10000.csv,0.4631354510784149
5710,normal,window_typing_10000.csv,0.45818138122558594
5711,normal,window_typing_10000.csv,0.4319716691970825
5712,normal,window_typing_10000.csv,0.42942407727241516
5713,normal,window_typing_10000.csv,0.42563220858573914
5714,normal,window_typing_10000.csv,0.5605798959732056
5715,normal,window_typing_10000.csv,0.5822504758834839
5716,normal,window_typing_10000.csv,0.5799879431724548
5717,normal,window_typing_10000.csv,0.5799262523651123
5718,normal,window_typing_10000.csv,0.5692424774169922
5719,normal,window_typing_10000.csv,0.5653939247131348
5720,normal,window_typing_10000.csv,0.4559377133846283
5721,normal,window_typing_10000.csv,0.43834546208381653
5722,normal,window_typing_10000.csv,0.43813785910606384
5723,normal,window_typing_10000.csv,0.438805490732193
5724,normal,window_typing_10000.csv,0.4377959072589874
5725,normal,window_typing_10000.csv,0.4384462535381317
5726,normal,window_typing_10000.csv,0.43859732151031494
5727,normal,window_typing_10000.csv,0.44113263487815857
5728,normal,window_typing_10000.csv,0.4288243055343628
5729,normal,window_typing_10000.csv,0.4302467107772827
5730,normal,window_typing_10000.csv,0.43024739623069763
5731,normal,window_typing_10000.csv,0.43853044509887695
5732,normal,window_typing_10000.csv,0.4464140236377716
5733,normal,window_typing_10000.csv,0.4438207149505615
5734,normal,window_typing_10000.csv,0.44580256938934326
5735,normal,window_typing_10000.csv,0.44739648699760437
5736,normal,window_typing_10000.csv,0.44771862030029297
5737,normal,window_typing_10000.csv,0.4438886344432831
5738,normal,window_typing_10000.csv,0.45500293374061584
5739,normal,window_typing_10000.csv,0.4514228403568268
5740,normal,window_typing_10000.csv,0.4539828300476074
5741,normal,window_typing_10000.csv,0.44718509912490845
5742,normal,window_typing_10000.csv,0.44255369901657104
5743,normal,window_typing_10000.csv,0.44435250759124756
5744,normal,window_typing_10000.csv,0.4411287009716034
5745,normal,window_typing_10000.csv,0.4324834644794464
5746,normal,window_typing_10000.csv,0.43213850259780884
5747,normal,window_typing_10000.csv,0.4391782879829407
5748,normal,window_typing_10000.csv,0.4429608881473541
5749,normal,window_typing_10000.csv,0.4492466151714325
5750,normal,window_typing_10000.csv,0.43581753969192505
5751,normal,window_typing_10000.csv,0.4231831729412079
5752,normal,window_typing_10000.csv,0.4215415418148041
5753,normal,window_typing_10000.csv,0.4219828248023987
5754,normal,window_typing_10000.csv,0.4176905155181885
5755,normal,window_typing_10000.csv,0.4205397367477417
5756,normal,window_typing_10000.csv,0.42600324749946594
5757,normal,window_typing_10000.csv,0.43900275230407715
5758,normal,window_typing_10000.csv,0.449402779340744
5759,normal,window_typing_10000.csv,0.45762667059898376
5760,normal,window_typing_10000.csv,0.4664035141468048
5761,normal,window_typing_10000.csv,0.4742766320705414
5762,normal,window_typing_10000.csv,0.47567373514175415
5763,normal,window_typing_10000.csv,0.4770681858062744
5764,normal,window_typing_10000.csv,0.34804943203926086
5765,normal,window_typing_10000.csv,0.3267580270767212
5766,normal,window_typing_10000.csv,0.3336773216724396
5767,normal,window_typing_10000.csv,0.34686562418937683
5768,normal,window_typing_10000.csv,0.34779199957847595
5769,normal,window_typing_10000.csv,0.3539506494998932
5770,normal,window_typing_10000.csv,0.35721659660339355
5771,normal,window_typing_10000.csv,0.3582618832588196
5772,normal,window_typing_10000.csv,0.3634012043476105
5773,normal,window_typing_10000.csv,0.3664798140525818
5774,normal,window_typing_10000.csv,0.3669702410697937
5775,normal,window_typing_10000.csv,0.36712735891342163
5776,normal,window_typing_10000.csv,0.3654014468193054
5777,normal,window_typing_10000.csv,0.3684166669845581
5778,normal,window_typing_10000.csv,0.3663209080696106
5779,normal,window_typing_10000.csv,0.3595653176307678
5780,normal,window_typing_10000.csv,0.3543861508369446
5781,normal,window_typing_10000.csv,0.35041821002960205
5782,normal,window_typing_10000.csv,0.3391740322113037
5783,normal,window_typing_10000.csv,0.33245739340782166
5784,normal,window_typing_10000.csv,0.3264541029930115
5785,normal,window_typing_10000.csv,0.32387617230415344
5786,normal,window_typing_10000.csv,0.3348444700241089
5787,normal,window_typing_10000.csv,0.33341413736343384
5788,normal,window_typing_10000.csv,0.33701467514038086
5789,normal,window_typing_10000.csv,0.3409636318683624
5790,normal,window_typing_10000.csv,0.33767375349998474
5791,normal,window_typing_10000.csv,0.3405815064907074
5792,normal,window_typing_10000.csv,0.34197449684143066
5793,normal,window_typing_10000.csv,0.3474067449569702
5794,normal,window_typing_10000.csv,0.3646503984928131
5795,normal,window_typing_10000.csv,0.3688456118106842
5796,normal,window_typing_10000.csv,0.3672802150249481
5797,normal,window_typing_10000.csv,0.35805419087409973
5798,normal,window_typing_10000.csv,0.3538244962692261
5799,normal,window_typing_10000.csv,0.35037800669670105
5800,normal,window_typing_10000.csv,0.3499284088611603
5801,normal,window_typing_10000.csv,0.3540606200695038
5802,normal,window_typing_10000.csv,0.35011106729507446
5803,normal,window_typing_10000.csv,0.3420567214488983
5804,normal,window_typing_10000.csv,0.332916796207428
5805,normal,window_typing_10000.csv,0.34663212299346924
5806,normal,window_typing_10000.csv,0.3422015607357025
5807,normal,window_typing_10000.csv,0.33324286341667175
5808,normal,window_typing_10000.csv,0.32960397005081177
5809,normal,window_typing_10000.csv,0.33648771047592163
5810,normal,window_typing_10000.csv,0.3436199426651001
5811,normal,window_typing_10000.csv,0.3497154116630554
5812,normal,window_typing_10000.csv,0.35331758856773376
5813,normal,window_typing_10000.csv,0.3602117598056793
5814,normal,window_typing_10000.csv,0.359281986951828
5815,normal,window_typing_10000.csv,0.3592749834060669
5816,normal,window_typing_10000.csv,0.3576836585998535
5817,normal,window_typing_10000.csv,0.4807600975036621
5818,normal,window_typing_10000.csv,0.49546727538108826
5819,normal,window_typing_10000.csv,0.4842239022254944
5820,normal,window_typing_10000.csv,0.46914711594581604
5821,normal,window_typing_10000.csv,0.5030543804168701
5822,normal,window_typing_10000.csv,0.5059584975242615
5823,normal,window_typing_10000.csv,0.561843991279602
5824,normal,window_typing_10000.csv,0.5679287314414978
5825,normal,window_typing_10000.csv,0.5728415250778198
5826,normal,window_typing_10000.csv,0.5818426012992859
5827,normal,window_typing_10000.csv,0.5818285942077637
5828,normal,window_typing_10000.csv,0.6158787608146667
5829,normal,window_typing_10000.csv,0.6221064925193787
5830,normal,window_typing_10000.csv,0.6208756566047668
5831,normal,window_typing_10000.csv,0.6038834452629089
5832,normal,window_typing_10000.csv,0.5883673429489136
5833,normal,window_typing_10000.csv,0.5901526808738708
5834,normal,window_typing_10000.csv,0.5912503004074097
5835,normal,window_typing_10000.csv,0.5832298398017883
5836,normal,window_typing_10000.csv,0.5697826147079468
5837,normal,window_typing_10000.csv,0.5696586966514587
5838,normal,window_typing_10000.csv,0.5741259455680847
5839,normal,window_typing_10000.csv,0.5729100704193115
5840,normal,window_typing_10000.csv,0.5792103409767151
5841,normal,window_typing_10000.csv,0.5784435272216797
5842,normal,window_typing_10000.csv,0.5769227743148804
5843,normal,window_typing_10000.csv,0.570551335811615
5844,normal,window_typing_10000.csv,0.5555903911590576
5845,normal,window_typing_10000.csv,0.5538476705551147
5846,normal,window_typing_10000.csv,0.6909099817276001
5847,normal,window_typing_10000.csv,0.7212192416191101
5848,normal,window_typing_10000.csv,0.7469346523284912
5849,normal,window_typing_10000.csv,0.7504729628562927
5850,normal,window_typing_10000.csv,0.7682610750198364
5851,normal,window_typing_10000.csv,0.789738655090332
5852,normal,window_typing_10000.csv,0.7938162088394165
5853,normal,window_typing_10000.csv,0.8210917115211487
5854,normal,window_typing_10000.csv,0.8275675177574158
5855,normal,window_typing_10000.csv,0.8200474977493286
5856,normal,window_typing_10000.csv,0.8313935399055481
5857,normal,window_typing_10000.csv,0.8420194983482361
5858,normal,window_typing_10000.csv,1.01668381690979
5859,normal,window_typing_10000.csv,1.0971062183380127
5860,normal,window_typing_10000.csv,1.108791708946228
5861,normal,window_typing_10000.csv,1.0980433225631714
5862,normal,window_typing_10000.csv,1.099001169204712
5863,normal,window_typing_10000.csv,1.074993371963501
5864,normal,window_typing_10000.csv,1.0754112005233765
5865,normal,window_typing_10000.csv,1.0817596912384033
5866,normal,window_typing_10000.csv,1.08482027053833
5867,normal,window_typing_10000.csv,0.9573798775672913
5868,normal,window_typing_10000.csv,0.939842700958252
5869,normal,window_typing_10000.csv,0.9248077869415283
5870,normal,window_typing_10000.csv,0.9315374493598938
5871,normal,window_typing_10000.csv,0.8950127959251404
5872,normal,window_typing_10000.csv,0.909737765789032
5873,normal,window_typing_10000.csv,0.8546348214149475
5874,normal,window_typing_10000.csv,0.8395214676856995
5875,normal,window_typing_10000.csv,0.8275439143180847
5876,normal,window_typing_10000.csv,0.8372161388397217
5877,normal,window_typing_10000.csv,0.8395401835441589
5878,normal,window_typing_10000.csv,0.8239639401435852
5879,normal,window_typing_10000.csv,0.8257065415382385
5880,normal,window_typing_10000.csv,0.8254628777503967
5881,normal,window_typing_10000.csv,0.8189862966537476
5882,normal,window_typing_10000.csv,0.8232825994491577
5883,normal,window_typing_10000.csv,0.8265717625617981
5884,normal,window_typing_10000.csv,0.8455789089202881
5885,normal,window_typing_10000.csv,0.8590198755264282
5886,normal,window_typing_10000.csv,0.8741971850395203
5887,normal,window_typing_10000.csv,0.8858110308647156
5888,normal,window_typing_10000.csv,0.8749693632125854
5889,normal,window_typing_10000.csv,0.8774718046188354
5890,normal,window_typing_10000.csv,0.8696436882019043
5891,normal,window_typing_10000.csv,0.863175094127655
5892,normal,window_typing_10000.csv,0.8548809289932251
5893,normal,window_typing_10000.csv,0.8591061234474182
5894,normal,window_typing_10000.csv,0.8659717440605164
5895,normal,window_typing_10000.csv,0.8865758180618286
5896,normal,window_typing_10000.csv,0.7781886458396912
5897,normal,window_typing_10000.csv,0.7579457759857178
5898,normal,window_typing_10000.csv,0.7533173561096191
5899,normal,window_typing_10000.csv,0.7490265369415283
5900,normal,window_typing_10000.csv,0.7499455213546753
5901,normal,window_typing_10000.csv,0.7392059564590454
5902,normal,window_typing_10000.csv,0.7321081757545471
5903,normal,window_typing_10000.csv,0.7167185544967651
5904,normal,window_typing_10000.csv,0.703581690788269
5905,normal,window_typing_10000.csv,0.6994503736495972
5906,normal,window_typing_10000.csv,0.6942639946937561
5907,normal,window_typing_10000.csv,0.6922277212142944
5908,normal,window_typing_10000.csv,0.5297304391860962
5909,normal,window_typing_10000.csv,0.45180192589759827
5910,normal,window_typing_10000.csv,0.44195669889450073
5911,normal,window_typing_10000.csv,0.43473249673843384
5912,normal,window_typing_10000.csv,0.42948681116104126
5913,normal,window_typing_10000.csv,0.42070966958999634
5914,normal,window_typing_10000.csv,0.5371704697608948
5915,normal,window_typing_10000.csv,0.5513204336166382
5916,normal,window_typing_10000.csv,0.5525851845741272
5917,normal,window_typing_10000.csv,0.5644730925559998
5918,normal,window_typing_10000.csv,0.5661174058914185
5919,normal,window_typing_10000.csv,0.5650733709335327
5920,normal,window_typing_10000.csv,0.5411840081214905
5921,normal,window_typing_10000.csv,0.5315918922424316
5922,normal,window_typing_10000.csv,0.5096905827522278
5923,normal,window_typing_10000.csv,0.5052822828292847
5924,normal,window_typing_10000.csv,0.5131539106369019
5925,normal,window_typing_10000.csv,0.5224751234054565
5926,normal,window_typing_10000.csv,0.5406486988067627
5927,normal,window_typing_10000.csv,0.5420947670936584
5928,normal,window_typing_10000.csv,0.5630791783332825
5929,normal,window_typing_10000.csv,0.559446394443512
5930,normal,window_typing_10000.csv,0.5509416460990906
5931,normal,window_typing_10000.csv,0.5701795220375061
5932,normal,window_typing_10000.csv,0.5632198452949524
5933,normal,window_typing_10000.csv,0.5543258190155029
5934,normal,window_typing_10000.csv,0.708160400390625
5935,normal,window_typing_10000.csv,0.7319316267967224
5936,normal,window_typing_10000.csv,0.7504185438156128
5937,normal,window_typing_10000.csv,0.7594406008720398
5938,normal,window_typing_10000.csv,0.7596388459205627
5939,normal,window_typing_10000.csv,0.756742000579834
5940,normal,window_typing_10000.csv,0.7390003204345703
5941,normal,window_typing_10000.csv,0.7194541692733765
5942,normal,window_typing_10000.csv,0.6923446655273438
5943,normal,window_typing_10000.csv,0.6644546389579773
5944,normal,window_typing_10000.csv,0.6434106230735779
5945,normal,window_typing_10000.csv,0.6265372037887573
5946,normal,window_typing_10000.csv,0.6072779893875122
5947,normal,window_typing_10000.csv,0.6215769648551941
5948,normal,window_typing_10000.csv,0.6220340728759766
5949,normal,window_typing_10000.csv,0.6279124021530151
5950,normal,window_typing_10000.csv,0.6320602297782898
5951,normal,window_typing_10000.csv,0.6389957666397095
5952,normal,window_typing_10000.csv,0.6471628546714783
5953,normal,window_typing_10000.csv,0.6453473567962646
5954,normal,window_typing_10000.csv,0.6450524926185608
5955,normal,window_typing_10000.csv,0.6542714238166809
5956,normal,window_typing_10000.csv,0.6544169187545776
5957,normal,window_typing_10000.csv,0.639885425567627
5958,normal,window_typing_10000.csv,0.629253089427948
5959,normal,window_typing_10000.csv,0.6157635450363159
5960,normal,window_typing_10000.csv,0.6022289991378784
5961,normal,window_typing_10000.csv,0.5988834500312805
5962,normal,window_typing_10000.csv,0.732535719871521
5963,normal,window_typing_10000.csv,0.7394182682037354
5964,normal,window_typing_10000.csv,0.6074126362800598
5965,normal,window_typing_10000.csv,0.5998616218566895
5966,normal,window_typing_10000.csv,0.5983920097351074
5967,normal,window_typing_10000.csv,0.5949395298957825
5968,normal,window_typing_10000.csv,0.589604914188385
5969,normal,window_typing_10000.csv,0.5828952193260193
5970,normal,window_typing_10000.csv,0.5882737040519714
5971,normal,window_typing_10000.csv,0.5892489552497864
5972,normal,window_typing_10000.csv,0.6019439101219177
5973,normal,window_typing_10000.csv,0.6046800017356873
5974,normal,window_typing_10000.csv,0.6004897952079773
5975,normal,window_typing_10000.csv,0.6054970026016235
5976,normal,window_typing_10000.csv,0.5849612355232239
5977,normal,window_typing_10000.csv,0.5860997438430786
5978,normal,window_typing_10000.csv,0.5629343390464783
5979,normal,window_typing_10000.csv,0.5750219821929932
5980,normal,window_typing_10000.csv,0.5700304508209229
5981,normal,window_typing_10000.csv,0.5558347105979919
5982,normal,window_typing_10000.csv,0.558138370513916
5983,normal,window_typing_10000.csv,0.5600264668464661
5984,normal,window_typing_10000.csv,0.4448029696941376
5985,normal,window_typing_10000.csv,0.43665167689323425
5986,normal,window_typing_10000.csv,0.43406954407691956
5987,normal,window_typing_10000.csv,0.43492135405540466
5988,normal,window_typing_10000.csv,0.4308634400367737
5989,normal,window_typing_10000.csv,0.4252994656562805
5990,normal,window_typing_10000.csv,0.4163278043270111
5991,normal,window_typing_10000.csv,0.4101051688194275
5992,normal,window_typing_10000.csv,0.4062536954879761
5993,normal,window_typing_10000.csv,0.3983513116836548
5994,normal,window_typing_10000.csv,0.38741153478622437
5995,normal,window_typing_10000.csv,0.38581690192222595
5996,normal,window_typing_10000.csv,0.3809431791305542
5997,normal,window_typing_10000.csv,0.4981729984283447
5998,normal,window_typing_10000.csv,0.5143715739250183
5999,normal,window_typing_10000.csv,0.5153005123138428
6000,normal,window_typing_10000.csv,0.5180472135543823
6001,normal,window_typing_10000.csv,0.519020676612854
6002,normal,window_typing_10000.csv,0.5176944136619568
6003,normal,window_typing_10000.csv,0.5137895345687866
6004,normal,window_typing_10000.csv,0.5074040293693542
6005,normal,window_typing_10000.csv,0.5053983330726624
6006,normal,window_typing_10000.csv,0.5076656937599182
6007,normal,window_typing_10000.csv,0.5037639737129211
6008,normal,window_typing_10000.csv,0.501273512840271
6009,normal,window_typing_10000.csv,0.5151493549346924
6010,normal,window_typing_10000.csv,0.5163834691047668
6011,normal,window_typing_10000.csv,0.5187143683433533
6012,normal,window_typing_10000.csv,0.39303648471832275
6013,normal,window_typing_10000.csv,0.3773784041404724
6014,normal,window_typing_10000.csv,0.3991122543811798
6015,normal,window_typing_10000.csv,0.39854010939598083
6016,normal,window_typing_10000.csv,0.4019273519515991
6017,normal,window_typing_10000.csv,0.39338740706443787
6018,normal,window_typing_10000.csv,0.39669880270957947
6019,normal,window_typing_10000.csv,0.39809858798980713
6020,normal,window_typing_10000.csv,0.3995811641216278
6021,normal,window_typing_10000.csv,0.4007318615913391
6022,normal,window_typing_10000.csv,0.40202808380126953
6023,normal,window_typing_10000.csv,0.4016760587692261
6024,normal,window_typing_10000.csv,0.3991236984729767
6025,normal,window_typing_10000.csv,0.39873266220092773
6026,normal,window_typing_10000.csv,0.40282851457595825
6027,normal,window_typing_10000.csv,0.4013875424861908
6028,normal,window_typing_10000.csv,0.39925655722618103
6029,normal,window_typing_10000.csv,0.40034499764442444
6030,normal,window_typing_10000.csv,0.39526888728141785
6031,normal,window_typing_10000.csv,0.392632395029068
6032,normal,window_typing_10000.csv,0.3928513526916504
6033,normal,window_typing_10000.csv,0.3949517011642456
6034,normal,window_typing_10000.csv,0.3989814817905426
6035,normal,window_typing_10000.csv,0.3979445695877075
6036,normal,window_typing_10000.csv,0.3991869390010834
6037,normal,window_typing_10000.csv,0.4017985463142395
6038,normal,window_typing_10000.csv,0.4454345703125
6039,normal,window_typing_10000.csv,0.4574325382709503
6040,normal,window_typing_10000.csv,0.4635721445083618
6041,normal,window_typing_10000.csv,0.46338751912117004
6042,normal,window_typing_10000.csv,0.4608455300331116
6043,normal,window_typing_10000.csv,0.46013668179512024
6044,normal,window_typing_10000.csv,0.4488435685634613
6045,normal,window_typing_10000.csv,0.45040103793144226
6046,normal,window_typing_10000.csv,0.45150893926620483
6047,normal,window_typing_10000.csv,0.32168927788734436
6048,normal,window_typing_10000.csv,0.30450382828712463
6049,normal,window_typing_10000.csv,0.3068918287754059
6050,normal,window_typing_10000.csv,0.3052511215209961
6051,normal,window_typing_10000.csv,0.305641233921051
6052,normal,window_typing_10000.csv,0.3035356104373932
6053,normal,window_typing_10000.csv,0.4404670298099518
6054,normal,window_typing_10000.csv,0.4505535364151001
6055,normal,window_typing_10000.csv,0.45829442143440247
6056,normal,window_typing_10000.csv,0.4561718702316284
6057,normal,window_typing_10000.csv,0.48962637782096863
6058,normal,window_typing_10000.csv,0.4941507875919342
6059,normal,window_typing_10000.csv,0.4850844740867615
6060,normal,window_typing_10000.csv,0.47806766629219055
6061,normal,window_typing_10000.csv,0.4921124577522278
6062,normal,window_typing_10000.csv,0.5019471049308777
6063,normal,window_typing_10000.csv,0.5072552561759949
6064,normal,window_typing_10000.csv,0.5262995958328247
6065,normal,window_typing_10000.csv,0.5487576723098755
6066,normal,window_typing_10000.csv,0.565446138381958
6067,normal,window_typing_10000.csv,0.5999804139137268
6068,normal,window_typing_10000.csv,0.5437824130058289
6069,normal,window_typing_10000.csv,0.5030431151390076
6070,normal,window_typing_10000.csv,0.47867587208747864
6071,normal,window_typing_10000.csv,0.48954108357429504
6072,normal,window_typing_10000.csv,0.4866882264614105
6073,normal,window_typing_10000.csv,0.49530306458473206
6074,normal,window_typing_10000.csv,0.5058465600013733
6075,normal,window_typing_10000.csv,0.5166144967079163
6076,normal,window_typing_10000.csv,0.5169294476509094
6077,normal,window_typing_10000.csv,0.5191326141357422
6078,normal,window_typing_10000.csv,0.5193379521369934
6079,normal,window_typing_10000.csv,0.5146782994270325
6080,normal,window_typing_10000.csv,0.5146792531013489
6081,normal,window_typing_10000.csv,0.514912486076355
6082,normal,window_typing_10000.csv,0.5090924501419067
6083,normal,window_typing_10000.csv,0.4919140934944153
6084,normal,window_typing_10000.csv,0.48680371046066284
6085,normal,window_typing_10000.csv,0.4799003005027771
6086,normal,window_typing_10000.csv,0.4704943001270294
6087,normal,window_typing_10000.csv,0.5862905383110046
6088,normal,window_typing_10000.csv,0.584709644317627
6089,normal,window_typing_10000.csv,0.5870485901832581
6090,normal,window_typing_10000.csv,0.5863873958587646
6091,normal,window_typing_10000.csv,0.5869937539100647
6092,normal,window_typing_10000.csv,0.5900648832321167
6093,normal,window_typing_10000.csv,0.5841176509857178
6094,normal,window_typing_10000.csv,0.5886440873146057
6095,normal,window_typing_10000.csv,0.5925938487052917
6096,normal,window_typing_10000.csv,0.6009823679924011
6097,normal,window_typing_10000.csv,0.6012560725212097
6098,normal,window_typing_10000.csv,0.6100491285324097
6099,normal,window_typing_10000.csv,0.6149989366531372
6100,normal,window_typing_10000.csv,0.6145521402359009
6101,normal,window_typing_10000.csv,0.61249840259552
6102,normal,window_typing_10000.csv,0.6103425025939941
6103,normal,window_typing_10000.csv,0.4716031849384308
6104,normal,window_typing_10000.csv,0.45877954363822937
6105,normal,window_typing_10000.csv,0.4517679512500763
6106,normal,window_typing_10000.csv,0.45054858922958374
6107,normal,window_typing_10000.csv,0.43602123856544495
6108,normal,window_typing_10000.csv,0.44502419233322144
6109,normal,window_typing_10000.csv,0.44553425908088684
6110,normal,window_typing_10000.csv,0.473459392786026
6111,normal,window_typing_10000.csv,0.4621172547340393
6112,normal,window_typing_10000.csv,0.4577311873435974
6113,normal,window_typing_10000.csv,0.4605468213558197
6114,normal,window_typing_10000.csv,0.4596971869468689
6115,normal,window_typing_10000.csv,0.4659516513347626
6116,normal,window_typing_10000.csv,0.4649772346019745
6117,normal,window_typing_10000.csv,0.4420683681964874
6118,normal,window_typing_10000.csv,0.4393048584461212
6119,normal,window_typing_10000.csv,0.43749746680259705
6120,normal,window_typing_10000.csv,0.42996999621391296
6121,normal,window_typing_10000.csv,0.41277796030044556
6122,normal,window_typing_10000.csv,0.4006179869174957
6123,normal,window_typing_10000.csv,0.3939679265022278
6124,normal,window_typing_10000.csv,0.39079564809799194
6125,normal,window_typing_10000.csv,0.38598981499671936
6126,normal,window_typing_10000.csv,0.38582509756088257
6127,normal,window_typing_10000.csv,0.3848417401313782
6128,normal,window_typing_10000.csv,0.38435208797454834
6129,normal,window_typing_10000.csv,0.3846587538719177
6130,normal,window_typing_10000.csv,0.37848395109176636
6131,normal,window_typing_10000.csv,0.38019490242004395
6132,normal,window_typing_10000.csv,0.37797093391418457
6133,normal,window_typing_10000.csv,0.3805144131183624
6134,normal,window_typing_10000.csv,0.3839489817619324
6135,normal,window_typing_10000.csv,0.42408472299575806
6136,normal,window_typing_10000.csv,0.4229144752025604
6137,normal,window_typing_10000.csv,0.2917757034301758
6138,normal,window_typing_10000.csv,0.27517813444137573
6139,normal,window_typing_10000.csv,0.27649253606796265
6140,normal,window_typing_10000.csv,0.2843591868877411
6141,normal,window_typing_10000.csv,0.28933870792388916
6142,normal,window_typing_10000.csv,0.2957196533679962
6143,normal,window_typing_10000.csv,0.2969019412994385
6144,normal,window_typing_10000.csv,0.2958892285823822
6145,normal,window_typing_10000.csv,0.44828474521636963
6146,normal,window_typing_10000.csv,0.4482613801956177
6147,normal,window_typing_10000.csv,0.4773792326450348
6148,normal,window_typing_10000.csv,0.4574187099933624
6149,normal,window_typing_10000.csv,0.4917677342891693
6150,normal,window_typing_10000.csv,0.4906468093395233
6151,normal,window_typing_10000.csv,0.5051419734954834
6152,normal,window_typing_10000.csv,0.5023157596588135
6153,normal,window_typing_10000.csv,0.508510410785675
6154,normal,window_typing_10000.csv,0.5285499095916748
6155,normal,window_typing_10000.csv,0.5264852643013
6156,normal,window_typing_10000.csv,0.5457512736320496
6157,normal,window_typing_10000.csv,0.5531549453735352
6158,normal,window_typing_10000.csv,0.555615246295929
6159,normal,window_typing_10000.csv,0.5620945692062378
6160,normal,window_typing_10000.csv,0.5551855564117432
6161,normal,window_typing_10000.csv,0.5728152990341187
6162,normal,window_typing_10000.csv,0.5968654751777649
6163,normal,window_typing_10000.csv,0.6217037439346313
6164,normal,window_typing_10000.csv,0.6710594296455383
6165,normal,window_typing_10000.csv,0.6953684091567993
6166,normal,window_typing_10000.csv,0.7428606152534485
6167,normal,window_typing_10000.csv,0.7492011785507202
6168,normal,window_typing_10000.csv,0.7414281964302063
6169,normal,window_typing_10000.csv,0.7406503558158875
6170,normal,window_typing_10000.csv,0.7270703911781311
6171,normal,window_typing_10000.csv,0.7143501043319702
6172,normal,window_typing_10000.csv,0.7094840407371521
6173,normal,window_typing_10000.csv,0.7191705703735352
6174,normal,window_typing_10000.csv,0.7184261083602905
6175,normal,window_typing_10000.csv,0.7273408770561218
6176,normal,window_typing_10000.csv,0.8514859676361084
6177,normal,window_typing_10000.csv,0.8730594515800476
6178,normal,window_typing_10000.csv,0.8708770275115967
6179,normal,window_typing_10000.csv,0.8676679730415344
6180,normal,window_typing_10000.csv,0.8562395572662354
6181,normal,window_typing_10000.csv,0.8296266198158264
6182,normal,window_typing_10000.csv,0.80962073802948
6183,normal,window_typing_10000.csv,0.7913417220115662
6184,normal,window_typing_10000.csv,0.7767179012298584
6185,normal,window_typing_10000.csv,0.7547792196273804
6186,normal,window_typing_10000.csv,0.7506434917449951
6187,normal,window_typing_10000.csv,0.7486137747764587
6188,normal,window_typing_10000.csv,0.7360727190971375
6189,normal,window_typing_10000.csv,0.7333100438117981
6190,normal,window_typing_10000.csv,0.7290787100791931
6191,normal,window_typing_10000.csv,0.7260919809341431
6192,normal,window_typing_10000.csv,0.7192525863647461
6193,normal,window_typing_10000.csv,0.7009161710739136
6194,normal,window_typing_10000.csv,0.6913771033287048
6195,normal,window_typing_10000.csv,0.5565922856330872
6196,normal,window_typing_10000.csv,0.5393597483634949
6197,normal,window_typing_10000.csv,0.53458571434021
6198,normal,window_typing_10000.csv,0.5185878872871399
6199,normal,window_typing_10000.csv,0.48795729875564575
6200,normal,window_typing_10000.csv,0.5045188665390015
6201,normal,window_typing_10000.csv,0.4980676770210266
6202,normal,window_typing_10000.csv,0.5003178119659424
6203,normal,window_typing_10000.csv,0.4853663742542267
6204,normal,window_typing_10000.csv,0.4654451012611389
6205,normal,window_typing_10000.csv,0.4698633551597595
6206,normal,window_typing_10000.csv,0.46591436862945557
6207,normal,window_typing_10000.csv,0.47278133034706116
6208,normal,window_typing_10000.csv,0.47300097346305847
6209,normal,window_typing_10000.csv,0.4761313796043396
6210,normal,window_typing_10000.csv,0.48220717906951904
6211,normal,window_typing_10000.csv,0.4848722219467163
6212,normal,window_typing_10000.csv,0.4934470057487488
6213,normal,window_typing_10000.csv,0.5048438310623169
6214,normal,window_typing_10000.csv,0.4869849383831024
6215,normal,window_typing_10000.csv,0.48287805914878845
6216,normal,window_typing_10000.csv,0.46778589487075806
6217,normal,window_typing_10000.csv,0.5932702422142029
6218,normal,window_typing_10000.csv,0.729597806930542
6219,normal,window_typing_10000.csv,0.714032769203186
6220,normal,window_typing_10000.csv,0.6964343786239624
6221,normal,window_typing_10000.csv,0.679503321647644
6222,normal,window_typing_10000.csv,0.670529842376709
6223,normal,window_typing_10000.csv,0.6563062071800232
6224,normal,window_typing_10000.csv,0.6462457776069641
6225,normal,window_typing_10000.csv,0.6303793787956238
6226,normal,window_typing_10000.csv,0.4985753893852234
6227,normal,window_typing_10000.csv,0.4773688018321991
6228,normal,window_typing_10000.csv,0.47581982612609863
6229,normal,window_typing_10000.csv,0.4746401309967041
6230,normal,window_typing_10000.csv,0.47566065192222595
6231,normal,window_typing_10000.csv,0.48013705015182495
6232,normal,window_typing_10000.csv,0.47902438044548035
6233,normal,window_typing_10000.csv,0.48192259669303894
6234,normal,window_typing_10000.csv,0.4821385443210602
6235,normal,window_typing_10000.csv,0.4884195923805237
6236,normal,window_typing_10000.csv,0.4897313117980957
6237,normal,window_typing_10000.csv,0.496392160654068
6238,normal,window_typing_10000.csv,0.49915891885757446
6239,normal,window_typing_10000.csv,0.537864089012146
6240,normal,window_typing_10000.csv,0.5354846119880676
6241,normal,window_typing_10000.csv,0.5365607738494873
6242,normal,window_typing_10000.csv,0.5323436856269836
6243,normal,window_typing_10000.csv,0.5324956178665161
6244,normal,window_typing_10000.csv,0.531114399433136
6245,normal,window_typing_10000.csv,0.5257439613342285
6246,normal,window_typing_10000.csv,0.5291340947151184
6247,normal,window_typing_10000.csv,0.5271005034446716
6248,normal,window_typing_10000.csv,0.5289355516433716
6249,normal,window_typing_10000.csv,0.5433697700500488
6250,normal,window_typing_10000.csv,0.5222005248069763
6251,normal,window_typing_10000.csv,0.5173305869102478
6252,normal,window_typing_10000.csv,0.5182479023933411
6253,normal,window_typing_10000.csv,0.5164738893508911
6254,normal,window_typing_10000.csv,0.5142493844032288
6255,normal,window_typing_10000.csv,0.5134055614471436
6256,normal,window_typing_10000.csv,0.5177388191223145
6257,normal,window_typing_10000.csv,0.5144096612930298
6258,normal,window_typing_10000.csv,0.5197786688804626
6259,normal,window_typing_10000.csv,0.5235929489135742
6260,normal,window_typing_10000.csv,0.5271868705749512
6261,normal,window_typing_10000.csv,0.5314866304397583
6262,normal,window_typing_10000.csv,0.5335866808891296
6263,normal,window_typing_10000.csv,0.5327908396720886
6264,normal,window_typing_10000.csv,0.5341416597366333
6265,normal,window_typing_10000.csv,0.5361586809158325
6266,normal,window_typing_10000.csv,0.5374194979667664
6267,normal,window_typing_10000.csv,0.41362321376800537
6268,normal,window_typing_10000.csv,0.27905282378196716
6269,normal,window_typing_10000.csv,0.25850749015808105
6270,normal,window_typing_10000.csv,0.266624391078949
6271,normal,window_typing_10000.csv,0.26738548278808594
6272,normal,window_typing_10000.csv,0.27156099677085876
6273,normal,window_typing_10000.csv,0.2776718735694885
6274,normal,window_typing_10000.csv,0.2792333662509918
6275,normal,window_typing_10000.csv,0.28181806206703186
6276,normal,window_typing_10000.csv,0.29321199655532837
6277,normal,window_typing_10000.csv,0.2961277663707733
6278,normal,window_typing_10000.csv,0.30338260531425476
6279,normal,window_typing_10000.csv,0.30502811074256897
6280,normal,window_typing_10000.csv,0.30515170097351074
6281,normal,window_typing_10000.csv,0.30165088176727295
6282,normal,window_typing_10000.csv,0.3040931224822998
6283,normal,window_typing_10000.csv,0.3055211305618286
6284,normal,window_typing_10000.csv,0.3065323829650879
6285,normal,window_typing_10000.csv,0.3024802505970001
6286,normal,window_typing_10000.csv,0.30429020524024963
6287,normal,window_typing_10000.csv,0.29847049713134766
6288,normal,window_typing_10000.csv,0.29642316699028015
6289,normal,window_typing_10000.csv,0.2725120484828949
6290,normal,window_typing_10000.csv,0.27870815992355347
6291,normal,window_typing_10000.csv,0.27051541209220886
6292,normal,window_typing_10000.csv,0.4017864167690277
6293,normal,window_typing_10000.csv,0.4101417660713196
6294,normal,window_typing_10000.csv,0.4055262804031372
6295,normal,window_typing_10000.csv,0.5002648234367371
6296,normal,window_typing_10000.csv,0.6047626733779907
6297,normal,window_typing_10000.csv,0.6186226606369019
6298,normal,window_typing_10000.csv,0.633295476436615
6299,normal,window_typing_10000.csv,0.6349372863769531
6300,normal,window_typing_10000.csv,0.6663967967033386
6301,normal,window_typing_10000.csv,0.6880194544792175
6302,normal,window_typing_10000.csv,0.6917190551757812
6303,normal,window_typing_10000.csv,0.6973455548286438
6304,normal,window_typing_10000.csv,0.6989441514015198
6305,normal,window_typing_10000.csv,0.6978179216384888
6306,normal,window_typing_10000.csv,0.7031261920928955
6307,normal,window_typing_10000.csv,0.7027681469917297
6308,normal,window_typing_10000.csv,0.7002619504928589
6309,normal,window_typing_10000.csv,0.7092921733856201
6310,normal,window_typing_10000.csv,0.712539553642273
6311,normal,window_typing_10000.csv,0.7099064588546753
6312,normal,window_typing_10000.csv,0.7142109274864197
6313,normal,window_typing_10000.csv,0.7105844020843506
6314,normal,window_typing_10000.csv,0.7124161124229431
6315,normal,window_typing_10000.csv,0.7147418260574341
6316,normal,window_typing_10000.csv,0.712251603603363
6317,normal,window_typing_10000.csv,0.7172114253044128
6318,normal,window_typing_10000.csv,0.7149314880371094
6319,normal,window_typing_10000.csv,0.7099195718765259
6320,normal,window_typing_10000.csv,0.6969771385192871
6321,normal,window_typing_10000.csv,0.7074882984161377
6322,normal,window_typing_10000.csv,0.7056417465209961
6323,normal,window_typing_10000.csv,0.7080211639404297
6324,normal,window_typing_10000.csv,0.7099363803863525
6325,normal,window_typing_10000.csv,0.7143162488937378
6326,normal,window_typing_10000.csv,0.7107571363449097
6327,normal,window_typing_10000.csv,0.7104597687721252
6328,normal,window_typing_10000.csv,0.7112696766853333
6329,normal,window_typing_10000.csv,0.730488121509552
6330,normal,window_typing_10000.csv,0.7328867316246033
6331,normal,window_typing_10000.csv,0.7397751212120056
6332,normal,window_typing_10000.csv,0.7458113431930542
6333,normal,window_typing_10000.csv,0.7480061650276184
6334,normal,window_typing_10000.csv,0.7511712312698364
6335,normal,window_typing_10000.csv,0.774708092212677
6336,normal,window_typing_10000.csv,0.792921245098114
6337,normal,window_typing_10000.csv,0.8113915920257568
6338,normal,window_typing_10000.csv,0.8288930654525757
6339,normal,window_typing_10000.csv,0.8361212611198425
6340,normal,window_typing_10000.csv,0.8420936465263367
6341,normal,window_typing_10000.csv,0.8397493362426758
6342,normal,window_typing_10000.csv,0.6975641250610352
6343,normal,window_typing_10000.csv,0.6756440997123718
6344,normal,window_typing_10000.csv,0.6823344826698303
6345,normal,window_typing_10000.csv,0.5660282373428345
6346,normal,window_typing_10000.csv,0.4507881999015808
6347,normal,window_typing_10000.csv,0.4420980215072632
6348,normal,window_typing_10000.csv,0.432981938123703
6349,normal,window_typing_10000.csv,0.4295591115951538
6350,normal,window_typing_10000.csv,0.40742790699005127
6351,normal,window_typing_10000.csv,0.3933396637439728
6352,normal,window_typing_10000.csv,0.3913939595222473
6353,normal,window_typing_10000.csv,0.38580322265625
6354,normal,window_typing_10000.csv,0.38502049446105957
6355,normal,window_typing_10000.csv,0.38217562437057495
6356,normal,window_typing_10000.csv,0.37092146277427673
6357,normal,window_typing_10000.csv,0.3761480152606964
6358,normal,window_typing_10000.csv,0.3754305839538574
6359,normal,window_typing_10000.csv,0.3597681522369385
6360,normal,window_typing_10000.csv,0.36718860268592834
6361,normal,window_typing_10000.csv,0.36650171875953674
6362,normal,window_typing_10000.csv,0.47660836577415466
6363,normal,window_typing_10000.csv,0.5020580887794495
6364,normal,window_typing_10000.csv,0.4998568892478943
6365,normal,window_typing_10000.csv,0.4885556697845459
6366,normal,window_typing_10000.csv,0.48950690031051636
6367,normal,window_typing_10000.csv,0.48407453298568726
6368,normal,window_typing_10000.csv,0.4803084135055542
6369,normal,window_typing_10000.csv,0.4887823760509491
6370,normal,window_typing_10000.csv,0.49427783489227295
6371,normal,window_typing_10000.csv,0.48233112692832947
6372,normal,window_typing_10000.csv,0.4709185063838959
6373,normal,window_typing_10000.csv,0.4598805606365204
6374,normal,window_typing_10000.csv,0.4545270800590515
6375,normal,window_typing_10000.csv,0.46607986092567444
6376,normal,window_typing_10000.csv,0.4660544693470001
6377,normal,window_typing_10000.csv,0.4679545760154724
6378,normal,window_typing_10000.csv,0.47248169779777527
6379,normal,window_typing_10000.csv,0.45608291029930115
6380,normal,window_typing_10000.csv,0.4561251699924469
6381,normal,window_typing_10000.csv,0.450503945350647
6382,normal,window_typing_10000.csv,0.4505498707294464
6383,normal,window_typing_10000.csv,0.4464178681373596
6384,normal,window_typing_10000.csv,0.4372626841068268
6385,normal,window_typing_10000.csv,0.4215303957462311
6386,normal,window_typing_10000.csv,0.41232794523239136
6387,normal,window_typing_10000.csv,0.40400075912475586
6388,normal,window_typing_10000.csv,0.39898446202278137
6389,normal,window_typing_10000.csv,0.3901444375514984
6390,normal,window_typing_10000.csv,0.387549489736557
6391,normal,window_typing_10000.csv,0.3857877552509308
6392,normal,window_typing_10000.csv,0.3871912658214569
6393,normal,window_typing_10000.csv,0.3890712559223175
6394,normal,window_typing_10000.csv,0.3893270194530487
6395,normal,window_typing_10000.csv,0.3947007954120636
6396,normal,window_typing_10000.csv,0.3864108920097351
6397,normal,window_typing_10000.csv,0.384492427110672
6398,normal,window_typing_10000.csv,0.5147609114646912
6399,normal,window_typing_10000.csv,0.529169499874115
6400,normal,window_typing_10000.csv,0.5265026688575745
6401,normal,window_typing_10000.csv,0.525364875793457
6402,normal,window_typing_10000.csv,0.5205366015434265
6403,normal,window_typing_10000.csv,0.6301556825637817
6404,normal,window_typing_10000.csv,0.6394767165184021
6405,normal,window_typing_10000.csv,0.639162003993988
6406,normal,window_typing_10000.csv,0.6445412039756775
6407,normal,window_typing_10000.csv,0.6576797366142273
6408,normal,window_typing_10000.csv,0.6594072580337524
6409,normal,window_typing_10000.csv,0.6612237691879272
6410,normal,window_typing_10000.csv,0.6660853028297424
6411,normal,window_typing_10000.csv,0.6677396893501282
6412,normal,window_typing_10000.csv,0.552708625793457
6413,normal,window_typing_10000.csv,0.5454939007759094
6414,normal,window_typing_10000.csv,0.5494645833969116
6415,normal,window_typing_10000.csv,0.5562618970870972
6416,normal,window_typing_10000.csv,0.5554575324058533
6417,normal,window_typing_10000.csv,0.5541796684265137
6418,normal,window_typing_10000.csv,0.5509129762649536
6419,normal,window_typing_10000.csv,0.5431044697761536
6420,normal,window_typing_10000.csv,0.540266215801239
6421,normal,window_typing_10000.csv,0.5413069128990173
6422,normal,window_typing_10000.csv,0.5426012277603149
6423,normal,window_typing_10000.csv,0.541939377784729
6424,normal,window_typing_10000.csv,0.5509097576141357
6425,normal,window_typing_10000.csv,0.5388823747634888
6426,normal,window_typing_10000.csv,0.5352975726127625
6427,normal,window_typing_10000.csv,0.5297139286994934
6428,normal,window_typing_10000.csv,0.5250837802886963
6429,normal,window_typing_10000.csv,0.5376877188682556
6430,normal,window_typing_10000.csv,0.5452179908752441
6431,normal,window_typing_10000.csv,0.5508570671081543
6432,normal,window_typing_10000.csv,0.5599941611289978
6433,normal,window_typing_10000.csv,0.5641361474990845
6434,normal,window_typing_10000.csv,0.5709441304206848
6435,normal,window_typing_10000.csv,0.5730469226837158
6436,normal,window_typing_10000.csv,0.5720307230949402
6437,normal,window_typing_10000.csv,0.5739800930023193
6438,normal,window_typing_10000.csv,0.5740922093391418
6439,normal,window_typing_10000.csv,0.5698816180229187
6440,normal,window_typing_10000.csv,0.569001317024231
6441,normal,window_typing_10000.csv,0.5666452050209045
6442,normal,window_typing_10000.csv,0.5686748623847961
6443,normal,window_typing_10000.csv,0.5714608430862427
6444,normal,window_typing_10000.csv,0.5765171051025391
6445,normal,window_typing_10000.csv,0.5791589021682739
6446,normal,window_typing_10000.csv,0.582374095916748
6447,normal,window_typing_10000.csv,0.5832378268241882
6448,normal,window_typing_10000.csv,0.4512454867362976
6449,normal,window_typing_10000.csv,0.4342767000198364
6450,normal,window_typing_10000.csv,0.4392317533493042
6451,normal,window_typing_10000.csv,0.441195547580719
6452,normal,window_typing_10000.csv,0.4426262080669403
6453,normal,window_typing_10000.csv,0.32027432322502136
6454,normal,window_typing_10000.csv,0.3089750111103058
6455,normal,window_typing_10000.csv,0.3317512273788452
6456,normal,window_typing_10000.csv,0.32645654678344727
6457,normal,window_typing_10000.csv,0.31544458866119385
6458,normal,window_typing_10000.csv,0.3150283992290497
6459,normal,window_typing_10000.csv,0.316720187664032
6460,normal,window_typing_10000.csv,0.3098093569278717
6461,normal,window_typing_10000.csv,0.31723833084106445
6462,normal,window_typing_10000.csv,0.3079182505607605
6463,normal,window_typing_10000.csv,0.2974557876586914
6464,normal,window_typing_10000.csv,0.29184839129447937
6465,normal,window_typing_10000.csv,0.2870742678642273
6466,normal,window_typing_10000.csv,0.2923007309436798
6467,normal,window_typing_10000.csv,0.2958712577819824
6468,normal,window_typing_10000.csv,0.3059972822666168
6469,normal,window_typing_10000.csv,0.29724445939064026
6470,normal,window_typing_10000.csv,0.29037991166114807
6471,normal,window_typing_10000.csv,0.28761112689971924
6472,normal,window_typing_10000.csv,0.2910201847553253
6473,normal,window_typing_10000.csv,0.3002040982246399
6474,normal,window_typing_10000.csv,0.30834269523620605
6475,normal,window_typing_10000.csv,0.315457820892334
6476,normal,window_typing_10000.csv,0.31174376606941223
6477,normal,window_typing_10000.csv,0.30627185106277466
6478,normal,window_typing_10000.csv,0.29748260974884033
6479,normal,window_typing_10000.csv,0.2863592207431793
6480,normal,window_typing_10000.csv,0.28877389430999756
6481,normal,window_typing_10000.csv,0.2811824679374695
6482,normal,window_typing_10000.csv,0.3299338221549988
6483,normal,window_typing_10000.csv,0.3439030349254608
6484,normal,window_typing_10000.csv,0.357771635055542
6485,normal,window_typing_10000.csv,0.3734097480773926
6486,normal,window_typing_10000.csv,0.37635180354118347
6487,normal,window_typing_10000.csv,0.3684162497520447
6488,normal,window_typing_10000.csv,0.35824787616729736
6489,normal,window_typing_10000.csv,0.3404221534729004
6490,normal,window_typing_10000.csv,0.3260733187198639
6491,normal,window_typing_10000.csv,0.31217125058174133
6492,normal,window_typing_10000.csv,0.31698888540267944
6493,normal,window_typing_10000.csv,0.3185022473335266
6494,normal,window_typing_10000.csv,0.3089616000652313
6495,normal,window_typing_10000.csv,0.30178725719451904
6496,normal,window_typing_10000.csv,0.29870808124542236
6497,normal,window_typing_10000.csv,0.30070239305496216
6498,normal,window_typing_10000.csv,0.29806405305862427
6499,normal,window_typing_10000.csv,0.4288790225982666
6500,normal,window_typing_10000.csv,0.5540112257003784
6501,normal,window_typing_10000.csv,0.5708577036857605
6502,normal,window_typing_10000.csv,0.5670291185379028
6503,normal,window_typing_10000.csv,0.5617078542709351
6504,normal,window_typing_10000.csv,0.5601076483726501
6505,normal,window_typing_10000.csv,0.554108202457428
6506,normal,window_typing_10000.csv,0.5616641640663147
6507,normal,window_typing_10000.csv,0.5781944394111633
6508,normal,window_typing_10000.csv,0.6043331027030945
6509,normal,window_typing_10000.csv,0.613236665725708
6510,normal,window_typing_10000.csv,0.6186791658401489
6511,normal,window_typing_10000.csv,0.6083478927612305
6512,normal,window_typing_10000.csv,0.6037353277206421
6513,normal,window_typing_10000.csv,0.6030250787734985
6514,normal,window_typing_10000.csv,0.6021167039871216
6515,normal,window_typing_10000.csv,0.6016929745674133
6516,normal,window_typing_10000.csv,0.5904975533485413
6517,normal,window_typing_10000.csv,0.5832936763763428
6518,normal,window_typing_10000.csv,0.5736833214759827
6519,normal,window_typing_10000.csv,0.5747036337852478
6520,normal,window_typing_10000.csv,0.5790576338768005
6521,normal,window_typing_10000.csv,0.5778384804725647
6522,normal,window_typing_10000.csv,0.722330629825592
6523,normal,window_typing_10000.csv,0.7392168045043945
6524,normal,window_typing_10000.csv,0.7560573816299438
6525,normal,window_typing_10000.csv,0.7645143866539001
6526,normal,window_typing_10000.csv,0.7969910502433777
6527,normal,window_typing_10000.csv,0.7967973351478577
6528,normal,window_typing_10000.csv,0.9482861161231995
6529,normal,window_typing_10000.csv,0.9546462297439575
6530,normal,window_typing_10000.csv,0.9606332778930664
6531,normal,window_typing_10000.csv,0.965758204460144
6532,normal,window_typing_10000.csv,0.9725954532623291
6533,normal,window_typing_10000.csv,0.996069073677063
6534,normal,window_typing_10000.csv,1.0208666324615479
6535,normal,window_typing_10000.csv,1.0342265367507935
6536,normal,window_typing_10000.csv,1.0574700832366943
6537,normal,window_typing_10000.csv,1.048750638961792
6538,normal,window_typing_10000.csv,1.0425806045532227
6539,normal,window_typing_10000.csv,1.0326497554779053
6540,normal,window_typing_10000.csv,1.0191730260849
6541,normal,window_typing_10000.csv,1.007665991783142
6542,normal,window_typing_10000.csv,0.9923474788665771
6543,normal,window_typing_10000.csv,0.982655942440033
6544,normal,window_typing_10000.csv,0.9773504137992859
6545,normal,window_typing_10000.csv,0.9729732871055603
6546,normal,window_typing_10000.csv,0.9705073237419128
6547,normal,window_typing_10000.csv,0.9602557420730591
6548,normal,window_typing_10000.csv,0.9621277451515198
6549,normal,window_typing_10000.csv,0.8282902836799622
6550,normal,window_typing_10000.csv,0.6987102627754211
6551,normal,window_typing_10000.csv,0.6799478530883789
6552,normal,window_typing_10000.csv,0.6795383095741272
6553,normal,window_typing_10000.csv,0.6786462068557739
6554,normal,window_typing_10000.csv,0.6771262288093567
6555,normal,window_typing_10000.csv,0.6795840859413147
6556,normal,window_typing_10000.csv,0.6706148386001587
6557,normal,window_typing_10000.csv,0.7768715620040894
6558,normal,window_typing_10000.csv,0.7822651267051697
6559,normal,window_typing_10000.csv,0.7719374895095825
6560,normal,window_typing_10000.csv,0.7613694667816162
6561,normal,window_typing_10000.csv,0.7630505561828613
6562,normal,window_typing_10000.csv,0.7648878693580627
6563,normal,window_typing_10000.csv,0.7683154940605164
6564,normal,window_typing_10000.csv,0.7696077227592468
6565,normal,window_typing_10000.csv,0.7712582945823669
6566,normal,window_typing_10000.csv,0.781197726726532
6567,normal,window_typing_10000.csv,0.7898352742195129
6568,normal,window_typing_10000.csv,0.7858826518058777
6569,normal,window_typing_10000.csv,0.7770951986312866
6570,normal,window_typing_10000.csv,0.7683964967727661
6571,normal,window_typing_10000.csv,0.7644731402397156
6572,normal,window_typing_10000.csv,0.630681574344635
6573,normal,window_typing_10000.csv,0.6169961094856262
6574,normal,window_typing_10000.csv,0.6119461059570312
6575,normal,window_typing_10000.csv,0.6131283640861511
6576,normal,window_typing_10000.csv,0.5908932089805603
6577,normal,window_typing_10000.csv,0.6414033770561218
6578,normal,window_typing_10000.csv,0.49925297498703003
6579,normal,window_typing_10000.csv,0.5047193765640259
6580,normal,window_typing_10000.csv,0.4793761372566223
6581,normal,window_typing_10000.csv,0.497919499874115
6582,normal,window_typing_10000.csv,0.7407501339912415
6583,normal,window_typing_10000.csv,0.8199988603591919
6584,normal,window_typing_10000.csv,0.8415003418922424
6585,normal,window_typing_10000.csv,0.8313772082328796
6586,normal,window_typing_10000.csv,0.7806331515312195
6587,normal,window_typing_10000.csv,0.7487289905548096
6588,normal,window_typing_10000.csv,0.6977619528770447
6589,normal,window_typing_10000.csv,0.7060521841049194
6590,normal,window_typing_10000.csv,0.7050284743309021
6591,normal,window_typing_10000.csv,0.7305012345314026
6592,normal,window_typing_10000.csv,0.7274060249328613
6593,normal,window_typing_10000.csv,0.7195444107055664
6594,normal,window_typing_10000.csv,0.71234530210495
6595,normal,window_typing_10000.csv,0.7199152708053589
6596,normal,window_typing_10000.csv,0.7294396758079529
6597,normal,window_typing_10000.csv,0.7457097768783569
6598,normal,window_typing_10000.csv,0.7609418034553528
6599,normal,window_typing_10000.csv,0.7544500231742859
6600,normal,window_typing_10000.csv,0.7634090185165405
6601,normal,window_typing_10000.csv,0.7602695822715759
6602,normal,window_typing_10000.csv,0.7938539981842041
6603,normal,window_typing_10000.csv,0.7905101776123047
6604,normal,window_typing_10000.csv,0.7993361949920654
6605,normal,window_typing_10000.csv,0.8021720051765442
6606,normal,window_typing_10000.csv,0.7949557304382324
6607,normal,window_typing_10000.csv,0.6615089178085327
6608,normal,window_typing_10000.csv,0.6444095969200134
6609,normal,window_typing_10000.csv,0.6387275457382202
6610,normal,window_typing_10000.csv,0.6294485330581665
6611,normal,window_typing_10000.csv,0.6300506591796875
6612,normal,window_typing_10000.csv,0.6246246099472046
6613,normal,window_typing_10000.csv,0.6186143159866333
6614,normal,window_typing_10000.csv,0.6175183653831482
6615,normal,window_typing_10000.csv,0.6163678169250488
6616,normal,window_typing_10000.csv,0.6157035231590271
6617,normal,window_typing_10000.csv,0.6058780550956726
6618,normal,window_typing_10000.csv,0.6011422276496887
6619,normal,window_typing_10000.csv,0.604692280292511
6620,normal,window_typing_10000.csv,0.6070821285247803
6621,normal,window_typing_10000.csv,0.6213980317115784
6622,normal,window_typing_10000.csv,0.6239820122718811
6623,normal,window_typing_10000.csv,0.6364741921424866
6624,normal,window_typing_10000.csv,0.6441093683242798
6625,normal,window_typing_10000.csv,0.6405472159385681
6626,normal,window_typing_10000.csv,0.649607241153717
6627,normal,window_typing_10000.csv,0.6240291595458984
6628,normal,window_typing_10000.csv,0.6509836912155151
6629,normal,window_typing_10000.csv,0.6660026907920837
6630,normal,window_typing_10000.csv,0.7407817244529724
6631,normal,window_typing_10000.csv,0.8547971844673157
6632,normal,window_typing_10000.csv,0.5956774950027466
6633,normal,window_typing_10000.csv,0.5465375781059265
6634,normal,window_typing_10000.csv,0.4828839600086212
6635,normal,window_typing_10000.csv,0.45628294348716736
6636,normal,window_typing_10000.csv,0.4423632025718689
6637,normal,window_typing_10000.csv,0.4392913281917572
6638,normal,window_typing_10000.csv,0.4287855923175812
6639,normal,window_typing_10000.csv,0.4042713940143585
6640,normal,window_typing_10000.csv,0.37823373079299927
6641,normal,window_typing_10000.csv,0.3565278947353363
6642,normal,window_typing_10000.csv,0.35382649302482605
6643,normal,window_typing_10000.csv,0.35025134682655334
6644,normal,window_typing_10000.csv,0.3483809232711792
6645,normal,window_typing_10000.csv,0.3449670076370239
6646,normal,window_typing_10000.csv,0.33704447746276855
6647,normal,window_typing_10000.csv,0.34311214089393616
6648,normal,window_typing_10000.csv,0.3245144486427307
6649,normal,window_typing_10000.csv,0.31470322608947754
6650,normal,window_typing_10000.csv,0.3125426769256592
6651,normal,window_typing_10000.csv,0.3186390697956085
6652,normal,window_typing_10000.csv,0.3224509656429291
6653,normal,window_typing_10000.csv,0.31865665316581726
6654,normal,window_typing_10000.csv,0.3144385814666748
6655,normal,window_typing_10000.csv,0.31275367736816406
6656,normal,window_typing_10000.csv,0.3120023012161255
6657,normal,window_typing_10000.csv,0.31342512369155884
6658,normal,window_typing_10000.csv,0.3178960382938385
6659,normal,window_typing_10000.csv,0.3244311213493347
6660,normal,window_typing_10000.csv,0.32269608974456787
6661,normal,window_typing_10000.csv,0.319137841463089
6662,normal,window_typing_10000.csv,0.3167923092842102
6663,normal,window_typing_10000.csv,0.3136635720729828
6664,normal,window_typing_10000.csv,0.3125245273113251
6665,normal,window_typing_10000.csv,0.30353209376335144
6666,normal,window_typing_10000.csv,0.3023139238357544
6667,normal,window_typing_10000.csv,0.30773741006851196
6668,normal,window_typing_10000.csv,0.31855201721191406
6669,normal,window_typing_10000.csv,0.326298326253891
6670,normal,window_typing_10000.csv,0.33915552496910095
6671,normal,window_typing_10000.csv,0.33761924505233765
6672,normal,window_typing_10000.csv,0.35509055852890015
6673,normal,window_typing_10000.csv,0.35206401348114014
6674,normal,window_typing_10000.csv,0.48852816224098206
6675,normal,window_typing_10000.csv,0.4966603219509125
6676,normal,window_typing_10000.csv,0.5030938982963562
6677,normal,window_typing_10000.csv,0.5161547660827637
6678,normal,window_typing_10000.csv,0.4871867597103119
6679,normal,window_typing_10000.csv,0.4785047471523285
6680,normal,window_typing_10000.csv,0.4796057939529419
6681,normal,window_typing_10000.csv,0.4554417133331299
6682,normal,window_typing_10000.csv,0.4451368749141693
6683,normal,window_typing_10000.csv,0.4250998795032501
6684,normal,window_typing_10000.csv,0.4198053479194641
6685,normal,window_typing_10000.csv,0.4052576720714569
6686,normal,window_typing_10000.csv,0.3955736756324768
6687,normal,window_typing_10000.csv,0.3895739018917084
6688,normal,window_typing_10000.csv,0.38418668508529663
6689,normal,window_typing_10000.csv,0.3846615254878998
6690,normal,window_typing_10000.csv,0.37675055861473083
6691,normal,window_typing_10000.csv,0.36951300501823425
6692,normal,window_typing_10000.csv,0.36014997959136963
6693,normal,window_typing_10000.csv,0.3690640330314636
6694,normal,window_typing_10000.csv,0.3703669309616089
6695,normal,window_typing_10000.csv,0.5030308961868286
6696,normal,window_typing_10000.csv,0.520439624786377
6697,normal,window_typing_10000.csv,0.525216817855835
6698,normal,window_typing_10000.csv,0.5319535732269287
6699,normal,window_typing_10000.csv,0.5529335141181946
6700,normal,window_typing_10000.csv,0.5494254231452942
6701,normal,window_typing_10000.csv,0.5509294271469116
6702,normal,window_typing_10000.csv,0.5510821342468262
6703,normal,window_typing_10000.csv,0.5759676098823547
6704,normal,window_typing_10000.csv,0.5746997594833374
6705,normal,window_typing_10000.csv,0.5965086817741394
6706,normal,window_typing_10000.csv,0.5968100428581238
6707,normal,window_typing_10000.csv,0.6094530820846558
6708,normal,window_typing_10000.csv,0.6144146919250488
6709,normal,window_typing_10000.csv,0.622220516204834
6710,normal,window_typing_10000.csv,0.63554447889328
6711,normal,window_typing_10000.csv,0.6435696482658386
6712,normal,window_typing_10000.csv,0.6341845989227295
6713,normal,window_typing_10000.csv,0.6246894598007202
6714,normal,window_typing_10000.csv,0.6191726922988892
6715,normal,window_typing_10000.csv,0.6147838234901428
6716,normal,window_typing_10000.csv,0.6095887422561646
6717,normal,window_typing_10000.csv,0.6042670011520386
6718,normal,window_typing_10000.csv,0.7395354509353638
6719,normal,window_typing_10000.csv,0.7519769072532654
6720,normal,window_typing_10000.csv,0.7497678399085999
6721,normal,window_typing_10000.csv,0.7543317675590515
6722,normal,window_typing_10000.csv,0.7486647963523865
6723,normal,window_typing_10000.csv,0.7487251162528992
6724,normal,window_typing_10000.csv,0.6275061964988708
6725,normal,window_typing_10000.csv,0.6099311709403992
6726,normal,window_typing_10000.csv,0.6065754890441895
6727,normal,window_typing_10000.csv,0.6028390526771545
6728,normal,window_typing_10000.csv,0.6046044230461121
6729,normal,window_typing_10000.csv,0.603226363658905
6730,normal,window_typing_10000.csv,0.6031097173690796
6731,normal,window_typing_10000.csv,0.6159365177154541
6732,normal,window_typing_10000.csv,0.6251009702682495
6733,normal,window_typing_10000.csv,0.6289442181587219
6734,normal,window_typing_10000.csv,0.6312640309333801
6735,normal,window_typing_10000.csv,0.6368971467018127
6736,normal,window_typing_10000.csv,0.6382007002830505
6737,normal,window_typing_10000.csv,0.6392419934272766
6738,normal,window_typing_10000.csv,0.6452165246009827
6739,normal,window_typing_10000.csv,0.6492680311203003
6740,normal,window_typing_10000.csv,0.6554098129272461
6741,normal,window_typing_10000.csv,0.6660996079444885
6742,normal,window_typing_10000.csv,0.6776307821273804
6743,normal,window_typing_10000.csv,0.6732062101364136
6744,normal,window_typing_10000.csv,0.6778976321220398
6745,normal,window_typing_10000.csv,0.55510413646698
6746,normal,window_typing_10000.csv,0.549014151096344
6747,normal,window_typing_10000.csv,0.5413691401481628
6748,normal,window_typing_10000.csv,0.5391252636909485
6749,normal,window_typing_10000.csv,0.5197281837463379
6750,normal,window_typing_10000.csv,0.5144047737121582
6751,normal,window_typing_10000.csv,0.5204131603240967
6752,normal,window_typing_10000.csv,0.5303577780723572
6753,normal,window_typing_10000.csv,0.5175221562385559
6754,normal,window_typing_10000.csv,0.5134854316711426
6755,normal,window_typing_10000.csv,0.5003357529640198
6756,normal,window_typing_10000.csv,0.5005831122398376
6757,normal,window_typing_10000.csv,0.48862579464912415
6758,normal,window_typing_10000.csv,0.48557648062705994
6759,normal,window_typing_10000.csv,0.48706120252609253
6760,normal,window_typing_10000.csv,0.4846527576446533
6761,normal,window_typing_10000.csv,0.484251469373703
6762,normal,window_typing_10000.csv,0.4848860502243042
6763,normal,window_typing_10000.csv,0.4880731701850891
6764,normal,window_typing_10000.csv,0.4929065704345703
6765,normal,window_typing_10000.csv,0.49215689301490784
6766,normal,window_typing_10000.csv,0.4757480025291443
6767,normal,window_typing_10000.csv,0.4651629328727722
6768,normal,window_typing_10000.csv,0.3233635127544403
6769,normal,window_typing_10000.csv,0.32166850566864014
6770,normal,window_typing_10000.csv,0.3174858093261719
6771,normal,window_typing_10000.csv,0.31588494777679443
6772,normal,window_typing_10000.csv,0.3080114722251892
6773,normal,window_typing_10000.csv,0.30146723985671997
6774,normal,window_typing_10000.csv,0.2897911071777344
6775,normal,window_typing_10000.csv,0.2842043340206146
6776,normal,window_typing_10000.csv,0.2852809727191925
6777,normal,window_typing_10000.csv,0.287056565284729
6778,normal,window_typing_10000.csv,0.3102925717830658
6779,normal,window_typing_10000.csv,0.30829501152038574
6780,normal,window_typing_10000.csv,0.3099857568740845
6781,normal,window_typing_10000.csv,0.3018946647644043
6782,normal,window_typing_10000.csv,0.2951509654521942
6783,normal,window_typing_10000.csv,0.29449155926704407
6784,normal,window_typing_10000.csv,0.2905551791191101
6785,normal,window_typing_10000.csv,0.2920822203159332
6786,normal,window_typing_10000.csv,0.2946780025959015
6787,normal,window_typing_10000.csv,0.29884806275367737
6788,normal,window_typing_10000.csv,0.2971169054508209
6789,normal,window_typing_10000.csv,0.29055389761924744
6790,normal,window_typing_10000.csv,0.2812004089355469
6791,normal,window_typing_10000.csv,0.2706490755081177
6792,normal,window_typing_10000.csv,0.2664261758327484
6793,normal,window_typing_10000.csv,0.2645915448665619
6794,normal,window_typing_10000.csv,0.26513463258743286
6795,normal,window_typing_10000.csv,0.2586404085159302
6796,normal,window_typing_10000.csv,0.256476491689682
6797,normal,window_typing_10000.csv,0.2570953071117401
6798,normal,window_typing_10000.csv,0.2526700794696808
6799,normal,window_typing_10000.csv,0.2504788339138031
6800,normal,window_typing_10000.csv,0.2501271367073059
6801,normal,window_typing_10000.csv,0.2669999897480011
6802,normal,window_typing_10000.csv,0.26677405834198
6803,normal,window_typing_10000.csv,0.28405606746673584
6804,normal,window_typing_10000.csv,0.30640941858291626
6805,normal,window_typing_10000.csv,0.33089420199394226
6806,normal,window_typing_10000.csv,0.32440677285194397
6807,normal,window_typing_10000.csv,0.3215368092060089
6808,normal,window_typing_10000.csv,0.3142016530036926
6809,normal,window_typing_10000.csv,0.307186096906662
6810,normal,window_typing_10000.csv,0.30097800493240356
6811,normal,window_typing_10000.csv,0.30367130041122437
6812,normal,window_typing_10000.csv,0.3091570734977722
6813,normal,window_typing_10000.csv,0.3142126202583313
6814,normal,window_typing_10000.csv,0.3186308443546295
6815,normal,window_typing_10000.csv,0.3248949348926544
6816,normal,window_typing_10000.csv,0.33476972579956055
6817,normal,window_typing_10000.csv,0.3405369520187378
6818,normal,window_typing_10000.csv,0.34759366512298584
6819,normal,window_typing_10000.csv,0.33870625495910645
6820,normal,window_typing_10000.csv,0.3435545265674591
6821,normal,window_typing_10000.csv,0.3440009355545044
6822,normal,window_typing_10000.csv,0.3505922853946686
6823,normal,window_typing_10000.csv,0.380013108253479
6824,normal,window_typing_10000.csv,0.3910698890686035
6825,normal,window_typing_10000.csv,0.39643919467926025
6826,normal,window_typing_10000.csv,0.40060195326805115
6827,normal,window_typing_10000.csv,0.3979412019252777
6828,normal,window_typing_10000.csv,0.3804633617401123
6829,normal,window_typing_10000.csv,0.38571110367774963
6830,normal,window_typing_10000.csv,0.38562101125717163
6831,normal,window_typing_10000.csv,0.38906362652778625
6832,normal,window_typing_10000.csv,0.39186906814575195
6833,normal,window_typing_10000.csv,0.3930553197860718
6834,normal,window_typing_10000.csv,0.40001529455184937
6835,normal,window_typing_10000.csv,0.3970014750957489
6836,normal,window_typing_10000.csv,0.402958482503891
6837,normal,window_typing_10000.csv,0.40354031324386597
6838,normal,window_typing_10000.csv,0.40293341875076294
6839,normal,window_typing_10000.csv,0.40897294878959656
6840,normal,window_typing_10000.csv,0.3994813561439514
6841,normal,window_typing_10000.csv,0.39894407987594604
6842,normal,window_typing_10000.csv,0.40724748373031616
6843,normal,window_typing_10000.csv,0.41614052653312683
6844,normal,window_typing_10000.csv,0.4330607056617737
6845,normal,window_typing_10000.csv,0.43883079290390015
6846,normal,window_typing_10000.csv,0.44092708826065063
6847,normal,window_typing_10000.csv,0.4322551190853119
6848,normal,window_typing_10000.csv,0.42977818846702576
6849,normal,window_typing_10000.csv,0.447664737701416
6850,normal,window_typing_10000.csv,0.441541850566864
6851,normal,window_typing_10000.csv,0.4217291474342346
6852,normal,window_typing_10000.csv,0.5447752475738525
6853,normal,window_typing_10000.csv,0.5455349087715149
6854,normal,window_typing_10000.csv,0.523507833480835
6855,normal,window_typing_10000.csv,0.5004755258560181
6856,normal,window_typing_10000.csv,0.4948102831840515
6857,normal,window_typing_10000.csv,0.4921337068080902
6858,normal,window_typing_10000.csv,0.48930981755256653
6859,normal,window_typing_10000.csv,0.49323570728302
6860,normal,window_typing_10000.csv,0.5016394853591919
6861,normal,window_typing_10000.csv,0.5001964569091797
6862,normal,window_typing_10000.csv,0.5063790082931519
6863,normal,window_typing_10000.csv,0.5146251916885376
6864,normal,window_typing_10000.csv,0.5229712724685669
6865,normal,window_typing_10000.csv,0.6439694166183472
6866,normal,window_typing_10000.csv,0.6724864840507507
6867,normal,window_typing_10000.csv,0.6762896180152893
6868,normal,window_typing_10000.csv,0.6753210425376892
6869,normal,window_typing_10000.csv,0.6768888235092163
6870,normal,window_typing_10000.csv,0.6805641055107117
6871,normal,window_typing_10000.csv,0.692725419998169
6872,normal,window_typing_10000.csv,0.6971346139907837
6873,normal,window_typing_10000.csv,0.7271713614463806
6874,normal,window_typing_10000.csv,0.7407887578010559
6875,normal,window_typing_10000.csv,0.7644168734550476
6876,normal,window_typing_10000.csv,0.966151773929596
6877,normal,window_typing_10000.csv,0.9957311153411865
6878,normal,window_typing_10000.csv,0.9995409250259399
6879,normal,window_typing_10000.csv,0.9951283931732178
6880,normal,window_typing_10000.csv,1.0157722234725952
6881,normal,window_typing_10000.csv,1.0036447048187256
6882,normal,window_typing_10000.csv,1.1348388195037842
6883,normal,window_typing_10000.csv,1.1302905082702637
6884,normal,window_typing_10000.csv,1.1545403003692627
6885,normal,window_typing_10000.csv,1.1366963386535645
6886,normal,window_typing_10000.csv,1.1592551469802856
6887,normal,window_typing_10000.csv,1.1692225933074951
6888,normal,window_typing_10000.csv,1.1800681352615356
6889,normal,window_typing_10000.csv,1.181269884109497
6890,normal,window_typing_10000.csv,1.1828175783157349
6891,normal,window_typing_10000.csv,1.1856557130813599
6892,normal,window_typing_10000.csv,1.1840907335281372
6893,normal,window_typing_10000.csv,1.1918212175369263
6894,normal,window_typing_10000.csv,1.1951453685760498
6895,normal,window_typing_10000.csv,1.1950571537017822
6896,normal,window_typing_10000.csv,1.200413703918457
6897,normal,window_typing_10000.csv,1.1909852027893066
6898,normal,window_typing_10000.csv,1.1796990633010864
6899,normal,window_typing_10000.csv,1.161086082458496
6900,normal,window_typing_10000.csv,1.1552280187606812
6901,normal,window_typing_10000.csv,1.1407712697982788
6902,normal,window_typing_10000.csv,1.0217489004135132
6903,normal,window_typing_10000.csv,1.0075833797454834
6904,normal,window_typing_10000.csv,1.010074496269226
6905,normal,window_typing_10000.csv,1.0181876420974731
6906,normal,window_typing_10000.csv,1.022005558013916
6907,normal,window_typing_10000.csv,1.0394231081008911
6908,normal,window_typing_10000.csv,1.0309536457061768
6909,normal,window_typing_10000.csv,1.0305715799331665
6910,normal,window_typing_10000.csv,1.0253233909606934
6911,normal,window_typing_10000.csv,1.032326579093933
6912,normal,window_typing_10000.csv,1.0334985256195068
6913,normal,window_typing_10000.csv,1.030341386795044
6914,normal,window_typing_10000.csv,1.0246427059173584
6915,normal,window_typing_10000.csv,0.889659583568573
6916,normal,window_typing_10000.csv,0.8577910661697388
6917,normal,window_typing_10000.csv,0.8704749941825867
6918,normal,window_typing_10000.csv,0.8532887101173401
6919,normal,window_typing_10000.csv,0.8372482061386108
6920,normal,window_typing_10000.csv,0.8401520252227783
6921,normal,window_typing_10000.csv,0.8289128541946411
6922,normal,window_typing_10000.csv,0.8109902143478394
6923,normal,window_typing_10000.csv,0.7715715169906616
6924,normal,window_typing_10000.csv,0.7625823616981506
6925,normal,window_typing_10000.csv,0.7496933341026306
6926,normal,window_typing_10000.csv,0.5703985095024109
6927,normal,window_typing_10000.csv,0.5504622459411621
6928,normal,window_typing_10000.csv,0.5233755707740784
6929,normal,window_typing_10000.csv,0.535531222820282
6930,normal,window_typing_10000.csv,0.5329390168190002
6931,normal,window_typing_10000.csv,0.5250584483146667
6932,normal,window_typing_10000.csv,0.3904840350151062
6933,normal,window_typing_10000.csv,0.3902301788330078
6934,normal,window_typing_10000.csv,0.37253645062446594
6935,normal,window_typing_10000.csv,0.38648974895477295
6936,normal,window_typing_10000.csv,0.36011022329330444
6937,normal,window_typing_10000.csv,0.339246541261673
6938,normal,window_typing_10000.csv,0.3285631835460663
6939,normal,window_typing_10000.csv,0.3185259699821472
6940,normal,window_typing_10000.csv,0.3080379068851471
6941,normal,window_typing_10000.csv,0.3069993853569031
6942,normal,window_typing_10000.csv,0.30439162254333496
6943,normal,window_typing_10000.csv,0.2994135022163391
6944,normal,window_typing_10000.csv,0.3296280801296234
6945,normal,window_typing_10000.csv,0.3427355885505676
6946,normal,window_typing_10000.csv,0.3627012073993683
6947,normal,window_typing_10000.csv,0.3753998279571533
6948,normal,window_typing_10000.csv,0.39425012469291687
6949,normal,window_typing_10000.csv,0.41910067200660706
6950,normal,window_typing_10000.csv,0.4045986235141754
6951,normal,window_typing_10000.csv,0.4109877347946167
6952,normal,window_typing_10000.csv,0.42964911460876465
6953,normal,window_typing_10000.csv,0.43748798966407776
6954,normal,window_typing_10000.csv,0.44470304250717163
6955,normal,window_typing_10000.csv,0.4299776256084442
6956,normal,window_typing_10000.csv,0.41418179869651794
6957,normal,window_typing_10000.csv,0.4111579656600952
6958,normal,window_typing_10000.csv,0.41633182764053345
6959,normal,window_typing_10000.csv,0.4168563485145569
6960,normal,window_typing_10000.csv,0.42538776993751526
6961,normal,window_typing_10000.csv,0.4418789744377136
6962,normal,window_typing_10000.csv,0.45689672231674194
6963,normal,window_typing_10000.csv,0.4623813033103943
6964,normal,window_typing_10000.csv,0.4747494161128998
6965,normal,window_typing_10000.csv,0.48089176416397095
6966,normal,window_typing_10000.csv,0.48077112436294556
6967,normal,window_typing_10000.csv,0.4695313572883606
6968,normal,window_typing_10000.csv,0.4803679585456848
6969,normal,window_typing_10000.csv,0.472362220287323
6970,normal,window_typing_10000.csv,0.46119725704193115
6971,normal,window_typing_10000.csv,0.4666171073913574
6972,normal,window_typing_10000.csv,0.47102025151252747
6973,normal,window_typing_10000.csv,0.4781920909881592
6974,normal,window_typing_10000.csv,0.48425331711769104
6975,normal,window_typing_10000.csv,0.4811079800128937
6976,normal,window_typing_10000.csv,0.48388150334358215
6977,normal,window_typing_10000.csv,0.48464253544807434
6978,normal,window_typing_10000.csv,0.4826759099960327
6979,normal,window_typing_10000.csv,0.47708895802497864
6980,normal,window_typing_10000.csv,0.46656399965286255
6981,normal,window_typing_10000.csv,0.4576782286167145
6982,normal,window_typing_10000.csv,0.45205843448638916
6983,normal,window_typing_10000.csv,0.43721121549606323
6984,normal,window_typing_10000.csv,0.42786678671836853
6985,normal,window_typing_10000.csv,0.4161335825920105
6986,normal,window_typing_10000.csv,0.39533331990242004
6987,normal,window_typing_10000.csv,0.37659016251564026
6988,normal,window_typing_10000.csv,0.36608797311782837
6989,normal,window_typing_10000.csv,0.4717903733253479
6990,normal,window_typing_10000.csv,0.5971083045005798
6991,normal,window_typing_10000.csv,0.5997622609138489
6992,normal,window_typing_10000.csv,0.6340931057929993
6993,normal,window_typing_10000.csv,0.6453224420547485
6994,normal,window_typing_10000.csv,0.6750008463859558
6995,normal,window_typing_10000.csv,0.7163554430007935
6996,normal,window_typing_10000.csv,0.7608518600463867
6997,normal,window_typing_10000.csv,0.8000802397727966
6998,normal,window_typing_10000.csv,0.7670836448669434
6999,normal,window_typing_10000.csv,0.7287008166313171
7000,normal,window_typing_10000.csv,0.6597204804420471
7001,normal,window_typing_10000.csv,0.6237111687660217
7002,normal,window_typing_10000.csv,0.6126980185508728
7003,normal,window_typing_10000.csv,0.6052045226097107
7004,normal,window_typing_10000.csv,0.5953437685966492
7005,normal,window_typing_10000.csv,0.5882734656333923
7006,normal,window_typing_10000.csv,0.583180844783783
7007,normal,window_typing_10000.csv,0.5838778018951416
7008,normal,window_typing_10000.csv,0.5799070596694946
7009,normal,window_typing_10000.csv,0.577955961227417
7010,normal,window_typing_10000.csv,0.5759696960449219
7011,normal,window_typing_10000.csv,0.5685537457466125
7012,normal,window_typing_10000.csv,0.5552653074264526
7013,normal,window_typing_10000.csv,0.5428987741470337
7014,normal,window_typing_10000.csv,0.5339800715446472
7015,normal,window_typing_10000.csv,0.5295397043228149
7016,normal,window_typing_10000.csv,0.5256664156913757
7017,normal,window_typing_10000.csv,0.5275231599807739
7018,normal,window_typing_10000.csv,0.5212339758872986
7019,normal,window_typing_10000.csv,0.5319533944129944
7020,normal,window_typing_10000.csv,0.5280245542526245
7021,normal,window_typing_10000.csv,0.5285770893096924
7022,normal,window_typing_10000.csv,0.5291305184364319
7023,normal,window_typing_10000.csv,0.5268095135688782
7024,normal,window_typing_10000.csv,0.5229724645614624
7025,normal,window_typing_10000.csv,0.524209201335907
7026,normal,window_typing_10000.csv,0.5296628475189209
7027,normal,window_typing_10000.csv,0.5336953401565552
7028,normal,window_typing_10000.csv,0.5405129194259644
7029,normal,window_typing_10000.csv,0.5429408550262451
7030,normal,window_typing_10000.csv,0.5508443117141724
7031,normal,window_typing_10000.csv,0.565860390663147
7032,normal,window_typing_10000.csv,0.5748593807220459
7033,normal,window_typing_10000.csv,0.5854113698005676
7034,normal,window_typing_10000.csv,0.5822516083717346
7035,normal,window_typing_10000.csv,0.5794200897216797
7036,normal,window_typing_10000.csv,0.5951238870620728
7037,normal,window_typing_10000.csv,0.5898075103759766
7038,normal,window_typing_10000.csv,0.5882850885391235
7039,normal,window_typing_10000.csv,0.4741235375404358
7040,normal,window_typing_10000.csv,0.3445383310317993
7041,normal,window_typing_10000.csv,0.33624541759490967
7042,normal,window_typing_10000.csv,0.323101282119751
7043,normal,window_typing_10000.csv,0.3213760256767273
7044,normal,window_typing_10000.csv,0.2920762896537781
7045,normal,window_typing_10000.csv,0.2853056490421295
7046,normal,window_typing_10000.csv,0.2889873683452606
7047,normal,window_typing_10000.csv,0.2855505645275116
7048,normal,window_typing_10000.csv,0.28232356905937195
7049,normal,window_typing_10000.csv,0.27492672204971313
7050,normal,window_typing_10000.csv,0.2747127115726471
7051,normal,window_typing_10000.csv,0.2703433334827423
7052,normal,window_typing_10000.csv,0.25538161396980286
7053,normal,window_typing_10000.csv,0.2528142035007477
7054,normal,window_typing_10000.csv,0.24696455895900726
7055,normal,window_typing_10000.csv,0.2476971596479416
7056,normal,window_typing_10000.csv,0.24538199603557587
7057,normal,window_typing_10000.csv,0.24909529089927673
7058,normal,window_typing_10000.csv,0.2554786205291748
7059,normal,window_typing_10000.csv,0.25616922974586487
7060,normal,window_typing_10000.csv,0.25512823462486267
7061,normal,window_typing_10000.csv,0.2571106255054474
7062,normal,window_typing_10000.csv,0.26124393939971924
7063,normal,window_typing_10000.csv,0.263674795627594
7064,normal,window_typing_10000.csv,0.2628477215766907
7065,normal,window_typing_10000.csv,0.2664278745651245
7066,normal,window_typing_10000.csv,0.2682342529296875
7067,normal,window_typing_10000.csv,0.26312255859375
7068,normal,window_typing_10000.csv,0.25997868180274963
7069,normal,window_typing_10000.csv,0.24507825076580048
7070,normal,window_typing_10000.csv,0.2396257072687149
7071,normal,window_typing_10000.csv,0.23890140652656555
7072,normal,window_typing_10000.csv,0.24037721753120422
7073,normal,window_typing_10000.csv,0.241744264960289
7074,normal,window_typing_10000.csv,0.2387232482433319
7075,normal,window_typing_10000.csv,0.24027881026268005
7076,normal,window_typing_10000.csv,0.23319485783576965
7077,normal,window_typing_10000.csv,0.22717855870723724
7078,normal,window_typing_10000.csv,0.22656835615634918
7079,normal,window_typing_10000.csv,0.22769759595394135
7080,normal,window_typing_10000.csv,0.22140949964523315
7081,normal,window_typing_10000.csv,0.21553446352481842
7082,normal,window_typing_10000.csv,0.21417558193206787
7083,normal,window_typing_10000.csv,0.21378695964813232
7084,normal,window_typing_10000.csv,0.22023378312587738
7085,normal,window_typing_10000.csv,0.22426974773406982
7086,normal,window_typing_10000.csv,0.21611998975276947
7087,normal,window_typing_10000.csv,0.23619522154331207
7088,normal,window_typing_10000.csv,0.25113987922668457
7089,normal,window_typing_10000.csv,0.2488732486963272
7090,normal,window_typing_10000.csv,0.256115585565567
7091,normal,window_typing_10000.csv,0.25171536207199097
7092,normal,window_typing_10000.csv,0.25182461738586426
7093,normal,window_typing_10000.csv,0.24257701635360718
7094,normal,window_typing_10000.csv,0.240610271692276
7095,normal,window_typing_10000.csv,0.24352076649665833
7096,normal,window_typing_10000.csv,0.24282555282115936
7097,normal,window_typing_10000.csv,0.24623537063598633
7098,normal,window_typing_10000.csv,0.24935054779052734
7099,normal,window_typing_10000.csv,0.27013328671455383
7100,normal,window_typing_10000.csv,0.2747345566749573
7101,normal,window_typing_10000.csv,0.2933115065097809
7102,normal,window_typing_10000.csv,0.3363187909126282
7103,normal,window_typing_10000.csv,0.33394768834114075
7104,normal,window_typing_10000.csv,0.33479800820350647
7105,normal,window_typing_10000.csv,0.3365364372730255
7106,normal,window_typing_10000.csv,0.33926117420196533
7107,normal,window_typing_10000.csv,0.3378787040710449
7108,normal,window_typing_10000.csv,0.33780544996261597
7109,normal,window_typing_10000.csv,0.33600324392318726
7110,normal,window_typing_10000.csv,0.33807849884033203
7111,normal,window_typing_10000.csv,0.349864661693573
7112,normal,window_typing_10000.csv,0.3703351616859436
7113,normal,window_typing_10000.csv,0.3766929507255554
7114,normal,window_typing_10000.csv,0.38075146079063416
7115,normal,window_typing_10000.csv,0.3803439438343048
7116,normal,window_typing_10000.csv,0.3765185475349426
7117,normal,window_typing_10000.csv,0.37305086851119995
7118,normal,window_typing_10000.csv,0.38841453194618225
7119,normal,window_typing_10000.csv,0.3978195786476135
7120,normal,window_typing_10000.csv,0.40256547927856445
7121,normal,window_typing_10000.csv,0.41853979229927063
7122,normal,window_typing_10000.csv,0.4279292821884155
7123,normal,window_typing_10000.csv,0.4245598018169403
7124,normal,window_typing_10000.csv,0.42545661330223083
7125,normal,window_typing_10000.csv,0.41375377774238586
7126,normal,window_typing_10000.csv,0.42357495427131653
7127,normal,window_typing_10000.csv,0.42214298248291016
7128,normal,window_typing_10000.csv,0.4227670133113861
7129,normal,window_typing_10000.csv,0.4344032406806946
7130,normal,window_typing_10000.csv,0.43478864431381226
7131,normal,window_typing_10000.csv,0.4367547035217285
7132,normal,window_typing_10000.csv,0.4348040223121643
7133,normal,window_typing_10000.csv,0.42475584149360657
7134,normal,window_typing_10000.csv,0.4108465909957886
7135,normal,window_typing_10000.csv,0.40189453959465027
7136,normal,window_typing_10000.csv,0.3920438587665558
7137,normal,window_typing_10000.csv,0.3741196393966675
7138,normal,window_typing_10000.csv,0.39043545722961426
7139,normal,window_typing_10000.csv,0.388068288564682
7140,normal,window_typing_10000.csv,0.3948054909706116
7141,normal,window_typing_10000.csv,0.39674022793769836
7142,normal,window_typing_10000.csv,0.3986189365386963
7143,normal,window_typing_10000.csv,0.39921534061431885
7144,normal,window_typing_10000.csv,0.3956781327724457
7145,normal,window_typing_10000.csv,0.394126296043396
7146,normal,window_typing_10000.csv,0.38851070404052734
7147,normal,window_typing_10000.csv,0.3801667392253876
7148,normal,window_typing_10000.csv,0.39713841676712036
7149,normal,window_typing_10000.csv,0.3927551209926605
7150,normal,window_typing_10000.csv,0.41219937801361084
7151,normal,window_typing_10000.csv,0.4102098047733307
7152,normal,window_typing_10000.csv,0.40477481484413147
7153,normal,window_typing_10000.csv,0.40458789467811584
7154,normal,window_typing_10000.csv,0.40394192934036255
7155,normal,window_typing_10000.csv,0.4025203287601471
7156,normal,window_typing_10000.csv,0.4345097243785858
7157,normal,window_typing_10000.csv,0.42783570289611816
7158,normal,window_typing_10000.csv,0.4197494685649872
7159,normal,window_typing_10000.csv,0.4160652756690979
7160,normal,window_typing_10000.csv,0.4195192754268646
7161,normal,window_typing_10000.csv,0.4207603335380554
7162,normal,window_typing_10000.csv,0.41941067576408386
7163,normal,window_typing_10000.csv,0.4207974374294281
7164,normal,window_typing_10000.csv,0.41686010360717773
7165,normal,window_typing_10000.csv,0.4070706069469452
7166,normal,window_typing_10000.csv,0.40165770053863525
7167,normal,window_typing_10000.csv,0.4005724787712097
7168,normal,window_typing_10000.csv,0.3893999755382538
7169,normal,window_typing_10000.csv,0.3838784098625183
7170,normal,window_typing_10000.csv,0.377165287733078
7171,normal,window_typing_10000.csv,0.5022001266479492
7172,normal,window_typing_10000.csv,0.5117747187614441
7173,normal,window_typing_10000.csv,0.5270732045173645
7174,normal,window_typing_10000.csv,0.5323736667633057
7175,normal,window_typing_10000.csv,0.558056652545929
7176,normal,window_typing_10000.csv,0.5511096715927124
7177,normal,window_typing_10000.csv,0.5632742047309875
7178,normal,window_typing_10000.csv,0.5590352416038513
7179,normal,window_typing_10000.csv,0.5419186353683472
7180,normal,window_typing_10000.csv,0.54130619764328
7181,normal,window_typing_10000.csv,0.556470513343811
7182,normal,window_typing_10000.csv,0.5564481616020203
7183,normal,window_typing_10000.csv,0.553648829460144
7184,normal,window_typing_10000.csv,0.5509939193725586
7185,normal,window_typing_10000.csv,0.5477095246315002
7186,normal,window_typing_10000.csv,0.5463336706161499
7187,normal,window_typing_10000.csv,0.5503958463668823
7188,normal,window_typing_10000.csv,0.5256367325782776
7189,normal,window_typing_10000.csv,0.5234014987945557
7190,normal,window_typing_10000.csv,0.5182183980941772
7191,normal,window_typing_10000.csv,0.5136202573776245
7192,normal,window_typing_10000.csv,0.5138676762580872
7193,normal,window_typing_10000.csv,0.5539749264717102
7194,normal,window_typing_10000.csv,0.5538970232009888
7195,normal,window_typing_10000.csv,0.558495819568634
7196,normal,window_typing_10000.csv,0.5535984039306641
7197,normal,window_typing_10000.csv,0.5560511946678162
7198,normal,window_typing_10000.csv,0.5370086431503296
7199,normal,window_typing_10000.csv,0.5343205332756042
7200,normal,window_typing_10000.csv,0.5076740980148315
7201,normal,window_typing_10000.csv,0.5006533265113831
7202,normal,window_typing_10000.csv,0.4994284510612488
7203,normal,window_typing_10000.csv,0.5124191045761108
7204,normal,window_typing_10000.csv,0.5144383311271667
7205,normal,window_typing_10000.csv,0.5188520550727844
7206,normal,window_typing_10000.csv,0.49082839488983154
7207,normal,window_typing_10000.csv,0.4928675889968872
7208,normal,window_typing_10000.csv,0.4925277531147003
7209,normal,window_typing_10000.csv,0.4914422631263733
7210,normal,window_typing_10000.csv,0.4903896152973175
7211,normal,window_typing_10000.csv,0.49342718720436096
7212,normal,window_typing_10000.csv,0.48732972145080566
7213,normal,window_typing_10000.csv,0.48760953545570374
7214,normal,window_typing_10000.csv,0.4943311810493469
7215,normal,window_typing_10000.csv,0.534588634967804
7216,normal,window_typing_10000.csv,0.5357498526573181
7217,normal,window_typing_10000.csv,0.5423530340194702
7218,normal,window_typing_10000.csv,0.5414534211158752
7219,normal,window_typing_10000.csv,0.5424618124961853
7220,normal,window_typing_10000.csv,0.5412409901618958
7221,normal,window_typing_10000.csv,0.40611594915390015
7222,normal,window_typing_10000.csv,0.39736005663871765
7223,normal,window_typing_10000.csv,0.38472965359687805
7224,normal,window_typing_10000.csv,0.38149845600128174
7225,normal,window_typing_10000.csv,0.35411208868026733
7226,normal,window_typing_10000.csv,0.35328593850135803
7227,normal,window_typing_10000.csv,0.3386574685573578
7228,normal,window_typing_10000.csv,0.3343351185321808
7229,normal,window_typing_10000.csv,0.3352334797382355
7230,normal,window_typing_10000.csv,0.32607072591781616
7231,normal,window_typing_10000.csv,0.32017242908477783
7232,normal,window_typing_10000.csv,0.31994158029556274
7233,normal,window_typing_10000.csv,0.3258723318576813
7234,normal,window_typing_10000.csv,0.33224180340766907
7235,normal,window_typing_10000.csv,0.33872169256210327
7236,normal,window_typing_10000.csv,0.34228405356407166
7237,normal,window_typing_10000.csv,0.3383725881576538
7238,normal,window_typing_10000.csv,0.33791837096214294
7239,normal,window_typing_10000.csv,0.3386097252368927
7240,normal,window_typing_10000.csv,0.3392612338066101
7241,normal,window_typing_10000.csv,0.3586713969707489
7242,normal,window_typing_10000.csv,0.36588796973228455
7243,normal,window_typing_10000.csv,0.3466900885105133
7244,normal,window_typing_10000.csv,0.3500165641307831
7245,normal,window_typing_10000.csv,0.3434064984321594
7246,normal,window_typing_10000.csv,0.3407251238822937
7247,normal,window_typing_10000.csv,0.3261520266532898
7248,normal,window_typing_10000.csv,0.3159031271934509
7249,normal,window_typing_10000.csv,0.31728485226631165
7250,normal,window_typing_10000.csv,0.3210548460483551
7251,normal,window_typing_10000.csv,0.33027392625808716
7252,normal,window_typing_10000.csv,0.32368361949920654
7253,normal,window_typing_10000.csv,0.30007219314575195
7254,normal,window_typing_10000.csv,0.2954923212528229
7255,normal,window_typing_10000.csv,0.2838551700115204
7256,normal,window_typing_10000.csv,0.28271013498306274
7257,normal,window_typing_10000.csv,0.2811998128890991
7258,normal,window_typing_10000.csv,0.2921389937400818
7259,normal,window_typing_10000.csv,0.2954438030719757
7260,normal,window_typing_10000.csv,0.3264806568622589
7261,normal,window_typing_10000.csv,0.3219031095504761
7262,normal,window_typing_10000.csv,0.3257371187210083
7263,normal,window_typing_10000.csv,0.32633116841316223
7264,normal,window_typing_10000.csv,0.3211234509944916
7265,normal,window_typing_10000.csv,0.2993711233139038
7266,normal,window_typing_10000.csv,0.29491081833839417
7267,normal,window_typing_10000.csv,0.3002912402153015
7268,normal,window_typing_10000.csv,0.3029206395149231
7269,normal,window_typing_10000.csv,0.30620497465133667
7270,normal,window_typing_10000.csv,0.3145081400871277
7271,normal,window_typing_10000.csv,0.32052233815193176
7272,normal,window_typing_10000.csv,0.3399773836135864
7273,normal,window_typing_10000.csv,0.34042754769325256
7274,normal,window_typing_10000.csv,0.35258516669273376
7275,normal,window_typing_10000.csv,0.36038222908973694
7276,normal,window_typing_10000.csv,0.37056493759155273
7277,normal,window_typing_10000.csv,0.3644188940525055
7278,normal,window_typing_10000.csv,0.3661327362060547
7279,normal,window_typing_10000.csv,0.3668425977230072
7280,normal,window_typing_10000.csv,0.3670559823513031
7281,normal,window_typing_10000.csv,0.3597760498523712
7282,normal,window_typing_10000.csv,0.37161052227020264
7283,normal,window_typing_10000.csv,0.37116673588752747
7284,normal,window_typing_10000.csv,0.37745800614356995
7285,normal,window_typing_10000.csv,0.3854956030845642
7286,normal,window_typing_10000.csv,0.38068464398384094
7287,normal,window_typing_10000.csv,0.37155163288116455
7288,normal,window_typing_10000.csv,0.3598978519439697
7289,normal,window_typing_10000.csv,0.3512329161167145
7290,normal,window_typing_10000.csv,0.33821365237236023
7291,normal,window_typing_10000.csv,0.3267718553543091
7292,normal,window_typing_10000.csv,0.3278425931930542
7293,normal,window_typing_10000.csv,0.32331183552742004
7294,normal,window_typing_10000.csv,0.3203817903995514
7295,normal,window_typing_10000.csv,0.32667943835258484
7296,normal,window_typing_10000.csv,0.33146148920059204
7297,normal,window_typing_10000.csv,0.34143155813217163
7298,normal,window_typing_10000.csv,0.370185911655426
7299,normal,window_typing_10000.csv,0.3822818696498871
7300,normal,window_typing_10000.csv,0.3820679485797882
7301,normal,window_typing_10000.csv,0.3658217787742615
7302,normal,window_typing_10000.csv,0.3510010540485382
7303,normal,window_typing_10000.csv,0.3364313244819641
7304,normal,window_typing_10000.csv,0.32785338163375854
7305,normal,window_typing_10000.csv,0.32165586948394775
7306,normal,window_typing_10000.csv,0.3260989189147949
7307,normal,window_typing_10000.csv,0.32466012239456177
7308,normal,window_typing_10000.csv,0.3281877934932709
7309,normal,window_typing_10000.csv,0.3256250023841858
7310,normal,window_typing_10000.csv,0.2976130247116089
7311,normal,window_typing_10000.csv,0.28981032967567444
7312,normal,window_typing_10000.csv,0.2791215479373932
7313,normal,window_typing_10000.csv,0.27257102727890015
7314,normal,window_typing_10000.csv,0.4082939326763153
7315,normal,window_typing_10000.csv,0.42592716217041016
7316,normal,window_typing_10000.csv,0.43261149525642395
7317,normal,window_typing_10000.csv,0.4306856095790863
7318,normal,window_typing_10000.csv,0.4499954283237457
7319,normal,window_typing_10000.csv,0.453818142414093
7320,normal,window_typing_10000.csv,0.45730435848236084
7321,normal,window_typing_10000.csv,0.4588876962661743
7322,normal,window_typing_10000.csv,0.4444398581981659
7323,normal,window_typing_10000.csv,0.4446079730987549
7324,normal,window_typing_10000.csv,0.4279290437698364
7325,normal,window_typing_10000.csv,0.4249853491783142
7326,normal,window_typing_10000.csv,0.41877272725105286
7327,normal,window_typing_10000.csv,0.4163082540035248
7328,normal,window_typing_10000.csv,0.4160555899143219
7329,normal,window_typing_10000.csv,0.4177738130092621
7330,normal,window_typing_10000.csv,0.416882187128067
7331,normal,window_typing_10000.csv,0.41262906789779663
7332,normal,window_typing_10000.csv,0.41283515095710754
7333,normal,window_typing_10000.csv,0.43452879786491394
7334,normal,window_typing_10000.csv,0.431852787733078
7335,normal,window_typing_10000.csv,0.42707306146621704
7336,normal,window_typing_10000.csv,0.4231394827365875
7337,normal,window_typing_10000.csv,0.4265536665916443
7338,normal,window_typing_10000.csv,0.4319974184036255
7339,normal,window_typing_10000.csv,0.43472713232040405
7340,normal,window_typing_10000.csv,0.4444364309310913
7341,normal,window_typing_10000.csv,0.45820072293281555
7342,normal,window_typing_10000.csv,0.45453861355781555
7343,normal,window_typing_10000.csv,0.46090102195739746
7344,normal,window_typing_10000.csv,0.4611968398094177
7345,normal,window_typing_10000.csv,0.4655241370201111
7346,normal,window_typing_10000.csv,0.4601859748363495
7347,normal,window_typing_10000.csv,0.4631997048854828
7348,normal,window_typing_10000.csv,0.4604112505912781
7349,normal,window_typing_10000.csv,0.4648122489452362
7350,normal,window_typing_10000.csv,0.4755682051181793
7351,normal,window_typing_10000.csv,0.4708617329597473
7352,normal,window_typing_10000.csv,0.4664610028266907
7353,normal,window_typing_10000.csv,0.4629654586315155
7354,normal,window_typing_10000.csv,0.46067219972610474
7355,normal,window_typing_10000.csv,0.4589252173900604
7356,normal,window_typing_10000.csv,0.4592320919036865
7357,normal,window_typing_10000.csv,0.45657870173454285
7358,normal,window_typing_10000.csv,0.45515918731689453
7359,normal,window_typing_10000.csv,0.45182955265045166
7360,normal,window_typing_10000.csv,0.4440426528453827
7361,normal,window_typing_10000.csv,0.44094690680503845
7362,normal,window_typing_10000.csv,0.4388841390609741
7363,normal,window_typing_10000.csv,0.43496808409690857
7364,normal,window_typing_10000.csv,0.3073412775993347
7365,normal,window_typing_10000.csv,0.2765359878540039
7366,normal,window_typing_10000.csv,0.4167836904525757
7367,normal,window_typing_10000.csv,0.4289512038230896
7368,normal,window_typing_10000.csv,0.3940597176551819
7369,normal,window_typing_10000.csv,0.3897591233253479
7370,normal,window_typing_10000.csv,0.38704243302345276
7371,normal,window_typing_10000.csv,0.3860549330711365
7372,normal,window_typing_10000.csv,0.3890831768512726
7373,normal,window_typing_10000.csv,0.3855496346950531
7374,normal,window_typing_10000.csv,0.3949054777622223
7375,normal,window_typing_10000.csv,0.3981262445449829
7376,normal,window_typing_10000.csv,0.3984073996543884
7377,normal,window_typing_10000.csv,0.4178524613380432
7378,normal,window_typing_10000.csv,0.4160601496696472
7379,normal,window_typing_10000.csv,0.41385579109191895
7380,normal,window_typing_10000.csv,0.41493529081344604
7381,normal,window_typing_10000.csv,0.41552698612213135
7382,normal,window_typing_10000.csv,0.4124431014060974
7383,normal,window_typing_10000.csv,0.3976176679134369
7384,normal,window_typing_10000.csv,0.400197833776474
7385,normal,window_typing_10000.csv,0.40760213136672974
7386,normal,window_typing_10000.csv,0.4183388352394104
7387,normal,window_typing_10000.csv,0.4271930158138275
7388,normal,window_typing_10000.csv,0.4313504099845886
7389,normal,window_typing_10000.csv,0.43543002009391785
7390,normal,window_typing_10000.csv,0.43692827224731445
7391,normal,window_typing_10000.csv,0.4326271116733551
7392,normal,window_typing_10000.csv,0.4406501352787018
7393,normal,window_typing_10000.csv,0.43694043159484863
7394,normal,window_typing_10000.csv,0.4358827769756317
7395,normal,window_typing_10000.csv,0.4552551209926605
7396,normal,window_typing_10000.csv,0.4571474492549896
7397,normal,window_typing_10000.csv,0.4571485221385956
7398,normal,window_typing_10000.csv,0.45502611994743347
7399,normal,window_typing_10000.csv,0.4503505825996399
7400,normal,window_typing_10000.csv,0.4393991231918335
7401,normal,window_typing_10000.csv,0.4458513855934143
7402,normal,window_typing_10000.csv,0.4504353106021881
7403,normal,window_typing_10000.csv,0.583673357963562
7404,normal,window_typing_10000.csv,0.6054445505142212
7405,normal,window_typing_10000.csv,0.6502628326416016
7406,normal,window_typing_10000.csv,0.6561638116836548
7407,normal,window_typing_10000.csv,0.6777955889701843
7408,normal,window_typing_10000.csv,0.6808766722679138
7409,normal,window_typing_10000.csv,0.672524094581604
7410,normal,window_typing_10000.csv,0.6559944152832031
7411,normal,window_typing_10000.csv,0.6447001695632935
7412,normal,window_typing_10000.csv,0.6409255862236023
7413,normal,window_typing_10000.csv,0.6399794220924377
7414,normal,window_typing_10000.csv,0.6220561265945435
7415,normal,window_typing_10000.csv,0.6539233922958374
7416,normal,window_typing_10000.csv,0.5429579019546509
7417,normal,window_typing_10000.csv,0.531041145324707
7418,normal,window_typing_10000.csv,0.5335724949836731
7419,normal,window_typing_10000.csv,0.5255019664764404
7420,normal,window_typing_10000.csv,0.5184400081634521
7421,normal,window_typing_10000.csv,0.5170935988426208
7422,normal,window_typing_10000.csv,0.5126317739486694
7423,normal,window_typing_10000.csv,0.6185631155967712
7424,normal,window_typing_10000.csv,0.6355308890342712
7425,normal,window_typing_10000.csv,0.6393112540245056
7426,normal,window_typing_10000.csv,0.6325189471244812
7427,normal,window_typing_10000.csv,0.6109817028045654
7428,normal,window_typing_10000.csv,0.6062372922897339
7429,normal,window_typing_10000.csv,0.6067366600036621
7430,normal,window_typing_10000.csv,0.6055470108985901
7431,normal,window_typing_10000.csv,0.605951189994812
7432,normal,window_typing_10000.csv,0.6223692893981934
7433,normal,window_typing_10000.csv,0.6192097663879395
7434,normal,window_typing_10000.csv,0.6205271482467651
7435,normal,window_typing_10000.csv,0.6203487515449524
7436,normal,window_typing_10000.csv,0.6096099615097046
7437,normal,window_typing_10000.csv,0.5950369238853455
7438,normal,window_typing_10000.csv,0.5940776467323303
7439,normal,window_typing_10000.csv,0.5919057130813599
7440,normal,window_typing_10000.csv,0.5923811197280884
7441,normal,window_typing_10000.csv,0.6050564646720886
7442,normal,window_typing_10000.csv,0.6184231042861938
7443,normal,window_typing_10000.csv,0.6143859028816223
7444,normal,window_typing_10000.csv,0.616069495677948
7445,normal,window_typing_10000.csv,0.6017071604728699
7446,normal,window_typing_10000.csv,0.5992095470428467
7447,normal,window_typing_10000.csv,0.6029788255691528
7448,normal,window_typing_10000.csv,0.6032683253288269
7449,normal,window_typing_10000.csv,0.6108797788619995
7450,normal,window_typing_10000.csv,0.6185142993927002
7451,normal,window_typing_10000.csv,0.6255545020103455
7452,normal,window_typing_10000.csv,0.6487669348716736
7453,normal,window_typing_10000.csv,0.5529813766479492
7454,normal,window_typing_10000.csv,0.677165687084198
7455,normal,window_typing_10000.csv,0.6723126769065857
7456,normal,window_typing_10000.csv,0.6775250434875488
7457,normal,window_typing_10000.csv,0.6677772402763367
7458,normal,window_typing_10000.csv,0.68798828125
7459,normal,window_typing_10000.csv,0.6707035303115845
7460,normal,window_typing_10000.csv,0.6608392596244812
7461,normal,window_typing_10000.csv,0.6500039100646973
7462,normal,window_typing_10000.csv,0.6466488242149353
7463,normal,window_typing_10000.csv,0.6549578905105591
7464,normal,window_typing_10000.csv,0.6759938597679138
7465,normal,window_typing_10000.csv,0.6889960169792175
7466,normal,window_typing_10000.csv,0.6963934898376465
7467,normal,window_typing_10000.csv,0.701052725315094
7468,normal,window_typing_10000.csv,0.7039893865585327
7469,normal,window_typing_10000.csv,0.7165072560310364
7470,normal,window_typing_10000.csv,0.726624608039856
7471,normal,window_typing_10000.csv,0.7638694643974304
7472,normal,window_typing_10000.csv,0.7760066390037537
7473,normal,window_typing_10000.csv,0.6637619733810425
7474,normal,window_typing_10000.csv,0.6473395228385925
7475,normal,window_typing_10000.csv,0.6336635947227478
7476,normal,window_typing_10000.csv,0.6152486205101013
7477,normal,window_typing_10000.csv,0.5976163148880005
7478,normal,window_typing_10000.csv,0.5876511335372925
7479,normal,window_typing_10000.csv,0.5856966376304626
7480,normal,window_typing_10000.csv,0.5847349166870117
7481,normal,window_typing_10000.csv,0.59055095911026
7482,normal,window_typing_10000.csv,0.5857886075973511
7483,normal,window_typing_10000.csv,0.594817042350769
7484,normal,window_typing_10000.csv,0.6066703200340271
7485,normal,window_typing_10000.csv,0.6186127662658691
7486,normal,window_typing_10000.csv,0.631687343120575
7487,normal,window_typing_10000.csv,0.6398482322692871
7488,normal,window_typing_10000.csv,0.6493397355079651
7489,normal,window_typing_10000.csv,0.6565696001052856
7490,normal,window_typing_10000.csv,0.6574673056602478
7491,normal,window_typing_10000.csv,0.6583289504051208
7492,normal,window_typing_10000.csv,0.6483651995658875
7493,normal,window_typing_10000.csv,0.6596882939338684
7494,normal,window_typing_10000.csv,0.6587409377098083
7495,normal,window_typing_10000.csv,0.6672114729881287
7496,normal,window_typing_10000.csv,0.6707212328910828
7497,normal,window_typing_10000.csv,0.6540372371673584
7498,normal,window_typing_10000.csv,0.6471015214920044
7499,normal,window_typing_10000.csv,0.6313357949256897
7500,normal,window_typing_10000.csv,0.6267414689064026
7501,normal,window_typing_10000.csv,0.6195791959762573
7502,normal,window_typing_10000.csv,0.5870903730392456
7503,normal,window_typing_10000.csv,0.5726976990699768
7504,normal,window_typing_10000.csv,0.43290334939956665
7505,normal,window_typing_10000.csv,0.43607601523399353
7506,normal,window_typing_10000.csv,0.4209771156311035
7507,normal,window_typing_10000.csv,0.4321615397930145
7508,normal,window_typing_10000.csv,0.4140404760837555
7509,normal,window_typing_10000.csv,0.4160219132900238
7510,normal,window_typing_10000.csv,0.4159073829650879
7511,normal,window_typing_10000.csv,0.41558563709259033
7512,normal,window_typing_10000.csv,0.43264684081077576
7513,normal,window_typing_10000.csv,0.4287981688976288
7514,normal,window_typing_10000.csv,0.430103063583374
7515,normal,window_typing_10000.csv,0.4174770414829254
7516,normal,window_typing_10000.csv,0.4087856411933899
7517,normal,window_typing_10000.csv,0.39927995204925537
7518,normal,window_typing_10000.csv,0.38838228583335876
7519,normal,window_typing_10000.csv,0.3792248070240021
7520,normal,window_typing_10000.csv,0.37146008014678955
7521,normal,window_typing_10000.csv,0.34277352690696716
7522,normal,window_typing_10000.csv,0.33602631092071533
7523,normal,window_typing_10000.csv,0.3370348811149597
7524,normal,window_typing_10000.csv,0.33212774991989136
7525,normal,window_typing_10000.csv,0.3287144601345062
7526,normal,window_typing_10000.csv,0.32341766357421875
7527,normal,window_typing_10000.csv,0.31725841760635376
7528,normal,window_typing_10000.csv,0.3118269741535187
7529,normal,window_typing_10000.csv,0.3090091347694397
7530,normal,window_typing_10000.csv,0.3132660388946533
7531,normal,window_typing_10000.csv,0.3062880337238312
7532,normal,window_typing_10000.csv,0.31196802854537964
7533,normal,window_typing_10000.csv,0.3242044746875763
7534,normal,window_typing_10000.csv,0.323161244392395
7535,normal,window_typing_10000.csv,0.32158178091049194
7536,normal,window_typing_10000.csv,0.3149237334728241
7537,normal,window_typing_10000.csv,0.30584532022476196
7538,normal,window_typing_10000.csv,0.30242809653282166
7539,normal,window_typing_10000.csv,0.3060634434223175
7540,normal,window_typing_10000.csv,0.2995648682117462
7541,normal,window_typing_10000.csv,0.29253607988357544
7542,normal,window_typing_10000.csv,0.2920515239238739
7543,normal,window_typing_10000.csv,0.29960212111473083
7544,normal,window_typing_10000.csv,0.3002680242061615
7545,normal,window_typing_10000.csv,0.2834339141845703
7546,normal,window_typing_10000.csv,0.2776390612125397
7547,normal,window_typing_10000.csv,0.27372050285339355
7548,normal,window_typing_10000.csv,0.26838287711143494
7549,normal,window_typing_10000.csv,0.2690187990665436
7550,normal,window_typing_10000.csv,0.2642577290534973
7551,normal,window_typing_10000.csv,0.44551488757133484
7552,normal,window_typing_10000.csv,0.4616461396217346
7553,normal,window_typing_10000.csv,0.4754108488559723
7554,normal,window_typing_10000.csv,0.4870890974998474
7555,normal,window_typing_10000.csv,0.4628663957118988
7556,normal,window_typing_10000.csv,0.4651128649711609
7557,normal,window_typing_10000.csv,0.44420942664146423
7558,normal,window_typing_10000.csv,0.4381113648414612
7559,normal,window_typing_10000.csv,0.43318232893943787
7560,normal,window_typing_10000.csv,0.43062230944633484
7561,normal,window_typing_10000.csv,0.4306943714618683
7562,normal,window_typing_10000.csv,0.42493346333503723
7563,normal,window_typing_10000.csv,0.44386425614356995
7564,normal,window_typing_10000.csv,0.45273861289024353
7565,normal,window_typing_10000.csv,0.4858679473400116
7566,normal,window_typing_10000.csv,0.48773136734962463
7567,normal,window_typing_10000.csv,0.48920243978500366
7568,normal,window_typing_10000.csv,0.48471418023109436
7569,normal,window_typing_10000.csv,0.4851342737674713
7570,normal,window_typing_10000.csv,0.4914742112159729
7571,normal,window_typing_10000.csv,0.5031890273094177
7572,normal,window_typing_10000.csv,0.4982498586177826
7573,normal,window_typing_10000.csv,0.4962065517902374
7574,normal,window_typing_10000.csv,0.49295270442962646
7575,normal,window_typing_10000.csv,0.4980452060699463
7576,normal,window_typing_10000.csv,0.6203187108039856
7577,normal,window_typing_10000.csv,0.6430010795593262
7578,normal,window_typing_10000.csv,0.6445087790489197
7579,normal,window_typing_10000.csv,0.6471050381660461
7580,normal,window_typing_10000.csv,0.6423072218894958
7581,normal,window_typing_10000.csv,0.645906388759613
7582,normal,window_typing_10000.csv,0.6432864665985107
7583,normal,window_typing_10000.csv,0.6313657760620117
7584,normal,window_typing_10000.csv,0.6334563493728638
7585,normal,window_typing_10000.csv,0.6336430311203003
7586,normal,window_typing_10000.csv,0.6304804086685181
7587,normal,window_typing_10000.csv,0.6283572912216187
7588,normal,window_typing_10000.csv,0.6317588686943054
7589,normal,window_typing_10000.csv,0.6280704736709595
7590,normal,window_typing_10000.csv,0.6287820339202881
7591,normal,window_typing_10000.csv,0.6299782395362854
7592,normal,window_typing_10000.csv,0.6326322555541992
7593,normal,window_typing_10000.csv,0.6308301687240601
7594,normal,window_typing_10000.csv,0.6370817422866821
7595,normal,window_typing_10000.csv,0.6383923292160034
7596,normal,window_typing_10000.csv,0.6389031410217285
7597,normal,window_typing_10000.csv,0.6414562463760376
7598,normal,window_typing_10000.csv,0.6354807019233704
7599,normal,window_typing_10000.csv,0.6303920149803162
7600,normal,window_typing_10000.csv,0.6222412586212158
7601,normal,window_typing_10000.csv,0.5991084575653076
7602,normal,window_typing_10000.csv,0.6098212599754333
7603,normal,window_typing_10000.csv,0.6137667298316956
7604,normal,window_typing_10000.csv,0.61662358045578
7605,normal,window_typing_10000.csv,0.6483424305915833
7606,normal,window_typing_10000.csv,0.6406350135803223
7607,normal,window_typing_10000.csv,0.6410050988197327
7608,normal,window_typing_10000.csv,0.639626145362854
7609,normal,window_typing_10000.csv,0.640849769115448
7610,normal,window_typing_10000.csv,0.6442427635192871
7611,normal,window_typing_10000.csv,0.6607958674430847
7612,normal,window_typing_10000.csv,0.6658115386962891
7613,normal,window_typing_10000.csv,0.6557539701461792
7614,normal,window_typing_10000.csv,0.7318413257598877
7615,normal,window_typing_10000.csv,0.6897222995758057
7616,normal,window_typing_10000.csv,0.695370614528656
7617,normal,window_typing_10000.csv,0.7035163640975952
7618,normal,window_typing_10000.csv,0.7018121480941772
7619,normal,window_typing_10000.csv,0.6838007569313049
7620,normal,window_typing_10000.csv,0.6666852831840515
7621,normal,window_typing_10000.csv,0.6524724364280701
7622,normal,window_typing_10000.csv,0.650714635848999
7623,normal,window_typing_10000.csv,0.6463640332221985
7624,normal,window_typing_10000.csv,0.6439938545227051
7625,normal,window_typing_10000.csv,0.6353757977485657
7626,normal,window_typing_10000.csv,0.506423830986023
7627,normal,window_typing_10000.csv,0.48552653193473816
7628,normal,window_typing_10000.csv,0.47937679290771484
7629,normal,window_typing_10000.csv,0.4695550203323364
7630,normal,window_typing_10000.csv,0.4666409492492676
7631,normal,window_typing_10000.csv,0.4645472764968872
7632,normal,window_typing_10000.csv,0.4668671786785126
7633,normal,window_typing_10000.csv,0.47428902983665466
7634,normal,window_typing_10000.csv,0.4870111048221588
7635,normal,window_typing_10000.csv,0.49849385023117065
7636,normal,window_typing_10000.csv,0.5135869383811951
7637,normal,window_typing_10000.csv,0.5216601490974426
7638,normal,window_typing_10000.csv,0.5076796412467957
7639,normal,window_typing_10000.csv,0.503381609916687
7640,normal,window_typing_10000.csv,0.5050206780433655
7641,normal,window_typing_10000.csv,0.5098577737808228
7642,normal,window_typing_10000.csv,0.5212100148200989
7643,normal,window_typing_10000.csv,0.5095178484916687
7644,normal,window_typing_10000.csv,0.4997546374797821
7645,normal,window_typing_10000.csv,0.4891808331012726
7646,normal,window_typing_10000.csv,0.48817938566207886
7647,normal,window_typing_10000.csv,0.4869646728038788
7648,normal,window_typing_10000.csv,0.4953666925430298
7649,normal,window_typing_10000.csv,0.4898850917816162
7650,normal,window_typing_10000.csv,0.4871281683444977
7651,normal,window_typing_10000.csv,0.3471475839614868
7652,normal,window_typing_10000.csv,0.33012428879737854
7653,normal,window_typing_10000.csv,0.3153682351112366
7654,normal,window_typing_10000.csv,0.3036932051181793
7655,normal,window_typing_10000.csv,0.2865692973136902
7656,normal,window_typing_10000.csv,0.2897351384162903
7657,normal,window_typing_10000.csv,0.29428377747535706
7658,normal,window_typing_10000.csv,0.29890677332878113
7659,normal,window_typing_10000.csv,0.2956409454345703
7660,normal,window_typing_10000.csv,0.2889592945575714
7661,normal,window_typing_10000.csv,0.27828091382980347
7662,normal,window_typing_10000.csv,0.430523157119751
7663,normal,window_typing_10000.csv,0.45965859293937683
7664,normal,window_typing_10000.csv,0.4447539448738098
7665,normal,window_typing_10000.csv,0.4428898096084595
7666,normal,window_typing_10000.csv,0.479582279920578
7667,normal,window_typing_10000.csv,0.4804469347000122
7668,normal,window_typing_10000.csv,0.4767717123031616
7669,normal,window_typing_10000.csv,0.46571967005729675
7670,normal,window_typing_10000.csv,0.45708680152893066
7671,normal,window_typing_10000.csv,0.4561866521835327
7672,normal,window_typing_10000.csv,0.4603792726993561
7673,normal,window_typing_10000.csv,0.47316426038742065
7674,normal,window_typing_10000.csv,0.4797932505607605
7675,normal,window_typing_10000.csv,0.48398518562316895
7676,normal,window_typing_10000.csv,0.4966922104358673
7677,normal,window_typing_10000.csv,0.500789225101471
7678,normal,window_typing_10000.csv,0.5104975700378418
7679,normal,window_typing_10000.csv,0.5125870108604431
7680,normal,window_typing_10000.csv,0.516945481300354
7681,normal,window_typing_10000.csv,0.5180595517158508
7682,normal,window_typing_10000.csv,0.520115077495575
7683,normal,window_typing_10000.csv,0.5231659412384033
7684,normal,window_typing_10000.csv,0.5587124824523926
7685,normal,window_typing_10000.csv,0.5606272220611572
7686,normal,window_typing_10000.csv,0.5589152574539185
7687,normal,window_typing_10000.csv,0.5568627715110779
7688,normal,window_typing_10000.csv,0.5591098666191101
7689,normal,window_typing_10000.csv,0.5609021782875061
7690,normal,window_typing_10000.csv,0.558537483215332
7691,normal,window_typing_10000.csv,0.5571070313453674
7692,normal,window_typing_10000.csv,0.5484809279441833
7693,normal,window_typing_10000.csv,0.5514698624610901
7694,normal,window_typing_10000.csv,0.5469061732292175
7695,normal,window_typing_10000.csv,0.5497646331787109
7696,normal,window_typing_10000.csv,0.5424628853797913
7697,normal,window_typing_10000.csv,0.5263451933860779
7698,normal,window_typing_10000.csv,0.4959588944911957
7699,normal,window_typing_10000.csv,0.49604761600494385
7700,normal,window_typing_10000.csv,0.4959809184074402
7701,normal,window_typing_10000.csv,0.501836359500885
7702,normal,window_typing_10000.csv,0.4988747537136078
7703,normal,window_typing_10000.csv,0.5084681510925293
7704,normal,window_typing_10000.csv,0.5154669284820557
7705,normal,window_typing_10000.csv,0.5253539681434631
7706,normal,window_typing_10000.csv,0.6686686277389526
7707,normal,window_typing_10000.csv,0.6819896697998047
7708,normal,window_typing_10000.csv,0.6979408860206604
7709,normal,window_typing_10000.csv,0.6984562873840332
7710,normal,window_typing_10000.csv,0.7175387144088745
7711,normal,window_typing_10000.csv,0.7166273593902588
7712,normal,window_typing_10000.csv,0.6003879904747009
7713,normal,window_typing_10000.csv,0.5831947326660156
7714,normal,window_typing_10000.csv,0.5724610686302185
7715,normal,window_typing_10000.csv,0.563748300075531
7716,normal,window_typing_10000.csv,0.5300800204277039
7717,normal,window_typing_10000.csv,0.522709846496582
7718,normal,window_typing_10000.csv,0.5154632925987244
7719,normal,window_typing_10000.csv,0.5179217457771301
7720,normal,window_typing_10000.csv,0.5165782570838928
7721,normal,window_typing_10000.csv,0.5224353075027466
7722,normal,window_typing_10000.csv,0.5232002139091492
7723,normal,window_typing_10000.csv,0.518611490726471
7724,normal,window_typing_10000.csv,0.5220428705215454
7725,normal,window_typing_10000.csv,0.5251501202583313
7726,normal,window_typing_10000.csv,0.5036742091178894
7727,normal,window_typing_10000.csv,0.4995044767856598
7728,normal,window_typing_10000.csv,0.4825008511543274
7729,normal,window_typing_10000.csv,0.5033663511276245
7730,normal,window_typing_10000.csv,0.505070686340332
7731,normal,window_typing_10000.csv,0.5075478553771973
7732,normal,window_typing_10000.csv,0.5126616358757019
7733,normal,window_typing_10000.csv,0.5223528146743774
7734,normal,window_typing_10000.csv,0.5039451718330383
7735,normal,window_typing_10000.csv,0.5325188636779785
7736,normal,window_typing_10000.csv,0.5462293028831482
7737,normal,window_typing_10000.csv,0.55791175365448
7738,normal,window_typing_10000.csv,0.5571128129959106
7739,normal,window_typing_10000.csv,0.5512664318084717
7740,normal,window_typing_10000.csv,0.541458010673523
7741,normal,window_typing_10000.csv,0.5311185121536255
7742,normal,window_typing_10000.csv,0.5242278575897217
7743,normal,window_typing_10000.csv,0.5068918466567993
7744,normal,window_typing_10000.csv,0.5052899718284607
7745,normal,window_typing_10000.csv,0.500839114189148
7746,normal,window_typing_10000.csv,0.5011447668075562
7747,normal,window_typing_10000.csv,0.5068376064300537
7748,normal,window_typing_10000.csv,0.5134439468383789
7749,normal,window_typing_10000.csv,0.5130676031112671
7750,normal,window_typing_10000.csv,0.51264488697052
7751,normal,window_typing_10000.csv,0.5151084661483765
7752,normal,window_typing_10000.csv,0.5100961923599243
7753,normal,window_typing_10000.csv,0.5052286386489868
7754,normal,window_typing_10000.csv,0.5026335120201111
7755,normal,window_typing_10000.csv,0.4941943287849426
7756,normal,window_typing_10000.csv,0.3584635257720947
7757,normal,window_typing_10000.csv,0.34577953815460205
7758,normal,window_typing_10000.csv,0.3354092836380005
7759,normal,window_typing_10000.csv,0.4679487943649292
7760,normal,window_typing_10000.csv,0.46233588457107544
7761,normal,window_typing_10000.csv,0.46490681171417236
7762,normal,window_typing_10000.csv,0.4540170729160309
7763,normal,window_typing_10000.csv,0.45786574482917786
7764,normal,window_typing_10000.csv,0.47098588943481445
7765,normal,window_typing_10000.csv,0.477444589138031
7766,normal,window_typing_10000.csv,0.5016087889671326
7767,normal,window_typing_10000.csv,0.5050813555717468
7768,normal,window_typing_10000.csv,0.5106356739997864
7769,normal,window_typing_10000.csv,0.5058678984642029
7770,normal,window_typing_10000.csv,0.5130525231361389
7771,normal,window_typing_10000.csv,0.507005512714386
7772,normal,window_typing_10000.csv,0.5149975419044495
7773,normal,window_typing_10000.csv,0.5181970596313477
7774,normal,window_typing_10000.csv,0.5230072140693665
7775,normal,window_typing_10000.csv,0.5260506868362427
7776,normal,window_typing_10000.csv,0.5266474485397339
7777,normal,window_typing_10000.csv,0.5155694484710693
7778,normal,window_typing_10000.csv,0.504144549369812
7779,normal,window_typing_10000.csv,0.4909777045249939
7780,normal,window_typing_10000.csv,0.4821490943431854
7781,normal,window_typing_10000.csv,0.48382455110549927
7782,normal,window_typing_10000.csv,0.47386980056762695
7783,normal,window_typing_10000.csv,0.4604458510875702
7784,normal,window_typing_10000.csv,0.4621122181415558
7785,normal,window_typing_10000.csv,0.4668445587158203
7786,normal,window_typing_10000.csv,0.46762216091156006
7787,normal,window_typing_10000.csv,0.469184935092926
7788,normal,window_typing_10000.csv,0.4727608263492584
7789,normal,window_typing_10000.csv,0.4707314372062683
7790,normal,window_typing_10000.csv,0.47232410311698914
7791,normal,window_typing_10000.csv,0.4784108102321625
7792,normal,window_typing_10000.csv,0.4789113402366638
7793,normal,window_typing_10000.csv,0.48383861780166626
7794,normal,window_typing_10000.csv,0.4836798310279846
7795,normal,window_typing_10000.csv,0.4864386320114136
7796,normal,window_typing_10000.csv,0.4877876341342926
7797,normal,window_typing_10000.csv,0.4871959686279297
7798,normal,window_typing_10000.csv,0.5069417357444763
7799,normal,window_typing_10000.csv,0.49837592244148254
7800,normal,window_typing_10000.csv,0.5090827345848083
7801,normal,window_typing_10000.csv,0.498119056224823
7802,normal,window_typing_10000.csv,0.5067905783653259
7803,normal,window_typing_10000.csv,0.5065592527389526
7804,normal,window_typing_10000.csv,0.5077915191650391
7805,normal,window_typing_10000.csv,0.5053069591522217
7806,normal,window_typing_10000.csv,0.501291811466217
7807,normal,window_typing_10000.csv,0.49226367473602295
7808,normal,window_typing_10000.csv,0.48768964409828186
7809,normal,window_typing_10000.csv,0.3550437390804291
7810,normal,window_typing_10000.csv,0.33494603633880615
7811,normal,window_typing_10000.csv,0.3362687826156616
7812,normal,window_typing_10000.csv,0.3498336970806122
7813,normal,window_typing_10000.csv,0.35336068272590637
7814,normal,window_typing_10000.csv,0.34631267189979553
7815,normal,window_typing_10000.csv,0.3363249599933624
7816,normal,window_typing_10000.csv,0.30591174960136414
7817,normal,window_typing_10000.csv,0.29986754059791565
7818,normal,window_typing_10000.csv,0.2884150445461273
7819,normal,window_typing_10000.csv,0.2925446033477783
7820,normal,window_typing_10000.csv,0.2925506830215454
7821,normal,window_typing_10000.csv,0.2988629937171936
7822,normal,window_typing_10000.csv,0.29771292209625244
7823,normal,window_typing_10000.csv,0.29478806257247925
7824,normal,window_typing_10000.csv,0.2851405441761017
7825,normal,window_typing_10000.csv,0.28116875886917114
7826,normal,window_typing_10000.csv,0.2778472602367401
7827,normal,window_typing_10000.csv,0.3427921235561371
7828,normal,window_typing_10000.csv,0.344086229801178
7829,normal,window_typing_10000.csv,0.3450070023536682
7830,normal,window_typing_10000.csv,0.35641565918922424
7831,normal,window_typing_10000.csv,0.3554457128047943
7832,normal,window_typing_10000.csv,0.3718024790287018
7833,normal,window_typing_10000.csv,0.37285786867141724
7834,normal,window_typing_10000.csv,0.37316638231277466
7835,normal,window_typing_10000.csv,0.374482661485672
7836,normal,window_typing_10000.csv,0.38610661029815674
7837,normal,window_typing_10000.csv,0.3863915205001831
7838,normal,window_typing_10000.csv,0.39204487204551697
7839,normal,window_typing_10000.csv,0.39431232213974
7840,normal,window_typing_10000.csv,0.3905232846736908
7841,normal,window_typing_10000.csv,0.37785741686820984
7842,normal,window_typing_10000.csv,0.3749414086341858
7843,normal,window_typing_10000.csv,0.36014384031295776
7844,normal,window_typing_10000.csv,0.3585359752178192
7845,normal,window_typing_10000.csv,0.35772502422332764
7846,normal,window_typing_10000.csv,0.34978291392326355
7847,normal,window_typing_10000.csv,0.3501405417919159
7848,normal,window_typing_10000.csv,0.334502637386322
7849,normal,window_typing_10000.csv,0.3306235671043396
7850,normal,window_typing_10000.csv,0.3164241909980774
7851,normal,window_typing_10000.csv,0.31139081716537476
7852,normal,window_typing_10000.csv,0.3018106520175934
7853,normal,window_typing_10000.csv,0.3000626564025879
7854,normal,window_typing_10000.csv,0.2964785397052765
7855,normal,window_typing_10000.csv,0.3044167160987854
7856,normal,window_typing_10000.csv,0.303480327129364
7857,normal,window_typing_10000.csv,0.30592313408851624
7858,normal,window_typing_10000.csv,0.31189197301864624
7859,normal,window_typing_10000.csv,0.3602508008480072
7860,normal,window_typing_10000.csv,0.3715265691280365
7861,normal,window_typing_10000.csv,0.3767329156398773
7862,normal,window_typing_10000.csv,0.36816829442977905
7863,normal,window_typing_10000.csv,0.38305917382240295
7864,normal,window_typing_10000.csv,0.3732438087463379
7865,normal,window_typing_10000.csv,0.38980427384376526
7866,normal,window_typing_10000.csv,0.42233508825302124
7867,normal,window_typing_10000.csv,0.4403146207332611
7868,normal,window_typing_10000.csv,0.4531317353248596
7869,normal,window_typing_10000.csv,0.4414944648742676
7870,normal,window_typing_10000.csv,0.4400334358215332
7871,normal,window_typing_10000.csv,0.42033088207244873
7872,normal,window_typing_10000.csv,0.4025515913963318
7873,normal,window_typing_10000.csv,0.3928408622741699
7874,normal,window_typing_10000.csv,0.3862600028514862
7875,normal,window_typing_10000.csv,0.3739420473575592
7876,normal,window_typing_10000.csv,0.3661676347255707
7877,normal,window_typing_10000.csv,0.33190250396728516
7878,normal,window_typing_10000.csv,0.4632989764213562
7879,normal,window_typing_10000.csv,0.4872865676879883
7880,normal,window_typing_10000.csv,0.49787092208862305
7881,normal,window_typing_10000.csv,0.5073158144950867
7882,normal,window_typing_10000.csv,0.5324888229370117
7883,normal,window_typing_10000.csv,0.539006769657135
7884,normal,window_typing_10000.csv,0.5393767356872559
7885,normal,window_typing_10000.csv,0.5406031608581543
7886,normal,window_typing_10000.csv,0.5338404774665833
7887,normal,window_typing_10000.csv,0.5482469201087952
7888,normal,window_typing_10000.csv,0.541729748249054
7889,normal,window_typing_10000.csv,0.5500028133392334
7890,normal,window_typing_10000.csv,0.5479806661605835
7891,normal,window_typing_10000.csv,0.5437002778053284
7892,normal,window_typing_10000.csv,0.5474809408187866
7893,normal,window_typing_10000.csv,0.5467689037322998
7894,normal,window_typing_10000.csv,0.5557694435119629
7895,normal,window_typing_10000.csv,0.5918768644332886
7896,normal,window_typing_10000.csv,0.6163544654846191
7897,normal,window_typing_10000.csv,0.6173796057701111
7898,normal,window_typing_10000.csv,0.6088585257530212
7899,normal,window_typing_10000.csv,0.6178438067436218
7900,normal,window_typing_10000.csv,0.6394833922386169
7901,normal,window_typing_10000.csv,0.6539250016212463
7902,normal,window_typing_10000.csv,0.680607259273529
7903,normal,window_typing_10000.csv,0.6787140369415283
7904,normal,window_typing_10000.csv,0.6637524366378784
7905,normal,window_typing_10000.csv,0.636572539806366
7906,normal,window_typing_10000.csv,0.6176494359970093
7907,normal,window_typing_10000.csv,0.5904361009597778
7908,normal,window_typing_10000.csv,0.6996587514877319
7909,normal,window_typing_10000.csv,0.6915369629859924
7910,normal,window_typing_10000.csv,0.7018553018569946
7911,normal,window_typing_10000.csv,0.7114190459251404
7912,normal,window_typing_10000.csv,0.7537209987640381
7913,normal,window_typing_10000.csv,0.7364638447761536
7914,normal,window_typing_10000.csv,0.7342579960823059
7915,normal,window_typing_10000.csv,0.7257452607154846
7916,normal,window_typing_10000.csv,0.7297045588493347
7917,normal,window_typing_10000.csv,0.7282030582427979
7918,normal,window_typing_10000.csv,0.729421854019165
7919,normal,window_typing_10000.csv,0.7339734435081482
7920,normal,window_typing_10000.csv,0.7298185229301453
7921,normal,window_typing_10000.csv,0.7335219383239746
7922,normal,window_typing_10000.csv,0.7339817881584167
7923,normal,window_typing_10000.csv,0.7334145307540894
7924,normal,window_typing_10000.csv,0.7373392581939697
7925,normal,window_typing_10000.csv,0.7392852902412415
7926,normal,window_typing_10000.csv,0.7345172166824341
7927,normal,window_typing_10000.csv,0.7312929630279541
7928,normal,window_typing_10000.csv,0.5967074036598206
7929,normal,window_typing_10000.csv,0.5761025547981262
7930,normal,window_typing_10000.csv,0.5624562501907349
7931,normal,window_typing_10000.csv,0.5584739446640015
7932,normal,window_typing_10000.csv,0.5338330864906311
7933,normal,window_typing_10000.csv,0.6439146995544434
7934,normal,window_typing_10000.csv,0.6530077457427979
7935,normal,window_typing_10000.csv,0.6585806608200073
7936,normal,window_typing_10000.csv,0.6647379994392395
7937,normal,window_typing_10000.csv,0.6759276390075684
7938,normal,window_typing_10000.csv,0.6798114776611328
7939,normal,window_typing_10000.csv,0.6811818480491638
7940,normal,window_typing_10000.csv,0.6830168962478638
7941,normal,window_typing_10000.csv,0.6872129440307617
7942,normal,window_typing_10000.csv,0.6964442729949951
7943,normal,window_typing_10000.csv,0.7013004422187805
7944,normal,window_typing_10000.csv,0.7157726287841797
7945,normal,window_typing_10000.csv,0.7167719006538391
7946,normal,window_typing_10000.csv,0.7053563594818115
7947,normal,window_typing_10000.csv,0.7110774517059326
7948,normal,window_typing_10000.csv,0.6961624026298523
7949,normal,window_typing_10000.csv,0.6777725219726562
7950,normal,window_typing_10000.csv,0.6637880206108093
7951,normal,window_typing_10000.csv,0.662558913230896
7952,normal,window_typing_10000.csv,0.6815483570098877
7953,normal,window_typing_10000.csv,0.682303786277771
7954,normal,window_typing_10000.csv,0.6996251344680786
7955,normal,window_typing_10000.csv,0.7069394588470459
7956,normal,window_typing_10000.csv,0.6964592933654785
7957,normal,window_typing_10000.csv,0.7001877427101135
7958,normal,window_typing_10000.csv,0.5848749279975891
7959,normal,window_typing_10000.csv,0.5758992433547974
7960,normal,window_typing_10000.csv,0.5716829895973206
7961,normal,window_typing_10000.csv,0.5687949657440186
7962,normal,window_typing_10000.csv,0.5400410890579224
7963,normal,window_typing_10000.csv,0.5591038465499878
7964,normal,window_typing_10000.csv,0.5708264112472534
7965,normal,window_typing_10000.csv,0.5685694813728333
7966,normal,window_typing_10000.csv,0.5527505874633789
7967,normal,window_typing_10000.csv,0.5386717319488525
7968,normal,window_typing_10000.csv,0.5283089876174927
7969,normal,window_typing_10000.csv,0.6502203941345215
7970,normal,window_typing_10000.csv,0.7862314581871033
7971,normal,window_typing_10000.csv,0.7862882614135742
7972,normal,window_typing_10000.csv,0.8044868111610413
7973,normal,window_typing_10000.csv,0.8074817657470703
7974,normal,window_typing_10000.csv,0.8295707106590271
7975,normal,window_typing_10000.csv,0.8295474648475647
7976,normal,window_typing_10000.csv,0.8276625871658325
7977,normal,window_typing_10000.csv,0.8320332169532776
7978,normal,window_typing_10000.csv,0.8313601016998291
7979,normal,window_typing_10000.csv,0.8334334492683411
7980,normal,window_typing_10000.csv,0.8345219492912292
7981,normal,window_typing_10000.csv,0.8372951745986938
7982,normal,window_typing_10000.csv,0.8432031273841858
7983,normal,window_typing_10000.csv,0.7269750237464905
7984,normal,window_typing_10000.csv,0.7227693796157837
7985,normal,window_typing_10000.csv,0.7319154143333435
7986,normal,window_typing_10000.csv,0.7528104782104492
7987,normal,window_typing_10000.csv,0.7619631290435791
7988,normal,window_typing_10000.csv,0.7698954939842224
7989,normal,window_typing_10000.csv,0.7705260515213013
7990,normal,window_typing_10000.csv,0.7671023607254028
7991,normal,window_typing_10000.csv,0.7595763206481934
7992,normal,window_typing_10000.csv,0.7454826831817627
7993,normal,window_typing_10000.csv,0.7444159984588623
7994,normal,window_typing_10000.csv,0.7423127293586731
7995,normal,window_typing_10000.csv,0.738222062587738
7996,normal,window_typing_10000.csv,0.7315022945404053
7997,normal,window_typing_10000.csv,0.7221736311912537
7998,normal,window_typing_10000.csv,0.7176240682601929
7999,normal,window_typing_10000.csv,0.7207138538360596
8000,normal,window_typing_10000.csv,0.7093748450279236
8001,normal,window_typing_10000.csv,0.7098097205162048
8002,normal,window_typing_10000.csv,0.737428605556488
8003,normal,window_typing_10000.csv,0.7462698221206665
8004,normal,window_typing_10000.csv,0.7426814436912537
8005,normal,window_typing_10000.csv,0.7350620031356812
8006,normal,window_typing_10000.csv,0.7277015447616577
8007,normal,window_typing_10000.csv,0.7123755812644958
8008,normal,window_typing_10000.csv,0.6907743215560913
8009,normal,window_typing_10000.csv,0.6719324588775635
8010,normal,window_typing_10000.csv,0.6479992866516113
8011,normal,window_typing_10000.csv,0.6283223628997803
8012,normal,window_typing_10000.csv,0.6171438694000244
8013,normal,window_typing_10000.csv,0.6118532419204712
8014,normal,window_typing_10000.csv,0.5965830087661743
8015,normal,window_typing_10000.csv,0.6131299734115601
8016,normal,window_typing_10000.csv,0.6124576926231384
8017,normal,window_typing_10000.csv,0.6118534207344055
8018,normal,window_typing_10000.csv,0.606874942779541
8019,normal,window_typing_10000.csv,0.48225635290145874
8020,normal,window_typing_10000.csv,0.35111725330352783
8021,normal,window_typing_10000.csv,0.3376713693141937
8022,normal,window_typing_10000.csv,0.32955244183540344
8023,normal,window_typing_10000.csv,0.3161540627479553
8024,normal,window_typing_10000.csv,0.2858135402202606
8025,normal,window_typing_10000.csv,0.27809426188468933
8026,normal,window_typing_10000.csv,0.27153417468070984
8027,normal,window_typing_10000.csv,0.39333030581474304
8028,normal,window_typing_10000.csv,0.4030079245567322
8029,normal,window_typing_10000.csv,0.40225085616111755
8030,normal,window_typing_10000.csv,0.4059942960739136
8031,normal,window_typing_10000.csv,0.41055408120155334
8032,normal,window_typing_10000.csv,0.42002901434898376
8033,normal,window_typing_10000.csv,0.4186520278453827
8034,normal,window_typing_10000.csv,0.4218127429485321
8035,normal,window_typing_10000.csv,0.4237198829650879
8036,normal,window_typing_10000.csv,0.42896825075149536
8037,normal,window_typing_10000.csv,0.4379938542842865
8038,normal,window_typing_10000.csv,0.446362167596817
8039,normal,window_typing_10000.csv,0.4468870759010315
8040,normal,window_typing_10000.csv,0.43232786655426025
8041,normal,window_typing_10000.csv,0.4165135324001312
8042,normal,window_typing_10000.csv,0.4097276031970978
8043,normal,window_typing_10000.csv,0.40774083137512207
8044,normal,window_typing_10000.csv,0.4099292457103729
8045,normal,window_typing_10000.csv,0.40285953879356384
8046,normal,window_typing_10000.csv,0.40580394864082336
8047,normal,window_typing_10000.csv,0.401364266872406
8048,normal,window_typing_10000.csv,0.3977421522140503
8049,normal,window_typing_10000.csv,0.4430898129940033
8050,normal,window_typing_10000.csv,0.4382171034812927
8051,normal,window_typing_10000.csv,0.4373292624950409
8052,normal,window_typing_10000.csv,0.40708422660827637
8053,normal,window_typing_10000.csv,0.39420416951179504
8054,normal,window_typing_10000.csv,0.38675960898399353
8055,normal,window_typing_10000.csv,0.39064040780067444
8056,normal,window_typing_10000.csv,0.39378929138183594
8057,normal,window_typing_10000.csv,0.39475926756858826
8058,normal,window_typing_10000.csv,0.39105305075645447
8059,normal,window_typing_10000.csv,0.39148086309432983
8060,normal,window_typing_10000.csv,0.39138713479042053
8061,normal,window_typing_10000.csv,0.3917655944824219
8062,normal,window_typing_10000.csv,0.38797134160995483
8063,normal,window_typing_10000.csv,0.38642218708992004
8064,normal,window_typing_10000.csv,0.3886395990848541
8065,normal,window_typing_10000.csv,0.37777912616729736
8066,normal,window_typing_10000.csv,0.3804658055305481
8067,normal,window_typing_10000.csv,0.3838388919830322
8068,normal,window_typing_10000.csv,0.3849705755710602
8069,normal,window_typing_10000.csv,0.38331303000450134
8070,normal,window_typing_10000.csv,0.386457234621048
8071,normal,window_typing_10000.csv,0.38517284393310547
8072,normal,window_typing_10000.csv,0.3895474374294281
8073,normal,window_typing_10000.csv,0.38975051045417786
8074,normal,window_typing_10000.csv,0.38795074820518494
8075,normal,window_typing_10000.csv,0.391005277633667
8076,normal,window_typing_10000.csv,0.39478635787963867
8077,normal,window_typing_10000.csv,0.2705206573009491
8078,normal,window_typing_10000.csv,0.25744280219078064
8079,normal,window_typing_10000.csv,0.274142861366272
8080,normal,window_typing_10000.csv,0.282888799905777
8081,normal,window_typing_10000.csv,0.28564590215682983
8082,normal,window_typing_10000.csv,0.2827695310115814
8083,normal,window_typing_10000.csv,0.2873976528644562
8084,normal,window_typing_10000.csv,0.2845570147037506
8085,normal,window_typing_10000.csv,0.2830861508846283
8086,normal,window_typing_10000.csv,0.2895057499408722
8087,normal,window_typing_10000.csv,0.2766995429992676
8088,normal,window_typing_10000.csv,0.2814549207687378
8089,normal,window_typing_10000.csv,0.27696025371551514
8090,normal,window_typing_10000.csv,0.2772359549999237
8091,normal,window_typing_10000.csv,0.2782619297504425
8092,normal,window_typing_10000.csv,0.27849364280700684
8093,normal,window_typing_10000.csv,0.2763555943965912
8094,normal,window_typing_10000.csv,0.27373385429382324
8095,normal,window_typing_10000.csv,0.26788219809532166
8096,normal,window_typing_10000.csv,0.25999265909194946
8097,normal,window_typing_10000.csv,0.25497618317604065
8098,normal,window_typing_10000.csv,0.38879260420799255
8099,normal,window_typing_10000.csv,0.36306893825531006
8100,normal,window_typing_10000.csv,0.37609797716140747
8101,normal,window_typing_10000.csv,0.37701886892318726
8102,normal,window_typing_10000.csv,0.42072901129722595
8103,normal,window_typing_10000.csv,0.4204190969467163
8104,normal,window_typing_10000.csv,0.43433287739753723
8105,normal,window_typing_10000.csv,0.4382037818431854
8106,normal,window_typing_10000.csv,0.4471272826194763
8107,normal,window_typing_10000.csv,0.4633873701095581
8108,normal,window_typing_10000.csv,0.47273144125938416
8109,normal,window_typing_10000.csv,0.5067425966262817
8110,normal,window_typing_10000.csv,0.5062843561172485
8111,normal,window_typing_10000.csv,0.49405786395072937
8112,normal,window_typing_10000.csv,0.4780430495738983
8113,normal,window_typing_10000.csv,0.45830053091049194
8114,normal,window_typing_10000.csv,0.4385683238506317
8115,normal,window_typing_10000.csv,0.4276980757713318
8116,normal,window_typing_10000.csv,0.443657785654068
8117,normal,window_typing_10000.csv,0.4478462338447571
8118,normal,window_typing_10000.csv,0.4567398130893707
8119,normal,window_typing_10000.csv,0.46379807591438293
8120,normal,window_typing_10000.csv,0.464223712682724
8121,normal,window_typing_10000.csv,0.47585156559944153
8122,normal,window_typing_10000.csv,0.4725021421909332
8123,normal,window_typing_10000.csv,0.4732709228992462
8124,normal,window_typing_10000.csv,0.4727083146572113
8125,normal,window_typing_10000.csv,0.4666648209095001
8126,normal,window_typing_10000.csv,0.4667399823665619
8127,normal,window_typing_10000.csv,0.46285462379455566
8128,normal,window_typing_10000.csv,0.4662560224533081
8129,normal,window_typing_10000.csv,0.4674426317214966
8130,normal,window_typing_10000.csv,0.46157756447792053
8131,normal,window_typing_10000.csv,0.4795847237110138
8132,normal,window_typing_10000.csv,0.4879078269004822
8133,normal,window_typing_10000.csv,0.4979976713657379
8134,normal,window_typing_10000.csv,0.5073513984680176
8135,normal,window_typing_10000.csv,0.5117189884185791
8136,normal,window_typing_10000.csv,0.5155879855155945
8137,normal,window_typing_10000.csv,0.5200527310371399
8138,normal,window_typing_10000.csv,0.5144181847572327
8139,normal,window_typing_10000.csv,0.5173231363296509
8140,normal,window_typing_10000.csv,0.5240706205368042
8141,normal,window_typing_10000.csv,0.5959194898605347
8142,normal,window_typing_10000.csv,0.5907310843467712
8143,normal,window_typing_10000.csv,0.5898099541664124
8144,normal,window_typing_10000.csv,0.5788455605506897
8145,normal,window_typing_10000.csv,0.592606246471405
8146,normal,window_typing_10000.csv,0.5953353047370911
8147,normal,window_typing_10000.csv,0.6196327805519104
8148,normal,window_typing_10000.csv,0.5431857109069824
8149,normal,window_typing_10000.csv,0.5707454085350037
8150,normal,window_typing_10000.csv,0.5716379284858704
8151,normal,window_typing_10000.csv,0.6914452910423279
8152,normal,window_typing_10000.csv,0.6657626628875732
8153,normal,window_typing_10000.csv,0.6665866374969482
8154,normal,window_typing_10000.csv,0.651411771774292
8155,normal,window_typing_10000.csv,0.6868764758110046
8156,normal,window_typing_10000.csv,0.70440673828125
8157,normal,window_typing_10000.csv,0.7240856289863586
8158,normal,window_typing_10000.csv,0.7440169453620911
8159,normal,window_typing_10000.csv,0.7202078104019165
8160,normal,window_typing_10000.csv,0.7202100157737732
8161,normal,window_typing_10000.csv,0.7145990133285522
8162,normal,window_typing_10000.csv,0.7168502807617188
8163,normal,window_typing_10000.csv,0.7090314626693726
8164,normal,window_typing_10000.csv,0.8206101059913635
8165,normal,window_typing_10000.csv,0.8411789536476135
8166,normal,window_typing_10000.csv,0.8527674674987793
8167,normal,window_typing_10000.csv,0.8624809384346008
8168,normal,window_typing_10000.csv,0.8767987489700317
8169,normal,window_typing_10000.csv,0.8718910813331604
8170,normal,window_typing_10000.csv,0.8717008233070374
8171,normal,window_typing_10000.csv,0.8576551079750061
8172,normal,window_typing_10000.csv,0.8561327457427979
8173,normal,window_typing_10000.csv,0.8644590377807617
8174,normal,window_typing_10000.csv,0.8673098683357239
8175,normal,window_typing_10000.csv,0.868438720703125
8176,normal,window_typing_10000.csv,0.8672288060188293
8177,normal,window_typing_10000.csv,0.871266782283783
8178,normal,window_typing_10000.csv,0.8747234344482422
8179,normal,window_typing_10000.csv,0.8846696019172668
8180,normal,window_typing_10000.csv,0.9144166707992554
8181,normal,window_typing_10000.csv,0.9183900356292725
8182,normal,window_typing_10000.csv,0.9430328607559204
8183,normal,window_typing_10000.csv,0.955109715461731
8184,normal,window_typing_10000.csv,0.9542521238327026
8185,normal,window_typing_10000.csv,0.9769049286842346
8186,normal,window_typing_10000.csv,0.9709848761558533
8187,normal,window_typing_10000.csv,0.9636207818984985
8188,normal,window_typing_10000.csv,0.9515543580055237
8189,normal,window_typing_10000.csv,0.9425362944602966
8190,normal,window_typing_10000.csv,0.9531363248825073
8191,normal,window_typing_10000.csv,0.8893567323684692
8192,normal,window_typing_10000.csv,0.8912433385848999
8193,normal,window_typing_10000.csv,0.8822633624076843
8194,normal,window_typing_10000.csv,0.865916907787323
8195,normal,window_typing_10000.csv,0.8499709963798523
8196,normal,window_typing_10000.csv,0.8407003283500671
8197,normal,window_typing_10000.csv,0.8304020166397095
8198,normal,window_typing_10000.csv,0.7995012402534485
8199,normal,window_typing_10000.csv,0.7680042386054993
8200,normal,window_typing_10000.csv,0.7487866282463074
8201,normal,window_typing_10000.csv,0.6145115494728088
8202,normal,window_typing_10000.csv,0.6016399264335632
8203,normal,window_typing_10000.csv,0.6029357314109802
8204,normal,window_typing_10000.csv,0.6051555871963501
8205,normal,window_typing_10000.csv,0.5928557515144348
8206,normal,window_typing_10000.csv,0.6009058952331543
8207,normal,window_typing_10000.csv,0.6089312434196472
8208,normal,window_typing_10000.csv,0.6048668026924133
8209,normal,window_typing_10000.csv,0.5897483825683594
8210,normal,window_typing_10000.csv,0.5745119452476501
8211,normal,window_typing_10000.csv,0.5663725733757019
8212,normal,window_typing_10000.csv,0.5615402460098267
8213,normal,window_typing_10000.csv,0.5617848038673401
8214,normal,window_typing_10000.csv,0.43329906463623047
8215,normal,window_typing_10000.csv,0.4318515658378601
8216,normal,window_typing_10000.csv,0.4171343445777893
8217,normal,window_typing_10000.csv,0.41052302718162537
8218,normal,window_typing_10000.csv,0.3870506286621094
8219,normal,window_typing_10000.csv,0.38454902172088623
8220,normal,window_typing_10000.csv,0.38831332325935364
8221,normal,window_typing_10000.csv,0.3993874490261078
8222,normal,window_typing_10000.csv,0.40512484312057495
8223,normal,window_typing_10000.csv,0.39709487557411194
8224,normal,window_typing_10000.csv,0.40326082706451416
8225,normal,window_typing_10000.csv,0.4074404239654541
8226,normal,window_typing_10000.csv,0.41235730051994324
8227,normal,window_typing_10000.csv,0.41136279702186584
8228,normal,window_typing_10000.csv,0.4128176271915436
8229,normal,window_typing_10000.csv,0.41243505477905273
8230,normal,window_typing_10000.csv,0.3910411298274994
8231,normal,window_typing_10000.csv,0.39799967408180237
8232,normal,window_typing_10000.csv,0.39135387539863586
8233,normal,window_typing_10000.csv,0.38930743932724
8234,normal,window_typing_10000.csv,0.37930652499198914
8235,normal,window_typing_10000.csv,0.357880175113678
8236,normal,window_typing_10000.csv,0.4891998767852783
8237,normal,window_typing_10000.csv,0.4982735514640808
8238,normal,window_typing_10000.csv,0.4758833646774292
8239,normal,window_typing_10000.csv,0.4603728652000427
8240,normal,window_typing_10000.csv,0.4634850323200226
8241,normal,window_typing_10000.csv,0.45404908061027527
8242,normal,window_typing_10000.csv,0.4517226219177246
8243,normal,window_typing_10000.csv,0.4411267042160034
8244,normal,window_typing_10000.csv,0.43731024861335754
8245,normal,window_typing_10000.csv,0.43619269132614136
8246,normal,window_typing_10000.csv,0.4338521957397461
8247,normal,window_typing_10000.csv,0.43255892395973206
8248,normal,window_typing_10000.csv,0.43571069836616516
8249,normal,window_typing_10000.csv,0.43430501222610474
8250,normal,window_typing_10000.csv,0.431491494178772
8251,normal,window_typing_10000.csv,0.436211496591568
8252,normal,window_typing_10000.csv,0.4324018061161041
8253,normal,window_typing_10000.csv,0.40577295422554016
8254,normal,window_typing_10000.csv,0.4155084490776062
8255,normal,window_typing_10000.csv,0.4161466360092163
8256,normal,window_typing_10000.csv,0.4235019385814667
8257,normal,window_typing_10000.csv,0.47917455434799194
8258,normal,window_typing_10000.csv,0.5025229454040527
8259,normal,window_typing_10000.csv,0.5105050206184387
8260,normal,window_typing_10000.csv,0.5318114161491394
8261,normal,window_typing_10000.csv,0.567067563533783
8262,normal,window_typing_10000.csv,0.5751601457595825
8263,normal,window_typing_10000.csv,0.5808969736099243
8264,normal,window_typing_10000.csv,0.5852760672569275
8265,normal,window_typing_10000.csv,0.576331377029419
8266,normal,window_typing_10000.csv,0.5737271904945374
8267,normal,window_typing_10000.csv,0.5685499310493469
8268,normal,window_typing_10000.csv,0.5674381256103516
8269,normal,window_typing_10000.csv,0.5645277500152588
8270,normal,window_typing_10000.csv,0.5613312721252441
8271,normal,window_typing_10000.csv,0.5552329421043396
8272,normal,window_typing_10000.csv,0.5772769451141357
8273,normal,window_typing_10000.csv,0.5944552421569824
8274,normal,window_typing_10000.csv,0.6035826206207275
8275,normal,window_typing_10000.csv,0.6085467338562012
8276,normal,window_typing_10000.csv,0.6116316914558411
8277,normal,window_typing_10000.csv,0.6008082628250122
8278,normal,window_typing_10000.csv,0.5897100567817688
8279,normal,window_typing_10000.csv,0.5832467675209045
8280,normal,window_typing_10000.csv,0.5875900983810425
8281,normal,window_typing_10000.csv,0.5838531255722046
8282,normal,window_typing_10000.csv,0.5882962346076965
8283,normal,window_typing_10000.csv,0.5937610864639282
8284,normal,window_typing_10000.csv,0.6105014085769653
8285,normal,window_typing_10000.csv,0.6107634902000427
8286,normal,window_typing_10000.csv,0.5029572248458862
8287,normal,window_typing_10000.csv,0.47799238562583923
8288,normal,window_typing_10000.csv,0.4785884618759155
8289,normal,window_typing_10000.csv,0.48260676860809326
8290,normal,window_typing_10000.csv,0.4650128483772278
8291,normal,window_typing_10000.csv,0.4613659679889679
8292,normal,window_typing_10000.csv,0.44789591431617737
8293,normal,window_typing_10000.csv,0.4480437636375427
8294,normal,window_typing_10000.csv,0.45741599798202515
8295,normal,window_typing_10000.csv,0.459833562374115
8296,normal,window_typing_10000.csv,0.4619644582271576
8297,normal,window_typing_10000.csv,0.4577319025993347
8298,normal,window_typing_10000.csv,0.4525739550590515
8299,normal,window_typing_10000.csv,0.44205203652381897
8300,normal,window_typing_10000.csv,0.43328604102134705
8301,normal,window_typing_10000.csv,0.43418198823928833
8302,normal,window_typing_10000.csv,0.4329841732978821
8303,normal,window_typing_10000.csv,0.43100130558013916
8304,normal,window_typing_10000.csv,0.41990482807159424
8305,normal,window_typing_10000.csv,0.4226813018321991
8306,normal,window_typing_10000.csv,0.42351821064949036
8307,normal,window_typing_10000.csv,0.3703952729701996
8308,normal,window_typing_10000.csv,0.35075047612190247
8309,normal,window_typing_10000.csv,0.35419780015945435
8310,normal,window_typing_10000.csv,0.324409544467926
8311,normal,window_typing_10000.csv,0.3065943717956543
8312,normal,window_typing_10000.csv,0.2936757504940033
8313,normal,window_typing_10000.csv,0.2895825207233429
8314,normal,window_typing_10000.csv,0.28302744030952454
8315,normal,window_typing_10000.csv,0.2652105391025543
8316,normal,window_typing_10000.csv,0.2541840672492981
8317,normal,window_typing_10000.csv,0.24709060788154602
8318,normal,window_typing_10000.csv,0.24137911200523376
8319,normal,window_typing_10000.csv,0.2494293749332428
8320,normal,window_typing_10000.csv,0.26315149664878845
8321,normal,window_typing_10000.csv,0.2792477607727051
8322,normal,window_typing_10000.csv,0.2783333957195282
8323,normal,window_typing_10000.csv,0.2788722813129425
8324,normal,window_typing_10000.csv,0.29525262117385864
8325,normal,window_typing_10000.csv,0.4408321976661682
8326,normal,window_typing_10000.csv,0.40631234645843506
8327,normal,window_typing_10000.csv,0.3667481541633606
8328,normal,window_typing_10000.csv,0.3552497923374176
8329,normal,window_typing_10000.csv,0.34736931324005127
8330,normal,window_typing_10000.csv,0.33732253313064575
8331,normal,window_typing_10000.csv,0.33037057518959045
8332,normal,window_typing_10000.csv,0.32547152042388916
8333,normal,window_typing_10000.csv,0.32867300510406494
8334,normal,window_typing_10000.csv,0.32565218210220337
8335,normal,window_typing_10000.csv,0.31831100583076477
8336,normal,window_typing_10000.csv,0.30396202206611633
8337,normal,window_typing_10000.csv,0.29121696949005127
8338,normal,window_typing_10000.csv,0.2848207950592041
8339,normal,window_typing_10000.csv,0.264098584651947
8340,normal,window_typing_10000.csv,0.26599442958831787
8341,normal,window_typing_10000.csv,0.2636268436908722
8342,normal,window_typing_10000.csv,0.274478018283844
8343,normal,window_typing_10000.csv,0.279482364654541
8344,normal,window_typing_10000.csv,0.2812132239341736
8345,normal,window_typing_10000.csv,0.2844586670398712
8346,normal,window_typing_10000.csv,0.2766256034374237
8347,normal,window_typing_10000.csv,0.2786933481693268
8348,normal,window_typing_10000.csv,0.27802547812461853
8349,normal,window_typing_10000.csv,0.28480494022369385
8350,normal,window_typing_10000.csv,0.2911291718482971
8351,normal,window_typing_10000.csv,0.28124019503593445
8352,normal,window_typing_10000.csv,0.2823668420314789
8353,normal,window_typing_10000.csv,0.2917950451374054
8354,normal,window_typing_10000.csv,0.2924688160419464
8355,normal,window_typing_10000.csv,0.2992945611476898
8356,normal,window_typing_10000.csv,0.2994431257247925
8357,normal,window_typing_10000.csv,0.300581693649292
8358,normal,window_typing_10000.csv,0.3052070736885071
8359,normal,window_typing_10000.csv,0.30000561475753784
8360,normal,window_typing_10000.csv,0.2951144278049469
8361,normal,window_typing_10000.csv,0.28525176644325256
8362,normal,window_typing_10000.csv,0.2810254693031311
8363,normal,window_typing_10000.csv,0.4242751896381378
8364,normal,window_typing_10000.csv,0.4456619918346405
8365,normal,window_typing_10000.csv,0.46027645468711853
8366,normal,window_typing_10000.csv,0.4622417390346527
8367,normal,window_typing_10000.csv,0.4829215407371521
8368,normal,window_typing_10000.csv,0.4878651797771454
8369,normal,window_typing_10000.csv,0.4971216917037964
8370,normal,window_typing_10000.csv,0.7006591558456421
8371,normal,window_typing_10000.csv,0.7507901787757874
8372,normal,window_typing_10000.csv,0.7954768538475037
8373,normal,window_typing_10000.csv,0.8695424795150757
8374,normal,window_typing_10000.csv,0.9202138781547546
8375,normal,window_typing_10000.csv,0.896366536617279
8376,normal,window_typing_10000.csv,0.8693097233772278
8377,normal,window_typing_10000.csv,0.8386148810386658
8378,normal,window_typing_10000.csv,0.8158798813819885
8379,normal,window_typing_10000.csv,0.7819095849990845
8380,normal,window_typing_10000.csv,0.7687429189682007
8381,normal,window_typing_10000.csv,0.7430110573768616
8382,normal,window_typing_10000.csv,0.72271728515625
8383,normal,window_typing_10000.csv,0.7058844566345215
8384,normal,window_typing_10000.csv,0.7015458941459656
8385,normal,window_typing_10000.csv,0.6958776116371155
8386,normal,window_typing_10000.csv,0.6931827664375305
8387,normal,window_typing_10000.csv,0.7001751065254211
8388,normal,window_typing_10000.csv,0.6993693113327026
8389,normal,window_typing_10000.csv,0.6915410161018372
8390,normal,window_typing_10000.csv,0.6775367856025696
8391,normal,window_typing_10000.csv,0.6817815899848938
8392,normal,window_typing_10000.csv,0.6749908924102783
8393,normal,window_typing_10000.csv,0.7014238834381104
8394,normal,window_typing_10000.csv,0.6944161653518677
8395,normal,window_typing_10000.csv,0.6933863759040833
8396,normal,window_typing_10000.csv,0.6949924230575562
8397,normal,window_typing_10000.csv,0.700985848903656
8398,normal,window_typing_10000.csv,0.7251990437507629
8399,normal,window_typing_10000.csv,0.7219737768173218
8400,normal,window_typing_10000.csv,0.7220557332038879
8401,normal,window_typing_10000.csv,0.726007878780365
8402,normal,window_typing_10000.csv,0.7277716398239136
8403,normal,window_typing_10000.csv,0.7229871153831482
8404,normal,window_typing_10000.csv,0.7313105463981628
8405,normal,window_typing_10000.csv,0.7390746474266052
8406,normal,window_typing_10000.csv,0.7640520930290222
8407,normal,window_typing_10000.csv,0.7940852642059326
8408,normal,window_typing_10000.csv,0.8578300476074219
8409,normal,window_typing_10000.csv,0.8924184441566467
8410,normal,window_typing_10000.csv,0.9518798589706421
8411,normal,window_typing_10000.csv,0.9578178524971008
8412,normal,window_typing_10000.csv,0.9594250917434692
8413,normal,window_typing_10000.csv,0.8015016317367554
8414,normal,window_typing_10000.csv,0.7576884627342224
8415,normal,window_typing_10000.csv,0.740727961063385
8416,normal,window_typing_10000.csv,0.7450927495956421
8417,normal,window_typing_10000.csv,0.7083704471588135
8418,normal,window_typing_10000.csv,0.7042070031166077
8419,normal,window_typing_10000.csv,0.7175356149673462
8420,normal,window_typing_10000.csv,0.5437451004981995
8421,normal,window_typing_10000.csv,0.5404602885246277
8422,normal,window_typing_10000.csv,0.5338109135627747
8423,normal,window_typing_10000.csv,0.4928435683250427
8424,normal,window_typing_10000.csv,0.45556744933128357
8425,normal,window_typing_10000.csv,0.4322268068790436
8426,normal,window_typing_10000.csv,0.416117787361145
8427,normal,window_typing_10000.csv,0.4119964838027954
8428,normal,window_typing_10000.csv,0.3954033851623535
8429,normal,window_typing_10000.csv,0.387888103723526
8430,normal,window_typing_10000.csv,0.37370628118515015
8431,normal,window_typing_10000.csv,0.36756420135498047
8432,normal,window_typing_10000.csv,0.36489158868789673
8433,normal,window_typing_10000.csv,0.36376985907554626
8434,normal,window_typing_10000.csv,0.3562520444393158
8435,normal,window_typing_10000.csv,0.35558897256851196
8436,normal,window_typing_10000.csv,0.35637593269348145
8437,normal,window_typing_10000.csv,0.35620051622390747
8438,normal,window_typing_10000.csv,0.35540062189102173
8439,normal,window_typing_10000.csv,0.3614293038845062
8440,normal,window_typing_10000.csv,0.3592361509799957
8441,normal,window_typing_10000.csv,0.377858430147171
8442,normal,window_typing_10000.csv,0.37692928314208984
8443,normal,window_typing_10000.csv,0.3726145029067993
8444,normal,window_typing_10000.csv,0.37547028064727783
8445,normal,window_typing_10000.csv,0.3729967474937439
8446,normal,window_typing_10000.csv,0.3698613941669464
8447,normal,window_typing_10000.csv,0.39012816548347473
8448,normal,window_typing_10000.csv,0.3908642828464508
8449,normal,window_typing_10000.csv,0.4082423150539398
8450,normal,window_typing_10000.csv,0.4040851593017578
8451,normal,window_typing_10000.csv,0.4124374985694885
8452,normal,window_typing_10000.csv,0.4319532811641693
8453,normal,window_typing_10000.csv,0.438498854637146
8454,normal,window_typing_10000.csv,0.44906842708587646
8455,normal,window_typing_10000.csv,0.44912880659103394
8456,normal,window_typing_10000.csv,0.4667486846446991
8457,normal,window_typing_10000.csv,0.4910436272621155
8458,normal,window_typing_10000.csv,0.46663719415664673
8459,normal,window_typing_10000.csv,0.4684005379676819
8460,normal,window_typing_10000.csv,0.411988765001297
8461,normal,window_typing_10000.csv,0.3938634395599365
8462,normal,window_typing_10000.csv,0.3712426424026489
8463,normal,window_typing_10000.csv,0.3524126708507538
8464,normal,window_typing_10000.csv,0.3435951769351959
8465,normal,window_typing_10000.csv,0.3369090259075165
8466,normal,window_typing_10000.csv,0.33528879284858704
8467,normal,window_typing_10000.csv,0.33554160594940186
8468,normal,window_typing_10000.csv,0.3382830023765564
8469,normal,window_typing_10000.csv,0.34013646841049194
8470,normal,window_typing_10000.csv,0.3563867211341858
8471,normal,window_typing_10000.csv,0.35827144980430603
8472,normal,window_typing_10000.csv,0.3655293881893158
8473,normal,window_typing_10000.csv,0.3722131848335266
8474,normal,window_typing_10000.csv,0.39146167039871216
8475,normal,window_typing_10000.csv,0.3937501609325409
8476,normal,window_typing_10000.csv,0.3950216472148895
8477,normal,window_typing_10000.csv,0.3989511728286743
8478,normal,window_typing_10000.csv,0.4042316973209381
8479,normal,window_typing_10000.csv,0.40977025032043457
8480,normal,window_typing_10000.csv,0.41761916875839233
8481,normal,window_typing_10000.csv,0.42963907122612
8482,normal,window_typing_10000.csv,0.4493197500705719
8483,normal,window_typing_10000.csv,0.4607853591442108
8484,normal,window_typing_10000.csv,0.4813474416732788
8485,normal,window_typing_10000.csv,0.5005548000335693
8486,normal,window_typing_10000.csv,0.5161902904510498
8487,normal,window_typing_10000.csv,0.5348227024078369
8488,normal,window_typing_10000.csv,0.5432211756706238
8489,normal,window_typing_10000.csv,0.5455148220062256
8490,normal,window_typing_10000.csv,0.5519975423812866
8491,normal,window_typing_10000.csv,0.5297625660896301
8492,normal,window_typing_10000.csv,0.5164029002189636
8493,normal,window_typing_10000.csv,0.49959596991539
8494,normal,window_typing_10000.csv,0.48652371764183044
8495,normal,window_typing_10000.csv,0.5062786936759949
8496,normal,window_typing_10000.csv,0.518162190914154
8497,normal,window_typing_10000.csv,0.4944276511669159
8498,normal,window_typing_10000.csv,0.48043346405029297
8499,normal,window_typing_10000.csv,0.46970856189727783
8500,normal,window_typing_10000.csv,0.47346439957618713
8501,normal,window_typing_10000.csv,0.46886715292930603
8502,normal,window_typing_10000.csv,0.46791163086891174
8503,normal,window_typing_10000.csv,0.45189061760902405
8504,normal,window_typing_10000.csv,0.42959487438201904
8505,normal,window_typing_10000.csv,0.41310399770736694
8506,normal,window_typing_10000.csv,0.38880980014801025
8507,normal,window_typing_10000.csv,0.5288872122764587
8508,normal,window_typing_10000.csv,0.5337196588516235
8509,normal,window_typing_10000.csv,0.5199242830276489
8510,normal,window_typing_10000.csv,0.5113257765769958
8511,normal,window_typing_10000.csv,0.5355308651924133
8512,normal,window_typing_10000.csv,0.5225879549980164
8513,normal,window_typing_10000.csv,0.7145272493362427
8514,normal,window_typing_10000.csv,0.7283748984336853
8515,normal,window_typing_10000.csv,0.758695125579834
8516,normal,window_typing_10000.csv,0.7588578462600708
8517,normal,window_typing_10000.csv,0.7982202172279358
8518,normal,window_typing_10000.csv,0.8170859813690186
8519,normal,window_typing_10000.csv,0.832700252532959
8520,normal,window_typing_10000.csv,0.840192437171936
8521,normal,window_typing_10000.csv,0.8301424980163574
8522,normal,window_typing_10000.csv,0.802075207233429
8523,normal,window_typing_10000.csv,0.7821093797683716
8524,normal,window_typing_10000.csv,0.7689527869224548
8525,normal,window_typing_10000.csv,0.7590711712837219
8526,normal,window_typing_10000.csv,0.7572081685066223
8527,normal,window_typing_10000.csv,0.7460246682167053
8528,normal,window_typing_10000.csv,0.7367874383926392
8529,normal,window_typing_10000.csv,0.7299017906188965
8530,normal,window_typing_10000.csv,0.7194080352783203
8531,normal,window_typing_10000.csv,0.7101231217384338
8532,normal,window_typing_10000.csv,0.6987934708595276
8533,normal,window_typing_10000.csv,0.7027732729911804
8534,normal,window_typing_10000.csv,0.7086455225944519
8535,normal,window_typing_10000.csv,0.7069835662841797
8536,normal,window_typing_10000.csv,0.7109333276748657
8537,normal,window_typing_10000.csv,0.7040101885795593
8538,normal,window_typing_10000.csv,0.7044742703437805
8539,normal,window_typing_10000.csv,0.708327054977417
8540,normal,window_typing_10000.csv,0.7527031302452087
8541,normal,window_typing_10000.csv,0.7779554128646851
8542,normal,window_typing_10000.csv,0.8106386661529541
8543,normal,window_typing_10000.csv,0.8077833652496338
8544,normal,window_typing_10000.csv,0.981909990310669
8545,normal,window_typing_10000.csv,0.990005612373352
8546,normal,window_typing_10000.csv,1.0236955881118774
8547,normal,window_typing_10000.csv,1.029239535331726
8548,normal,window_typing_10000.csv,1.0295504331588745
8549,normal,window_typing_10000.csv,1.0228235721588135
8550,normal,window_typing_10000.csv,1.0163356065750122
8551,normal,window_typing_10000.csv,1.0067353248596191
8552,normal,window_typing_10000.csv,0.9953852295875549
8553,normal,window_typing_10000.csv,0.9855431914329529
8554,normal,window_typing_10000.csv,0.9740387201309204
8555,normal,window_typing_10000.csv,0.971849262714386
8556,normal,window_typing_10000.csv,0.9689021706581116
8557,normal,window_typing_10000.csv,0.8316437005996704
8558,normal,window_typing_10000.csv,0.8125773072242737
8559,normal,window_typing_10000.csv,0.8022984266281128
8560,normal,window_typing_10000.csv,0.8008541464805603
8561,normal,window_typing_10000.csv,0.7784316539764404
8562,normal,window_typing_10000.csv,0.7809115052223206
8563,normal,window_typing_10000.csv,0.6222292184829712
8564,normal,window_typing_10000.csv,0.6169804334640503
8565,normal,window_typing_10000.csv,0.5838941335678101
8566,normal,window_typing_10000.csv,0.5922881960868835
8567,normal,window_typing_10000.csv,0.6024795770645142
8568,normal,window_typing_10000.csv,0.618987500667572
8569,normal,window_typing_10000.csv,0.6151233911514282
8570,normal,window_typing_10000.csv,0.5998069047927856
8571,normal,window_typing_10000.csv,0.5965985059738159
8572,normal,window_typing_10000.csv,0.5911427140235901
8573,normal,window_typing_10000.csv,0.5871129631996155
8574,normal,window_typing_10000.csv,0.5792595744132996
8575,normal,window_typing_10000.csv,0.5836928486824036
8576,normal,window_typing_10000.csv,0.5627404451370239
8577,normal,window_typing_10000.csv,0.5511830449104309
8578,normal,window_typing_10000.csv,0.5606200695037842
8579,normal,window_typing_10000.csv,0.5764216780662537
8580,normal,window_typing_10000.csv,0.5713570713996887
8581,normal,window_typing_10000.csv,0.5751592516899109
8582,normal,window_typing_10000.csv,0.5701879858970642
8583,normal,window_typing_10000.csv,0.5545937418937683
8584,normal,window_typing_10000.csv,0.545876145362854
8585,normal,window_typing_10000.csv,0.5339758396148682
8586,normal,window_typing_10000.csv,0.5362386107444763
8587,normal,window_typing_10000.csv,0.539533793926239
8588,normal,window_typing_10000.csv,0.562786877155304
8589,normal,window_typing_10000.csv,0.5788013339042664
8590,normal,window_typing_10000.csv,0.5728848576545715
8591,normal,window_typing_10000.csv,0.567273736000061
8592,normal,window_typing_10000.csv,0.5491530299186707
8593,normal,window_typing_10000.csv,0.5594308376312256
8594,normal,window_typing_10000.csv,0.4106965959072113
8595,normal,window_typing_10000.csv,0.374506413936615
8596,normal,window_typing_10000.csv,0.32595202326774597
8597,normal,window_typing_10000.csv,0.3081310987472534
8598,normal,window_typing_10000.csv,0.2854112386703491
8599,normal,window_typing_10000.csv,0.2702482342720032
8600,normal,window_typing_10000.csv,0.26611456274986267
8601,normal,window_typing_10000.csv,0.2642861604690552
8602,normal,window_typing_10000.csv,0.2641213834285736
8603,normal,window_typing_10000.csv,0.27133381366729736
8604,normal,window_typing_10000.csv,0.2721751630306244
8605,normal,window_typing_10000.csv,0.27856889367103577
8606,normal,window_typing_10000.csv,0.27887284755706787
8607,normal,window_typing_10000.csv,0.27850914001464844
8608,normal,window_typing_10000.csv,0.28040042519569397
8609,normal,window_typing_10000.csv,0.27744486927986145
8610,normal,window_typing_10000.csv,0.28052443265914917
8611,normal,window_typing_10000.csv,0.28556135296821594
8612,normal,window_typing_10000.csv,0.2895731031894684
8613,normal,window_typing_10000.csv,0.29203149676322937
8614,normal,window_typing_10000.csv,0.28879427909851074
8615,normal,window_typing_10000.csv,0.2923625409603119
8616,normal,window_typing_10000.csv,0.2931937277317047
8617,normal,window_typing_10000.csv,0.2970952093601227
8618,normal,window_typing_10000.csv,0.29645368456840515
8619,normal,window_typing_10000.csv,0.2972100079059601
8620,normal,window_typing_10000.csv,0.2983311414718628
8621,normal,window_typing_10000.csv,0.30088263750076294
8622,normal,window_typing_10000.csv,0.30144909024238586
8623,normal,window_typing_10000.csv,0.29949086904525757
8624,normal,window_typing_10000.csv,0.29536914825439453
8625,normal,window_typing_10000.csv,0.29011234641075134
8626,normal,window_typing_10000.csv,0.27479231357574463
8627,normal,window_typing_10000.csv,0.2673981487751007
8628,normal,window_typing_10000.csv,0.2652164697647095
8629,normal,window_typing_10000.csv,0.23740564286708832
8630,normal,window_typing_10000.csv,0.23618631064891815
8631,normal,window_typing_10000.csv,0.23117773234844208
8632,normal,window_typing_10000.csv,0.2344159334897995
8633,normal,window_typing_10000.csv,0.2310919314622879
8634,normal,window_typing_10000.csv,0.22824007272720337
8635,normal,window_typing_10000.csv,0.21764524281024933
8636,normal,window_typing_10000.csv,0.21621516346931458
8637,normal,window_typing_10000.csv,0.21422924101352692
8638,normal,window_typing_10000.csv,0.20619718730449677
8639,normal,window_typing_10000.csv,0.2019139528274536
8640,normal,window_typing_10000.csv,0.197538822889328
8641,normal,window_typing_10000.csv,0.19884097576141357
8642,normal,window_typing_10000.csv,0.19540667533874512
8643,normal,window_typing_10000.csv,0.18622423708438873
8644,normal,window_typing_10000.csv,0.18403472006320953
8645,normal,window_typing_10000.csv,0.17544591426849365
8646,normal,window_typing_10000.csv,0.1731279045343399
8647,normal,window_typing_10000.csv,0.31148985028266907
8648,normal,window_typing_10000.csv,0.3283350169658661
8649,normal,window_typing_10000.csv,0.3244902491569519
8650,normal,window_typing_10000.csv,0.31748032569885254
8651,normal,window_typing_10000.csv,0.3115994334220886
8652,normal,window_typing_10000.csv,0.307216614484787
8653,normal,window_typing_10000.csv,0.29842814803123474
8654,normal,window_typing_10000.csv,0.2949071526527405
8655,normal,window_typing_10000.csv,0.2909086048603058
8656,normal,window_typing_10000.csv,0.2986695468425751
8657,normal,window_typing_10000.csv,0.3045584559440613
8658,normal,window_typing_10000.csv,0.3067297637462616
8659,normal,window_typing_10000.csv,0.3211626410484314
8660,normal,window_typing_10000.csv,0.32823237776756287
8661,normal,window_typing_10000.csv,0.32004037499427795
8662,normal,window_typing_10000.csv,0.30974337458610535
8663,normal,window_typing_10000.csv,0.30691811442375183
8664,normal,window_typing_10000.csv,0.3344098627567291
8665,normal,window_typing_10000.csv,0.3335440158843994
8666,normal,window_typing_10000.csv,0.34717822074890137
8667,normal,window_typing_10000.csv,0.3478187620639801
8668,normal,window_typing_10000.csv,0.3484390377998352
8669,normal,window_typing_10000.csv,0.34811490774154663
8670,normal,window_typing_10000.csv,0.3477424383163452
8671,normal,window_typing_10000.csv,0.34750398993492126
8672,normal,window_typing_10000.csv,0.3474632203578949
8673,normal,window_typing_10000.csv,0.46615275740623474
8674,normal,window_typing_10000.csv,0.4922159016132355
8675,normal,window_typing_10000.csv,0.540536642074585
8676,normal,window_typing_10000.csv,0.5669950842857361
8677,normal,window_typing_10000.csv,0.6527538299560547
8678,normal,window_typing_10000.csv,0.7059654593467712
8679,normal,window_typing_10000.csv,0.6864591240882874
8680,normal,window_typing_10000.csv,0.6965550184249878
8681,normal,window_typing_10000.csv,0.6908142566680908
8682,normal,window_typing_10000.csv,0.6920921206474304
8683,normal,window_typing_10000.csv,0.6932177543640137
8684,normal,window_typing_10000.csv,0.6990199089050293
8685,normal,window_typing_10000.csv,0.7062614560127258
8686,normal,window_typing_10000.csv,0.7079684734344482
8687,normal,window_typing_10000.csv,0.7118285894393921
8688,normal,window_typing_10000.csv,0.7152469158172607
8689,normal,window_typing_10000.csv,0.7183048129081726
8690,normal,window_typing_10000.csv,0.7163037657737732
8691,normal,window_typing_10000.csv,0.7142329216003418
8692,normal,window_typing_10000.csv,0.7137957215309143
8693,normal,window_typing_10000.csv,0.7317048907279968
8694,normal,window_typing_10000.csv,0.7320745587348938
8695,normal,window_typing_10000.csv,0.7440272569656372
8696,normal,window_typing_10000.csv,0.7476867437362671
8697,normal,window_typing_10000.csv,0.6407191753387451
8698,normal,window_typing_10000.csv,0.6272794604301453
8699,normal,window_typing_10000.csv,0.63643479347229
8700,normal,window_typing_10000.csv,0.6499636173248291
8701,normal,window_typing_10000.csv,0.6508221626281738
8702,normal,window_typing_10000.csv,0.6632721424102783
8703,normal,window_typing_10000.csv,0.6423693895339966
8704,normal,window_typing_10000.csv,0.6308261752128601
8705,normal,window_typing_10000.csv,0.5959973931312561
8706,normal,window_typing_10000.csv,0.5811589956283569
8707,normal,window_typing_10000.csv,0.5650103092193604
8708,normal,window_typing_10000.csv,0.5698297619819641
8709,normal,window_typing_10000.csv,0.5638089179992676
8710,normal,window_typing_10000.csv,0.5620598196983337
8711,normal,window_typing_10000.csv,0.5443495512008667
8712,normal,window_typing_10000.csv,0.5529264807701111
8713,normal,window_typing_10000.csv,0.6259435415267944
8714,normal,window_typing_10000.csv,0.6264561414718628
8715,normal,window_typing_10000.csv,0.5975047945976257
8716,normal,window_typing_10000.csv,0.6923552751541138
8717,normal,window_typing_10000.csv,0.8220770359039307
8718,normal,window_typing_10000.csv,0.8386855125427246
8719,normal,window_typing_10000.csv,0.860142707824707
8720,normal,window_typing_10000.csv,0.8685191869735718
8721,normal,window_typing_10000.csv,0.8809146881103516
8722,normal,window_typing_10000.csv,0.9165344834327698
8723,normal,window_typing_10000.csv,0.848541796207428
8724,normal,window_typing_10000.csv,0.8881387710571289
8725,normal,window_typing_10000.csv,0.9294144511222839
8726,normal,window_typing_10000.csv,0.9710845351219177
8727,normal,window_typing_10000.csv,0.9076435565948486
8728,normal,window_typing_10000.csv,0.8185142874717712
8729,normal,window_typing_10000.csv,0.7759069204330444
8730,normal,window_typing_10000.csv,0.7317691445350647
8731,normal,window_typing_10000.csv,0.7074933052062988
8732,normal,window_typing_10000.csv,0.8158926367759705
8733,normal,window_typing_10000.csv,0.8353643417358398
8734,normal,window_typing_10000.csv,0.8240232467651367
8735,normal,window_typing_10000.csv,0.8256586790084839
8736,normal,window_typing_10000.csv,0.821512758731842
8737,normal,window_typing_10000.csv,0.817475438117981
8738,normal,window_typing_10000.csv,0.8380053639411926
8739,normal,window_typing_10000.csv,0.8216347694396973
8740,normal,window_typing_10000.csv,0.8134873509407043
8741,normal,window_typing_10000.csv,0.8141666650772095
8742,normal,window_typing_10000.csv,0.8135040402412415
8743,normal,window_typing_10000.csv,0.8185489177703857
8744,normal,window_typing_10000.csv,0.8261075615882874
8745,normal,window_typing_10000.csv,0.8328171968460083
8746,normal,window_typing_10000.csv,0.8396947979927063
8747,normal,window_typing_10000.csv,0.8477343916893005
8748,normal,window_typing_10000.csv,0.8583220839500427
8749,normal,window_typing_10000.csv,0.9140190482139587
8750,normal,window_typing_10000.csv,0.927340567111969
8751,normal,window_typing_10000.csv,0.9575756788253784
8752,normal,window_typing_10000.csv,0.9582003355026245
8753,normal,window_typing_10000.csv,0.9670615196228027
8754,normal,window_typing_10000.csv,0.9927964806556702
8755,normal,window_typing_10000.csv,1.011522650718689
8756,normal,window_typing_10000.csv,1.0234344005584717
8757,normal,window_typing_10000.csv,1.0183110237121582
8758,normal,window_typing_10000.csv,1.0269674062728882
8759,normal,window_typing_10000.csv,1.0349209308624268
8760,normal,window_typing_10000.csv,1.0382739305496216
8761,normal,window_typing_10000.csv,1.0346159934997559
8762,normal,window_typing_10000.csv,1.0244777202606201
8763,normal,window_typing_10000.csv,0.9019879698753357
8764,normal,window_typing_10000.csv,0.8838155269622803
8765,normal,window_typing_10000.csv,0.9162213206291199
8766,normal,window_typing_10000.csv,0.8594865798950195
8767,normal,window_typing_10000.csv,0.7553948760032654
8768,normal,window_typing_10000.csv,0.7281532883644104
8769,normal,window_typing_10000.csv,0.724904477596283
8770,normal,window_typing_10000.csv,0.7884513139724731
8771,normal,window_typing_10000.csv,0.7929810881614685
8772,normal,window_typing_10000.csv,0.8032269477844238
8773,normal,window_typing_10000.csv,0.8139644861221313
8774,normal,window_typing_10000.csv,0.822533369064331
8775,normal,window_typing_10000.csv,0.8354530930519104
8776,normal,window_typing_10000.csv,0.8576109409332275
8777,normal,window_typing_10000.csv,0.8680582642555237
8778,normal,window_typing_10000.csv,0.8760649561882019
8779,normal,window_typing_10000.csv,0.8714994192123413
8780,normal,window_typing_10000.csv,0.8507049083709717
8781,normal,window_typing_10000.csv,0.832310676574707
8782,normal,window_typing_10000.csv,0.6803293824195862
8783,normal,window_typing_10000.csv,0.6468223929405212
8784,normal,window_typing_10000.csv,0.6438948512077332
8785,normal,window_typing_10000.csv,0.6358766555786133
8786,normal,window_typing_10000.csv,0.6088107228279114
8787,normal,window_typing_10000.csv,0.5945726037025452
8788,normal,window_typing_10000.csv,0.5651753544807434
8789,normal,window_typing_10000.csv,0.5512911081314087
8790,normal,window_typing_10000.csv,0.5429771542549133
8791,normal,window_typing_10000.csv,0.5474843978881836
8792,normal,window_typing_10000.csv,0.537408173084259
8793,normal,window_typing_10000.csv,0.5388246774673462
8794,normal,window_typing_10000.csv,0.5484460592269897
8795,normal,window_typing_10000.csv,0.5500766634941101
8796,normal,window_typing_10000.csv,0.5632914900779724
8797,normal,window_typing_10000.csv,0.5672474503517151
8798,normal,window_typing_10000.csv,0.5691520571708679
8799,normal,window_typing_10000.csv,0.529647946357727
8800,normal,window_typing_10000.csv,0.5160905718803406
8801,normal,window_typing_10000.csv,0.5038591623306274
8802,normal,window_typing_10000.csv,0.4958173632621765
8803,normal,window_typing_10000.csv,0.48399341106414795
8804,normal,window_typing_10000.csv,0.46918171644210815
8805,normal,window_typing_10000.csv,0.45903173089027405
8806,normal,window_typing_10000.csv,0.43944159150123596
8807,normal,window_typing_10000.csv,0.43050795793533325
8808,normal,window_typing_10000.csv,0.426027774810791
8809,normal,window_typing_10000.csv,0.4260924458503723
8810,normal,window_typing_10000.csv,0.4235701858997345
8811,normal,window_typing_10000.csv,0.41835445165634155
8812,normal,window_typing_10000.csv,0.4407136142253876
8813,normal,window_typing_10000.csv,0.43413621187210083
8814,normal,window_typing_10000.csv,0.4589811861515045
8815,normal,window_typing_10000.csv,0.4584329426288605
8816,normal,window_typing_10000.csv,0.4368789792060852
8817,normal,window_typing_10000.csv,0.41728994250297546
8818,normal,window_typing_10000.csv,0.5364623069763184
8819,normal,window_typing_10000.csv,0.5693556070327759
8820,normal,window_typing_10000.csv,0.4870844781398773
8821,normal,window_typing_10000.csv,0.4763527810573578
8822,normal,window_typing_10000.csv,0.45863524079322815
8823,normal,window_typing_10000.csv,0.46673783659935
8824,normal,window_typing_10000.csv,0.4771806597709656
8825,normal,window_typing_10000.csv,0.4695131778717041
8826,normal,window_typing_10000.csv,0.45309334993362427
8827,normal,window_typing_10000.csv,0.4460626542568207
8828,normal,window_typing_10000.csv,0.5655530691146851
8829,normal,window_typing_10000.csv,0.6938227415084839
8830,normal,window_typing_10000.csv,0.7002322673797607
8831,normal,window_typing_10000.csv,0.6916763186454773
8832,normal,window_typing_10000.csv,0.6789450645446777
8833,normal,window_typing_10000.csv,0.6953731179237366
8834,normal,window_typing_10000.csv,0.6797441244125366
8835,normal,window_typing_10000.csv,0.6783642768859863
8836,normal,window_typing_10000.csv,0.6762120723724365
8837,normal,window_typing_10000.csv,0.6746511459350586
8838,normal,window_typing_10000.csv,0.6718332171440125
8839,normal,window_typing_10000.csv,0.6729469299316406
8840,normal,window_typing_10000.csv,0.6735957860946655
8841,normal,window_typing_10000.csv,0.6735001802444458
8842,normal,window_typing_10000.csv,0.6797592639923096
8843,normal,window_typing_10000.csv,0.6818562150001526
8844,normal,window_typing_10000.csv,0.6738104820251465
8845,normal,window_typing_10000.csv,0.6787830591201782
8846,normal,window_typing_10000.csv,0.6707926988601685
8847,normal,window_typing_10000.csv,0.6716273427009583
8848,normal,window_typing_10000.csv,0.6744836568832397
8849,normal,window_typing_10000.csv,0.6690308451652527
8850,normal,window_typing_10000.csv,0.6659466624259949
8851,normal,window_typing_10000.csv,0.6606876254081726
8852,normal,window_typing_10000.csv,0.6580283641815186
8853,normal,window_typing_10000.csv,0.6666775941848755
8854,normal,window_typing_10000.csv,0.667147159576416
8855,normal,window_typing_10000.csv,0.6941866874694824
8856,normal,window_typing_10000.csv,0.6992896795272827
8857,normal,window_typing_10000.csv,0.6951203346252441
8858,normal,window_typing_10000.csv,0.6995583176612854
8859,normal,window_typing_10000.csv,0.6945057511329651
8860,normal,window_typing_10000.csv,0.6933298110961914
8861,normal,window_typing_10000.csv,0.7018283605575562
8862,normal,window_typing_10000.csv,0.7043229341506958
8863,normal,window_typing_10000.csv,0.6983190774917603
8864,normal,window_typing_10000.csv,0.6852835416793823
8865,normal,window_typing_10000.csv,0.6693466305732727
8866,normal,window_typing_10000.csv,0.6672214865684509
8867,normal,window_typing_10000.csv,0.6682783365249634
8868,normal,window_typing_10000.csv,0.5606286525726318
8869,normal,window_typing_10000.csv,0.5499711632728577
8870,normal,window_typing_10000.csv,0.5506297945976257
8871,normal,window_typing_10000.csv,0.5395534634590149
8872,normal,window_typing_10000.csv,0.5486389398574829
8873,normal,window_typing_10000.csv,0.5476433634757996
8874,normal,window_typing_10000.csv,0.5528464913368225
8875,normal,window_typing_10000.csv,0.5592332482337952
8876,normal,window_typing_10000.csv,0.5638633370399475
8877,normal,window_typing_10000.csv,0.5650511980056763
8878,normal,window_typing_10000.csv,0.5924217700958252
8879,normal,window_typing_10000.csv,0.4703235626220703
8880,normal,window_typing_10000.csv,0.4698973298072815
8881,normal,window_typing_10000.csv,0.45740827918052673
8882,normal,window_typing_10000.csv,0.47540250420570374
8883,normal,window_typing_10000.csv,0.4460752010345459
8884,normal,window_typing_10000.csv,0.4491259753704071
8885,normal,window_typing_10000.csv,0.44723445177078247
8886,normal,window_typing_10000.csv,0.45093244314193726
8887,normal,window_typing_10000.csv,0.458701491355896
8888,normal,window_typing_10000.csv,0.46687695384025574
8889,normal,window_typing_10000.csv,0.4705052971839905
8890,normal,window_typing_10000.csv,0.4819867014884949
8891,normal,window_typing_10000.csv,0.4985117018222809
8892,normal,window_typing_10000.csv,0.5041043162345886
8893,normal,window_typing_10000.csv,0.514797031879425
8894,normal,window_typing_10000.csv,0.5024189352989197
8895,normal,window_typing_10000.csv,0.499552845954895
8896,normal,window_typing_10000.csv,0.49690771102905273
8897,normal,window_typing_10000.csv,0.5072457790374756
8898,normal,window_typing_10000.csv,0.5024751424789429
8899,normal,window_typing_10000.csv,0.503290057182312
8900,normal,window_typing_10000.csv,0.5038702487945557
8901,normal,window_typing_10000.csv,0.5141378045082092
8902,normal,window_typing_10000.csv,0.5134429335594177
8903,normal,window_typing_10000.csv,0.5036953091621399
8904,normal,window_typing_10000.csv,0.4975685179233551
8905,normal,window_typing_10000.csv,0.49850723147392273
8906,normal,window_typing_10000.csv,0.5027496814727783
8907,normal,window_typing_10000.csv,0.5030614137649536
8908,normal,window_typing_10000.csv,0.5007067918777466
8909,normal,window_typing_10000.csv,0.5089035630226135
8910,normal,window_typing_10000.csv,0.5197011828422546
8911,normal,window_typing_10000.csv,0.5407321453094482
8912,normal,window_typing_10000.csv,0.5760930776596069
8913,normal,window_typing_10000.csv,0.5990207195281982
8914,normal,window_typing_10000.csv,0.6078709363937378
8915,normal,window_typing_10000.csv,0.6246107220649719
8916,normal,window_typing_10000.csv,0.6431305408477783
8917,normal,window_typing_10000.csv,0.6492415070533752
8918,normal,window_typing_10000.csv,0.6229050755500793
8919,normal,window_typing_10000.csv,0.6343908905982971
8920,normal,window_typing_10000.csv,0.6381884813308716
8921,normal,window_typing_10000.csv,0.6412357091903687
8922,normal,window_typing_10000.csv,0.647268533706665
8923,normal,window_typing_10000.csv,0.635348916053772
8924,normal,window_typing_10000.csv,0.622111439704895
8925,normal,window_typing_10000.csv,0.6106023192405701
8926,normal,window_typing_10000.csv,0.6092191934585571
8927,normal,window_typing_10000.csv,0.6029868721961975
8928,normal,window_typing_10000.csv,0.4769153892993927
8929,normal,window_typing_10000.csv,0.46465355157852173
8930,normal,window_typing_10000.csv,0.4519188106060028
8931,normal,window_typing_10000.csv,0.4500126838684082
8932,normal,window_typing_10000.csv,0.4307554364204407
8933,normal,window_typing_10000.csv,0.4266586899757385
8934,normal,window_typing_10000.csv,0.41902440786361694
8935,normal,window_typing_10000.csv,0.4152573049068451
8936,normal,window_typing_10000.csv,0.4093647301197052
8937,normal,window_typing_10000.csv,0.40464651584625244
8938,normal,window_typing_10000.csv,0.40271005034446716
8939,normal,window_typing_10000.csv,0.40212491154670715
8940,normal,window_typing_10000.csv,0.4020705819129944
8941,normal,window_typing_10000.csv,0.4068444073200226
8942,normal,window_typing_10000.csv,0.41541609168052673
8943,normal,window_typing_10000.csv,0.3909946382045746
8944,normal,window_typing_10000.csv,0.40118107199668884
8945,normal,window_typing_10000.csv,0.38729867339134216
8946,normal,window_typing_10000.csv,0.38053202629089355
8947,normal,window_typing_10000.csv,0.372537761926651
8948,normal,window_typing_10000.csv,0.3621601164340973
8949,normal,window_typing_10000.csv,0.3552393615245819
8950,normal,window_typing_10000.csv,0.3485853672027588
8951,normal,window_typing_10000.csv,0.34010395407676697
8952,normal,window_typing_10000.csv,0.33733972907066345
8953,normal,window_typing_10000.csv,0.3362666070461273
8954,normal,window_typing_10000.csv,0.3441588580608368
8955,normal,window_typing_10000.csv,0.3421332836151123
8956,normal,window_typing_10000.csv,0.33585286140441895
8957,normal,window_typing_10000.csv,0.34439051151275635
8958,normal,window_typing_10000.csv,0.34785962104797363
8959,normal,window_typing_10000.csv,0.3380737006664276
8960,normal,window_typing_10000.csv,0.33621886372566223
8961,normal,window_typing_10000.csv,0.3235595226287842
8962,normal,window_typing_10000.csv,0.2967855632305145
8963,normal,window_typing_10000.csv,0.27975228428840637
8964,normal,window_typing_10000.csv,0.27575474977493286
8965,normal,window_typing_10000.csv,0.2599462568759918
8966,normal,window_typing_10000.csv,0.24288667738437653
8967,normal,window_typing_10000.csv,0.23614302277565002
8968,normal,window_typing_10000.csv,0.24930517375469208
8969,normal,window_typing_10000.csv,0.2504956126213074
8970,normal,window_typing_10000.csv,0.24045422673225403
8971,normal,window_typing_10000.csv,0.22638846933841705
8972,normal,window_typing_10000.csv,0.21724697947502136
8973,normal,window_typing_10000.csv,0.20975644886493683
8974,normal,window_typing_10000.csv,0.20546451210975647
8975,normal,window_typing_10000.csv,0.19852493703365326
8976,normal,window_typing_10000.csv,0.19130785763263702
8977,normal,window_typing_10000.csv,0.18951988220214844
8978,normal,window_typing_10000.csv,0.1896488219499588
8979,normal,window_typing_10000.csv,0.18757189810276031
8980,normal,window_typing_10000.csv,0.1925038993358612
8981,normal,window_typing_10000.csv,0.1995294988155365
8982,normal,window_typing_10000.csv,0.1924883872270584
8983,normal,window_typing_10000.csv,0.1934543401002884
8984,normal,window_typing_10000.csv,0.1912122368812561
8985,normal,window_typing_10000.csv,0.19696035981178284
8986,normal,window_typing_10000.csv,0.19359272718429565
8987,normal,window_typing_10000.csv,0.20097951591014862
8988,normal,window_typing_10000.csv,0.20040522515773773
8989,normal,window_typing_10000.csv,0.20170415937900543
8990,normal,window_typing_10000.csv,0.19837410748004913
8991,normal,window_typing_10000.csv,0.21229597926139832
8992,normal,window_typing_10000.csv,0.2132457047700882
8993,normal,window_typing_10000.csv,0.22496919333934784
8994,normal,window_typing_10000.csv,0.2241770476102829
8995,normal,window_typing_10000.csv,0.2211778610944748
8996,normal,window_typing_10000.csv,0.21219278872013092
8997,normal,window_typing_10000.csv,0.19828657805919647
8998,normal,window_typing_10000.csv,0.19605383276939392
8999,normal,window_typing_10000.csv,0.19189941883087158
9000,normal,window_typing_10000.csv,0.18638595938682556
9001,normal,window_typing_10000.csv,0.1804998368024826
9002,normal,window_typing_10000.csv,0.18340139091014862
9003,normal,window_typing_10000.csv,0.1818181574344635
9004,normal,window_typing_10000.csv,0.1865888088941574
9005,normal,window_typing_10000.csv,0.18657076358795166
9006,normal,window_typing_10000.csv,0.1892068237066269
9007,normal,window_typing_10000.csv,0.3260350227355957
9008,normal,window_typing_10000.csv,0.3501206338405609
9009,normal,window_typing_10000.csv,0.36510318517684937
9010,normal,window_typing_10000.csv,0.3743008077144623
9011,normal,window_typing_10000.csv,0.40889817476272583
9012,normal,window_typing_10000.csv,0.40777847170829773
9013,normal,window_typing_10000.csv,0.6578591465950012
9014,normal,window_typing_10000.csv,0.6879613995552063
9015,normal,window_typing_10000.csv,0.7358311414718628
9016,normal,window_typing_10000.csv,0.8631346225738525
9017,normal,window_typing_10000.csv,0.9062607288360596
9018,normal,window_typing_10000.csv,0.9277454614639282
9019,normal,window_typing_10000.csv,0.924485981464386
9020,normal,window_typing_10000.csv,0.9012978672981262
9021,normal,window_typing_10000.csv,0.8761109113693237
9022,normal,window_typing_10000.csv,0.8659975528717041
9023,normal,window_typing_10000.csv,0.8682897090911865
9024,normal,window_typing_10000.csv,0.8668320178985596
9025,normal,window_typing_10000.csv,0.8663992285728455
9026,normal,window_typing_10000.csv,0.8644186854362488
9027,normal,window_typing_10000.csv,0.8586771488189697
9028,normal,window_typing_10000.csv,0.8565770387649536
9029,normal,window_typing_10000.csv,0.8556410074234009
9030,normal,window_typing_10000.csv,0.8570001721382141
9031,normal,window_typing_10000.csv,0.8584781885147095
9032,normal,window_typing_10000.csv,0.8519403338432312
9033,normal,window_typing_10000.csv,0.8515382409095764
9034,normal,window_typing_10000.csv,0.850457489490509
9035,normal,window_typing_10000.csv,0.847426176071167
9036,normal,window_typing_10000.csv,0.8609670400619507
9037,normal,window_typing_10000.csv,0.8477014899253845
9038,normal,window_typing_10000.csv,0.8391200304031372
9039,normal,window_typing_10000.csv,0.8475531339645386
9040,normal,window_typing_10000.csv,0.8433942794799805
9041,normal,window_typing_10000.csv,0.8343600034713745
9042,normal,window_typing_10000.csv,0.8340704441070557
9043,normal,window_typing_10000.csv,0.8347861170768738
9044,normal,window_typing_10000.csv,0.8309242129325867
9045,normal,window_typing_10000.csv,0.830698549747467
9046,normal,window_typing_10000.csv,0.8350538015365601
9047,normal,window_typing_10000.csv,0.8304679989814758
9048,normal,window_typing_10000.csv,0.8203717470169067
9049,normal,window_typing_10000.csv,0.823063313961029
9050,normal,window_typing_10000.csv,0.8112463355064392
9051,normal,window_typing_10000.csv,0.809116780757904
9052,normal,window_typing_10000.csv,0.801762044429779
9053,normal,window_typing_10000.csv,0.819290816783905
9054,normal,window_typing_10000.csv,0.814987301826477
9055,normal,window_typing_10000.csv,0.8194412589073181
9056,normal,window_typing_10000.csv,0.8256521821022034
9057,normal,window_typing_10000.csv,0.6973536610603333
9058,normal,window_typing_10000.csv,0.6799789071083069
9059,normal,window_typing_10000.csv,0.6607402563095093
9060,normal,window_typing_10000.csv,0.6288997530937195
9061,normal,window_typing_10000.csv,0.5836616158485413
9062,normal,window_typing_10000.csv,0.599666178226471
9063,normal,window_typing_10000.csv,0.4348336458206177
9064,normal,window_typing_10000.csv,0.43347403407096863
9065,normal,window_typing_10000.csv,0.4221363365650177
9066,normal,window_typing_10000.csv,0.3924711048603058
9067,normal,window_typing_10000.csv,0.380551278591156
9068,normal,window_typing_10000.csv,0.36918172240257263
9069,normal,window_typing_10000.csv,0.35675981640815735
9070,normal,window_typing_10000.csv,0.3475129306316376
9071,normal,window_typing_10000.csv,0.3353559672832489
9072,normal,window_typing_10000.csv,0.3304833471775055
9073,normal,window_typing_10000.csv,0.3223515748977661
9074,normal,window_typing_10000.csv,0.3135794699192047
9075,normal,window_typing_10000.csv,0.3051021695137024
9076,normal,window_typing_10000.csv,0.298349529504776
9077,normal,window_typing_10000.csv,0.2960241138935089
9078,normal,window_typing_10000.csv,0.289354145526886
9079,normal,window_typing_10000.csv,0.2796071469783783
9080,normal,window_typing_10000.csv,0.27607473731040955
9081,normal,window_typing_10000.csv,0.2742156386375427
9082,normal,window_typing_10000.csv,0.2792651057243347
9083,normal,window_typing_10000.csv,0.281303733587265
9084,normal,window_typing_10000.csv,0.29431092739105225
9085,normal,window_typing_10000.csv,0.30886733531951904
9086,normal,window_typing_10000.csv,0.3136957883834839
9087,normal,window_typing_10000.csv,0.46248647570610046
9088,normal,window_typing_10000.csv,0.47570133209228516
9089,normal,window_typing_10000.csv,0.46074241399765015
9090,normal,window_typing_10000.csv,0.45384731888771057
9091,normal,window_typing_10000.csv,0.44573673605918884
9092,normal,window_typing_10000.csv,0.44387003779411316
9093,normal,window_typing_10000.csv,0.47910040616989136
9094,normal,window_typing_10000.csv,0.49209725856781006
9095,normal,window_typing_10000.csv,0.5128933191299438
9096,normal,window_typing_10000.csv,0.5267351269721985
9097,normal,window_typing_10000.csv,0.5518677234649658
9098,normal,window_typing_10000.csv,0.5858676433563232
9099,normal,window_typing_10000.csv,0.5831922888755798
9100,normal,window_typing_10000.csv,0.5816379189491272
9101,normal,window_typing_10000.csv,0.571882963180542
9102,normal,window_typing_10000.csv,0.5422722697257996
9103,normal,window_typing_10000.csv,0.5015661716461182
9104,normal,window_typing_10000.csv,0.47998136281967163
9105,normal,window_typing_10000.csv,0.4699457585811615
9106,normal,window_typing_10000.csv,0.4626100957393646
9107,normal,window_typing_10000.csv,0.4622524678707123
9108,normal,window_typing_10000.csv,0.4590769410133362
9109,normal,window_typing_10000.csv,0.4598974585533142
9110,normal,window_typing_10000.csv,0.4578463137149811
9111,normal,window_typing_10000.csv,0.4556812345981598
9112,normal,window_typing_10000.csv,0.425641268491745
9113,normal,window_typing_10000.csv,0.4207715690135956
9114,normal,window_typing_10000.csv,0.41477343440055847
9115,normal,window_typing_10000.csv,0.41689807176589966
9116,normal,window_typing_10000.csv,0.4185795783996582
9117,normal,window_typing_10000.csv,0.4215205907821655
9118,normal,window_typing_10000.csv,0.4470376670360565
9119,normal,window_typing_10000.csv,0.4523114264011383
9120,normal,window_typing_10000.csv,0.45907434821128845
9121,normal,window_typing_10000.csv,0.453987717628479
9122,normal,window_typing_10000.csv,0.44539177417755127
9123,normal,window_typing_10000.csv,0.4422157406806946
9124,normal,window_typing_10000.csv,0.4377739131450653
9125,normal,window_typing_10000.csv,0.43491917848587036
9126,normal,window_typing_10000.csv,0.43104568123817444
9127,normal,window_typing_10000.csv,0.4298129081726074
9128,normal,window_typing_10000.csv,0.4303983449935913
9129,normal,window_typing_10000.csv,0.4276107847690582
9130,normal,window_typing_10000.csv,0.42432698607444763
9131,normal,window_typing_10000.csv,0.4380326271057129
9132,normal,window_typing_10000.csv,0.45141032338142395
9133,normal,window_typing_10000.csv,0.4654182195663452
9134,normal,window_typing_10000.csv,0.47765782475471497
9135,normal,window_typing_10000.csv,0.47202610969543457
9136,normal,window_typing_10000.csv,0.46672093868255615
9137,normal,window_typing_10000.csv,0.3349212110042572
9138,normal,window_typing_10000.csv,0.32229912281036377
9139,normal,window_typing_10000.csv,0.32341238856315613
9140,normal,window_typing_10000.csv,0.3266715407371521
9141,normal,window_typing_10000.csv,0.36137425899505615
9142,normal,window_typing_10000.csv,0.36222437024116516
9143,normal,window_typing_10000.csv,0.3365173041820526
9144,normal,window_typing_10000.csv,0.32351019978523254
9145,normal,window_typing_10000.csv,0.30445507168769836
9146,normal,window_typing_10000.csv,0.3207035958766937
9147,normal,window_typing_10000.csv,0.320518434047699
9148,normal,window_typing_10000.csv,0.30032628774642944
9149,normal,window_typing_10000.csv,0.292487233877182
9150,normal,window_typing_10000.csv,0.2955271005630493
9151,normal,window_typing_10000.csv,0.2933174967765808
9152,normal,window_typing_10000.csv,0.29893481731414795
9153,normal,window_typing_10000.csv,0.30362534523010254
9154,normal,window_typing_10000.csv,0.3075500726699829
9155,normal,window_typing_10000.csv,0.30527862906455994
9156,normal,window_typing_10000.csv,0.30872929096221924
9157,normal,window_typing_10000.csv,0.4329907298088074
9158,normal,window_typing_10000.csv,0.45167484879493713
9159,normal,window_typing_10000.csv,0.4581817090511322
9160,normal,window_typing_10000.csv,0.4611157178878784
9161,normal,window_typing_10000.csv,0.4907887279987335
9162,normal,window_typing_10000.csv,0.4923960864543915
9163,normal,window_typing_10000.csv,0.5021281838417053
9164,normal,window_typing_10000.csv,0.509621262550354
9165,normal,window_typing_10000.csv,0.5123470425605774
9166,normal,window_typing_10000.csv,0.515511155128479
9167,normal,window_typing_10000.csv,0.5440589189529419
9168,normal,window_typing_10000.csv,0.536099374294281
9169,normal,window_typing_10000.csv,0.5357069373130798
9170,normal,window_typing_10000.csv,0.5251991152763367
9171,normal,window_typing_10000.csv,0.5530532002449036
9172,normal,window_typing_10000.csv,0.5453892350196838
9173,normal,window_typing_10000.csv,0.6688407063484192
9174,normal,window_typing_10000.csv,0.6775938272476196
9175,normal,window_typing_10000.csv,0.6929693222045898
9176,normal,window_typing_10000.csv,0.6971617937088013
9177,normal,window_typing_10000.csv,0.7413192391395569
9178,normal,window_typing_10000.csv,0.7421480417251587
9179,normal,window_typing_10000.csv,0.7361446022987366
9180,normal,window_typing_10000.csv,0.7297462224960327
9181,normal,window_typing_10000.csv,0.7201801538467407
9182,normal,window_typing_10000.csv,0.7077206373214722
9183,normal,window_typing_10000.csv,0.7066909074783325
9184,normal,window_typing_10000.csv,0.6967225074768066
9185,normal,window_typing_10000.csv,0.695041835308075
9186,normal,window_typing_10000.csv,0.6998411417007446
9187,normal,window_typing_10000.csv,0.7000449299812317
9188,normal,window_typing_10000.csv,0.6992067098617554
9189,normal,window_typing_10000.csv,0.6993948221206665
9190,normal,window_typing_10000.csv,0.7035048007965088
9191,normal,window_typing_10000.csv,0.7000411748886108
9192,normal,window_typing_10000.csv,0.697577953338623
9193,normal,window_typing_10000.csv,0.7109405994415283
9194,normal,window_typing_10000.csv,0.7176438570022583
9195,normal,window_typing_10000.csv,0.7548494338989258
9196,normal,window_typing_10000.csv,0.850289523601532
9197,normal,window_typing_10000.csv,0.8636250495910645
9198,normal,window_typing_10000.csv,0.8739731311798096
9199,normal,window_typing_10000.csv,0.8781706690788269
9200,normal,window_typing_10000.csv,0.8739601373672485
9201,normal,window_typing_10000.csv,0.8650038242340088
9202,normal,window_typing_10000.csv,0.8591386675834656
9203,normal,window_typing_10000.csv,0.8589385747909546
9204,normal,window_typing_10000.csv,0.9143583178520203
9205,normal,window_typing_10000.csv,0.9157224893569946
9206,normal,window_typing_10000.csv,0.920569896697998
9207,normal,window_typing_10000.csv,0.787352442741394
9208,normal,window_typing_10000.csv,0.7702347636222839
9209,normal,window_typing_10000.csv,0.765801727771759
9210,normal,window_typing_10000.csv,0.7719691395759583
9211,normal,window_typing_10000.csv,0.7708969712257385
9212,normal,window_typing_10000.csv,0.7955088019371033
9213,normal,window_typing_10000.csv,0.7955589890480042
9214,normal,window_typing_10000.csv,0.8013591766357422
9215,normal,window_typing_10000.csv,0.7990950345993042
9216,normal,window_typing_10000.csv,0.77703857421875
9217,normal,window_typing_10000.csv,0.7407238483428955
9218,normal,window_typing_10000.csv,0.7386046648025513
9219,normal,window_typing_10000.csv,0.7416260242462158
9220,normal,window_typing_10000.csv,0.7692292928695679
9221,normal,window_typing_10000.csv,0.7490035891532898
9222,normal,window_typing_10000.csv,0.7377448678016663
9223,normal,window_typing_10000.csv,0.6005669236183167
9224,normal,window_typing_10000.csv,0.5863584876060486
9225,normal,window_typing_10000.csv,0.595908522605896
9226,normal,window_typing_10000.csv,0.6155133247375488
9227,normal,window_typing_10000.csv,0.617104172706604
9228,normal,window_typing_10000.csv,0.6765101552009583
9229,normal,window_typing_10000.csv,0.6628578305244446
9230,normal,window_typing_10000.csv,0.6326020956039429
9231,normal,window_typing_10000.csv,0.5958247780799866
9232,normal,window_typing_10000.csv,0.585200846195221
9233,normal,window_typing_10000.csv,0.5701558589935303
9234,normal,window_typing_10000.csv,0.5660499334335327
9235,normal,window_typing_10000.csv,0.5604499578475952
9236,normal,window_typing_10000.csv,0.5518254041671753
9237,normal,window_typing_10000.csv,0.5467889904975891
9238,normal,window_typing_10000.csv,0.5504255294799805
9239,normal,window_typing_10000.csv,0.5436750650405884
9240,normal,window_typing_10000.csv,0.5238286256790161
9241,normal,window_typing_10000.csv,0.5031941533088684
9242,normal,window_typing_10000.csv,0.4866974353790283
9243,normal,window_typing_10000.csv,0.46548518538475037
9244,normal,window_typing_10000.csv,0.46066299080848694
9245,normal,window_typing_10000.csv,0.4433642625808716
9246,normal,window_typing_10000.csv,0.3946598172187805
9247,normal,window_typing_10000.csv,0.3770463466644287
9248,normal,window_typing_10000.csv,0.48985913395881653
9249,normal,window_typing_10000.csv,0.49859607219696045
9250,normal,window_typing_10000.csv,0.5141913890838623
9251,normal,window_typing_10000.csv,0.5117477774620056
9252,normal,window_typing_10000.csv,0.5263736248016357
9253,normal,window_typing_10000.csv,0.5291901230812073
9254,normal,window_typing_10000.csv,0.4806985557079315
9255,normal,window_typing_10000.csv,0.4832645654678345
9256,normal,window_typing_10000.csv,0.4747444689273834
9257,normal,window_typing_10000.csv,0.47567659616470337
9258,normal,window_typing_10000.csv,0.4852311909198761
9259,normal,window_typing_10000.csv,0.49467551708221436
9260,normal,window_typing_10000.csv,0.5000225901603699
9261,normal,window_typing_10000.csv,0.498788982629776
9262,normal,window_typing_10000.csv,0.5179704427719116
9263,normal,window_typing_10000.csv,0.5177065134048462
9264,normal,window_typing_10000.csv,0.5147173404693604
9265,normal,window_typing_10000.csv,0.5123155117034912
9266,normal,window_typing_10000.csv,0.5197404026985168
9267,normal,window_typing_10000.csv,0.5235687494277954
9268,normal,window_typing_10000.csv,0.5330604314804077
9269,normal,window_typing_10000.csv,0.5332316160202026
9270,normal,window_typing_10000.csv,0.527357816696167
9271,normal,window_typing_10000.csv,0.5282588005065918
9272,normal,window_typing_10000.csv,0.5394227504730225
9273,normal,window_typing_10000.csv,0.5478484034538269
9274,normal,window_typing_10000.csv,0.5575818419456482
9275,normal,window_typing_10000.csv,0.5696923136711121
9276,normal,window_typing_10000.csv,0.5803888440132141
9277,normal,window_typing_10000.csv,0.6121324300765991
9278,normal,window_typing_10000.csv,0.6085363626480103
9279,normal,window_typing_10000.csv,0.6160345673561096
9280,normal,window_typing_10000.csv,0.6163069605827332
9281,normal,window_typing_10000.csv,0.6163496971130371
9282,normal,window_typing_10000.csv,0.6239950060844421
9283,normal,window_typing_10000.csv,0.6131355166435242
9284,normal,window_typing_10000.csv,0.6100032329559326
9285,normal,window_typing_10000.csv,0.7406863570213318
9286,normal,window_typing_10000.csv,0.7656235098838806
9287,normal,window_typing_10000.csv,0.7732786536216736
9288,normal,window_typing_10000.csv,0.7634177803993225
9289,normal,window_typing_10000.csv,0.7853819727897644
9290,normal,window_typing_10000.csv,0.7764683961868286
9291,normal,window_typing_10000.csv,0.7667558789253235
9292,normal,window_typing_10000.csv,0.7604348659515381
9293,normal,window_typing_10000.csv,0.777368426322937
9294,normal,window_typing_10000.csv,0.7737425565719604
9295,normal,window_typing_10000.csv,0.7722846865653992
9296,normal,window_typing_10000.csv,0.7611627578735352
9297,normal,window_typing_10000.csv,0.7574084401130676
9298,normal,window_typing_10000.csv,0.6260098218917847
9299,normal,window_typing_10000.csv,0.6154586672782898
9300,normal,window_typing_10000.csv,0.6343058943748474
9301,normal,window_typing_10000.csv,0.6399731636047363
9302,normal,window_typing_10000.csv,0.6293361186981201
9303,normal,window_typing_10000.csv,0.6334325075149536
9304,normal,window_typing_10000.csv,0.6270008087158203
9305,normal,window_typing_10000.csv,0.6202037930488586
9306,normal,window_typing_10000.csv,0.6083266139030457
9307,normal,window_typing_10000.csv,0.6052612662315369
9308,normal,window_typing_10000.csv,0.5962345600128174
9309,normal,window_typing_10000.csv,0.5848674774169922
9310,normal,window_typing_10000.csv,0.585334300994873
9311,normal,window_typing_10000.csv,0.5792086124420166
9312,normal,window_typing_10000.csv,0.5619598031044006
9313,normal,window_typing_10000.csv,0.5650318264961243
9314,normal,window_typing_10000.csv,0.5608075261116028
9315,normal,window_typing_10000.csv,0.5588065385818481
9316,normal,window_typing_10000.csv,0.558713436126709
9317,normal,window_typing_10000.csv,0.5515028834342957
9318,normal,window_typing_10000.csv,0.5382136702537537
9319,normal,window_typing_10000.csv,0.5419560670852661
9320,normal,window_typing_10000.csv,0.5425832271575928
9321,normal,window_typing_10000.csv,0.5563248991966248
9322,normal,window_typing_10000.csv,0.5517099499702454
9323,normal,window_typing_10000.csv,0.5542339086532593
9324,normal,window_typing_10000.csv,0.5616556406021118
9325,normal,window_typing_10000.csv,0.557702362537384
9326,normal,window_typing_10000.csv,0.5537185668945312
9327,normal,window_typing_10000.csv,0.5342420339584351
9328,normal,window_typing_10000.csv,0.5270974040031433
9329,normal,window_typing_10000.csv,0.5175663828849792
9330,normal,window_typing_10000.csv,0.518415093421936
9331,normal,window_typing_10000.csv,0.5169740915298462
9332,normal,window_typing_10000.csv,0.5214226841926575
9333,normal,window_typing_10000.csv,0.5196155309677124
9334,normal,window_typing_10000.csv,0.5178698897361755
9335,normal,window_typing_10000.csv,0.36725565791130066
9336,normal,window_typing_10000.csv,0.3355814516544342
9337,normal,window_typing_10000.csv,0.4353282153606415
9338,normal,window_typing_10000.csv,0.4467901587486267
9339,normal,window_typing_10000.csv,0.4190550148487091
9340,normal,window_typing_10000.csv,0.41888463497161865
9341,normal,window_typing_10000.csv,0.4181523323059082
9342,normal,window_typing_10000.csv,0.4151593744754791
9343,normal,window_typing_10000.csv,0.40184614062309265
9344,normal,window_typing_10000.csv,0.39493390917778015
9345,normal,window_typing_10000.csv,0.3892684578895569
9346,normal,window_typing_10000.csv,0.5263250470161438
9347,normal,window_typing_10000.csv,0.5406785607337952
9348,normal,window_typing_10000.csv,0.5673010945320129
9349,normal,window_typing_10000.csv,0.5713731050491333
9350,normal,window_typing_10000.csv,0.589563250541687
9351,normal,window_typing_10000.csv,0.6092439293861389
9352,normal,window_typing_10000.csv,0.7535021901130676
9353,normal,window_typing_10000.csv,0.7882175445556641
9354,normal,window_typing_10000.csv,0.8067193627357483
9355,normal,window_typing_10000.csv,0.8092892169952393
9356,normal,window_typing_10000.csv,0.7951036095619202
9357,normal,window_typing_10000.csv,0.7575646042823792
9358,normal,window_typing_10000.csv,0.7363618016242981
9359,normal,window_typing_10000.csv,0.720787763595581
9360,normal,window_typing_10000.csv,0.7085711359977722
9361,normal,window_typing_10000.csv,0.7218551635742188
9362,normal,window_typing_10000.csv,0.7190721035003662
9363,normal,window_typing_10000.csv,0.714383065700531
9364,normal,window_typing_10000.csv,0.716802179813385
9365,normal,window_typing_10000.csv,0.7162482142448425
9366,normal,window_typing_10000.csv,0.7166351675987244
9367,normal,window_typing_10000.csv,0.7194856405258179
9368,normal,window_typing_10000.csv,0.7579246163368225
9369,normal,window_typing_10000.csv,0.7610734701156616
9370,normal,window_typing_10000.csv,0.764958918094635
9371,normal,window_typing_10000.csv,0.7580807209014893
9372,normal,window_typing_10000.csv,0.766366183757782
9373,normal,window_typing_10000.csv,0.7684845924377441
9374,normal,window_typing_10000.csv,0.7733016610145569
9375,normal,window_typing_10000.csv,0.7761824727058411
9376,normal,window_typing_10000.csv,0.779202401638031
9377,normal,window_typing_10000.csv,0.7826859354972839
9378,normal,window_typing_10000.csv,0.7845765948295593
9379,normal,window_typing_10000.csv,0.7858855724334717
9380,normal,window_typing_10000.csv,0.7974486947059631
9381,normal,window_typing_10000.csv,0.8016043305397034
9382,normal,window_typing_10000.csv,0.800839364528656
9383,normal,window_typing_10000.csv,0.8038920164108276
9384,normal,window_typing_10000.csv,0.805454432964325
9385,normal,window_typing_10000.csv,0.8189082741737366
9386,normal,window_typing_10000.csv,0.8350239992141724
9387,normal,window_typing_10000.csv,0.7233890891075134
9388,normal,window_typing_10000.csv,0.7133196592330933
9389,normal,window_typing_10000.csv,0.7192091345787048
9390,normal,window_typing_10000.csv,0.7505393624305725
9391,normal,window_typing_10000.csv,0.751706063747406
9392,normal,window_typing_10000.csv,0.7533232569694519
9393,normal,window_typing_10000.csv,0.7561453580856323
9394,normal,window_typing_10000.csv,0.7573304176330566
9395,normal,window_typing_10000.csv,0.7615167498588562
9396,normal,window_typing_10000.csv,0.6340532302856445
9397,normal,window_typing_10000.csv,0.7543621063232422
9398,normal,window_typing_10000.csv,0.7581716775894165
9399,normal,window_typing_10000.csv,0.7389994859695435
9400,normal,window_typing_10000.csv,0.7031590342521667
9401,normal,window_typing_10000.csv,0.6950331926345825
9402,normal,window_typing_10000.csv,0.5607311129570007
9403,normal,window_typing_10000.csv,0.5483198165893555
9404,normal,window_typing_10000.csv,0.5259819030761719
9405,normal,window_typing_10000.csv,0.5510863661766052
9406,normal,window_typing_10000.csv,0.544731616973877
9407,normal,window_typing_10000.csv,0.5450876355171204
9408,normal,window_typing_10000.csv,0.5341480374336243
9409,normal,window_typing_10000.csv,0.5176109075546265
9410,normal,window_typing_10000.csv,0.5107952952384949
9411,normal,window_typing_10000.csv,0.48895666003227234
9412,normal,window_typing_10000.csv,0.4994398057460785
9413,normal,window_typing_10000.csv,0.500924289226532
9414,normal,window_typing_10000.csv,0.5024679899215698
9415,normal,window_typing_10000.csv,0.5142056941986084
9416,normal,window_typing_10000.csv,0.517926037311554
9417,normal,window_typing_10000.csv,0.5108761191368103
9418,normal,window_typing_10000.csv,0.4805954396724701
9419,normal,window_typing_10000.csv,0.4971310496330261
9420,normal,window_typing_10000.csv,0.5017214417457581
9421,normal,window_typing_10000.csv,0.5305542349815369
9422,normal,window_typing_10000.csv,0.5311806797981262
9423,normal,window_typing_10000.csv,0.531578540802002
9424,normal,window_typing_10000.csv,0.5463067293167114
9425,normal,window_typing_10000.csv,0.5624244809150696
9426,normal,window_typing_10000.csv,0.5717522501945496
9427,normal,window_typing_10000.csv,0.5842012166976929
9428,normal,window_typing_10000.csv,0.5755873918533325
9429,normal,window_typing_10000.csv,0.559410035610199
9430,normal,window_typing_10000.csv,0.5486797094345093
9431,normal,window_typing_10000.csv,0.5407002568244934
9432,normal,window_typing_10000.csv,0.537717342376709
9433,normal,window_typing_10000.csv,0.5363324880599976
9434,normal,window_typing_10000.csv,0.5281988978385925
9435,normal,window_typing_10000.csv,0.5297467112541199
9436,normal,window_typing_10000.csv,0.5253469347953796
9437,normal,window_typing_10000.csv,0.5250670313835144
9438,normal,window_typing_10000.csv,0.5197440385818481
9439,normal,window_typing_10000.csv,0.5211471915245056
9440,normal,window_typing_10000.csv,0.5021981596946716
9441,normal,window_typing_10000.csv,0.4994705319404602
9442,normal,window_typing_10000.csv,0.49446865916252136
9443,normal,window_typing_10000.csv,0.49262335896492004
9444,normal,window_typing_10000.csv,0.48886123299598694
9445,normal,window_typing_10000.csv,0.4825688302516937
9446,normal,window_typing_10000.csv,0.4773775041103363
9447,normal,window_typing_10000.csv,0.342758446931839
9448,normal,window_typing_10000.csv,0.3205791413784027
9449,normal,window_typing_10000.csv,0.3181432783603668
9450,normal,window_typing_10000.csv,0.31428930163383484
9451,normal,window_typing_10000.csv,0.31626200675964355
9452,normal,window_typing_10000.csv,0.3462049663066864
9453,normal,window_typing_10000.csv,0.34811970591545105
9454,normal,window_typing_10000.csv,0.3491967022418976
9455,normal,window_typing_10000.csv,0.32773488759994507
9456,normal,window_typing_10000.csv,0.33092325925827026
9457,normal,window_typing_10000.csv,0.3745235204696655
9458,normal,window_typing_10000.csv,0.3876975178718567
9459,normal,window_typing_10000.csv,0.4006097912788391
9460,normal,window_typing_10000.csv,0.40981778502464294
9461,normal,window_typing_10000.csv,0.42714551091194153
9462,normal,window_typing_10000.csv,0.42697378993034363
9463,normal,window_typing_10000.csv,0.439981609582901
9464,normal,window_typing_10000.csv,0.46451205015182495
9465,normal,window_typing_10000.csv,0.45314982533454895
9466,normal,window_typing_10000.csv,0.4489199221134186
9467,normal,window_typing_10000.csv,0.4455544352531433
9468,normal,window_typing_10000.csv,0.41963276267051697
9469,normal,window_typing_10000.csv,0.39400309324264526
9470,normal,window_typing_10000.csv,0.3830527663230896
9471,normal,window_typing_10000.csv,0.37893685698509216
9472,normal,window_typing_10000.csv,0.36926335096359253
9473,normal,window_typing_10000.csv,0.3713262379169464
9474,normal,window_typing_10000.csv,0.36627644300460815
9475,normal,window_typing_10000.csv,0.36214306950569153
9476,normal,window_typing_10000.csv,0.3659355342388153
9477,normal,window_typing_10000.csv,0.36430156230926514
9478,normal,window_typing_10000.csv,0.36105281114578247
9479,normal,window_typing_10000.csv,0.37009090185165405
9480,normal,window_typing_10000.csv,0.3665417432785034
9481,normal,window_typing_10000.csv,0.3603311777114868
9482,normal,window_typing_10000.csv,0.3523702621459961
9483,normal,window_typing_10000.csv,0.3490959405899048
9484,normal,window_typing_10000.csv,0.34458523988723755
9485,normal,window_typing_10000.csv,0.327351838350296
9486,normal,window_typing_10000.csv,0.31394311785697937
9487,normal,window_typing_10000.csv,0.3034433126449585
9488,normal,window_typing_10000.csv,0.30567610263824463
9489,normal,window_typing_10000.csv,0.3386871814727783
9490,normal,window_typing_10000.csv,0.35476627945899963
9491,normal,window_typing_10000.csv,0.37806180119514465
9492,normal,window_typing_10000.csv,0.3834637701511383
9493,normal,window_typing_10000.csv,0.393979012966156
9494,normal,window_typing_10000.csv,0.4115671217441559
9495,normal,window_typing_10000.csv,0.4187661111354828
9496,normal,window_typing_10000.csv,0.4180994927883148
9497,normal,window_typing_10000.csv,0.41851553320884705
9498,normal,window_typing_10000.csv,0.4138376712799072
9499,normal,window_typing_10000.csv,0.40996792912483215
9500,normal,window_typing_10000.csv,0.40002572536468506
9501,normal,window_typing_10000.csv,0.3845784366130829
9502,normal,window_typing_10000.csv,0.38230499625205994
9503,normal,window_typing_10000.csv,0.3837290406227112
9504,normal,window_typing_10000.csv,0.39565128087997437
9505,normal,window_typing_10000.csv,0.39581558108329773
9506,normal,window_typing_10000.csv,0.3953630030155182
9507,normal,window_typing_10000.csv,0.38271671533584595
9508,normal,window_typing_10000.csv,0.3774189352989197
9509,normal,window_typing_10000.csv,0.37251895666122437
9510,normal,window_typing_10000.csv,0.3716748356819153
9511,normal,window_typing_10000.csv,0.36403247714042664
9512,normal,window_typing_10000.csv,0.3779950737953186
9513,normal,window_typing_10000.csv,0.37746089696884155
9514,normal,window_typing_10000.csv,0.38127145171165466
9515,normal,window_typing_10000.csv,0.3803207278251648
9516,normal,window_typing_10000.csv,0.37840965390205383
9517,normal,window_typing_10000.csv,0.3761480152606964
9518,normal,window_typing_10000.csv,0.37904301285743713
9519,normal,window_typing_10000.csv,0.3808884620666504
9520,normal,window_typing_10000.csv,0.37617161870002747
9521,normal,window_typing_10000.csv,0.3576525151729584
9522,normal,window_typing_10000.csv,0.35302966833114624
9523,normal,window_typing_10000.csv,0.3487184941768646
9524,normal,window_typing_10000.csv,0.34662625193595886
9525,normal,window_typing_10000.csv,0.34367862343788147
9526,normal,window_typing_10000.csv,0.3405606150627136
9527,normal,window_typing_10000.csv,0.3370249271392822
9528,normal,window_typing_10000.csv,0.3354078233242035
9529,normal,window_typing_10000.csv,0.33661261200904846
9530,normal,window_typing_10000.csv,0.3302522897720337
9531,normal,window_typing_10000.csv,0.3276999890804291
9532,normal,window_typing_10000.csv,0.32461851835250854
9533,normal,window_typing_10000.csv,0.3127618432044983
9534,normal,window_typing_10000.csv,0.3102364242076874
9535,normal,window_typing_10000.csv,0.30842235684394836
9536,normal,window_typing_10000.csv,0.3127953112125397
9537,normal,window_typing_10000.csv,0.3206172585487366
9538,normal,window_typing_10000.csv,0.32779616117477417
9539,normal,window_typing_10000.csv,0.3019618093967438
9540,normal,window_typing_10000.csv,0.28989067673683167
9541,normal,window_typing_10000.csv,0.25877997279167175
9542,normal,window_typing_10000.csv,0.25383326411247253
9543,normal,window_typing_10000.csv,0.2620319128036499
9544,normal,window_typing_10000.csv,0.2546320855617523
9545,normal,window_typing_10000.csv,0.24105167388916016
9546,normal,window_typing_10000.csv,0.2326856255531311
9547,normal,window_typing_10000.csv,0.2248929888010025
9548,normal,window_typing_10000.csv,0.21892069280147552
9549,normal,window_typing_10000.csv,0.2153412252664566
9550,normal,window_typing_10000.csv,0.2170240879058838
9551,normal,window_typing_10000.csv,0.21957466006278992
9552,normal,window_typing_10000.csv,0.21330900490283966
9553,normal,window_typing_10000.csv,0.21513190865516663
9554,normal,window_typing_10000.csv,0.2055148482322693
9555,normal,window_typing_10000.csv,0.19821567833423615
9556,normal,window_typing_10000.csv,0.19988806545734406
9557,normal,window_typing_10000.csv,0.20947891473770142
9558,normal,window_typing_10000.csv,0.21626286208629608
9559,normal,window_typing_10000.csv,0.22278012335300446
9560,normal,window_typing_10000.csv,0.22671091556549072
9561,normal,window_typing_10000.csv,0.23192329704761505
9562,normal,window_typing_10000.csv,0.2282966673374176
9563,normal,window_typing_10000.csv,0.23484095931053162
9564,normal,window_typing_10000.csv,0.23388822376728058
9565,normal,window_typing_10000.csv,0.2363603711128235
9566,normal,window_typing_10000.csv,0.23473437130451202
9567,normal,window_typing_10000.csv,0.2345414012670517
9568,normal,window_typing_10000.csv,0.23503632843494415
9569,normal,window_typing_10000.csv,0.2365136742591858
9570,normal,window_typing_10000.csv,0.26609164476394653
9571,normal,window_typing_10000.csv,0.26103177666664124
9572,normal,window_typing_10000.csv,0.2585597336292267
9573,normal,window_typing_10000.csv,0.25819385051727295
9574,normal,window_typing_10000.csv,0.25929537415504456
9575,normal,window_typing_10000.csv,0.26511722803115845
9576,normal,window_typing_10000.csv,0.26700150966644287
9577,normal,window_typing_10000.csv,0.26857972145080566
9578,normal,window_typing_10000.csv,0.27126726508140564
9579,normal,window_typing_10000.csv,0.27282723784446716
9580,normal,window_typing_10000.csv,0.2924501597881317
9581,normal,window_typing_10000.csv,0.29394108057022095
9582,normal,window_typing_10000.csv,0.309058278799057
9583,normal,window_typing_10000.csv,0.31341370940208435
9584,normal,window_typing_10000.csv,0.33638590574264526
9585,normal,window_typing_10000.csv,0.33846744894981384
9586,normal,window_typing_10000.csv,0.346894234418869
9587,normal,window_typing_10000.csv,0.3792976140975952
9588,normal,window_typing_10000.csv,0.3757591247558594
9589,normal,window_typing_10000.csv,0.393405020236969
9590,normal,window_typing_10000.csv,0.39916813373565674
9591,normal,window_typing_10000.csv,0.41075244545936584
9592,normal,window_typing_10000.csv,0.4105681777000427
9593,normal,window_typing_10000.csv,0.41953572630882263
9594,normal,window_typing_10000.csv,0.4144057631492615
9595,normal,window_typing_10000.csv,0.4050856828689575
9596,normal,window_typing_10000.csv,0.39703214168548584
9597,normal,window_typing_10000.csv,0.3897913694381714
9598,normal,window_typing_10000.csv,0.38643500208854675
9599,normal,window_typing_10000.csv,0.3892369866371155
9600,normal,window_typing_10000.csv,0.3855559825897217
9601,normal,window_typing_10000.csv,0.3900308310985565
9602,normal,window_typing_10000.csv,0.38441532850265503
9603,normal,window_typing_10000.csv,0.3871246576309204
9604,normal,window_typing_10000.csv,0.3925239145755768
9605,normal,window_typing_10000.csv,0.3894208073616028
9606,normal,window_typing_10000.csv,0.38727322220802307
9607,normal,window_typing_10000.csv,0.3815382122993469
9608,normal,window_typing_10000.csv,0.376446932554245
9609,normal,window_typing_10000.csv,0.3755757510662079
9610,normal,window_typing_10000.csv,0.3752218782901764
9611,normal,window_typing_10000.csv,0.3746177554130554
9612,normal,window_typing_10000.csv,0.3839796483516693
9613,normal,window_typing_10000.csv,0.3783753216266632
9614,normal,window_typing_10000.csv,0.38233381509780884
9615,normal,window_typing_10000.csv,0.3777278661727905
9616,normal,window_typing_10000.csv,0.37457674741744995
9617,normal,window_typing_10000.csv,0.37258845567703247
9618,normal,window_typing_10000.csv,0.36992889642715454
9619,normal,window_typing_10000.csv,0.37000781297683716
9620,normal,window_typing_10000.csv,0.35274624824523926
9621,normal,window_typing_10000.csv,0.35174670815467834
9622,normal,window_typing_10000.csv,0.3521357476711273
9623,normal,window_typing_10000.csv,0.4569949209690094
9624,normal,window_typing_10000.csv,0.5668766498565674
9625,normal,window_typing_10000.csv,0.572629451751709
9626,normal,window_typing_10000.csv,0.5862151384353638
9627,normal,window_typing_10000.csv,0.5943630337715149
9628,normal,window_typing_10000.csv,0.6153982877731323
9629,normal,window_typing_10000.csv,0.6406511664390564
9630,normal,window_typing_10000.csv,0.624936044216156
9631,normal,window_typing_10000.csv,0.6569093465805054
9632,normal,window_typing_10000.csv,0.6989169716835022
9633,normal,window_typing_10000.csv,0.704305112361908
9634,normal,window_typing_10000.csv,0.6590101718902588
9635,normal,window_typing_10000.csv,0.636669933795929
9636,normal,window_typing_10000.csv,0.6274043321609497
9637,normal,window_typing_10000.csv,0.6013900637626648
9638,normal,window_typing_10000.csv,0.5831151604652405
9639,normal,window_typing_10000.csv,0.5760478377342224
9640,normal,window_typing_10000.csv,0.5810492038726807
9641,normal,window_typing_10000.csv,0.5712310075759888
9642,normal,window_typing_10000.csv,0.5614145994186401
9643,normal,window_typing_10000.csv,0.5563694834709167
9644,normal,window_typing_10000.csv,0.5502655506134033
9645,normal,window_typing_10000.csv,0.5493000149726868
9646,normal,window_typing_10000.csv,0.5480449795722961
9647,normal,window_typing_10000.csv,0.544624924659729
9648,normal,window_typing_10000.csv,0.5453967452049255
9649,normal,window_typing_10000.csv,0.5502837896347046
9650,normal,window_typing_10000.csv,0.556465208530426
9651,normal,window_typing_10000.csv,0.548248291015625
9652,normal,window_typing_10000.csv,0.5532417893409729
9653,normal,window_typing_10000.csv,0.5463427305221558
9654,normal,window_typing_10000.csv,0.5432683229446411
9655,normal,window_typing_10000.csv,0.5443734526634216
9656,normal,window_typing_10000.csv,0.543148934841156
9657,normal,window_typing_10000.csv,0.5436332821846008
9658,normal,window_typing_10000.csv,0.5468173623085022
9659,normal,window_typing_10000.csv,0.5436030626296997
9660,normal,window_typing_10000.csv,0.5451952815055847
9661,normal,window_typing_10000.csv,0.5470783710479736
9662,normal,window_typing_10000.csv,0.5426464080810547
9663,normal,window_typing_10000.csv,0.5455999970436096
9664,normal,window_typing_10000.csv,0.5442188382148743
9665,normal,window_typing_10000.csv,0.5499403476715088
9666,normal,window_typing_10000.csv,0.5507267117500305
9667,normal,window_typing_10000.csv,0.5505919456481934
9668,normal,window_typing_10000.csv,0.5526652932167053
9669,normal,window_typing_10000.csv,0.5481581687927246
9670,normal,window_typing_10000.csv,0.5490886569023132
9671,normal,window_typing_10000.csv,0.5588927865028381
9672,normal,window_typing_10000.csv,0.5665611028671265
9673,normal,window_typing_10000.csv,0.4458584785461426
9674,normal,window_typing_10000.csv,0.3137872815132141
9675,normal,window_typing_10000.csv,0.29842710494995117
9676,normal,window_typing_10000.csv,0.2904815673828125
9677,normal,window_typing_10000.csv,0.28652745485305786
9678,normal,window_typing_10000.csv,0.2580709159374237
9679,normal,window_typing_10000.csv,0.24003010988235474
9680,normal,window_typing_10000.csv,0.243586465716362
9681,normal,window_typing_10000.csv,0.24426275491714478
9682,normal,window_typing_10000.csv,0.2436804175376892
9683,normal,window_typing_10000.csv,0.24098795652389526
9684,normal,window_typing_10000.csv,0.24212701618671417
9685,normal,window_typing_10000.csv,0.24020391702651978
9686,normal,window_typing_10000.csv,0.23780852556228638
9687,normal,window_typing_10000.csv,0.22378157079219818
9688,normal,window_typing_10000.csv,0.2179701328277588
9689,normal,window_typing_10000.csv,0.2302486002445221
9690,normal,window_typing_10000.csv,0.2241048514842987
9691,normal,window_typing_10000.csv,0.24236570298671722
9692,normal,window_typing_10000.csv,0.2495146095752716
9693,normal,window_typing_10000.csv,0.25216206908226013
9694,normal,window_typing_10000.csv,0.2571006417274475
9695,normal,window_typing_10000.csv,0.2575218975543976
9696,normal,window_typing_10000.csv,0.2598758935928345
9697,normal,window_typing_10000.csv,0.2601151466369629
9698,normal,window_typing_10000.csv,0.2784073054790497
9699,normal,window_typing_10000.csv,0.27526357769966125
9700,normal,window_typing_10000.csv,0.2761170566082001
9701,normal,window_typing_10000.csv,0.2721555531024933
9702,normal,window_typing_10000.csv,0.2749974727630615
9703,normal,window_typing_10000.csv,0.2918406128883362
9704,normal,window_typing_10000.csv,0.29530513286590576
9705,normal,window_typing_10000.csv,0.30196818709373474
9706,normal,window_typing_10000.csv,0.3002307415008545
9707,normal,window_typing_10000.csv,0.3032665252685547
9708,normal,window_typing_10000.csv,0.3065231442451477
9709,normal,window_typing_10000.csv,0.3147653043270111
9710,normal,window_typing_10000.csv,0.31682059168815613
9711,normal,window_typing_10000.csv,0.32203006744384766
9712,normal,window_typing_10000.csv,0.32736170291900635
9713,normal,window_typing_10000.csv,0.3280535042285919
9714,normal,window_typing_10000.csv,0.32924509048461914
9715,normal,window_typing_10000.csv,0.3286023736000061
9716,normal,window_typing_10000.csv,0.3368082344532013
9717,normal,window_typing_10000.csv,0.34357649087905884
9718,normal,window_typing_10000.csv,0.34758251905441284
9719,normal,window_typing_10000.csv,0.3539980351924896
9720,normal,window_typing_10000.csv,0.3486165404319763
9721,normal,window_typing_10000.csv,0.34543001651763916
9722,normal,window_typing_10000.csv,0.34274423122406006
9723,normal,window_typing_10000.csv,0.3424912989139557
9724,normal,window_typing_10000.csv,0.3448837995529175
9725,normal,window_typing_10000.csv,0.3435525596141815
9726,normal,window_typing_10000.csv,0.33355966210365295
9727,normal,window_typing_10000.csv,0.3211015462875366
9728,normal,window_typing_10000.csv,0.30744701623916626
9729,normal,window_typing_10000.csv,0.383711576461792
9730,normal,window_typing_10000.csv,0.3901834189891815
9731,normal,window_typing_10000.csv,0.38909733295440674
9732,normal,window_typing_10000.csv,0.3964831531047821
9733,normal,window_typing_10000.csv,0.39160075783729553
9734,normal,window_typing_10000.csv,0.3886629641056061
9735,normal,window_typing_10000.csv,0.38836872577667236
9736,normal,window_typing_10000.csv,0.3862777352333069
9737,normal,window_typing_10000.csv,0.387474924325943
9738,normal,window_typing_10000.csv,0.38812610507011414
9739,normal,window_typing_10000.csv,0.3836534917354584
9740,normal,window_typing_10000.csv,0.5220041871070862
9741,normal,window_typing_10000.csv,0.525007426738739
9742,normal,window_typing_10000.csv,0.5354529023170471
9743,normal,window_typing_10000.csv,0.5333678126335144
9744,normal,window_typing_10000.csv,0.5385168194770813
9745,normal,window_typing_10000.csv,0.5394619703292847
9746,normal,window_typing_10000.csv,0.5324852466583252
9747,normal,window_typing_10000.csv,0.5312480330467224
9748,normal,window_typing_10000.csv,0.5223610997200012
9749,normal,window_typing_10000.csv,0.5337459444999695
9750,normal,window_typing_10000.csv,0.5390446186065674
9751,normal,window_typing_10000.csv,0.5343887209892273
9752,normal,window_typing_10000.csv,0.5273245573043823
9753,normal,window_typing_10000.csv,0.5066825151443481
9754,normal,window_typing_10000.csv,0.4975658357143402
9755,normal,window_typing_10000.csv,0.4891672432422638
9756,normal,window_typing_10000.csv,0.4918461740016937
9757,normal,window_typing_10000.csv,0.6269519329071045
9758,normal,window_typing_10000.csv,0.6662308573722839
9759,normal,window_typing_10000.csv,0.6699166297912598
9760,normal,window_typing_10000.csv,0.6754415035247803
9761,normal,window_typing_10000.csv,0.7073819637298584
9762,normal,window_typing_10000.csv,0.7057216763496399
9763,normal,window_typing_10000.csv,0.7006834149360657
9764,normal,window_typing_10000.csv,0.6983451843261719
9765,normal,window_typing_10000.csv,0.6955438852310181
9766,normal,window_typing_10000.csv,0.6911235451698303
9767,normal,window_typing_10000.csv,0.6829953789710999
9768,normal,window_typing_10000.csv,0.6992121338844299
9769,normal,window_typing_10000.csv,0.6902766227722168
9770,normal,window_typing_10000.csv,0.7121228575706482
9771,normal,window_typing_10000.csv,0.7110822796821594
9772,normal,window_typing_10000.csv,0.712049663066864
9773,normal,window_typing_10000.csv,0.7130312323570251
9774,normal,window_typing_10000.csv,0.7201353311538696
9775,normal,window_typing_10000.csv,0.7152047157287598
9776,normal,window_typing_10000.csv,0.7152547836303711
9777,normal,window_typing_10000.csv,0.7147285342216492
9778,normal,window_typing_10000.csv,0.7184112668037415
9779,normal,window_typing_10000.csv,0.6533466577529907
9780,normal,window_typing_10000.csv,0.6425888538360596
9781,normal,window_typing_10000.csv,0.6417445540428162
9782,normal,window_typing_10000.csv,0.6366844773292542
9783,normal,window_typing_10000.csv,0.643040657043457
9784,normal,window_typing_10000.csv,0.6502653956413269
9785,normal,window_typing_10000.csv,0.6559436917304993
9786,normal,window_typing_10000.csv,0.6657026410102844
9787,normal,window_typing_10000.csv,0.679531991481781
9788,normal,window_typing_10000.csv,0.6943638324737549
9789,normal,window_typing_10000.csv,0.7117365598678589
9790,normal,window_typing_10000.csv,0.601311206817627
9791,normal,window_typing_10000.csv,0.603009819984436
9792,normal,window_typing_10000.csv,0.6024466753005981
9793,normal,window_typing_10000.csv,0.6009483337402344
9794,normal,window_typing_10000.csv,0.5892078280448914
9795,normal,window_typing_10000.csv,0.5755512714385986
9796,normal,window_typing_10000.csv,0.5702502727508545
9797,normal,window_typing_10000.csv,0.5617424249649048
9798,normal,window_typing_10000.csv,0.5523820519447327
9799,normal,window_typing_10000.csv,0.5482754707336426
9800,normal,window_typing_10000.csv,0.5412195324897766
9801,normal,window_typing_10000.csv,0.5642644166946411
9802,normal,window_typing_10000.csv,0.5514503121376038
9803,normal,window_typing_10000.csv,0.5381948351860046
9804,normal,window_typing_10000.csv,0.5339460372924805
9805,normal,window_typing_10000.csv,0.5294591188430786
9806,normal,window_typing_10000.csv,0.526020884513855
9807,normal,window_typing_10000.csv,0.3818056285381317
9808,normal,window_typing_10000.csv,0.3512251079082489
9809,normal,window_typing_10000.csv,0.3319700360298157
9810,normal,window_typing_10000.csv,0.3263070583343506
9811,normal,window_typing_10000.csv,0.2922587990760803
9812,normal,window_typing_10000.csv,0.28700658679008484
9813,normal,window_typing_10000.csv,0.28302833437919617
9814,normal,window_typing_10000.csv,0.2834096848964691
9815,normal,window_typing_10000.csv,0.28604528307914734
9816,normal,window_typing_10000.csv,0.2783919870853424
9817,normal,window_typing_10000.csv,0.27491340041160583
9818,normal,window_typing_10000.csv,0.24297259747982025
9819,normal,window_typing_10000.csv,0.23928475379943848
9820,normal,window_typing_10000.csv,0.2413676679134369
9821,normal,window_typing_10000.csv,0.23671384155750275
9822,normal,window_typing_10000.csv,0.23453161120414734
9823,normal,window_typing_10000.csv,0.2299286276102066
9824,normal,window_typing_10000.csv,0.2235739529132843
9825,normal,window_typing_10000.csv,0.22205281257629395
9826,normal,window_typing_10000.csv,0.22267167270183563
9827,normal,window_typing_10000.csv,0.21950671076774597
9828,normal,window_typing_10000.csv,0.2200370728969574
9829,normal,window_typing_10000.csv,0.2099396139383316
9830,normal,window_typing_10000.csv,0.20956921577453613
9831,normal,window_typing_10000.csv,0.22380512952804565
9832,normal,window_typing_10000.csv,0.23451583087444305
9833,normal,window_typing_10000.csv,0.2362496256828308
9834,normal,window_typing_10000.csv,0.24684633314609528
9835,normal,window_typing_10000.csv,0.25446397066116333
9836,normal,window_typing_10000.csv,0.2731971740722656
9837,normal,window_typing_10000.csv,0.2800852358341217
9838,normal,window_typing_10000.csv,0.301525741815567
9839,normal,window_typing_10000.csv,0.3115687072277069
9840,normal,window_typing_10000.csv,0.3266635239124298
9841,normal,window_typing_10000.csv,0.3356829285621643
9842,normal,window_typing_10000.csv,0.34147965908050537
9843,normal,window_typing_10000.csv,0.349650114774704
9844,normal,window_typing_10000.csv,0.3511539697647095
9845,normal,window_typing_10000.csv,0.354418009519577
9846,normal,window_typing_10000.csv,0.35560986399650574
9847,normal,window_typing_10000.csv,0.3620049059391022
9848,normal,window_typing_10000.csv,0.36608120799064636
9849,normal,window_typing_10000.csv,0.36796051263809204
9850,normal,window_typing_10000.csv,0.3682832717895508
9851,normal,window_typing_10000.csv,0.3447582423686981
9852,normal,window_typing_10000.csv,0.37803587317466736
9853,normal,window_typing_10000.csv,0.3736569881439209
9854,normal,window_typing_10000.csv,0.3768443167209625
9855,normal,window_typing_10000.csv,0.37540486454963684
9856,normal,window_typing_10000.csv,0.3748202323913574
9857,normal,window_typing_10000.csv,0.37693360447883606
9858,normal,window_typing_10000.csv,0.3737759590148926
9859,normal,window_typing_10000.csv,0.37170663475990295
9860,normal,window_typing_10000.csv,0.38332054018974304
9861,normal,window_typing_10000.csv,0.4086073338985443
9862,normal,window_typing_10000.csv,0.4115522801876068
9863,normal,window_typing_10000.csv,0.42290225625038147
9864,normal,window_typing_10000.csv,0.4199585020542145
9865,normal,window_typing_10000.csv,0.4354996681213379
9866,normal,window_typing_10000.csv,0.534871518611908
9867,normal,window_typing_10000.csv,0.673367440700531
9868,normal,window_typing_10000.csv,0.7130917906761169
9869,normal,window_typing_10000.csv,0.7053042650222778
9870,normal,window_typing_10000.csv,0.692875325679779
9871,normal,window_typing_10000.csv,0.6953037977218628
9872,normal,window_typing_10000.csv,0.687884509563446
9873,normal,window_typing_10000.csv,0.689203679561615
9874,normal,window_typing_10000.csv,0.6914572715759277
9875,normal,window_typing_10000.csv,0.6968461871147156
9876,normal,window_typing_10000.csv,0.6977511048316956
9877,normal,window_typing_10000.csv,0.6952359676361084
9878,normal,window_typing_10000.csv,0.7053826451301575
9879,normal,window_typing_10000.csv,0.821729302406311
9880,normal,window_typing_10000.csv,0.8526139855384827
9881,normal,window_typing_10000.csv,0.8587399125099182
9882,normal,window_typing_10000.csv,0.8647044897079468
9883,normal,window_typing_10000.csv,0.870511531829834
9884,normal,window_typing_10000.csv,0.8625091314315796
9885,normal,window_typing_10000.csv,0.86473548412323
9886,normal,window_typing_10000.csv,0.8505108952522278
9887,normal,window_typing_10000.csv,0.8400449752807617
9888,normal,window_typing_10000.csv,0.8153792023658752
9889,normal,window_typing_10000.csv,0.8069140315055847
9890,normal,window_typing_10000.csv,0.792088508605957
9891,normal,window_typing_10000.csv,0.7727112770080566
9892,normal,window_typing_10000.csv,0.7562708258628845
9893,normal,window_typing_10000.csv,0.7487902045249939
9894,normal,window_typing_10000.csv,0.7379961013793945
9895,normal,window_typing_10000.csv,0.7310167551040649
9896,normal,window_typing_10000.csv,0.7310528755187988
9897,normal,window_typing_10000.csv,0.7324038147926331
9898,normal,window_typing_10000.csv,0.7391718626022339
9899,normal,window_typing_10000.csv,0.7478461861610413
9900,normal,window_typing_10000.csv,0.7581430673599243
9901,normal,window_typing_10000.csv,0.770535945892334
9902,normal,window_typing_10000.csv,0.7744898796081543
9903,normal,window_typing_10000.csv,0.7775440216064453
9904,normal,window_typing_10000.csv,0.7919113636016846
9905,normal,window_typing_10000.csv,0.7967677116394043
9906,normal,window_typing_10000.csv,0.7883741855621338
9907,normal,window_typing_10000.csv,0.7793879508972168
9908,normal,window_typing_10000.csv,0.7686718106269836
9909,normal,window_typing_10000.csv,0.7610112428665161
9910,normal,window_typing_10000.csv,0.7501800656318665
9911,normal,window_typing_10000.csv,0.7280193567276001
9912,normal,window_typing_10000.csv,0.7265451550483704
9913,normal,window_typing_10000.csv,0.7225672006607056
9914,normal,window_typing_10000.csv,0.714828610420227
9915,normal,window_typing_10000.csv,0.7038460969924927
9916,normal,window_typing_10000.csv,0.5707031488418579
9917,normal,window_typing_10000.csv,0.43202611804008484
9918,normal,window_typing_10000.csv,0.4091256558895111
9919,normal,window_typing_10000.csv,0.4089256525039673
9920,normal,window_typing_10000.csv,0.4057651460170746
9921,normal,window_typing_10000.csv,0.404424786567688
9922,normal,window_typing_10000.csv,0.4078496992588043
9923,normal,window_typing_10000.csv,0.40690502524375916
9924,normal,window_typing_10000.csv,0.5495836734771729
9925,normal,window_typing_10000.csv,0.578490674495697
9926,normal,window_typing_10000.csv,0.5718995928764343
9927,normal,window_typing_10000.csv,0.6804047226905823
9928,normal,window_typing_10000.csv,0.6817442774772644
9929,normal,window_typing_10000.csv,0.552762508392334
9930,normal,window_typing_10000.csv,0.54264235496521
9931,normal,window_typing_10000.csv,0.547918438911438
9932,normal,window_typing_10000.csv,0.5592986941337585
9933,normal,window_typing_10000.csv,0.5662640929222107
9934,normal,window_typing_10000.csv,0.5661529898643494
9935,normal,window_typing_10000.csv,0.5657702684402466
9936,normal,window_typing_10000.csv,0.5595775246620178
9937,normal,window_typing_10000.csv,0.5580329298973083
9938,normal,window_typing_10000.csv,0.5582555532455444
9939,normal,window_typing_10000.csv,0.5491470694541931
9940,normal,window_typing_10000.csv,0.5628330111503601
9941,normal,window_typing_10000.csv,0.5640749335289001
9942,normal,window_typing_10000.csv,0.5713379383087158
9943,normal,window_typing_10000.csv,0.5654353499412537
9944,normal,window_typing_10000.csv,0.5628796815872192
9945,normal,window_typing_10000.csv,0.5617184638977051
9946,normal,window_typing_10000.csv,0.5651150941848755
9947,normal,window_typing_10000.csv,0.5632266998291016
9948,normal,window_typing_10000.csv,0.5752336978912354
9949,normal,window_typing_10000.csv,0.5697727799415588
9950,normal,window_typing_10000.csv,0.5701058506965637
9951,normal,window_typing_10000.csv,0.5694833993911743
9952,normal,window_typing_10000.csv,0.7050955891609192
9953,normal,window_typing_10000.csv,0.7190605401992798
9954,normal,window_typing_10000.csv,0.7144650816917419
9955,normal,window_typing_10000.csv,0.717677652835846
9956,normal,window_typing_10000.csv,0.7387953996658325
9957,normal,window_typing_10000.csv,0.7314742207527161
9958,normal,window_typing_10000.csv,0.7304563522338867
9959,normal,window_typing_10000.csv,0.7339099645614624
9960,normal,window_typing_10000.csv,0.7352954149246216
9961,normal,window_typing_10000.csv,0.7361298203468323
9962,normal,window_typing_10000.csv,0.7317173480987549
9963,normal,window_typing_10000.csv,0.7248659729957581
9964,normal,window_typing_10000.csv,0.7256307005882263
9965,normal,window_typing_10000.csv,0.7254716753959656
9966,normal,window_typing_10000.csv,0.7298324108123779
9967,normal,window_typing_10000.csv,0.7301964163780212
9968,normal,window_typing_10000.csv,0.7345975637435913
9969,normal,window_typing_10000.csv,0.7322439551353455
9970,normal,window_typing_10000.csv,0.732942521572113
9971,normal,window_typing_10000.csv,0.7306650280952454
9972,normal,window_typing_10000.csv,0.733734667301178
9973,normal,window_typing_10000.csv,0.7403318881988525
9974,normal,window_typing_10000.csv,0.6056382656097412
9975,normal,window_typing_10000.csv,0.574395477771759
9976,normal,window_typing_10000.csv,0.580357015132904
9977,normal,window_typing_10000.csv,0.4590397775173187
9978,normal,window_typing_10000.csv,0.4516009986400604
9979,normal,window_typing_10000.csv,0.4564976394176483
9980,normal,window_typing_10000.csv,0.46030867099761963
9981,normal,window_typing_10000.csv,0.4649803936481476
9982,normal,window_typing_10000.csv,0.46118006110191345
9983,normal,window_typing_10000.csv,0.45579493045806885
9984,normal,window_typing_10000.csv,0.4507634937763214
9985,normal,window_typing_10000.csv,0.45313695073127747
9986,normal,window_typing_10000.csv,0.4585873484611511
9987,normal,window_typing_10000.csv,0.463899165391922
9988,normal,window_typing_10000.csv,0.47541722655296326
9989,normal,window_typing_10000.csv,0.47694575786590576
9990,normal,window_typing_10000.csv,0.46712422370910645
9991,normal,window_typing_10000.csv,0.4636440873146057
9992,normal,window_typing_10000.csv,0.45584505796432495
9993,normal,window_typing_10000.csv,0.45710521936416626
9994,normal,window_typing_10000.csv,0.4577120840549469
9995,normal,window_typing_10000.csv,0.45989754796028137
9996,normal,window_typing_10000.csv,0.45885351300239563
9997,normal,window_typing_10000.csv,0.45453929901123047
9998,normal,window_typing_10000.csv,0.44530147314071655
9999,normal,window_typing_10000.csv,0.4457365572452545
10000,normal,window_typing_10000.csv,0.4507494270801544
10001,normal,window_typing_10000.csv,0.4494107961654663
10002,normal,window_typing_10000.csv,0.31621846556663513
10003,normal,window_typing_10000.csv,0.2930450141429901
10004,normal,window_typing_10000.csv,0.29557833075523376
10005,normal,window_typing_10000.csv,0.29444941878318787
10006,normal,window_typing_10000.csv,0.26584434509277344
10007,normal,window_typing_10000.csv,0.26661986112594604
10008,normal,window_typing_10000.csv,0.2678687274456024
10009,normal,window_typing_10000.csv,0.26409655809402466
10010,normal,window_typing_10000.csv,0.3381776809692383
10011,normal,window_typing_10000.csv,0.39898061752319336
10012,normal,window_typing_10000.csv,1.636681079864502
0,attack,window1.csv,1.0273396968841553
1,attack,window1.csv,0.7956412434577942
2,attack,window1.csv,0.7244118452072144
3,attack,window1.csv,0.6863610148429871
4,attack,window1.csv,0.6554865837097168
5,attack,window1.csv,0.6178956031799316
6,attack,window1.csv,0.5606330633163452
7,attack,window1.csv,0.5459045171737671
8,attack,window1.csv,0.530448317527771
9,attack,window1.csv,0.5320494771003723
10,attack,window1.csv,0.5150976181030273
11,attack,window1.csv,0.5006455183029175
12,attack,window1.csv,0.48854175209999084
13,attack,window1.csv,0.4858319163322449
14,attack,window1.csv,0.5073843002319336
15,attack,window1.csv,0.5337921380996704
16,attack,window1.csv,0.5366076827049255
17,attack,window1.csv,0.5106519460678101
18,attack,window1.csv,0.5067283511161804
19,attack,window1.csv,0.5381885766983032
20,attack,window1.csv,0.5737456679344177
21,attack,window1.csv,0.7440252304077148
22,attack,window1.csv,0.5784813761711121
23,attack,window1.csv,0.5280444622039795
24,attack,window1.csv,0.5003076791763306
25,attack,window1.csv,0.5352701544761658
26,attack,window1.csv,0.5262661576271057
27,attack,window1.csv,0.5499846339225769
28,attack,window1.csv,0.566216766834259
29,attack,window1.csv,0.5424834489822388
30,attack,window1.csv,0.5307388305664062
31,attack,window1.csv,0.5407738089561462
32,attack,window1.csv,0.5333746671676636
33,attack,window1.csv,0.5251093506813049
34,attack,window1.csv,0.5904473662376404
35,attack,window1.csv,0.5997804403305054
36,attack,window1.csv,0.7462354898452759
37,attack,window1.csv,0.6798411011695862
38,attack,window1.csv,1.1153380870819092
39,attack,window1.csv,0.6943150758743286
40,attack,window1.csv,0.6032974123954773
41,attack,window1.csv,0.575783371925354
42,attack,window1.csv,0.579355776309967
43,attack,window2.csv,0.854580819606781
44,attack,window2.csv,0.6811962723731995
45,attack,window2.csv,0.6442223191261292
46,attack,window2.csv,0.6276571154594421
47,attack,window2.csv,0.623020350933075
48,attack,window2.csv,0.6066803336143494
49,attack,window2.csv,0.5877653956413269
50,attack,window2.csv,0.5938720703125
51,attack,window2.csv,0.6217266917228699
52,attack,window2.csv,0.5798723697662354
53,attack,window2.csv,0.5784063935279846
54,attack,window2.csv,0.5584419965744019
55,attack,window2.csv,0.5461958050727844
56,attack,window2.csv,0.559606671333313
57,attack,window2.csv,0.555611789226532
58,attack,window2.csv,0.5840392112731934
59,attack,window2.csv,0.5741939544677734
60,attack,window2.csv,0.5785285830497742
61,attack,window2.csv,0.5908558964729309
62,attack,window2.csv,0.5887451767921448
63,attack,window2.csv,0.634850025177002
64,attack,window2.csv,0.6246689558029175
65,attack,window2.csv,0.6056327819824219
66,attack,window2.csv,0.6425034999847412
67,attack,window2.csv,0.6716870069503784
68,attack,window2.csv,0.6586231589317322
69,attack,window2.csv,0.6422471404075623
70,attack,window2.csv,0.6330044269561768
71,attack,window2.csv,0.7152554988861084
72,attack,window2.csv,0.7274891138076782
73,attack,window2.csv,0.6660068035125732
74,attack,window2.csv,0.620912492275238
75,attack,window2.csv,0.6121110916137695
76,attack,window2.csv,0.6150420904159546
77,attack,window2.csv,0.6043837070465088
78,attack,window2.csv,0.5968543887138367
79,attack,window2.csv,0.5955477952957153
80,attack,window2.csv,0.604504406452179
81,attack,window2.csv,0.6149673461914062
82,attack,window2.csv,0.6398695111274719
83,attack,window2.csv,0.7262865304946899
84,attack,window2.csv,0.76657634973526
85,attack,window2.csv,0.7336294054985046
86,attack,window2.csv,0.7052998542785645
87,attack,window2.csv,0.6794305443763733
88,attack,window2.csv,0.6621399521827698
89,attack,window2.csv,0.6890503764152527
90,attack,window2.csv,0.6911699771881104
91,attack,window2.csv,0.6922143697738647
92,attack,window2.csv,0.6990374326705933
93,attack,window2.csv,0.7012598514556885
94,attack,window2.csv,0.7290980815887451
95,attack,window2.csv,0.7713679671287537
96,attack,window2.csv,0.8025768399238586
97,attack,window2.csv,0.7610161900520325
98,attack,window2.csv,0.961472749710083
99,attack,window2.csv,1.220798134803772
100,attack,window2.csv,1.0235702991485596
101,attack,window2.csv,1.3111727237701416
102,attack,window2.csv,0.974571168422699
103,attack,window2.csv,1.0648584365844727
104,attack,window2.csv,0.8655237555503845
105,attack,window2.csv,0.8092509508132935
106,attack,window2.csv,0.8379372358322144
107,attack,window2.csv,0.786941647529602
108,attack,window2.csv,0.7985373735427856
109,attack,window2.csv,0.783829391002655
110,attack,window2.csv,0.7599207162857056
111,attack,window2.csv,0.7393749952316284
112,attack,window2.csv,0.7383641004562378
113,attack,window2.csv,0.7107468843460083
114,attack,window2.csv,0.7052256464958191
115,attack,window2.csv,0.701252281665802
116,attack,window2.csv,0.6950480341911316
117,attack,window2.csv,0.6896774172782898
118,attack,window2.csv,0.689533531665802
119,attack,window2.csv,0.6833142638206482
120,attack,window2.csv,0.7118008732795715
121,attack,window2.csv,0.6756377816200256
122,attack,window2.csv,0.63512122631073
123,attack,window2.csv,0.6388950943946838
124,attack,window2.csv,0.6642950773239136
125,attack,window2.csv,0.7044165730476379
126,attack,window2.csv,0.7068756222724915
127,attack,window2.csv,0.7099097967147827
128,attack,window2.csv,0.7164899706840515
129,attack,window2.csv,0.7248188257217407
130,attack,window2.csv,0.7342687249183655
131,attack,window2.csv,0.741614580154419
132,attack,window2.csv,0.7176994681358337
133,attack,window2.csv,0.6727872490882874
134,attack,window2.csv,0.6501659154891968
135,attack,window2.csv,0.6534082889556885
136,attack,window2.csv,0.6519858837127686
137,attack,window2.csv,0.6495264768600464
138,attack,window2.csv,0.6362762451171875
139,attack,window2.csv,0.6163702607154846
140,attack,window2.csv,0.6127381324768066
141,attack,window2.csv,0.6131065487861633
142,attack,window2.csv,0.6243182420730591
143,attack,window2.csv,0.6357060670852661
144,attack,window2.csv,0.6305782198905945
145,attack,window2.csv,0.6580501794815063
146,attack,window2.csv,0.669831395149231
147,attack,window2.csv,0.6562939286231995
148,attack,window2.csv,0.6327279210090637
149,attack,window2.csv,0.6058843731880188
150,attack,window2.csv,0.6078397035598755
151,attack,window2.csv,0.6009503602981567
152,attack,window2.csv,0.5960816740989685
153,attack,window2.csv,0.6038641929626465
154,attack,window2.csv,0.6023675799369812
155,attack,window2.csv,0.594228982925415
156,attack,window2.csv,0.5834640264511108
157,attack,window2.csv,0.5740059614181519
158,attack,window2.csv,0.5666301846504211
159,attack,window2.csv,0.5606947541236877
160,attack,window2.csv,0.5721261501312256
161,attack,window2.csv,0.6114196181297302
162,attack,window2.csv,0.5751898288726807
163,attack,window2.csv,0.5474821925163269
164,attack,window2.csv,0.5368232727050781
165,attack,window2.csv,0.5430704355239868
166,attack,window2.csv,0.5412222743034363
167,attack,window2.csv,0.6006309390068054
168,attack,window2.csv,0.6716747879981995
169,attack,window2.csv,0.6482876539230347
170,attack,window2.csv,0.6158865690231323
171,attack,window2.csv,0.6079374551773071
172,attack,window2.csv,0.5987577438354492
173,attack,window2.csv,0.6142817139625549
174,attack,window2.csv,0.6383258104324341
175,attack,window2.csv,0.6084651350975037
176,attack,window2.csv,0.5943018198013306
177,attack,window2.csv,0.5921360850334167
178,attack,window2.csv,0.5896657109260559
179,attack,window2.csv,0.5796481966972351
180,attack,window2.csv,0.5677885413169861
181,attack,window2.csv,0.5395830273628235
182,attack,window2.csv,0.5299717783927917
183,attack,window2.csv,0.5275017619132996
184,attack,window2.csv,0.5217846035957336
185,attack,window2.csv,0.5194804072380066
186,attack,window2.csv,0.5287705063819885
187,attack,window2.csv,0.5307415127754211
188,attack,window2.csv,0.5387823581695557
189,attack,window2.csv,0.5706754922866821
190,attack,window2.csv,0.6059569716453552
191,attack,window2.csv,0.610604465007782
192,attack,window2.csv,0.6161041855812073
193,attack,window2.csv,0.6385574340820312
194,attack,window2.csv,0.662378191947937
195,attack,window2.csv,0.64458829164505
196,attack,window2.csv,0.6505453586578369
197,attack,window2.csv,0.6642438769340515
198,attack,window2.csv,0.671160101890564
199,attack,window2.csv,0.6874282360076904
200,attack,window2.csv,0.6978720426559448
201,attack,window2.csv,0.7151027917861938
202,attack,window2.csv,0.7125787138938904
203,attack,window2.csv,0.690870463848114
204,attack,window2.csv,0.6921585202217102
205,attack,window2.csv,0.698753833770752
206,attack,window2.csv,0.703278124332428
207,attack,window2.csv,0.709061324596405
208,attack,window2.csv,0.7018662691116333
209,attack,window2.csv,0.7431806325912476
210,attack,window2.csv,0.7294750809669495
211,attack,window2.csv,0.7118515372276306
212,attack,window2.csv,0.7031722068786621
213,attack,window2.csv,0.7154920697212219
214,attack,window2.csv,0.7291012406349182
215,attack,window2.csv,0.7489944696426392
216,attack,window2.csv,0.7652198076248169
217,attack,window2.csv,0.7551922798156738
218,attack,window2.csv,0.7369005680084229
219,attack,window2.csv,0.7505815625190735
220,attack,window2.csv,0.7601046562194824
221,attack,window2.csv,0.7656477689743042
222,attack,window2.csv,0.7661014795303345
223,attack,window2.csv,0.7535826563835144
224,attack,window2.csv,0.7311358451843262
225,attack,window2.csv,0.7509970664978027
226,attack,window2.csv,0.7487403154373169
227,attack,window2.csv,0.7746487259864807
228,attack,window2.csv,0.7725939750671387
229,attack,window2.csv,0.8018479943275452
230,attack,window2.csv,0.8120264410972595
231,attack,window2.csv,0.8437444567680359
232,attack,window2.csv,0.8417750000953674
233,attack,window2.csv,0.8618043661117554
234,attack,window2.csv,0.8610369563102722
235,attack,window2.csv,0.850590705871582
236,attack,window3.csv,1.1961085796356201
237,attack,window3.csv,1.0692602396011353
238,attack,window3.csv,0.9860624670982361
239,attack,window3.csv,0.9688702821731567
240,attack,window3.csv,0.9878621101379395
241,attack,window3.csv,1.038291573524475
242,attack,window3.csv,0.8977373242378235
243,attack,window3.csv,0.8767000436782837
244,attack,window3.csv,0.89713054895401
245,attack,window3.csv,0.9167042374610901
246,attack,window3.csv,0.9395971298217773
247,attack,window3.csv,0.9414085149765015
248,attack,window3.csv,0.909847617149353
249,attack,window3.csv,0.8905726075172424
250,attack,window3.csv,0.8751925230026245
251,attack,window3.csv,0.8644540905952454
252,attack,window3.csv,0.8725982904434204
253,attack,window3.csv,0.8021718859672546
254,attack,window3.csv,0.7702566385269165
255,attack,window3.csv,0.7807450294494629
256,attack,window3.csv,0.8276941776275635
257,attack,window3.csv,0.8705173134803772
258,attack,window3.csv,0.8523396849632263
259,attack,window3.csv,0.8424558639526367
260,attack,window3.csv,0.8739243745803833
261,attack,window3.csv,0.8801018595695496
262,attack,window3.csv,0.8219165205955505
263,attack,window3.csv,0.7939825654029846
264,attack,window3.csv,0.7772729396820068
265,attack,window3.csv,0.7631951570510864
266,attack,window3.csv,0.7640728950500488
267,attack,window3.csv,0.7373740077018738
268,attack,window3.csv,0.7613374590873718
269,attack,window3.csv,0.7733120322227478
270,attack,window3.csv,0.7972666621208191
271,attack,window3.csv,0.7716586589813232
272,attack,window3.csv,0.7805164456367493
273,attack,window3.csv,0.8030427098274231
274,attack,window3.csv,0.7526909708976746
275,attack,window3.csv,0.7304508090019226
276,attack,window3.csv,0.7124235033988953
277,attack,window3.csv,0.7086153626441956
278,attack,window3.csv,0.7060836553573608
279,attack,window3.csv,0.7092236876487732
280,attack,window3.csv,0.7065868973731995
281,attack,window3.csv,0.7310250401496887
282,attack,window3.csv,0.8284644484519958
283,attack,window3.csv,0.7862698435783386
284,attack,window3.csv,0.7432319521903992
285,attack,window3.csv,0.7154890894889832
286,attack,window3.csv,0.6841089725494385
287,attack,window3.csv,0.6785858273506165
288,attack,window3.csv,0.6761151552200317
289,attack,window3.csv,0.659786581993103
290,attack,window3.csv,0.656339704990387
291,attack,window3.csv,0.633197009563446
292,attack,window3.csv,0.6206070780754089
293,attack,window3.csv,0.59935063123703
294,attack,window3.csv,0.5749514102935791
295,attack,window3.csv,0.5627739429473877
296,attack,window3.csv,0.5376484990119934
297,attack,window3.csv,0.5194107890129089
298,attack,window3.csv,0.5105962157249451
299,attack,window3.csv,0.5017104744911194
300,attack,window3.csv,0.4928906261920929
301,attack,window3.csv,0.5106496810913086
302,attack,window4.csv,1.0443512201309204
303,attack,window4.csv,0.8948344588279724
304,attack,window4.csv,0.8059300184249878
305,attack,window4.csv,0.7766021490097046
306,attack,window4.csv,0.7775990962982178
307,attack,window4.csv,0.7515332102775574
308,attack,window4.csv,0.7186295390129089
309,attack,window4.csv,0.7171611785888672
310,attack,window4.csv,0.7315079569816589
311,attack,window4.csv,0.751506507396698
312,attack,window4.csv,0.7504292130470276
313,attack,window4.csv,0.7350289821624756
314,attack,window4.csv,0.7301805019378662
315,attack,window4.csv,0.7262039184570312
316,attack,window4.csv,0.7013068199157715
317,attack,window4.csv,0.6921079158782959
318,attack,window4.csv,0.6736128926277161
319,attack,window4.csv,0.6534406542778015
320,attack,window4.csv,0.6533738374710083
321,attack,window4.csv,0.6173891425132751
322,attack,window4.csv,0.5958023071289062
323,attack,window4.csv,0.5865818858146667
324,attack,window4.csv,0.5506784319877625
325,attack,window4.csv,0.5330163240432739
326,attack,window4.csv,0.5271648168563843
327,attack,window4.csv,0.5220738053321838
328,attack,window4.csv,0.5240474343299866
329,attack,window4.csv,0.5195456743240356
330,attack,window4.csv,0.5128483176231384
331,attack,window4.csv,0.5092929601669312
332,attack,window4.csv,0.4835352599620819
333,attack,window4.csv,0.4783251881599426
334,attack,window4.csv,0.49814197421073914
335,attack,window4.csv,0.503523051738739
336,attack,window4.csv,0.5025606155395508
337,attack,window4.csv,0.49819299578666687
338,attack,window4.csv,0.5155817270278931
339,attack,window4.csv,0.47387683391571045
340,attack,window4.csv,0.4748885929584503
341,attack,window4.csv,0.4723593592643738
342,attack,window4.csv,0.4655574560165405
343,attack,window4.csv,0.4652990698814392
344,attack,window4.csv,0.47305190563201904
345,attack,window4.csv,0.4781332015991211
346,attack,window4.csv,0.494975745677948
347,attack,window4.csv,0.4844908118247986
348,attack,window4.csv,0.49478253722190857
349,attack,window4.csv,0.47904905676841736
350,attack,window4.csv,0.4727562665939331
351,attack,window4.csv,0.4738871157169342
352,attack,window4.csv,0.4620194435119629
353,attack,window4.csv,0.44827279448509216
354,attack,window4.csv,0.4520980715751648
355,attack,window4.csv,0.46584969758987427
356,attack,window4.csv,0.47048452496528625
357,attack,window4.csv,0.49933475255966187
358,attack,window4.csv,0.5391184091567993
359,attack,window4.csv,0.5510528683662415
360,attack,window4.csv,0.5689296126365662
361,attack,window4.csv,0.5716769695281982
362,attack,window4.csv,0.5838417410850525
363,attack,window4.csv,0.5909332036972046
364,attack,window4.csv,0.617185115814209
365,attack,window4.csv,0.5960392951965332
366,attack,window4.csv,0.556528627872467
367,attack,window4.csv,0.555257260799408
368,attack,window4.csv,0.6108631491661072
369,attack,window4.csv,0.5596911311149597
370,attack,window4.csv,0.5844858884811401
371,attack,window4.csv,0.5802648067474365
372,attack,window4.csv,0.573363721370697
373,attack,window4.csv,0.5726090669631958
374,attack,window4.csv,0.6072672009468079
375,attack,window4.csv,0.655033528804779
376,attack,window4.csv,0.6731514930725098
377,attack,window4.csv,0.7000234127044678
378,attack,window4.csv,0.7341384887695312
379,attack,window4.csv,0.7188690304756165
380,attack,window4.csv,0.7272904515266418
381,attack,window4.csv,0.8063940405845642
382,attack,window4.csv,0.7720379829406738
383,attack,window4.csv,0.7336708903312683
