global_index,group,source_file,true_label,attack_probability,pred_label,correct
0,normal,window_typing_10000.csv,0,9.098973350774031e-06,0,1
1,normal,window_typing_10000.csv,0,1.0705081876949407e-05,0,1
2,normal,window_typing_10000.csv,0,1.0767148523882497e-05,0,1
3,normal,window_typing_10000.csv,0,9.240806321031414e-06,0,1
4,normal,window_typing_10000.csv,0,9.839641279540956e-06,0,1
5,normal,window_typing_10000.csv,0,8.761012395552825e-06,0,1
6,normal,window_typing_10000.csv,0,9.6122039394686e-06,0,1
7,normal,window_typing_10000.csv,0,8.731286470720079e-06,0,1
8,normal,window_typing_10000.csv,0,9.664819117460866e-06,0,1
9,normal,window_typing_10000.csv,0,9.418659828952514e-06,0,1
10,normal,window_typing_10000.csv,0,8.24978906166507e-06,0,1
11,normal,window_typing_10000.csv,0,8.49376738187857e-06,0,1
12,normal,window_typing_10000.csv,0,8.646954483992886e-06,0,1
13,normal,window_typing_10000.csv,0,8.244967830250971e-06,0,1
14,normal,window_typing_10000.csv,0,9.922226126946043e-06,0,1
15,normal,window_typing_10000.csv,0,9.318976481154095e-06,0,1
16,normal,window_typing_10000.csv,0,8.985175554698799e-06,0,1
17,normal,window_typing_10000.csv,0,8.205050107790157e-06,0,1
18,normal,window_typing_10000.csv,0,7.963105417729821e-06,0,1
19,normal,window_typing_10000.csv,0,7.85917291068472e-06,0,1
20,normal,window_typing_10000.csv,0,7.45474699215265e-06,0,1
21,normal,window_typing_10000.csv,0,7.420007023029029e-06,0,1
22,normal,window_typing_10000.csv,0,7.879209988459479e-06,0,1
23,normal,window_typing_10000.csv,0,8.631745913589839e-06,0,1
24,normal,window_typing_10000.csv,0,8.419330697506666e-06,0,1
25,normal,window_typing_10000.csv,0,8.466360668535344e-06,0,1
26,normal,window_typing_10000.csv,0,7.5595075941237155e-06,0,1
27,normal,window_typing_10000.csv,0,8.685534339747392e-06,0,1
28,normal,window_typing_10000.csv,0,7.422462658723816e-06,0,1
29,normal,window_typing_10000.csv,0,7.93140225141542e-06,0,1
30,normal,window_typing_10000.csv,0,7.3216961027355865e-06,0,1
31,normal,window_typing_10000.csv,0,1.3203116395743564e-05,0,1
32,normal,window_typing_10000.csv,0,9.758556188899092e-06,0,1
33,normal,window_typing_10000.csv,0,8.69747054821346e-06,0,1
34,normal,window_typing_10000.csv,0,9.08886158867972e-06,0,1
35,normal,window_typing_10000.csv,0,7.562925475212978e-06,0,1
36,normal,window_typing_10000.csv,0,7.421061582135735e-06,0,1
37,normal,window_typing_10000.csv,0,6.16473043919541e-05,0,1
38,normal,window_typing_10000.csv,0,7.082786032697186e-05,0,1
39,normal,window_typing_10000.csv,0,3.476154961390421e-05,0,1
40,normal,window_typing_10000.csv,0,3.109749741270207e-05,0,1
41,normal,window_typing_10000.csv,0,2.603135180834215e-05,0,1
42,normal,window_typing_10000.csv,0,2.418270923953969e-05,0,1
43,normal,window_typing_10000.csv,0,2.2981597794569097e-05,0,1
44,normal,window_typing_10000.csv,0,2.0908229998894967e-05,0,1
45,normal,window_typing_10000.csv,0,1.702590088825673e-05,0,1
46,normal,window_typing_10000.csv,0,1.5423773220391013e-05,0,1
47,normal,window_typing_10000.csv,0,1.5071762391016819e-05,0,1
48,normal,window_typing_10000.csv,0,1.433948546036845e-05,0,1
49,normal,window_typing_10000.csv,0,1.2556778528960422e-05,0,1
50,normal,window_typing_10000.csv,0,1.2401758795022033e-05,0,1
51,normal,window_typing_10000.csv,0,1.2325825082371011e-05,0,1
52,normal,window_typing_10000.csv,0,1.0340113476559054e-05,0,1
53,normal,window_typing_10000.csv,0,9.695264452602714e-06,0,1
54,normal,window_typing_10000.csv,0,1.0014447070716415e-05,0,1
55,normal,window_typing_10000.csv,0,8.955431439972017e-06,0,1
56,normal,window_typing_10000.csv,0,9.574291652825195e-06,0,1
57,normal,window_typing_10000.csv,0,9.122362826019526e-06,0,1
58,normal,window_typing_10000.csv,0,9.519100785837509e-06,0,1
59,normal,window_typing_10000.csv,0,9.443664566788357e-06,0,1
60,normal,window_typing_10000.csv,0,8.968977454060223e-06,0,1
61,normal,window_typing_10000.csv,0,8.055142643570434e-06,0,1
62,normal,window_typing_10000.csv,0,8.347161383426283e-06,0,1
63,normal,window_typing_10000.csv,0,7.768944669805933e-06,0,1
64,normal,window_typing_10000.csv,0,7.736259249213617e-06,0,1
65,normal,window_typing_10000.csv,0,8.428030923823826e-06,0,1
66,normal,window_typing_10000.csv,0,7.904067388153635e-06,0,1
67,normal,window_typing_10000.csv,0,8.445095772913191e-06,0,1
68,normal,window_typing_10000.csv,0,8.041449291340541e-06,0,1
69,normal,window_typing_10000.csv,0,7.774503501423169e-06,0,1
70,normal,window_typing_10000.csv,0,7.963948519318365e-06,0,1
71,normal,window_typing_10000.csv,0,8.087578862614464e-06,0,1
72,normal,window_typing_10000.csv,0,7.732622179901227e-06,0,1
73,normal,window_typing_10000.csv,0,9.801729902392253e-06,0,1
74,normal,window_typing_10000.csv,0,8.337940016645007e-06,0,1
75,normal,window_typing_10000.csv,0,8.225616511481348e-06,0,1
76,normal,window_typing_10000.csv,0,7.081659987306921e-06,0,1
77,normal,window_typing_10000.csv,0,7.781928616168443e-06,0,1
78,normal,window_typing_10000.csv,0,8.63626610225765e-06,0,1
79,normal,window_typing_10000.csv,0,9.374793989991304e-06,0,1
80,normal,window_typing_10000.csv,0,1.0973427379212808e-05,0,1
81,normal,window_typing_10000.csv,0,1.1115786946902517e-05,0,1
82,normal,window_typing_10000.csv,0,1.2725199667329434e-05,0,1
83,normal,window_typing_10000.csv,0,1.1336731404298916e-05,0,1
84,normal,window_typing_10000.csv,0,1.2190362213004846e-05,0,1
85,normal,window_typing_10000.csv,0,1.429046369594289e-05,0,1
86,normal,window_typing_10000.csv,0,1.3274448974698316e-05,0,1
87,normal,window_typing_10000.csv,0,1.2540600437205285e-05,0,1
88,normal,window_typing_10000.csv,0,1.1056201401515864e-05,0,1
89,normal,window_typing_10000.csv,0,1.1397632988519035e-05,0,1
90,normal,window_typing_10000.csv,0,1.1234487828915007e-05,0,1
91,normal,window_typing_10000.csv,0,1.2238961062394083e-05,0,1
92,normal,window_typing_10000.csv,0,1.2878280358563643e-05,0,1
93,normal,window_typing_10000.csv,0,1.2069156582583673e-05,0,1
94,normal,window_typing_10000.csv,0,1.0634089449013118e-05,0,1
95,normal,window_typing_10000.csv,0,1.0230472980765626e-05,0,1
96,normal,window_typing_10000.csv,0,1.032364980346756e-05,0,1
97,normal,window_typing_10000.csv,0,9.915178452502005e-06,0,1
98,normal,window_typing_10000.csv,0,9.235880497726612e-06,0,1
99,normal,window_typing_10000.csv,0,8.948960385168903e-06,0,1
100,normal,window_typing_10000.csv,0,8.821620212984271e-06,0,1
101,normal,window_typing_10000.csv,0,8.970124326879159e-06,0,1
102,normal,window_typing_10000.csv,0,9.215881618729327e-06,0,1
103,normal,window_typing_10000.csv,0,8.448994776699692e-06,0,1
104,normal,window_typing_10000.csv,0,7.403805739158997e-06,0,1
105,normal,window_typing_10000.csv,0,8.32387013360858e-06,0,1
106,normal,window_typing_10000.csv,0,8.074539437075146e-06,0,1
107,normal,window_typing_10000.csv,0,7.474729954992654e-06,0,1
108,normal,window_typing_10000.csv,0,8.904011338017881e-06,0,1
109,normal,window_typing_10000.csv,0,8.604672984802164e-06,0,1
110,normal,window_typing_10000.csv,0,8.157760021276772e-06,0,1
111,normal,window_typing_10000.csv,0,8.65520541992737e-06,0,1
112,normal,window_typing_10000.csv,0,8.333393452630844e-06,0,1
113,normal,window_typing_10000.csv,0,8.567040822526906e-06,0,1
114,normal,window_typing_10000.csv,0,9.289952686231118e-06,0,1
115,normal,window_typing_10000.csv,0,8.075394362094812e-06,0,1
116,normal,window_typing_10000.csv,0,8.520994924765546e-06,0,1
117,normal,window_typing_10000.csv,0,8.739290933590382e-06,0,1
118,normal,window_typing_10000.csv,0,8.513084139849525e-06,0,1
119,normal,window_typing_10000.csv,0,1.0147975444851909e-05,0,1
120,normal,window_typing_10000.csv,0,9.03146337805083e-06,0,1
121,normal,window_typing_10000.csv,0,1.2322158909228165e-05,0,1
122,normal,window_typing_10000.csv,0,1.5209783668979071e-05,0,1
123,normal,window_typing_10000.csv,0,1.6480076737934723e-05,0,1
124,normal,window_typing_10000.csv,0,1.5420933777932078e-05,0,1
125,normal,window_typing_10000.csv,0,1.4988497241574805e-05,0,1
126,normal,window_typing_10000.csv,0,1.577469265612308e-05,0,1
127,normal,window_typing_10000.csv,0,1.6544987374800257e-05,0,1
128,normal,window_typing_10000.csv,0,1.5316405551857315e-05,0,1
129,normal,window_typing_10000.csv,0,1.5055930816743057e-05,0,1
130,normal,window_typing_10000.csv,0,1.584343954164069e-05,0,1
131,normal,window_typing_10000.csv,0,1.5822904970264062e-05,0,1
132,normal,window_typing_10000.csv,0,1.3481572750606574e-05,0,1
133,normal,window_typing_10000.csv,0,1.2358027561276685e-05,0,1
134,normal,window_typing_10000.csv,0,1.3144883268978447e-05,0,1
135,normal,window_typing_10000.csv,0,1.2872939805674832e-05,0,1
136,normal,window_typing_10000.csv,0,1.1252554941165727e-05,0,1
137,normal,window_typing_10000.csv,0,1.0427146662550513e-05,0,1
138,normal,window_typing_10000.csv,0,1.045792942022672e-05,0,1
139,normal,window_typing_10000.csv,0,1.005716148938518e-05,0,1
140,normal,window_typing_10000.csv,0,9.396285349794198e-06,0,1
141,normal,window_typing_10000.csv,0,1.632752173463814e-05,0,1
142,normal,window_typing_10000.csv,0,1.1459070265118498e-05,0,1
143,normal,window_typing_10000.csv,0,1.1230919881199952e-05,0,1
144,normal,window_typing_10000.csv,0,1.1218310646654572e-05,0,1
145,normal,window_typing_10000.csv,0,9.695513654151e-06,0,1
146,normal,window_typing_10000.csv,0,9.359652722196188e-06,0,1
147,normal,window_typing_10000.csv,0,1.144664111052407e-05,0,1
148,normal,window_typing_10000.csv,0,1.2464161045500077e-05,0,1
149,normal,window_typing_10000.csv,0,1.5179050933511462e-05,0,1
150,normal,window_typing_10000.csv,0,1.8070748410536908e-05,0,1
151,normal,window_typing_10000.csv,0,1.4497794836643152e-05,0,1
152,normal,window_typing_10000.csv,0,1.657560824241955e-05,0,1
153,normal,window_typing_10000.csv,0,1.5281229934771545e-05,0,1
154,normal,window_typing_10000.csv,0,1.4263872799347155e-05,0,1
155,normal,window_typing_10000.csv,0,1.460695784771815e-05,0,1
156,normal,window_typing_10000.csv,0,1.454017728974577e-05,0,1
157,normal,window_typing_10000.csv,0,1.5189056284725666e-05,0,1
158,normal,window_typing_10000.csv,0,1.759158112690784e-05,0,1
159,normal,window_typing_10000.csv,0,1.3776539162790868e-05,0,1
160,normal,window_typing_10000.csv,0,1.3291765753820073e-05,0,1
161,normal,window_typing_10000.csv,0,1.2903740753245074e-05,0,1
162,normal,window_typing_10000.csv,0,1.142430573963793e-05,0,1
163,normal,window_typing_10000.csv,0,1.1355894457665272e-05,0,1
164,normal,window_typing_10000.csv,0,1.0014695362769999e-05,0,1
165,normal,window_typing_10000.csv,0,1.1585423635551706e-05,0,1
166,normal,window_typing_10000.csv,0,1.0523780474613886e-05,0,1
167,normal,window_typing_10000.csv,0,9.996660992328543e-06,0,1
168,normal,window_typing_10000.csv,0,9.808967661228962e-06,0,1
169,normal,window_typing_10000.csv,0,8.523693395545706e-06,0,1
170,normal,window_typing_10000.csv,0,8.177685231203213e-06,0,1
171,normal,window_typing_10000.csv,0,8.280364454549272e-06,0,1
172,normal,window_typing_10000.csv,0,8.5368228610605e-06,0,1
173,normal,window_typing_10000.csv,0,7.824375643394887e-06,0,1
174,normal,window_typing_10000.csv,0,7.730911420367192e-06,0,1
175,normal,window_typing_10000.csv,0,8.56172300700564e-06,0,1
176,normal,window_typing_10000.csv,0,8.338083716807887e-06,0,1
177,normal,window_typing_10000.csv,0,8.546835488232318e-06,0,1
178,normal,window_typing_10000.csv,0,7.696381544519681e-06,0,1
179,normal,window_typing_10000.csv,0,7.704561539867427e-06,0,1
180,normal,window_typing_10000.csv,0,7.699934940319508e-06,0,1
181,normal,window_typing_10000.csv,0,8.190781954908744e-06,0,1
182,normal,window_typing_10000.csv,0,7.82989172876114e-06,0,1
183,normal,window_typing_10000.csv,0,8.615683327661827e-06,0,1
184,normal,window_typing_10000.csv,0,8.241932846431155e-06,0,1
185,normal,window_typing_10000.csv,0,7.353991350100841e-06,0,1
186,normal,window_typing_10000.csv,0,8.061075277510099e-06,0,1
187,normal,window_typing_10000.csv,0,8.02445811132202e-06,0,1
188,normal,window_typing_10000.csv,0,7.934655513963662e-06,0,1
189,normal,window_typing_10000.csv,0,7.668606485822238e-06,0,1
190,normal,window_typing_10000.csv,0,7.692704457440414e-06,0,1
191,normal,window_typing_10000.csv,0,7.237120826175669e-06,0,1
192,normal,window_typing_10000.csv,0,7.926910257083364e-06,0,1
193,normal,window_typing_10000.csv,0,7.749268661427777e-06,0,1
194,normal,window_typing_10000.csv,0,7.592185738758417e-06,0,1
195,normal,window_typing_10000.csv,0,7.995194209797774e-06,0,1
196,normal,window_typing_10000.csv,0,7.63904427003581e-06,0,1
197,normal,window_typing_10000.csv,0,8.27749045129167e-06,0,1
198,normal,window_typing_10000.csv,0,8.27630628918996e-06,0,1
199,normal,window_typing_10000.csv,0,8.045261893130373e-06,0,1
200,normal,window_typing_10000.csv,0,7.788439688738436e-06,0,1
201,normal,window_typing_10000.csv,0,7.588660537294345e-06,0,1
202,normal,window_typing_10000.csv,0,7.498756076529389e-06,0,1
203,normal,window_typing_10000.csv,0,8.333679943461902e-06,0,1
204,normal,window_typing_10000.csv,0,7.479671239707386e-06,0,1
205,normal,window_typing_10000.csv,0,7.2951406764332205e-06,0,1
206,normal,window_typing_10000.csv,0,7.017189091129694e-06,0,1
207,normal,window_typing_10000.csv,0,7.710361387580633e-06,0,1
208,normal,window_typing_10000.csv,0,7.751154043944553e-06,0,1
209,normal,window_typing_10000.csv,0,8.374422577617224e-06,0,1
210,normal,window_typing_10000.csv,0,7.65559252613457e-06,0,1
211,normal,window_typing_10000.csv,0,8.392563358938787e-06,0,1
212,normal,window_typing_10000.csv,0,7.93651634012349e-06,0,1
213,normal,window_typing_10000.csv,0,8.28658085083589e-06,0,1
214,normal,window_typing_10000.csv,0,7.413711500703357e-06,0,1
215,normal,window_typing_10000.csv,0,8.253408850578126e-06,0,1
216,normal,window_typing_10000.csv,0,7.801739229762461e-06,0,1
217,normal,window_typing_10000.csv,0,7.829607966414187e-06,0,1
218,normal,window_typing_10000.csv,0,7.582894340885105e-06,0,1
219,normal,window_typing_10000.csv,0,8.230402272602078e-06,0,1
220,normal,window_typing_10000.csv,0,8.103282198135275e-06,0,1
221,normal,window_typing_10000.csv,0,8.422543032793328e-06,0,1
222,normal,window_typing_10000.csv,0,9.548833077133168e-06,0,1
223,normal,window_typing_10000.csv,0,6.946458597667515e-06,0,1
224,normal,window_typing_10000.csv,0,7.44945282349363e-06,0,1
225,normal,window_typing_10000.csv,0,8.616611921752337e-06,0,1
226,normal,window_typing_10000.csv,0,9.974120985134505e-06,0,1
227,normal,window_typing_10000.csv,0,1.1718924724846147e-05,0,1
228,normal,window_typing_10000.csv,0,1.1272607480350416e-05,0,1
229,normal,window_typing_10000.csv,0,1.0372241376899183e-05,0,1
230,normal,window_typing_10000.csv,0,1.0686730092857033e-05,0,1
231,normal,window_typing_10000.csv,0,1.1866665772686247e-05,0,1
232,normal,window_typing_10000.csv,0,1.3049446351942606e-05,0,1
233,normal,window_typing_10000.csv,0,1.3889065485273022e-05,0,1
234,normal,window_typing_10000.csv,0,1.3292221410665661e-05,0,1
235,normal,window_typing_10000.csv,0,1.3666581253346521e-05,0,1
236,normal,window_typing_10000.csv,0,1.545149461890105e-05,0,1
237,normal,window_typing_10000.csv,0,1.329038423136808e-05,0,1
238,normal,window_typing_10000.csv,0,1.3946721992397215e-05,0,1
239,normal,window_typing_10000.csv,0,1.1406365047150757e-05,0,1
240,normal,window_typing_10000.csv,0,1.0815310815814883e-05,0,1
241,normal,window_typing_10000.csv,0,1.0829904567799531e-05,0,1
242,normal,window_typing_10000.csv,0,1.0803250006574672e-05,0,1
243,normal,window_typing_10000.csv,0,1.3713436601392459e-05,0,1
244,normal,window_typing_10000.csv,0,1.2994247299502604e-05,0,1
245,normal,window_typing_10000.csv,0,8.871395948517602e-06,0,1
246,normal,window_typing_10000.csv,0,1.0457250937179197e-05,0,1
247,normal,window_typing_10000.csv,0,9.69725260802079e-06,0,1
248,normal,window_typing_10000.csv,0,8.652828000776935e-06,0,1
249,normal,window_typing_10000.csv,0,8.771680768404622e-06,0,1
250,normal,window_typing_10000.csv,0,9.145855983661022e-06,0,1
251,normal,window_typing_10000.csv,0,8.362388143723365e-06,0,1
252,normal,window_typing_10000.csv,0,8.65225047164131e-06,0,1
253,normal,window_typing_10000.csv,0,8.677676305524074e-06,0,1
254,normal,window_typing_10000.csv,0,8.033922313188668e-06,0,1
255,normal,window_typing_10000.csv,0,8.029663149500266e-06,0,1
256,normal,window_typing_10000.csv,0,9.074016816157382e-06,0,1
257,normal,window_typing_10000.csv,0,7.987694516486954e-06,0,1
258,normal,window_typing_10000.csv,0,7.88459146860987e-06,0,1
259,normal,window_typing_10000.csv,0,7.4752078944584355e-06,0,1
260,normal,window_typing_10000.csv,0,7.592374004161684e-06,0,1
261,normal,window_typing_10000.csv,0,8.32402929518139e-06,0,1
262,normal,window_typing_10000.csv,0,8.322855137521401e-06,0,1
263,normal,window_typing_10000.csv,0,7.65969707572367e-06,0,1
264,normal,window_typing_10000.csv,0,8.39656604512129e-06,0,1
265,normal,window_typing_10000.csv,0,7.96375115896808e-06,0,1
266,normal,window_typing_10000.csv,0,7.441684829245787e-06,0,1
267,normal,window_typing_10000.csv,0,7.261276095960056e-06,0,1
268,normal,window_typing_10000.csv,0,8.144770617946051e-06,0,1
269,normal,window_typing_10000.csv,0,8.64314552018186e-06,0,1
270,normal,window_typing_10000.csv,0,8.674715900269803e-06,0,1
271,normal,window_typing_10000.csv,0,1.4700980500492733e-05,0,1
272,normal,window_typing_10000.csv,0,1.0405124157841783e-05,0,1
273,normal,window_typing_10000.csv,0,1.0174672752327751e-05,0,1
274,normal,window_typing_10000.csv,0,1.0328347343602218e-05,0,1
275,normal,window_typing_10000.csv,0,8.713185707165394e-06,0,1
276,normal,window_typing_10000.csv,0,8.886892828741111e-06,0,1
277,normal,window_typing_10000.csv,0,1.3324090105015785e-05,0,1
278,normal,window_typing_10000.csv,0,1.539993354526814e-05,0,1
279,normal,window_typing_10000.csv,0,1.4671960343548562e-05,0,1
280,normal,window_typing_10000.csv,0,1.3058284821454436e-05,0,1
281,normal,window_typing_10000.csv,0,1.303407407249324e-05,0,1
282,normal,window_typing_10000.csv,0,1.2571696970553603e-05,0,1
283,normal,window_typing_10000.csv,0,1.2033241546305362e-05,0,1
284,normal,window_typing_10000.csv,0,1.1483170055726077e-05,0,1
285,normal,window_typing_10000.csv,0,1.1160334906890057e-05,0,1
286,normal,window_typing_10000.csv,0,1.3310399481269997e-05,0,1
287,normal,window_typing_10000.csv,0,1.2878968846052885e-05,0,1
288,normal,window_typing_10000.csv,0,1.111036090151174e-05,0,1
289,normal,window_typing_10000.csv,0,1.2127827176300343e-05,0,1
290,normal,window_typing_10000.csv,0,1.1413057109166402e-05,0,1
291,normal,window_typing_10000.csv,0,1.1206665476493072e-05,0,1
292,normal,window_typing_10000.csv,0,1.0581979040580336e-05,0,1
293,normal,window_typing_10000.csv,0,1.1181642548763193e-05,0,1
294,normal,window_typing_10000.csv,0,9.21605806070147e-06,0,1
295,normal,window_typing_10000.csv,0,1.0222085620625876e-05,0,1
296,normal,window_typing_10000.csv,0,9.41968391998671e-06,0,1
297,normal,window_typing_10000.csv,0,8.930689546104986e-06,0,1
298,normal,window_typing_10000.csv,0,9.046833838510793e-06,0,1
299,normal,window_typing_10000.csv,0,8.846253876981791e-06,0,1
300,normal,window_typing_10000.csv,0,8.104055268631782e-06,0,1
301,normal,window_typing_10000.csv,0,7.580420970043633e-06,0,1
302,normal,window_typing_10000.csv,0,7.279517831193516e-06,0,1
303,normal,window_typing_10000.csv,0,7.41549320082413e-06,0,1
304,normal,window_typing_10000.csv,0,7.792496944603045e-06,0,1
305,normal,window_typing_10000.csv,0,8.062575034273323e-06,0,1
306,normal,window_typing_10000.csv,0,7.562528480775654e-06,0,1
307,normal,window_typing_10000.csv,0,7.414885658363346e-06,0,1
308,normal,window_typing_10000.csv,0,7.577530141134048e-06,0,1
309,normal,window_typing_10000.csv,0,8.391979463340249e-06,0,1
310,normal,window_typing_10000.csv,0,8.15002294984879e-06,0,1
311,normal,window_typing_10000.csv,0,8.070682270044927e-06,0,1
312,normal,window_typing_10000.csv,0,8.962087122199591e-06,0,1
313,normal,window_typing_10000.csv,0,8.80534753378015e-06,0,1
314,normal,window_typing_10000.csv,0,1.0342351743020117e-05,0,1
315,normal,window_typing_10000.csv,0,8.52795346872881e-06,0,1
316,normal,window_typing_10000.csv,0,8.067481758189388e-06,0,1
317,normal,window_typing_10000.csv,0,9.664671779319178e-06,0,1
318,normal,window_typing_10000.csv,0,1.0184468010265846e-05,0,1
319,normal,window_typing_10000.csv,0,1.0572982318990398e-05,0,1
320,normal,window_typing_10000.csv,0,1.064892603608314e-05,0,1
321,normal,window_typing_10000.csv,0,9.989704267354682e-06,0,1
322,normal,window_typing_10000.csv,0,9.794133802643046e-06,0,1
323,normal,window_typing_10000.csv,0,1.0108276910614222e-05,0,1
324,normal,window_typing_10000.csv,0,1.105800492950948e-05,0,1
325,normal,window_typing_10000.csv,0,1.0967506568704266e-05,0,1
326,normal,window_typing_10000.csv,0,1.0262495379720349e-05,0,1
327,normal,window_typing_10000.csv,0,8.753655492910184e-06,0,1
328,normal,window_typing_10000.csv,0,8.205183803511318e-06,0,1
329,normal,window_typing_10000.csv,0,8.479531061311718e-06,0,1
330,normal,window_typing_10000.csv,0,7.053063654893776e-06,0,1
331,normal,window_typing_10000.csv,0,8.937890015658922e-06,0,1
332,normal,window_typing_10000.csv,0,1.0920331078523304e-05,0,1
333,normal,window_typing_10000.csv,0,1.107081425288925e-05,0,1
334,normal,window_typing_10000.csv,0,1.1806163456640206e-05,0,1
335,normal,window_typing_10000.csv,0,1.0751038644229993e-05,0,1
336,normal,window_typing_10000.csv,0,1.168911148852203e-05,0,1
337,normal,window_typing_10000.csv,0,1.0625847608025651e-05,0,1
338,normal,window_typing_10000.csv,0,1.2602907190739643e-05,0,1
339,normal,window_typing_10000.csv,0,1.4498789823846892e-05,0,1
340,normal,window_typing_10000.csv,0,1.2490684639487881e-05,0,1
341,normal,window_typing_10000.csv,0,1.3153248801245354e-05,0,1
342,normal,window_typing_10000.csv,0,1.3344487342692446e-05,0,1
343,normal,window_typing_10000.csv,0,1.3911653695686255e-05,0,1
344,normal,window_typing_10000.csv,0,1.2927882380608935e-05,0,1
345,normal,window_typing_10000.csv,0,1.1957386959693395e-05,0,1
346,normal,window_typing_10000.csv,0,1.2211050488986075e-05,0,1
347,normal,window_typing_10000.csv,0,1.3664182915817946e-05,0,1
348,normal,window_typing_10000.csv,0,1.1146316865051631e-05,0,1
349,normal,window_typing_10000.csv,0,9.889605280477554e-06,0,1
350,normal,window_typing_10000.csv,0,1.0387673682998866e-05,0,1
351,normal,window_typing_10000.csv,0,9.26965003600344e-06,0,1
352,normal,window_typing_10000.csv,0,9.008470442495309e-06,0,1
353,normal,window_typing_10000.csv,0,9.456533007323742e-06,0,1
354,normal,window_typing_10000.csv,0,8.840199370752089e-06,0,1
355,normal,window_typing_10000.csv,0,1.0769264008558821e-05,0,1
356,normal,window_typing_10000.csv,0,9.209959898726083e-06,0,1
357,normal,window_typing_10000.csv,0,9.191858225676697e-06,0,1
358,normal,window_typing_10000.csv,0,7.809004273440223e-06,0,1
359,normal,window_typing_10000.csv,0,9.58435884967912e-06,0,1
360,normal,window_typing_10000.csv,0,8.586179319536313e-06,0,1
361,normal,window_typing_10000.csv,0,9.2744512585341e-06,0,1
362,normal,window_typing_10000.csv,0,8.917821105569601e-06,0,1
363,normal,window_typing_10000.csv,0,9.721475180413108e-06,0,1
364,normal,window_typing_10000.csv,0,8.593003258283716e-06,0,1
365,normal,window_typing_10000.csv,0,1.0787190149130765e-05,0,1
366,normal,window_typing_10000.csv,0,1.0525696779950522e-05,0,1
367,normal,window_typing_10000.csv,0,1.1181854461028706e-05,0,1
368,normal,window_typing_10000.csv,0,1.091911326511763e-05,0,1
369,normal,window_typing_10000.csv,0,1.072327904694248e-05,0,1
370,normal,window_typing_10000.csv,0,1.0521973308641464e-05,0,1
371,normal,window_typing_10000.csv,0,9.801823580346536e-06,0,1
372,normal,window_typing_10000.csv,0,9.113528903981205e-06,0,1
373,normal,window_typing_10000.csv,0,9.909847904054914e-06,0,1
374,normal,window_typing_10000.csv,0,1.027246344165178e-05,0,1
375,normal,window_typing_10000.csv,0,9.901156772684772e-06,0,1
376,normal,window_typing_10000.csv,0,9.572510862199124e-06,0,1
377,normal,window_typing_10000.csv,0,8.887755939213093e-06,0,1
378,normal,window_typing_10000.csv,0,9.213799785356969e-06,0,1
379,normal,window_typing_10000.csv,0,9.019068784255069e-06,0,1
380,normal,window_typing_10000.csv,0,8.071052434388548e-06,0,1
381,normal,window_typing_10000.csv,0,8.694178177393042e-06,0,1
382,normal,window_typing_10000.csv,0,7.72437488194555e-06,0,1
383,normal,window_typing_10000.csv,0,8.546190656488761e-06,0,1
384,normal,window_typing_10000.csv,0,7.599357104481896e-06,0,1
385,normal,window_typing_10000.csv,0,8.055403668549843e-06,0,1
386,normal,window_typing_10000.csv,0,7.819325219315942e-06,0,1
387,normal,window_typing_10000.csv,0,8.586237527197227e-06,0,1
388,normal,window_typing_10000.csv,0,7.401186849165242e-06,0,1
389,normal,window_typing_10000.csv,0,7.3029232225962915e-06,0,1
390,normal,window_typing_10000.csv,0,7.820310202077962e-06,0,1
391,normal,window_typing_10000.csv,0,6.8774702413065825e-06,0,1
392,normal,window_typing_10000.csv,0,7.027650099189486e-06,0,1
393,normal,window_typing_10000.csv,0,8.491289008816238e-06,0,1
394,normal,window_typing_10000.csv,0,7.336737780860858e-06,0,1
395,normal,window_typing_10000.csv,0,1.3389921150519513e-05,0,1
396,normal,window_typing_10000.csv,0,1.0917217878159136e-05,0,1
397,normal,window_typing_10000.csv,0,9.186170245811809e-06,0,1
398,normal,window_typing_10000.csv,0,9.60077977651963e-06,0,1
399,normal,window_typing_10000.csv,0,7.975318112585228e-06,0,1
400,normal,window_typing_10000.csv,0,8.946408343035728e-06,0,1
401,normal,window_typing_10000.csv,0,1.0209352694801055e-05,0,1
402,normal,window_typing_10000.csv,0,1.1322383215883747e-05,0,1
403,normal,window_typing_10000.csv,0,1.1060767064918764e-05,0,1
404,normal,window_typing_10000.csv,0,1.0816888789122459e-05,0,1
405,normal,window_typing_10000.csv,0,2.5695986550999805e-05,0,1
406,normal,window_typing_10000.csv,0,3.62510108971037e-05,0,1
407,normal,window_typing_10000.csv,0,2.1661797291017137e-05,0,1
408,normal,window_typing_10000.csv,0,3.254695548093878e-05,0,1
409,normal,window_typing_10000.csv,0,4.302886009099893e-05,0,1
410,normal,window_typing_10000.csv,0,3.050618397537619e-05,0,1
411,normal,window_typing_10000.csv,0,2.3072887415764853e-05,0,1
412,normal,window_typing_10000.csv,0,2.214346568507608e-05,0,1
413,normal,window_typing_10000.csv,0,1.889851046144031e-05,0,1
414,normal,window_typing_10000.csv,0,1.964962029887829e-05,0,1
415,normal,window_typing_10000.csv,0,1.6699877960490994e-05,0,1
416,normal,window_typing_10000.csv,0,1.5170194274105597e-05,0,1
417,normal,window_typing_10000.csv,0,1.5131715372262988e-05,0,1
418,normal,window_typing_10000.csv,0,1.2859504749940243e-05,0,1
419,normal,window_typing_10000.csv,0,1.1421080671425443e-05,0,1
420,normal,window_typing_10000.csv,0,1.1876243661390617e-05,0,1
421,normal,window_typing_10000.csv,0,1.2289157893974334e-05,0,1
422,normal,window_typing_10000.csv,0,1.082570270227734e-05,0,1
423,normal,window_typing_10000.csv,0,9.67937467066804e-06,0,1
424,normal,window_typing_10000.csv,0,9.970002793124877e-06,0,1
425,normal,window_typing_10000.csv,0,9.424545169167686e-06,0,1
426,normal,window_typing_10000.csv,0,9.331889486929867e-06,0,1
427,normal,window_typing_10000.csv,0,9.265355402021669e-06,0,1
428,normal,window_typing_10000.csv,0,8.381701263715513e-06,0,1
429,normal,window_typing_10000.csv,0,9.243845852324739e-06,0,1
430,normal,window_typing_10000.csv,0,8.195111149689183e-06,0,1
431,normal,window_typing_10000.csv,0,8.10313576948829e-06,0,1
432,normal,window_typing_10000.csv,0,7.141233709262451e-06,0,1
433,normal,window_typing_10000.csv,0,7.61998126108665e-06,0,1
434,normal,window_typing_10000.csv,0,8.708973837201484e-06,0,1
435,normal,window_typing_10000.csv,0,8.987137334770523e-06,0,1
436,normal,window_typing_10000.csv,0,8.666471330798231e-06,0,1
437,normal,window_typing_10000.csv,0,1.0190578905167058e-05,0,1
438,normal,window_typing_10000.csv,0,9.901563316816464e-06,0,1
439,normal,window_typing_10000.csv,0,9.631391549191903e-06,0,1
440,normal,window_typing_10000.csv,0,8.568044904677663e-06,0,1
441,normal,window_typing_10000.csv,0,9.492006029176991e-06,0,1
442,normal,window_typing_10000.csv,0,8.65830952534452e-06,0,1
443,normal,window_typing_10000.csv,0,8.820055882097222e-06,0,1
444,normal,window_typing_10000.csv,0,9.285425221605692e-06,0,1
445,normal,window_typing_10000.csv,0,9.332779882242903e-06,0,1
446,normal,window_typing_10000.csv,0,8.21029425424058e-06,0,1
447,normal,window_typing_10000.csv,0,9.313370355812367e-06,0,1
448,normal,window_typing_10000.csv,0,9.925708582159132e-06,0,1
449,normal,window_typing_10000.csv,0,8.89507464307826e-06,0,1
450,normal,window_typing_10000.csv,0,9.286541171604767e-06,0,1
451,normal,window_typing_10000.csv,0,8.687249646754935e-06,0,1
452,normal,window_typing_10000.csv,0,9.348582352686208e-06,0,1
453,normal,window_typing_10000.csv,0,8.39503718452761e-06,0,1
454,normal,window_typing_10000.csv,0,8.911988516047131e-06,0,1
455,normal,window_typing_10000.csv,0,8.273173079942353e-06,0,1
456,normal,window_typing_10000.csv,0,7.74119598645484e-06,0,1
457,normal,window_typing_10000.csv,0,7.334058409469435e-06,0,1
458,normal,window_typing_10000.csv,0,8.07340802566614e-06,0,1
459,normal,window_typing_10000.csv,0,7.600965545861982e-06,0,1
460,normal,window_typing_10000.csv,0,6.838295121269766e-06,0,1
461,normal,window_typing_10000.csv,0,6.910138381499564e-06,0,1
462,normal,window_typing_10000.csv,0,6.803266842325684e-06,0,1
463,normal,window_typing_10000.csv,0,7.5022317105322145e-06,0,1
464,normal,window_typing_10000.csv,0,7.383703632513061e-06,0,1
465,normal,window_typing_10000.csv,0,7.716504114796408e-06,0,1
466,normal,window_typing_10000.csv,0,7.84485564508941e-06,0,1
467,normal,window_typing_10000.csv,0,7.659703442186583e-06,0,1
468,normal,window_typing_10000.csv,0,8.254133717855439e-06,0,1
469,normal,window_typing_10000.csv,0,8.184535545296967e-06,0,1
470,normal,window_typing_10000.csv,0,7.609175554534886e-06,0,1
471,normal,window_typing_10000.csv,0,8.16398642200511e-06,0,1
472,normal,window_typing_10000.csv,0,8.170709406840615e-06,0,1
473,normal,window_typing_10000.csv,0,9.045668775797822e-06,0,1
474,normal,window_typing_10000.csv,0,8.742708814679645e-06,0,1
475,normal,window_typing_10000.csv,0,8.987824003270362e-06,0,1
476,normal,window_typing_10000.csv,0,8.128994522849098e-06,0,1
477,normal,window_typing_10000.csv,0,7.927704245958012e-06,0,1
478,normal,window_typing_10000.csv,0,8.222620635933708e-06,0,1
479,normal,window_typing_10000.csv,0,8.328714102390222e-06,0,1
480,normal,window_typing_10000.csv,0,8.17772433947539e-06,0,1
481,normal,window_typing_10000.csv,0,8.484756108373404e-06,0,1
482,normal,window_typing_10000.csv,0,8.00004545453703e-06,0,1
483,normal,window_typing_10000.csv,0,7.860791811253875e-06,0,1
484,normal,window_typing_10000.csv,0,7.947832273202948e-06,0,1
485,normal,window_typing_10000.csv,0,8.650361451145727e-06,0,1
486,normal,window_typing_10000.csv,0,7.91060574556468e-06,0,1
487,normal,window_typing_10000.csv,0,7.65987169870641e-06,0,1
488,normal,window_typing_10000.csv,0,7.348529834416695e-06,0,1
489,normal,window_typing_10000.csv,0,7.76778870203998e-06,0,1
490,normal,window_typing_10000.csv,0,8.40029042592505e-06,0,1
491,normal,window_typing_10000.csv,0,8.977792276709806e-06,0,1
492,normal,window_typing_10000.csv,0,9.703320756671019e-06,0,1
493,normal,window_typing_10000.csv,0,1.0006075171986595e-05,0,1
494,normal,window_typing_10000.csv,0,1.3823497283738106e-05,0,1
495,normal,window_typing_10000.csv,0,1.577403054398019e-05,0,1
496,normal,window_typing_10000.csv,0,1.8436066966387443e-05,0,1
497,normal,window_typing_10000.csv,0,1.6223326383624226e-05,0,1
498,normal,window_typing_10000.csv,0,1.4986697351559997e-05,0,1
499,normal,window_typing_10000.csv,0,1.5400022675748914e-05,0,1
500,normal,window_typing_10000.csv,0,1.73563548742095e-05,0,1
501,normal,window_typing_10000.csv,0,1.4440033737628255e-05,0,1
502,normal,window_typing_10000.csv,0,1.4968328287068289e-05,0,1
503,normal,window_typing_10000.csv,0,1.3751612641499378e-05,0,1
504,normal,window_typing_10000.csv,0,2.3379056074190885e-05,0,1
505,normal,window_typing_10000.csv,0,1.8174479919252917e-05,0,1
506,normal,window_typing_10000.csv,0,1.3203229173086584e-05,0,1
507,normal,window_typing_10000.csv,0,1.367098684568191e-05,0,1
508,normal,window_typing_10000.csv,0,1.215818974742433e-05,0,1
509,normal,window_typing_10000.csv,0,1.303856242884649e-05,0,1
510,normal,window_typing_10000.csv,0,1.1180960427736863e-05,0,1
511,normal,window_typing_10000.csv,0,1.0651211596268695e-05,0,1
512,normal,window_typing_10000.csv,0,9.471037628827617e-06,0,1
513,normal,window_typing_10000.csv,0,9.261971172236372e-06,0,1
514,normal,window_typing_10000.csv,0,8.430948582827114e-06,0,1
515,normal,window_typing_10000.csv,0,8.889697710401379e-06,0,1
516,normal,window_typing_10000.csv,0,7.780622581776697e-06,0,1
517,normal,window_typing_10000.csv,0,8.737200005271006e-06,0,1
518,normal,window_typing_10000.csv,0,8.239087947004009e-06,0,1
519,normal,window_typing_10000.csv,0,8.30324825074058e-06,0,1
520,normal,window_typing_10000.csv,0,9.681682058726437e-06,0,1
521,normal,window_typing_10000.csv,0,1.0696386198105756e-05,0,1
522,normal,window_typing_10000.csv,0,9.547012268740218e-06,0,1
523,normal,window_typing_10000.csv,0,1.0675067642296199e-05,0,1
524,normal,window_typing_10000.csv,0,1.0204291356785689e-05,0,1
525,normal,window_typing_10000.csv,0,1.0464483239047695e-05,0,1
526,normal,window_typing_10000.csv,0,1.0143911822524387e-05,0,1
527,normal,window_typing_10000.csv,0,1.1449020348663907e-05,0,1
528,normal,window_typing_10000.csv,0,9.673301974544302e-06,0,1
529,normal,window_typing_10000.csv,0,1.1350512977514882e-05,0,1
530,normal,window_typing_10000.csv,0,1.0175362149311695e-05,0,1
531,normal,window_typing_10000.csv,0,1.0300431313226e-05,0,1
532,normal,window_typing_10000.csv,0,9.784153917280491e-06,0,1
533,normal,window_typing_10000.csv,0,9.454081009607762e-06,0,1
534,normal,window_typing_10000.csv,0,9.730500096338801e-06,0,1
535,normal,window_typing_10000.csv,0,9.763517482497264e-06,0,1
536,normal,window_typing_10000.csv,0,1.098548909794772e-05,0,1
537,normal,window_typing_10000.csv,0,1.0157464203075506e-05,0,1
538,normal,window_typing_10000.csv,0,9.643781595514156e-06,0,1
539,normal,window_typing_10000.csv,0,1.6891906852833927e-05,0,1
540,normal,window_typing_10000.csv,0,1.1576035831240006e-05,0,1
541,normal,window_typing_10000.csv,0,1.1190646546310745e-05,0,1
542,normal,window_typing_10000.csv,0,1.1356707545928657e-05,0,1
543,normal,window_typing_10000.csv,0,9.05031083675567e-06,0,1
544,normal,window_typing_10000.csv,0,9.972608495445456e-06,0,1
545,normal,window_typing_10000.csv,0,1.3015120202908292e-05,0,1
546,normal,window_typing_10000.csv,0,1.3143429896445014e-05,0,1
547,normal,window_typing_10000.csv,0,1.2496963790908922e-05,0,1
548,normal,window_typing_10000.csv,0,1.173373129859101e-05,0,1
549,normal,window_typing_10000.csv,0,1.2886709555459674e-05,0,1
550,normal,window_typing_10000.csv,0,1.1653572073555551e-05,0,1
551,normal,window_typing_10000.csv,0,1.1454262676124927e-05,0,1
552,normal,window_typing_10000.csv,0,1.1302554412395693e-05,0,1
553,normal,window_typing_10000.csv,0,1.0087948794534896e-05,0,1
554,normal,window_typing_10000.csv,0,9.98565610643709e-06,0,1
555,normal,window_typing_10000.csv,0,1.0012337043008301e-05,0,1
556,normal,window_typing_10000.csv,0,9.91304204944754e-06,0,1
557,normal,window_typing_10000.csv,0,1.0127623681910336e-05,0,1
558,normal,window_typing_10000.csv,0,1.0833075066329911e-05,0,1
559,normal,window_typing_10000.csv,0,1.0642214874678757e-05,0,1
560,normal,window_typing_10000.csv,0,1.0506120815989561e-05,0,1
561,normal,window_typing_10000.csv,0,9.851106369751506e-06,0,1
562,normal,window_typing_10000.csv,0,9.609051630832255e-06,0,1
563,normal,window_typing_10000.csv,0,8.531386811228003e-06,0,1
564,normal,window_typing_10000.csv,0,8.41677774587879e-06,0,1
565,normal,window_typing_10000.csv,0,8.56659153214423e-06,0,1
566,normal,window_typing_10000.csv,0,8.025269380596e-06,0,1
567,normal,window_typing_10000.csv,0,8.183053068933077e-06,0,1
568,normal,window_typing_10000.csv,0,9.71552526607411e-06,0,1
569,normal,window_typing_10000.csv,0,8.02399154054001e-06,0,1
570,normal,window_typing_10000.csv,0,7.510235263907816e-06,0,1
571,normal,window_typing_10000.csv,0,8.634017831354868e-06,0,1
572,normal,window_typing_10000.csv,0,8.008548320503905e-06,0,1
573,normal,window_typing_10000.csv,0,9.255101758753881e-06,0,1
574,normal,window_typing_10000.csv,0,8.292430720757693e-06,0,1
575,normal,window_typing_10000.csv,0,8.562033144698944e-06,0,1
576,normal,window_typing_10000.csv,0,8.40327084006276e-06,0,1
577,normal,window_typing_10000.csv,0,1.031070132739842e-05,0,1
578,normal,window_typing_10000.csv,0,8.52094581205165e-06,0,1
579,normal,window_typing_10000.csv,0,8.550895472581033e-06,0,1
580,normal,window_typing_10000.csv,0,8.205895937862806e-06,0,1
581,normal,window_typing_10000.csv,0,7.858805474825203e-06,0,1
582,normal,window_typing_10000.csv,0,8.96862729860004e-06,0,1
583,normal,window_typing_10000.csv,0,7.841989827284124e-06,0,1
584,normal,window_typing_10000.csv,0,9.39415258471854e-06,0,1
585,normal,window_typing_10000.csv,0,9.051856068253983e-06,0,1
586,normal,window_typing_10000.csv,0,8.902822628442664e-06,0,1
587,normal,window_typing_10000.csv,0,8.187565072148573e-06,0,1
588,normal,window_typing_10000.csv,0,8.421417987847235e-06,0,1
589,normal,window_typing_10000.csv,0,7.702020411670674e-06,0,1
590,normal,window_typing_10000.csv,0,7.612863100803224e-06,0,1
591,normal,window_typing_10000.csv,0,8.482645171170589e-06,0,1
592,normal,window_typing_10000.csv,0,8.004601113498211e-06,0,1
593,normal,window_typing_10000.csv,0,7.278705652424833e-06,0,1
594,normal,window_typing_10000.csv,0,9.339492862636689e-06,0,1
595,normal,window_typing_10000.csv,0,9.58106011239579e-06,0,1
596,normal,window_typing_10000.csv,0,9.50449702941114e-06,0,1
597,normal,window_typing_10000.csv,0,8.838614121486899e-06,0,1
598,normal,window_typing_10000.csv,0,8.262355549959466e-06,0,1
599,normal,window_typing_10000.csv,0,9.224499081028625e-06,0,1
600,normal,window_typing_10000.csv,0,9.905084880301729e-06,0,1
601,normal,window_typing_10000.csv,0,9.0697685664054e-06,0,1
602,normal,window_typing_10000.csv,0,8.788761988398619e-06,0,1
603,normal,window_typing_10000.csv,0,9.218932063959073e-06,0,1
604,normal,window_typing_10000.csv,0,9.979744390875567e-06,0,1
605,normal,window_typing_10000.csv,0,9.378130016557407e-06,0,1
606,normal,window_typing_10000.csv,0,1.037200399878202e-05,0,1
607,normal,window_typing_10000.csv,0,9.7784641184262e-06,0,1
608,normal,window_typing_10000.csv,0,1.0804353223647922e-05,0,1
609,normal,window_typing_10000.csv,0,1.1099950825155247e-05,0,1
610,normal,window_typing_10000.csv,0,1.0802220458572265e-05,0,1
611,normal,window_typing_10000.csv,0,1.0261750503559597e-05,0,1
612,normal,window_typing_10000.csv,0,9.030937690113205e-06,0,1
613,normal,window_typing_10000.csv,0,1.517670534667559e-05,0,1
614,normal,window_typing_10000.csv,0,1.0229906365566421e-05,0,1
615,normal,window_typing_10000.csv,0,8.756227543926798e-06,0,1
616,normal,window_typing_10000.csv,0,8.170709406840615e-06,0,1
617,normal,window_typing_10000.csv,0,7.89304067438934e-06,0,1
618,normal,window_typing_10000.csv,0,7.843096682336181e-06,0,1
619,normal,window_typing_10000.csv,0,1.2114648598071653e-05,0,1
620,normal,window_typing_10000.csv,0,1.489212445449084e-05,0,1
621,normal,window_typing_10000.csv,0,1.314986093348125e-05,0,1
622,normal,window_typing_10000.csv,0,1.2103978406230453e-05,0,1
623,normal,window_typing_10000.csv,0,1.2605204574356321e-05,0,1
624,normal,window_typing_10000.csv,0,1.0532455235079397e-05,0,1
625,normal,window_typing_10000.csv,0,1.227557186211925e-05,0,1
626,normal,window_typing_10000.csv,0,1.3045290870650206e-05,0,1
627,normal,window_typing_10000.csv,0,1.2392371900205035e-05,0,1
628,normal,window_typing_10000.csv,0,1.3631708497996442e-05,0,1
629,normal,window_typing_10000.csv,0,1.2879189853265416e-05,0,1
630,normal,window_typing_10000.csv,0,1.284201516682515e-05,0,1
631,normal,window_typing_10000.csv,0,1.1654038644337561e-05,0,1
632,normal,window_typing_10000.csv,0,1.116332714445889e-05,0,1
633,normal,window_typing_10000.csv,0,1.0296562322764657e-05,0,1
634,normal,window_typing_10000.csv,0,1.0332494639442302e-05,0,1
635,normal,window_typing_10000.csv,0,1.0267037396261003e-05,0,1
636,normal,window_typing_10000.csv,0,9.409592166775838e-06,0,1
637,normal,window_typing_10000.csv,0,9.530147508485243e-06,0,1
638,normal,window_typing_10000.csv,0,9.356225746159907e-06,0,1
639,normal,window_typing_10000.csv,0,8.249608072219416e-06,0,1
640,normal,window_typing_10000.csv,0,8.298514330817852e-06,0,1
641,normal,window_typing_10000.csv,0,7.820958671800327e-06,0,1
642,normal,window_typing_10000.csv,0,7.554030617029639e-06,0,1
643,normal,window_typing_10000.csv,0,8.082050953817088e-06,0,1
644,normal,window_typing_10000.csv,0,7.5190141615166795e-06,0,1
645,normal,window_typing_10000.csv,0,8.108376277959906e-06,0,1
646,normal,window_typing_10000.csv,0,9.312598194810562e-06,0,1
647,normal,window_typing_10000.csv,0,8.811950465315022e-06,0,1
648,normal,window_typing_10000.csv,0,8.153412636602297e-06,0,1
649,normal,window_typing_10000.csv,0,8.273969797301106e-06,0,1
650,normal,window_typing_10000.csv,0,8.256298315245658e-06,0,1
651,normal,window_typing_10000.csv,0,8.708168024895713e-06,0,1
652,normal,window_typing_10000.csv,0,8.359270395885687e-06,0,1
653,normal,window_typing_10000.csv,0,8.831056220515165e-06,0,1
654,normal,window_typing_10000.csv,0,8.689031346875709e-06,0,1
655,normal,window_typing_10000.csv,0,1.074725605576532e-05,0,1
656,normal,window_typing_10000.csv,0,8.887654985301197e-06,0,1
657,normal,window_typing_10000.csv,0,8.732776223041583e-06,0,1
658,normal,window_typing_10000.csv,0,8.4475113908411e-06,0,1
659,normal,window_typing_10000.csv,0,8.355683348781895e-06,0,1
660,normal,window_typing_10000.csv,0,8.562245966459159e-06,0,1
661,normal,window_typing_10000.csv,0,8.619546861154959e-06,0,1
662,normal,window_typing_10000.csv,0,8.370509931410197e-06,0,1
663,normal,window_typing_10000.csv,0,8.16747524368111e-06,0,1
664,normal,window_typing_10000.csv,0,9.887795386021025e-06,0,1
665,normal,window_typing_10000.csv,0,8.600816727266647e-06,0,1
666,normal,window_typing_10000.csv,0,8.09728771855589e-06,0,1
667,normal,window_typing_10000.csv,0,9.674473403720185e-06,0,1
668,normal,window_typing_10000.csv,0,8.792534572421573e-06,0,1
669,normal,window_typing_10000.csv,0,8.711915143067017e-06,0,1
670,normal,window_typing_10000.csv,0,8.683728992764372e-06,0,1
671,normal,window_typing_10000.csv,0,8.177272320608608e-06,0,1
672,normal,window_typing_10000.csv,0,8.212768989324104e-06,0,1
673,normal,window_typing_10000.csv,0,8.37847255752422e-06,0,1
674,normal,window_typing_10000.csv,0,1.0550036677159369e-05,0,1
675,normal,window_typing_10000.csv,0,1.129696101997979e-05,0,1
676,normal,window_typing_10000.csv,0,9.719612535263877e-06,0,1
677,normal,window_typing_10000.csv,0,1.019159026327543e-05,0,1
678,normal,window_typing_10000.csv,0,1.1004404768755194e-05,0,1
679,normal,window_typing_10000.csv,0,9.59462886385154e-06,0,1
680,normal,window_typing_10000.csv,0,1.0159033990930766e-05,0,1
681,normal,window_typing_10000.csv,0,9.861643775366247e-06,0,1
682,normal,window_typing_10000.csv,0,9.66438528848812e-06,0,1
683,normal,window_typing_10000.csv,0,9.640764801588375e-06,0,1
684,normal,window_typing_10000.csv,0,9.475418664806057e-06,0,1
685,normal,window_typing_10000.csv,0,8.692611118021887e-06,0,1
686,normal,window_typing_10000.csv,0,9.116718501900323e-06,0,1
687,normal,window_typing_10000.csv,0,9.036210940394085e-06,0,1
688,normal,window_typing_10000.csv,0,8.763737241679337e-06,0,1
689,normal,window_typing_10000.csv,0,9.783221685211174e-06,0,1
690,normal,window_typing_10000.csv,0,1.0005531294154935e-05,0,1
691,normal,window_typing_10000.csv,0,8.994151357910596e-06,0,1
692,normal,window_typing_10000.csv,0,8.709878784429748e-06,0,1
693,normal,window_typing_10000.csv,0,9.582494385540485e-06,0,1
694,normal,window_typing_10000.csv,0,8.263426934718154e-06,0,1
695,normal,window_typing_10000.csv,0,8.087470632744953e-06,0,1
696,normal,window_typing_10000.csv,0,8.370294381165877e-06,0,1
697,normal,window_typing_10000.csv,0,7.926804755697958e-06,0,1
698,normal,window_typing_10000.csv,0,8.400170372624416e-06,0,1
699,normal,window_typing_10000.csv,0,8.422478458669502e-06,0,1
700,normal,window_typing_10000.csv,0,8.327848263434134e-06,0,1
701,normal,window_typing_10000.csv,0,7.855867806938477e-06,0,1
702,normal,window_typing_10000.csv,0,8.038751730055083e-06,0,1
703,normal,window_typing_10000.csv,0,7.552084753115196e-06,0,1
704,normal,window_typing_10000.csv,0,8.003593393368647e-06,0,1
705,normal,window_typing_10000.csv,0,7.494723377021728e-06,0,1
706,normal,window_typing_10000.csv,0,8.31632405606797e-06,0,1
707,normal,window_typing_10000.csv,0,8.73555018188199e-06,0,1
708,normal,window_typing_10000.csv,0,7.512391221098369e-06,0,1
709,normal,window_typing_10000.csv,0,7.563451617897954e-06,0,1
710,normal,window_typing_10000.csv,0,8.785225872998126e-06,0,1
711,normal,window_typing_10000.csv,0,8.873199476511218e-06,0,1
712,normal,window_typing_10000.csv,0,9.50917547015706e-06,0,1
713,normal,window_typing_10000.csv,0,1.2368923307803925e-05,0,1
714,normal,window_typing_10000.csv,0,1.6457695892313495e-05,0,1
715,normal,window_typing_10000.csv,0,1.7341166312689893e-05,0,1
716,normal,window_typing_10000.csv,0,1.5991245163604617e-05,0,1
717,normal,window_typing_10000.csv,0,1.6982621673378162e-05,0,1
718,normal,window_typing_10000.csv,0,1.8700422515394166e-05,0,1
719,normal,window_typing_10000.csv,0,1.4757168173673563e-05,0,1
720,normal,window_typing_10000.csv,0,1.4518202988256235e-05,0,1
721,normal,window_typing_10000.csv,0,1.4290014405560214e-05,0,1
722,normal,window_typing_10000.csv,0,1.3335200492292643e-05,0,1
723,normal,window_typing_10000.csv,0,1.2576612789416686e-05,0,1
724,normal,window_typing_10000.csv,0,1.1593270755838603e-05,0,1
725,normal,window_typing_10000.csv,0,1.1686860489135142e-05,0,1
726,normal,window_typing_10000.csv,0,1.1184915820194874e-05,0,1
727,normal,window_typing_10000.csv,0,1.2545396202767733e-05,0,1
728,normal,window_typing_10000.csv,0,1.1392928172426764e-05,0,1
729,normal,window_typing_10000.csv,0,1.1112396350654308e-05,0,1
730,normal,window_typing_10000.csv,0,9.553670679451898e-06,0,1
731,normal,window_typing_10000.csv,0,9.300171768700238e-06,0,1
732,normal,window_typing_10000.csv,0,9.714552106743213e-06,0,1
733,normal,window_typing_10000.csv,0,9.00248414836824e-06,0,1
734,normal,window_typing_10000.csv,0,9.268130270356778e-06,0,1
735,normal,window_typing_10000.csv,0,8.133732990245335e-06,0,1
736,normal,window_typing_10000.csv,0,7.950061444716994e-06,0,1
737,normal,window_typing_10000.csv,0,8.188314495782834e-06,0,1
738,normal,window_typing_10000.csv,0,7.902266588644125e-06,0,1
739,normal,window_typing_10000.csv,0,7.999664376256987e-06,0,1
740,normal,window_typing_10000.csv,0,7.2453663051419426e-06,0,1
741,normal,window_typing_10000.csv,0,7.802743311913218e-06,0,1
742,normal,window_typing_10000.csv,0,7.505702797061531e-06,0,1
743,normal,window_typing_10000.csv,0,7.892099347373005e-06,0,1
744,normal,window_typing_10000.csv,0,7.66400080465246e-06,0,1
745,normal,window_typing_10000.csv,0,8.399825674132444e-06,0,1
746,normal,window_typing_10000.csv,0,6.6309066824032925e-06,0,1
747,normal,window_typing_10000.csv,0,6.831274731666781e-06,0,1
748,normal,window_typing_10000.csv,0,8.179362339433283e-06,0,1
749,normal,window_typing_10000.csv,0,7.365178589679999e-06,0,1
750,normal,window_typing_10000.csv,0,7.971037121023983e-06,0,1
751,normal,window_typing_10000.csv,0,7.547636414528824e-06,0,1
752,normal,window_typing_10000.csv,0,8.120255188259762e-06,0,1
753,normal,window_typing_10000.csv,0,7.581628779007588e-06,0,1
754,normal,window_typing_10000.csv,0,9.080067684408277e-06,0,1
755,normal,window_typing_10000.csv,0,8.444548257102724e-06,0,1
756,normal,window_typing_10000.csv,0,8.84827932168264e-06,0,1
757,normal,window_typing_10000.csv,0,8.653883924125694e-06,0,1
758,normal,window_typing_10000.csv,0,9.793180652195588e-06,0,1
759,normal,window_typing_10000.csv,0,8.146813343046233e-06,0,1
760,normal,window_typing_10000.csv,0,1.0623891284922138e-05,0,1
761,normal,window_typing_10000.csv,0,9.315137504017912e-06,0,1
762,normal,window_typing_10000.csv,0,9.022158337756991e-06,0,1
763,normal,window_typing_10000.csv,0,9.049085747392382e-06,0,1
764,normal,window_typing_10000.csv,0,9.32145667320583e-06,0,1
765,normal,window_typing_10000.csv,0,9.614660484658089e-06,0,1
766,normal,window_typing_10000.csv,0,9.248810783901718e-06,0,1
767,normal,window_typing_10000.csv,0,8.983941370388493e-06,0,1
768,normal,window_typing_10000.csv,0,9.745582246978302e-06,0,1
769,normal,window_typing_10000.csv,0,8.734742550586816e-06,0,1
770,normal,window_typing_10000.csv,0,8.681120561959688e-06,0,1
771,normal,window_typing_10000.csv,0,8.326864190166816e-06,0,1
772,normal,window_typing_10000.csv,0,8.6488598753931e-06,0,1
773,normal,window_typing_10000.csv,0,8.626051567262039e-06,0,1
774,normal,window_typing_10000.csv,0,8.704490028321743e-06,0,1
775,normal,window_typing_10000.csv,0,7.628982530150097e-06,0,1
776,normal,window_typing_10000.csv,0,8.363017514056992e-06,0,1
777,normal,window_typing_10000.csv,0,8.813043677946553e-06,0,1
778,normal,window_typing_10000.csv,0,8.450492714473512e-06,0,1
779,normal,window_typing_10000.csv,0,9.463020433031488e-06,0,1
780,normal,window_typing_10000.csv,0,1.0469154403836e-05,0,1
781,normal,window_typing_10000.csv,0,1.0020427907875273e-05,0,1
782,normal,window_typing_10000.csv,0,1.1399209142837208e-05,0,1
783,normal,window_typing_10000.csv,0,1.0480252967681736e-05,0,1
784,normal,window_typing_10000.csv,0,1.0089256647916045e-05,0,1
785,normal,window_typing_10000.csv,0,9.868830602499656e-06,0,1
786,normal,window_typing_10000.csv,0,1.2721972780127544e-05,0,1
787,normal,window_typing_10000.csv,0,1.0868860044865869e-05,0,1
788,normal,window_typing_10000.csv,0,1.0089709576277528e-05,0,1
789,normal,window_typing_10000.csv,0,1.0766592822619714e-05,0,1
790,normal,window_typing_10000.csv,0,1.2330999197729398e-05,0,1
791,normal,window_typing_10000.csv,0,1.2445430002117064e-05,0,1
792,normal,window_typing_10000.csv,0,1.1431248822191264e-05,0,1
793,normal,window_typing_10000.csv,0,1.08206031654845e-05,0,1
794,normal,window_typing_10000.csv,0,1.0360081432736479e-05,0,1
795,normal,window_typing_10000.csv,0,1.067973153112689e-05,0,1
796,normal,window_typing_10000.csv,0,1.0767846106318757e-05,0,1
797,normal,window_typing_10000.csv,0,1.0343949725211132e-05,0,1
798,normal,window_typing_10000.csv,0,1.0253386790282093e-05,0,1
799,normal,window_typing_10000.csv,0,8.340358363057021e-06,0,1
800,normal,window_typing_10000.csv,0,9.782288543647155e-06,0,1
801,normal,window_typing_10000.csv,0,8.855125997797586e-06,0,1
802,normal,window_typing_10000.csv,0,9.936713468050584e-06,0,1
803,normal,window_typing_10000.csv,0,8.42065583128715e-06,0,1
804,normal,window_typing_10000.csv,0,1.0163956176256761e-05,0,1
805,normal,window_typing_10000.csv,0,9.52697610046016e-06,0,1
806,normal,window_typing_10000.csv,0,9.118039997701999e-06,0,1
807,normal,window_typing_10000.csv,0,8.710435395187233e-06,0,1
808,normal,window_typing_10000.csv,0,8.84892051544739e-06,0,1
809,normal,window_typing_10000.csv,0,8.377233825740404e-06,0,1
810,normal,window_typing_10000.csv,0,8.560588867112529e-06,0,1
811,normal,window_typing_10000.csv,0,7.938265298434999e-06,0,1
812,normal,window_typing_10000.csv,0,9.405213859281503e-06,0,1
813,normal,window_typing_10000.csv,0,9.304483683081344e-06,0,1
814,normal,window_typing_10000.csv,0,8.892241567082237e-06,0,1
815,normal,window_typing_10000.csv,0,8.572221304348204e-06,0,1
816,normal,window_typing_10000.csv,0,9.60812576522585e-06,0,1
817,normal,window_typing_10000.csv,0,8.920525942812674e-06,0,1
818,normal,window_typing_10000.csv,0,8.623494068160653e-06,0,1
819,normal,window_typing_10000.csv,0,8.360561878362205e-06,0,1
820,normal,window_typing_10000.csv,0,8.699842510395683e-06,0,1
821,normal,window_typing_10000.csv,0,8.62954038893804e-06,0,1
822,normal,window_typing_10000.csv,0,7.513573109463323e-06,0,1
823,normal,window_typing_10000.csv,0,7.412863396893954e-06,0,1
824,normal,window_typing_10000.csv,0,7.88228317105677e-06,0,1
825,normal,window_typing_10000.csv,0,8.361008440260775e-06,0,1
826,normal,window_typing_10000.csv,0,1.1293030183878727e-05,0,1
827,normal,window_typing_10000.csv,0,1.565977254358586e-05,0,1
828,normal,window_typing_10000.csv,0,1.1216513485123869e-05,0,1
829,normal,window_typing_10000.csv,0,8.026907380553894e-06,0,1
830,normal,window_typing_10000.csv,0,8.471674846077804e-06,0,1
831,normal,window_typing_10000.csv,0,8.73046155902557e-06,0,1
832,normal,window_typing_10000.csv,0,8.422960490861442e-06,0,1
833,normal,window_typing_10000.csv,0,7.688062396482565e-06,0,1
834,normal,window_typing_10000.csv,0,7.942096999613568e-06,0,1
835,normal,window_typing_10000.csv,0,7.866017767810263e-06,0,1
836,normal,window_typing_10000.csv,0,8.453080226900056e-06,0,1
837,normal,window_typing_10000.csv,0,8.072760465438478e-06,0,1
838,normal,window_typing_10000.csv,0,7.4899712672049645e-06,0,1
839,normal,window_typing_10000.csv,0,8.575263564125635e-06,0,1
840,normal,window_typing_10000.csv,0,8.299417459056713e-06,0,1
841,normal,window_typing_10000.csv,0,8.536693712812848e-06,0,1
842,normal,window_typing_10000.csv,0,8.55864527693484e-06,0,1
843,normal,window_typing_10000.csv,0,9.342994417238515e-06,0,1
844,normal,window_typing_10000.csv,0,7.766959242871962e-06,0,1
845,normal,window_typing_10000.csv,0,7.1041113187675364e-06,0,1
846,normal,window_typing_10000.csv,0,8.09797529655043e-06,0,1
847,normal,window_typing_10000.csv,0,8.703435923962388e-06,0,1
848,normal,window_typing_10000.csv,0,8.778291885391809e-06,0,1
849,normal,window_typing_10000.csv,0,8.145461833919398e-06,0,1
850,normal,window_typing_10000.csv,0,1.4227097381080966e-05,0,1
851,normal,window_typing_10000.csv,0,1.0541589290369302e-05,0,1
852,normal,window_typing_10000.csv,0,9.809210496314336e-06,0,1
853,normal,window_typing_10000.csv,0,9.974396562029142e-06,0,1
854,normal,window_typing_10000.csv,0,8.269678801298141e-06,0,1
855,normal,window_typing_10000.csv,0,8.625434020359535e-06,0,1
856,normal,window_typing_10000.csv,0,9.019129720400088e-06,0,1
857,normal,window_typing_10000.csv,0,9.531391697237268e-06,0,1
858,normal,window_typing_10000.csv,0,1.0110022230946925e-05,0,1
859,normal,window_typing_10000.csv,0,1.1263538908679038e-05,0,1
860,normal,window_typing_10000.csv,0,1.2317963410168886e-05,0,1
861,normal,window_typing_10000.csv,0,1.3073087757220492e-05,0,1
862,normal,window_typing_10000.csv,0,1.6635785868857056e-05,0,1
863,normal,window_typing_10000.csv,0,2.2477926904684864e-05,0,1
864,normal,window_typing_10000.csv,0,1.9941509890486486e-05,0,1
865,normal,window_typing_10000.csv,0,2.144805694115348e-05,0,1
866,normal,window_typing_10000.csv,0,2.0896250134683214e-05,0,1
867,normal,window_typing_10000.csv,0,2.2003856429364532e-05,0,1
868,normal,window_typing_10000.csv,0,2.1838726752321236e-05,0,1
869,normal,window_typing_10000.csv,0,1.97984445549082e-05,0,1
870,normal,window_typing_10000.csv,0,2.0863413737970404e-05,0,1
871,normal,window_typing_10000.csv,0,1.937844353960827e-05,0,1
872,normal,window_typing_10000.csv,0,1.7006525013130158e-05,0,1
873,normal,window_typing_10000.csv,0,1.5542947949143127e-05,0,1
874,normal,window_typing_10000.csv,0,1.4056321560929064e-05,0,1
875,normal,window_typing_10000.csv,0,1.5261321095749736e-05,0,1
876,normal,window_typing_10000.csv,0,1.2326507203397341e-05,0,1
877,normal,window_typing_10000.csv,0,1.2356296792859212e-05,0,1
878,normal,window_typing_10000.csv,0,1.1332494068483356e-05,0,1
879,normal,window_typing_10000.csv,0,1.1128026926598977e-05,0,1
880,normal,window_typing_10000.csv,0,1.0248411854263395e-05,0,1
881,normal,window_typing_10000.csv,0,9.31438262341544e-06,0,1
882,normal,window_typing_10000.csv,0,9.358189345221035e-06,0,1
883,normal,window_typing_10000.csv,0,1.0229156032437459e-05,0,1
884,normal,window_typing_10000.csv,0,9.890096407616511e-06,0,1
885,normal,window_typing_10000.csv,0,9.447961019759532e-06,0,1
886,normal,window_typing_10000.csv,0,8.413751857005991e-06,0,1
887,normal,window_typing_10000.csv,0,8.94665572559461e-06,0,1
888,normal,window_typing_10000.csv,0,8.893123776942957e-06,0,1
889,normal,window_typing_10000.csv,0,7.932711014291272e-06,0,1
890,normal,window_typing_10000.csv,0,8.059868378040846e-06,0,1
891,normal,window_typing_10000.csv,0,9.642492841521744e-06,0,1
892,normal,window_typing_10000.csv,0,8.835361768433359e-06,0,1
893,normal,window_typing_10000.csv,0,8.37637981021544e-06,0,1
894,normal,window_typing_10000.csv,0,7.79737274569925e-06,0,1
895,normal,window_typing_10000.csv,0,7.963697498780675e-06,0,1
896,normal,window_typing_10000.csv,0,7.835247743059881e-06,0,1
897,normal,window_typing_10000.csv,0,8.045744834817015e-06,0,1
898,normal,window_typing_10000.csv,0,7.4499143920547795e-06,0,1
899,normal,window_typing_10000.csv,0,7.042430297587998e-06,0,1
900,normal,window_typing_10000.csv,0,7.88736724643968e-06,0,1
901,normal,window_typing_10000.csv,0,8.11316476756474e-06,0,1
902,normal,window_typing_10000.csv,0,7.976314918778371e-06,0,1
903,normal,window_typing_10000.csv,0,8.035278369789012e-06,0,1
904,normal,window_typing_10000.csv,0,8.674955097376369e-06,0,1
905,normal,window_typing_10000.csv,0,8.125313797791023e-06,0,1
906,normal,window_typing_10000.csv,0,7.706010364927351e-06,0,1
907,normal,window_typing_10000.csv,0,7.47514332033461e-06,0,1
908,normal,window_typing_10000.csv,0,8.787437764112838e-06,0,1
909,normal,window_typing_10000.csv,0,1.2205950952193234e-05,0,1
910,normal,window_typing_10000.csv,0,1.3550984476751182e-05,0,1
911,normal,window_typing_10000.csv,0,1.2571241313708015e-05,0,1
912,normal,window_typing_10000.csv,0,1.8202961655333638e-05,0,1
913,normal,window_typing_10000.csv,0,1.3934051821706817e-05,0,1
914,normal,window_typing_10000.csv,0,1.2289661754039116e-05,0,1
915,normal,window_typing_10000.csv,0,1.2340845387370791e-05,0,1
916,normal,window_typing_10000.csv,0,1.0916488463408314e-05,0,1
917,normal,window_typing_10000.csv,0,1.2263226381037384e-05,0,1
918,normal,window_typing_10000.csv,0,1.1438499313953798e-05,0,1
919,normal,window_typing_10000.csv,0,1.3851379662810359e-05,0,1
920,normal,window_typing_10000.csv,0,1.218923534906935e-05,0,1
921,normal,window_typing_10000.csv,0,1.2905341463920195e-05,0,1
922,normal,window_typing_10000.csv,0,1.1389831342967227e-05,0,1
923,normal,window_typing_10000.csv,0,1.2544930541480426e-05,0,1
924,normal,window_typing_10000.csv,0,1.1182154594280291e-05,0,1
925,normal,window_typing_10000.csv,0,1.0912585821643006e-05,0,1
926,normal,window_typing_10000.csv,0,9.50871344684856e-06,0,1
927,normal,window_typing_10000.csv,0,9.985694305214565e-06,0,1
928,normal,window_typing_10000.csv,0,9.290855814469978e-06,0,1
929,normal,window_typing_10000.csv,0,9.813729775487445e-06,0,1
930,normal,window_typing_10000.csv,0,8.422141036135145e-06,0,1
931,normal,window_typing_10000.csv,0,8.49796379043255e-06,0,1
932,normal,window_typing_10000.csv,0,8.013086699065752e-06,0,1
933,normal,window_typing_10000.csv,0,7.483431090804515e-06,0,1
934,normal,window_typing_10000.csv,0,7.867361091484781e-06,0,1
935,normal,window_typing_10000.csv,0,8.399793841817882e-06,0,1
936,normal,window_typing_10000.csv,0,8.641406566312071e-06,0,1
937,normal,window_typing_10000.csv,0,8.050711585383397e-06,0,1
938,normal,window_typing_10000.csv,0,7.537781584687764e-06,0,1
939,normal,window_typing_10000.csv,0,7.917979928606655e-06,0,1
940,normal,window_typing_10000.csv,0,7.810947863617912e-06,0,1
941,normal,window_typing_10000.csv,0,7.345971425820608e-06,0,1
942,normal,window_typing_10000.csv,0,7.830250069673639e-06,0,1
943,normal,window_typing_10000.csv,0,7.3524688559700735e-06,0,1
944,normal,window_typing_10000.csv,0,7.670149898331147e-06,0,1
945,normal,window_typing_10000.csv,0,8.100640116026625e-06,0,1
946,normal,window_typing_10000.csv,0,8.505018740834203e-06,0,1
947,normal,window_typing_10000.csv,0,7.79588572186185e-06,0,1
948,normal,window_typing_10000.csv,0,1.3467321878124494e-05,0,1
949,normal,window_typing_10000.csv,0,9.786011105461512e-06,0,1
950,normal,window_typing_10000.csv,0,8.867877113516442e-06,0,1
951,normal,window_typing_10000.csv,0,9.295038580603432e-06,0,1
952,normal,window_typing_10000.csv,0,7.71718805481214e-06,0,1
953,normal,window_typing_10000.csv,0,8.207210157706868e-06,0,1
954,normal,window_typing_10000.csv,0,9.590841727913357e-06,0,1
955,normal,window_typing_10000.csv,0,1.0390190254838672e-05,0,1
956,normal,window_typing_10000.csv,0,1.0329164979339112e-05,0,1
957,normal,window_typing_10000.csv,0,1.076116313925013e-05,0,1
958,normal,window_typing_10000.csv,0,1.2444421372492798e-05,0,1
959,normal,window_typing_10000.csv,0,1.2522456927399617e-05,0,1
960,normal,window_typing_10000.csv,0,1.2252390661160462e-05,0,1
961,normal,window_typing_10000.csv,0,1.0557031600910705e-05,0,1
962,normal,window_typing_10000.csv,0,1.0042594112746883e-05,0,1
963,normal,window_typing_10000.csv,0,1.0000084330386017e-05,0,1
964,normal,window_typing_10000.csv,0,9.156573469226714e-06,0,1
965,normal,window_typing_10000.csv,0,1.1167245247634128e-05,0,1
966,normal,window_typing_10000.csv,0,1.04680766526144e-05,0,1
967,normal,window_typing_10000.csv,0,9.88910596788628e-06,0,1
968,normal,window_typing_10000.csv,0,1.0754411960078869e-05,0,1
969,normal,window_typing_10000.csv,0,9.82909114100039e-06,0,1
970,normal,window_typing_10000.csv,0,9.470431905356236e-06,0,1
971,normal,window_typing_10000.csv,0,1.0638126695994288e-05,0,1
972,normal,window_typing_10000.csv,0,9.398418114869855e-06,0,1
973,normal,window_typing_10000.csv,0,9.478184438194148e-06,0,1
974,normal,window_typing_10000.csv,0,8.928220267989673e-06,0,1
975,normal,window_typing_10000.csv,0,8.874611921783071e-06,0,1
976,normal,window_typing_10000.csv,0,9.55931955104461e-06,0,1
977,normal,window_typing_10000.csv,0,9.609160770196468e-06,0,1
978,normal,window_typing_10000.csv,0,1.1573552001209464e-05,0,1
979,normal,window_typing_10000.csv,0,1.6651769328746013e-05,0,1
980,normal,window_typing_10000.csv,0,1.6544150639674626e-05,0,1
981,normal,window_typing_10000.csv,0,1.603453711140901e-05,0,1
982,normal,window_typing_10000.csv,0,1.6493093426106498e-05,0,1
983,normal,window_typing_10000.csv,0,1.6663492715451866e-05,0,1
984,normal,window_typing_10000.csv,0,1.5401930795633234e-05,0,1
985,normal,window_typing_10000.csv,0,1.5076290765136946e-05,0,1
986,normal,window_typing_10000.csv,0,1.5641473510186188e-05,0,1
987,normal,window_typing_10000.csv,0,1.5177067325566895e-05,0,1
988,normal,window_typing_10000.csv,0,1.7100313925766386e-05,0,1
989,normal,window_typing_10000.csv,0,1.679806155152619e-05,0,1
990,normal,window_typing_10000.csv,0,1.4267927326727659e-05,0,1
991,normal,window_typing_10000.csv,0,1.412583515048027e-05,0,1
992,normal,window_typing_10000.csv,0,1.3035802112426609e-05,0,1
993,normal,window_typing_10000.csv,0,1.2414266166160814e-05,0,1
994,normal,window_typing_10000.csv,0,1.0463604667165782e-05,0,1
995,normal,window_typing_10000.csv,0,1.0386702342657372e-05,0,1
996,normal,window_typing_10000.csv,0,1.0028429642261472e-05,0,1
997,normal,window_typing_10000.csv,0,1.1362709301465657e-05,0,1
998,normal,window_typing_10000.csv,0,9.298079021391459e-06,0,1
999,normal,window_typing_10000.csv,0,9.426667020306922e-06,0,1
1000,normal,window_typing_10000.csv,0,8.208095096051693e-06,0,1
1001,normal,window_typing_10000.csv,0,8.310156772495247e-06,0,1
1002,normal,window_typing_10000.csv,0,8.195126611099113e-06,0,1
1003,normal,window_typing_10000.csv,0,8.057239938352723e-06,0,1
1004,normal,window_typing_10000.csv,0,8.129382877086755e-06,0,1
1005,normal,window_typing_10000.csv,0,8.745428203837946e-06,0,1
1006,normal,window_typing_10000.csv,0,1.3562476851802785e-05,0,1
1007,normal,window_typing_10000.csv,0,1.382075424771756e-05,0,1
1008,normal,window_typing_10000.csv,0,1.1562256077013444e-05,0,1
1009,normal,window_typing_10000.csv,0,8.551955033908598e-06,0,1
1010,normal,window_typing_10000.csv,0,8.378376151085831e-06,0,1
1011,normal,window_typing_10000.csv,0,8.037631232582498e-06,0,1
1012,normal,window_typing_10000.csv,0,8.257337867689785e-06,0,1
1013,normal,window_typing_10000.csv,0,7.640895091753919e-06,0,1
1014,normal,window_typing_10000.csv,0,8.830609658616595e-06,0,1
1015,normal,window_typing_10000.csv,0,7.908765837782994e-06,0,1
1016,normal,window_typing_10000.csv,0,7.736575753369834e-06,0,1
1017,normal,window_typing_10000.csv,0,8.416176569880918e-06,0,1
1018,normal,window_typing_10000.csv,0,1.4048641787667293e-05,0,1
1019,normal,window_typing_10000.csv,0,1.65206420206232e-05,0,1
1020,normal,window_typing_10000.csv,0,1.576067734276876e-05,0,1
1021,normal,window_typing_10000.csv,0,1.6726462490623817e-05,0,1
1022,normal,window_typing_10000.csv,0,1.5381072444142774e-05,0,1
1023,normal,window_typing_10000.csv,0,1.6218546079471707e-05,0,1
1024,normal,window_typing_10000.csv,0,2.1270072465995327e-05,0,1
1025,normal,window_typing_10000.csv,0,1.6103695088531822e-05,0,1
1026,normal,window_typing_10000.csv,0,1.3663596291735303e-05,0,1
1027,normal,window_typing_10000.csv,0,1.4520459444611333e-05,0,1
1028,normal,window_typing_10000.csv,0,1.3910062079958152e-05,0,1
1029,normal,window_typing_10000.csv,0,1.2265508303244133e-05,0,1
1030,normal,window_typing_10000.csv,0,1.146310296462616e-05,0,1
1031,normal,window_typing_10000.csv,0,1.2390232768666465e-05,0,1
1032,normal,window_typing_10000.csv,0,1.1738879038603045e-05,0,1
1033,normal,window_typing_10000.csv,0,1.1107977115898393e-05,0,1
1034,normal,window_typing_10000.csv,0,1.0218431270914152e-05,0,1
1035,normal,window_typing_10000.csv,0,1.0201401892118156e-05,0,1
1036,normal,window_typing_10000.csv,0,9.559329555486329e-06,0,1
1037,normal,window_typing_10000.csv,0,8.793633242021315e-06,0,1
1038,normal,window_typing_10000.csv,0,8.476159564452246e-06,0,1
1039,normal,window_typing_10000.csv,0,8.086884918157011e-06,0,1
1040,normal,window_typing_10000.csv,0,7.791708412696607e-06,0,1
1041,normal,window_typing_10000.csv,0,7.563747658423381e-06,0,1
1042,normal,window_typing_10000.csv,0,8.22658148535993e-06,0,1
1043,normal,window_typing_10000.csv,0,7.393687155854423e-06,0,1
1044,normal,window_typing_10000.csv,0,7.621565600857139e-06,0,1
1045,normal,window_typing_10000.csv,0,7.065396403049817e-06,0,1
1046,normal,window_typing_10000.csv,0,7.77030800236389e-06,0,1
1047,normal,window_typing_10000.csv,0,8.23920618131524e-06,0,1
1048,normal,window_typing_10000.csv,0,7.065510999382241e-06,0,1
1049,normal,window_typing_10000.csv,0,7.43542796044494e-06,0,1
1050,normal,window_typing_10000.csv,0,8.049660209508147e-06,0,1
1051,normal,window_typing_10000.csv,0,9.887955457088538e-06,0,1
1052,normal,window_typing_10000.csv,0,1.1773052392527461e-05,0,1
1053,normal,window_typing_10000.csv,0,1.5100189557415433e-05,0,1
1054,normal,window_typing_10000.csv,0,1.6575277186348103e-05,0,1
1055,normal,window_typing_10000.csv,0,1.72339550772449e-05,0,1
1056,normal,window_typing_10000.csv,0,1.6609108570264652e-05,0,1
1057,normal,window_typing_10000.csv,0,1.5262296074070036e-05,0,1
1058,normal,window_typing_10000.csv,0,1.6506501197000034e-05,0,1
1059,normal,window_typing_10000.csv,0,1.6678151951055042e-05,0,1
1060,normal,window_typing_10000.csv,0,1.997182880586479e-05,0,1
1061,normal,window_typing_10000.csv,0,1.7128257240983658e-05,0,1
1062,normal,window_typing_10000.csv,0,1.7323643987765536e-05,0,1
1063,normal,window_typing_10000.csv,0,1.5233213161991443e-05,0,1
1064,normal,window_typing_10000.csv,0,1.49327834151336e-05,0,1
1065,normal,window_typing_10000.csv,0,1.4706674846820533e-05,0,1
1066,normal,window_typing_10000.csv,0,1.2707397218036931e-05,0,1
1067,normal,window_typing_10000.csv,0,1.1885172170877922e-05,0,1
1068,normal,window_typing_10000.csv,0,1.01334017017507e-05,0,1
1069,normal,window_typing_10000.csv,0,1.764533226378262e-05,0,1
1070,normal,window_typing_10000.csv,0,1.2149624126323033e-05,0,1
1071,normal,window_typing_10000.csv,0,9.310599125456065e-06,0,1
1072,normal,window_typing_10000.csv,0,9.938846233126242e-06,0,1
1073,normal,window_typing_10000.csv,0,9.179970220429823e-06,0,1
1074,normal,window_typing_10000.csv,0,1.0720978025346994e-05,0,1
1075,normal,window_typing_10000.csv,0,1.0673764336388558e-05,0,1
1076,normal,window_typing_10000.csv,0,1.0504327292437665e-05,0,1
1077,normal,window_typing_10000.csv,0,9.676052286522463e-06,0,1
1078,normal,window_typing_10000.csv,0,1.0283451047143899e-05,0,1
1079,normal,window_typing_10000.csv,0,1.1916075891349465e-05,0,1
1080,normal,window_typing_10000.csv,0,1.4251880202209577e-05,0,1
1081,normal,window_typing_10000.csv,0,1.5930161680444144e-05,0,1
1082,normal,window_typing_10000.csv,0,1.5507903299294412e-05,0,1
1083,normal,window_typing_10000.csv,0,1.7597169062355533e-05,0,1
1084,normal,window_typing_10000.csv,0,1.6935782696236856e-05,0,1
1085,normal,window_typing_10000.csv,0,1.4987069334893022e-05,0,1
1086,normal,window_typing_10000.csv,0,1.9399170923861675e-05,0,1
1087,normal,window_typing_10000.csv,0,1.603764212632086e-05,0,1
1088,normal,window_typing_10000.csv,0,1.4332172213471495e-05,0,1
1089,normal,window_typing_10000.csv,0,1.375922147417441e-05,0,1
1090,normal,window_typing_10000.csv,0,1.2998212696402334e-05,0,1
1091,normal,window_typing_10000.csv,0,1.2029317986161914e-05,0,1
1092,normal,window_typing_10000.csv,0,1.3187600416131318e-05,0,1
1093,normal,window_typing_10000.csv,0,1.1658908078970853e-05,0,1
1094,normal,window_typing_10000.csv,0,1.2504331607487984e-05,0,1
1095,normal,window_typing_10000.csv,0,1.2610986232175492e-05,0,1
1096,normal,window_typing_10000.csv,0,1.143635108746821e-05,0,1
1097,normal,window_typing_10000.csv,0,1.0241132258670405e-05,0,1
1098,normal,window_typing_10000.csv,0,1.095912102755392e-05,0,1
1099,normal,window_typing_10000.csv,0,9.53914877754869e-06,0,1
1100,normal,window_typing_10000.csv,0,9.008374945551623e-06,0,1
1101,normal,window_typing_10000.csv,0,9.35710977501003e-06,0,1
1102,normal,window_typing_10000.csv,0,8.641819476906676e-06,0,1
1103,normal,window_typing_10000.csv,0,8.340310159837827e-06,0,1
1104,normal,window_typing_10000.csv,0,8.32329078548355e-06,0,1
1105,normal,window_typing_10000.csv,0,9.24344112718245e-06,0,1
1106,normal,window_typing_10000.csv,0,9.662329830462113e-06,0,1
1107,normal,window_typing_10000.csv,0,8.570112186134793e-06,0,1
1108,normal,window_typing_10000.csv,0,7.67044912208803e-06,0,1
1109,normal,window_typing_10000.csv,0,9.232489901478402e-06,0,1
1110,normal,window_typing_10000.csv,0,8.241202522185631e-06,0,1
1111,normal,window_typing_10000.csv,0,8.284802788693924e-06,0,1
1112,normal,window_typing_10000.csv,0,8.336406608577818e-06,0,1
1113,normal,window_typing_10000.csv,0,8.332662218890619e-06,0,1
1114,normal,window_typing_10000.csv,0,7.858602657506708e-06,0,1
1115,normal,window_typing_10000.csv,0,7.96708536654478e-06,0,1
1116,normal,window_typing_10000.csv,0,8.188314495782834e-06,0,1
1117,normal,window_typing_10000.csv,0,8.73592489369912e-06,0,1
1118,normal,window_typing_10000.csv,0,8.03507191449171e-06,0,1
1119,normal,window_typing_10000.csv,0,7.391635790554574e-06,0,1
1120,normal,window_typing_10000.csv,0,7.100142283888999e-06,0,1
1121,normal,window_typing_10000.csv,0,7.612028184666997e-06,0,1
1122,normal,window_typing_10000.csv,0,7.550500868092058e-06,0,1
1123,normal,window_typing_10000.csv,0,7.485751211788738e-06,0,1
1124,normal,window_typing_10000.csv,0,8.618823812867049e-06,0,1
1125,normal,window_typing_10000.csv,0,9.80824825091986e-06,0,1
1126,normal,window_typing_10000.csv,0,9.93247886071913e-06,0,1
1127,normal,window_typing_10000.csv,0,1.1031693247787189e-05,0,1
1128,normal,window_typing_10000.csv,0,9.83962308964692e-06,0,1
1129,normal,window_typing_10000.csv,0,1.7226329873665236e-05,0,1
1130,normal,window_typing_10000.csv,0,1.2525790225481614e-05,0,1
1131,normal,window_typing_10000.csv,0,1.1820977306342684e-05,0,1
1132,normal,window_typing_10000.csv,0,1.0026267773355357e-05,0,1
1133,normal,window_typing_10000.csv,0,1.0039385415439028e-05,0,1
1134,normal,window_typing_10000.csv,0,9.768658856046386e-06,0,1
1135,normal,window_typing_10000.csv,0,1.165136018244084e-05,0,1
1136,normal,window_typing_10000.csv,0,1.3637873053085059e-05,0,1
1137,normal,window_typing_10000.csv,0,1.5718544091214426e-05,0,1
1138,normal,window_typing_10000.csv,0,1.4836542504781391e-05,0,1
1139,normal,window_typing_10000.csv,0,1.4511821973428596e-05,0,1
1140,normal,window_typing_10000.csv,0,1.3592661161965225e-05,0,1
1141,normal,window_typing_10000.csv,0,1.3527885130315553e-05,0,1
1142,normal,window_typing_10000.csv,0,1.4730664588569198e-05,0,1
1143,normal,window_typing_10000.csv,0,1.4602988812839612e-05,0,1
1144,normal,window_typing_10000.csv,0,1.6480327758472413e-05,0,1
1145,normal,window_typing_10000.csv,0,1.8120035747415386e-05,0,1
1146,normal,window_typing_10000.csv,0,1.73677944985684e-05,0,1
1147,normal,window_typing_10000.csv,0,1.3617299373436254e-05,0,1
1148,normal,window_typing_10000.csv,0,1.3825302630721126e-05,0,1
1149,normal,window_typing_10000.csv,0,1.2164012332505081e-05,0,1
1150,normal,window_typing_10000.csv,0,1.1923100828425959e-05,0,1
1151,normal,window_typing_10000.csv,0,1.2615341802302282e-05,0,1
1152,normal,window_typing_10000.csv,0,1.0624367860145867e-05,0,1
1153,normal,window_typing_10000.csv,0,1.0529863175179344e-05,0,1
1154,normal,window_typing_10000.csv,0,9.566689186613075e-06,0,1
1155,normal,window_typing_10000.csv,0,9.45019655773649e-06,0,1
1156,normal,window_typing_10000.csv,0,8.619966138212476e-06,0,1
1157,normal,window_typing_10000.csv,0,8.881851499609184e-06,0,1
1158,normal,window_typing_10000.csv,0,1.0858054338314105e-05,0,1
1159,normal,window_typing_10000.csv,0,9.563286766933743e-06,0,1
1160,normal,window_typing_10000.csv,0,1.4333525541587733e-05,0,1
1161,normal,window_typing_10000.csv,0,1.0465012564964127e-05,0,1
1162,normal,window_typing_10000.csv,0,8.73785847943509e-06,0,1
1163,normal,window_typing_10000.csv,0,8.420808626397047e-06,0,1
1164,normal,window_typing_10000.csv,0,8.571281796321273e-06,0,1
1165,normal,window_typing_10000.csv,0,8.26400992082199e-06,0,1
1166,normal,window_typing_10000.csv,0,7.878540600358974e-06,0,1
1167,normal,window_typing_10000.csv,0,8.571772013965528e-06,0,1
1168,normal,window_typing_10000.csv,0,1.1098404684162233e-05,0,1
1169,normal,window_typing_10000.csv,0,8.947679816628806e-06,0,1
1170,normal,window_typing_10000.csv,0,9.056924682226963e-06,0,1
1171,normal,window_typing_10000.csv,0,8.57894428918371e-06,0,1
1172,normal,window_typing_10000.csv,0,9.168343240162358e-06,0,1
1173,normal,window_typing_10000.csv,0,8.508514838467818e-06,0,1
1174,normal,window_typing_10000.csv,0,1.0318747627025004e-05,0,1
1175,normal,window_typing_10000.csv,0,1.2585394870257005e-05,0,1
1176,normal,window_typing_10000.csv,0,1.434040314052254e-05,0,1
1177,normal,window_typing_10000.csv,0,1.7836120605352335e-05,0,1
1178,normal,window_typing_10000.csv,0,1.8253060261486098e-05,0,1
1179,normal,window_typing_10000.csv,0,1.6575088011450134e-05,0,1
1180,normal,window_typing_10000.csv,0,1.4234045920602512e-05,0,1
1181,normal,window_typing_10000.csv,0,1.6726286048651673e-05,0,1
1182,normal,window_typing_10000.csv,0,1.4828112398390658e-05,0,1
1183,normal,window_typing_10000.csv,0,1.4664883565274067e-05,0,1
1184,normal,window_typing_10000.csv,0,1.796505785023328e-05,0,1
1185,normal,window_typing_10000.csv,0,1.8584418285172433e-05,0,1
1186,normal,window_typing_10000.csv,0,1.5508079741266556e-05,0,1
1187,normal,window_typing_10000.csv,0,1.555154813104309e-05,0,1
1188,normal,window_typing_10000.csv,0,1.50764208228793e-05,0,1
1189,normal,window_typing_10000.csv,0,1.3717557521886192e-05,0,1
1190,normal,window_typing_10000.csv,0,1.1515817277540918e-05,0,1
1191,normal,window_typing_10000.csv,0,1.3085810678603593e-05,0,1
1192,normal,window_typing_10000.csv,0,1.1740155969164334e-05,0,1
1193,normal,window_typing_10000.csv,0,1.0304401257599238e-05,0,1
1194,normal,window_typing_10000.csv,0,9.670332474343013e-06,0,1
1195,normal,window_typing_10000.csv,0,9.507089089311194e-06,0,1
1196,normal,window_typing_10000.csv,0,1.017944759951206e-05,0,1
1197,normal,window_typing_10000.csv,0,8.298293323605321e-06,0,1
1198,normal,window_typing_10000.csv,0,8.018514563445933e-06,0,1
1199,normal,window_typing_10000.csv,0,9.626927749195602e-06,0,1
1200,normal,window_typing_10000.csv,0,1.3959469470137265e-05,0,1
1201,normal,window_typing_10000.csv,0,1.395943127135979e-05,0,1
1202,normal,window_typing_10000.csv,0,1.3179440429667011e-05,0,1
1203,normal,window_typing_10000.csv,0,1.433333454770036e-05,0,1
1204,normal,window_typing_10000.csv,0,1.4740584447281435e-05,0,1
1205,normal,window_typing_10000.csv,0,1.6017038433346897e-05,0,1
1206,normal,window_typing_10000.csv,0,1.4119599654804915e-05,0,1
1207,normal,window_typing_10000.csv,0,1.3814469639328308e-05,0,1
1208,normal,window_typing_10000.csv,0,1.2585659533215221e-05,0,1
1209,normal,window_typing_10000.csv,0,1.3205886716605164e-05,0,1
1210,normal,window_typing_10000.csv,0,1.2390244592097588e-05,0,1
1211,normal,window_typing_10000.csv,0,1.2080960914317984e-05,0,1
1212,normal,window_typing_10000.csv,0,1.2426608918758575e-05,0,1
1213,normal,window_typing_10000.csv,0,1.2562421034090221e-05,0,1
1214,normal,window_typing_10000.csv,0,1.0258511792926583e-05,0,1
1215,normal,window_typing_10000.csv,0,1.0022912647400517e-05,0,1
1216,normal,window_typing_10000.csv,0,1.0082861081173178e-05,0,1
1217,normal,window_typing_10000.csv,0,8.956499186751898e-06,0,1
1218,normal,window_typing_10000.csv,0,9.073462933884002e-06,0,1
1219,normal,window_typing_10000.csv,0,9.133008461503778e-06,0,1
1220,normal,window_typing_10000.csv,0,8.853749022819102e-06,0,1
1221,normal,window_typing_10000.csv,0,7.954952707223129e-06,0,1
1222,normal,window_typing_10000.csv,0,8.821150004223455e-06,0,1
1223,normal,window_typing_10000.csv,0,8.369599527213722e-06,0,1
1224,normal,window_typing_10000.csv,0,8.18907210486941e-06,0,1
1225,normal,window_typing_10000.csv,0,8.690688446222339e-06,0,1
1226,normal,window_typing_10000.csv,0,8.000518391781952e-06,0,1
1227,normal,window_typing_10000.csv,0,8.139428246067837e-06,0,1
1228,normal,window_typing_10000.csv,0,7.340222964558052e-06,0,1
1229,normal,window_typing_10000.csv,0,7.3170258474419825e-06,0,1
1230,normal,window_typing_10000.csv,0,9.315876013715751e-06,0,1
1231,normal,window_typing_10000.csv,0,8.15694329503458e-06,0,1
1232,normal,window_typing_10000.csv,0,8.393500138481613e-06,0,1
1233,normal,window_typing_10000.csv,0,7.653052307432517e-06,0,1
1234,normal,window_typing_10000.csv,0,8.272013474197593e-06,0,1
1235,normal,window_typing_10000.csv,0,7.526116405642824e-06,0,1
1236,normal,window_typing_10000.csv,0,8.750850611249916e-06,0,1
1237,normal,window_typing_10000.csv,0,7.82286861067405e-06,0,1
1238,normal,window_typing_10000.csv,0,7.318728876271052e-06,0,1
1239,normal,window_typing_10000.csv,0,8.403703759540804e-06,0,1
1240,normal,window_typing_10000.csv,0,8.471771252516191e-06,0,1
1241,normal,window_typing_10000.csv,0,7.862883649067953e-06,0,1
1242,normal,window_typing_10000.csv,0,9.386352758156136e-06,0,1
1243,normal,window_typing_10000.csv,0,8.585689101892058e-06,0,1
1244,normal,window_typing_10000.csv,0,1.403771329933079e-05,0,1
1245,normal,window_typing_10000.csv,0,1.0764920261863153e-05,0,1
1246,normal,window_typing_10000.csv,0,8.164375685737468e-06,0,1
1247,normal,window_typing_10000.csv,0,1.1051857654820196e-05,0,1
1248,normal,window_typing_10000.csv,0,1.0267458492307924e-05,0,1
1249,normal,window_typing_10000.csv,0,8.98256985237822e-06,0,1
1250,normal,window_typing_10000.csv,0,8.317783795064315e-06,0,1
1251,normal,window_typing_10000.csv,0,8.851385246089194e-06,0,1
1252,normal,window_typing_10000.csv,0,8.860210982675198e-06,0,1
1253,normal,window_typing_10000.csv,0,9.880423931463156e-06,0,1
1254,normal,window_typing_10000.csv,0,1.0266870958730578e-05,0,1
1255,normal,window_typing_10000.csv,0,1.0048122021544259e-05,0,1
1256,normal,window_typing_10000.csv,0,1.0231663509330247e-05,0,1
1257,normal,window_typing_10000.csv,0,1.092624916054774e-05,0,1
1258,normal,window_typing_10000.csv,0,9.874894203676376e-06,0,1
1259,normal,window_typing_10000.csv,0,9.658056114858482e-06,0,1
1260,normal,window_typing_10000.csv,0,9.386835699842777e-06,0,1
1261,normal,window_typing_10000.csv,0,9.371943633595947e-06,0,1
1262,normal,window_typing_10000.csv,0,9.744680028234143e-06,0,1
1263,normal,window_typing_10000.csv,0,9.269738256989513e-06,0,1
1264,normal,window_typing_10000.csv,0,8.833415449771564e-06,0,1
1265,normal,window_typing_10000.csv,0,8.463010090054013e-06,0,1
1266,normal,window_typing_10000.csv,0,8.356329090020154e-06,0,1
1267,normal,window_typing_10000.csv,0,7.932695552881341e-06,0,1
1268,normal,window_typing_10000.csv,0,8.344893103640061e-06,0,1
1269,normal,window_typing_10000.csv,0,8.589136086811777e-06,0,1
1270,normal,window_typing_10000.csv,0,8.44933219923405e-06,0,1
1271,normal,window_typing_10000.csv,0,9.503544788458385e-06,0,1
1272,normal,window_typing_10000.csv,0,8.265854376077186e-06,0,1
1273,normal,window_typing_10000.csv,0,9.23803963814862e-06,0,1
1274,normal,window_typing_10000.csv,0,8.129592060868163e-06,0,1
1275,normal,window_typing_10000.csv,0,7.97478605818469e-06,0,1
1276,normal,window_typing_10000.csv,0,7.3597225309640635e-06,0,1
1277,normal,window_typing_10000.csv,0,9.764914466359187e-06,0,1
1278,normal,window_typing_10000.csv,0,5.304300066200085e-05,0,1
1279,normal,window_typing_10000.csv,0,5.868710650247522e-05,0,1
1280,normal,window_typing_10000.csv,0,3.0383545890799724e-05,0,1
1281,normal,window_typing_10000.csv,0,2.6980309485225007e-05,0,1
1282,normal,window_typing_10000.csv,0,2.4764507543295622e-05,0,1
1283,normal,window_typing_10000.csv,0,2.1549647499341518e-05,0,1
1284,normal,window_typing_10000.csv,0,1.9972703739767894e-05,0,1
1285,normal,window_typing_10000.csv,0,1.718922794680111e-05,0,1
1286,normal,window_typing_10000.csv,0,1.700026768958196e-05,0,1
1287,normal,window_typing_10000.csv,0,1.5014335076557472e-05,0,1
1288,normal,window_typing_10000.csv,0,1.3925391613156535e-05,0,1
1289,normal,window_typing_10000.csv,0,1.3148795915185474e-05,0,1
1290,normal,window_typing_10000.csv,0,1.2224204510857817e-05,0,1
1291,normal,window_typing_10000.csv,0,1.2761087418766692e-05,0,1
1292,normal,window_typing_10000.csv,0,1.2634545782930218e-05,0,1
1293,normal,window_typing_10000.csv,0,1.392312151438091e-05,0,1
1294,normal,window_typing_10000.csv,0,1.930385406012647e-05,0,1
1295,normal,window_typing_10000.csv,0,2.3232099920278415e-05,0,1
1296,normal,window_typing_10000.csv,0,1.9300410713185556e-05,0,1
1297,normal,window_typing_10000.csv,0,1.8706843547988683e-05,0,1
1298,normal,window_typing_10000.csv,0,1.4350773199112155e-05,0,1
1299,normal,window_typing_10000.csv,0,2.2161038941703737e-05,0,1
1300,normal,window_typing_10000.csv,0,1.6818354197312146e-05,0,1
1301,normal,window_typing_10000.csv,0,2.1554847990046255e-05,0,1
1302,normal,window_typing_10000.csv,0,2.4363980628550053e-05,0,1
1303,normal,window_typing_10000.csv,0,4.798503505298868e-05,0,1
1304,normal,window_typing_10000.csv,0,1.9584236724767834e-05,0,1
1305,normal,window_typing_10000.csv,0,1.800855898181908e-05,0,1
1306,normal,window_typing_10000.csv,0,2.019657040364109e-05,0,1
1307,normal,window_typing_10000.csv,0,1.7758165995473973e-05,0,1
1308,normal,window_typing_10000.csv,0,1.7739903341862373e-05,0,1
1309,normal,window_typing_10000.csv,0,1.8583921701065265e-05,0,1
1310,normal,window_typing_10000.csv,0,1.521832928119693e-05,0,1
1311,normal,window_typing_10000.csv,0,1.5747606084914878e-05,0,1
1312,normal,window_typing_10000.csv,0,1.607017475180328e-05,0,1
1313,normal,window_typing_10000.csv,0,1.3995861081639305e-05,0,1
1314,normal,window_typing_10000.csv,0,1.3359805052459706e-05,0,1
1315,normal,window_typing_10000.csv,0,1.2297634384594858e-05,0,1
1316,normal,window_typing_10000.csv,0,1.2670127034652978e-05,0,1
1317,normal,window_typing_10000.csv,0,1.1018129043804947e-05,0,1
1318,normal,window_typing_10000.csv,0,1.009062361845281e-05,0,1
1319,normal,window_typing_10000.csv,0,1.0418061719974503e-05,0,1
1320,normal,window_typing_10000.csv,0,9.91257002169732e-06,0,1
1321,normal,window_typing_10000.csv,0,1.0639444553817157e-05,0,1
1322,normal,window_typing_10000.csv,0,9.90133594314102e-06,0,1
1323,normal,window_typing_10000.csv,0,9.921355740516447e-06,0,1
1324,normal,window_typing_10000.csv,0,1.0810206731548533e-05,0,1
1325,normal,window_typing_10000.csv,0,9.20132970350096e-06,0,1
1326,normal,window_typing_10000.csv,0,1.0209245374426246e-05,0,1
1327,normal,window_typing_10000.csv,0,9.580659025232308e-06,0,1
1328,normal,window_typing_10000.csv,0,9.642576515034307e-06,0,1
1329,normal,window_typing_10000.csv,0,1.1981118404946756e-05,0,1
1330,normal,window_typing_10000.csv,0,1.0107949492521584e-05,0,1
1331,normal,window_typing_10000.csv,0,1.0102467058459297e-05,0,1
1332,normal,window_typing_10000.csv,0,1.0193971320404671e-05,0,1
1333,normal,window_typing_10000.csv,0,1.0516505426494405e-05,0,1
1334,normal,window_typing_10000.csv,0,9.569171197654214e-06,0,1
1335,normal,window_typing_10000.csv,0,1.0253367690893356e-05,0,1
1336,normal,window_typing_10000.csv,0,1.0186634426645469e-05,0,1
1337,normal,window_typing_10000.csv,0,9.879905519483145e-06,0,1
1338,normal,window_typing_10000.csv,0,9.802523891266901e-06,0,1
1339,normal,window_typing_10000.csv,0,1.08970389192109e-05,0,1
1340,normal,window_typing_10000.csv,0,1.2154921023466159e-05,0,1
1341,normal,window_typing_10000.csv,0,1.3244859474070836e-05,0,1
1342,normal,window_typing_10000.csv,0,1.2947823051945306e-05,0,1
1343,normal,window_typing_10000.csv,0,1.1863802683365066e-05,0,1
1344,normal,window_typing_10000.csv,0,1.1413393622206058e-05,0,1
1345,normal,window_typing_10000.csv,0,1.1691508916555904e-05,0,1
1346,normal,window_typing_10000.csv,0,1.134126250690315e-05,0,1
1347,normal,window_typing_10000.csv,0,1.0856314474949613e-05,0,1
1348,normal,window_typing_10000.csv,0,9.837342986429576e-06,0,1
1349,normal,window_typing_10000.csv,0,1.0836590263352264e-05,0,1
1350,normal,window_typing_10000.csv,0,9.62088870437583e-06,0,1
1351,normal,window_typing_10000.csv,0,9.552713891025633e-06,0,1
1352,normal,window_typing_10000.csv,0,9.464789400226437e-06,0,1
1353,normal,window_typing_10000.csv,0,9.732021680974867e-06,0,1
1354,normal,window_typing_10000.csv,0,1.0415230462967884e-05,0,1
1355,normal,window_typing_10000.csv,0,9.762456102180295e-06,0,1
1356,normal,window_typing_10000.csv,0,9.465303264732938e-06,0,1
1357,normal,window_typing_10000.csv,0,9.528938790026587e-06,0,1
1358,normal,window_typing_10000.csv,0,9.021323421620764e-06,0,1
1359,normal,window_typing_10000.csv,0,1.0447512067912612e-05,0,1
1360,normal,window_typing_10000.csv,0,8.974368938652333e-06,0,1
1361,normal,window_typing_10000.csv,0,8.197886018024292e-06,0,1
1362,normal,window_typing_10000.csv,0,8.303121830977034e-06,0,1
1363,normal,window_typing_10000.csv,0,7.630402251379564e-06,0,1
1364,normal,window_typing_10000.csv,0,7.612260105815949e-06,0,1
1365,normal,window_typing_10000.csv,0,8.886663636076264e-06,0,1
1366,normal,window_typing_10000.csv,0,7.917572474980261e-06,0,1
1367,normal,window_typing_10000.csv,0,7.2515385909355246e-06,0,1
1368,normal,window_typing_10000.csv,0,7.780615305819083e-06,0,1
1369,normal,window_typing_10000.csv,0,8.24978906166507e-06,0,1
1370,normal,window_typing_10000.csv,0,8.220118616009131e-06,0,1
1371,normal,window_typing_10000.csv,0,8.412756869802251e-06,0,1
1372,normal,window_typing_10000.csv,0,8.908793461159803e-06,0,1
1373,normal,window_typing_10000.csv,0,9.023353413795121e-06,0,1
1374,normal,window_typing_10000.csv,0,8.891300240065902e-06,0,1
1375,normal,window_typing_10000.csv,0,8.323187103087548e-06,0,1
1376,normal,window_typing_10000.csv,0,7.746645678707864e-06,0,1
1377,normal,window_typing_10000.csv,0,9.16581575438613e-06,0,1
1378,normal,window_typing_10000.csv,0,8.630716365587432e-06,0,1
1379,normal,window_typing_10000.csv,0,1.3712260624743067e-05,0,1
1380,normal,window_typing_10000.csv,0,9.768183190317359e-06,0,1
1381,normal,window_typing_10000.csv,0,8.007693395484239e-06,0,1
1382,normal,window_typing_10000.csv,0,9.360447620565537e-06,0,1
1383,normal,window_typing_10000.csv,0,8.735641131352168e-06,0,1
1384,normal,window_typing_10000.csv,0,9.498933650320396e-06,0,1
1385,normal,window_typing_10000.csv,0,9.733553270052653e-06,0,1
1386,normal,window_typing_10000.csv,0,9.316524483438116e-06,0,1
1387,normal,window_typing_10000.csv,0,9.22785147849936e-06,0,1
1388,normal,window_typing_10000.csv,0,8.780124517215881e-06,0,1
1389,normal,window_typing_10000.csv,0,8.459765922452789e-06,0,1
1390,normal,window_typing_10000.csv,0,8.186361810658127e-06,0,1
1391,normal,window_typing_10000.csv,0,8.79254366736859e-06,0,1
1392,normal,window_typing_10000.csv,0,8.911708391678985e-06,0,1
1393,normal,window_typing_10000.csv,0,9.459311513637658e-06,0,1
1394,normal,window_typing_10000.csv,0,1.0773125723062549e-05,0,1
1395,normal,window_typing_10000.csv,0,1.2827928003389388e-05,0,1
1396,normal,window_typing_10000.csv,0,1.3724806194659323e-05,0,1
1397,normal,window_typing_10000.csv,0,1.3069971828372218e-05,0,1
1398,normal,window_typing_10000.csv,0,1.381730180582963e-05,0,1
1399,normal,window_typing_10000.csv,0,1.3334336472325958e-05,0,1
1400,normal,window_typing_10000.csv,0,1.4271437976276502e-05,0,1
1401,normal,window_typing_10000.csv,0,1.2209921806061175e-05,0,1
1402,normal,window_typing_10000.csv,0,1.2068765499861911e-05,0,1
1403,normal,window_typing_10000.csv,0,1.1704884855134878e-05,0,1
1404,normal,window_typing_10000.csv,0,1.2825321391574107e-05,0,1
1405,normal,window_typing_10000.csv,0,1.2472911294025835e-05,0,1
1406,normal,window_typing_10000.csv,0,1.2485504157666583e-05,0,1
1407,normal,window_typing_10000.csv,0,1.2083230103598908e-05,0,1
1408,normal,window_typing_10000.csv,0,1.214897656609537e-05,0,1
1409,normal,window_typing_10000.csv,0,1.1239770174142905e-05,0,1
1410,normal,window_typing_10000.csv,0,1.1075038855778985e-05,0,1
1411,normal,window_typing_10000.csv,0,9.725147720018867e-06,0,1
1412,normal,window_typing_10000.csv,0,9.108905942412093e-06,0,1
1413,normal,window_typing_10000.csv,0,9.52036316448357e-06,0,1
1414,normal,window_typing_10000.csv,0,1.2746212632919196e-05,0,1
1415,normal,window_typing_10000.csv,0,1.1576201359275728e-05,0,1
1416,normal,window_typing_10000.csv,0,8.837450877763331e-06,0,1
1417,normal,window_typing_10000.csv,0,8.964027074398473e-06,0,1
1418,normal,window_typing_10000.csv,0,8.14947907201713e-06,0,1
1419,normal,window_typing_10000.csv,0,9.353514542453922e-06,0,1
1420,normal,window_typing_10000.csv,0,7.803562766639516e-06,0,1
1421,normal,window_typing_10000.csv,0,8.462607183901127e-06,0,1
1422,normal,window_typing_10000.csv,0,1.1886499123647809e-05,0,1
1423,normal,window_typing_10000.csv,0,1.0396236575616058e-05,0,1
1424,normal,window_typing_10000.csv,0,8.30985572974896e-06,0,1
1425,normal,window_typing_10000.csv,0,8.74889792612521e-06,0,1
1426,normal,window_typing_10000.csv,0,7.900413038441911e-06,0,1
1427,normal,window_typing_10000.csv,0,8.099156730168033e-06,0,1
1428,normal,window_typing_10000.csv,0,8.351604265044443e-06,0,1
1429,normal,window_typing_10000.csv,0,8.514837645634543e-06,0,1
1430,normal,window_typing_10000.csv,0,8.348061783181038e-06,0,1
1431,normal,window_typing_10000.csv,0,8.638398867333308e-06,0,1
1432,normal,window_typing_10000.csv,0,1.0527312952035572e-05,0,1
1433,normal,window_typing_10000.csv,0,1.2872522347606719e-05,0,1
1434,normal,window_typing_10000.csv,0,1.177810463559581e-05,0,1
1435,normal,window_typing_10000.csv,0,1.448998591513373e-05,0,1
1436,normal,window_typing_10000.csv,0,1.3102856428304221e-05,0,1
1437,normal,window_typing_10000.csv,0,1.2077815881639253e-05,0,1
1438,normal,window_typing_10000.csv,0,1.0439085599500686e-05,0,1
1439,normal,window_typing_10000.csv,0,1.2352467820164748e-05,0,1
1440,normal,window_typing_10000.csv,0,1.1514148354763165e-05,0,1
1441,normal,window_typing_10000.csv,0,1.1549131158972159e-05,0,1
1442,normal,window_typing_10000.csv,0,1.3699464034289122e-05,0,1
1443,normal,window_typing_10000.csv,0,1.1796045328082982e-05,0,1
1444,normal,window_typing_10000.csv,0,1.3550196854339447e-05,0,1
1445,normal,window_typing_10000.csv,0,1.2048973076161928e-05,0,1
1446,normal,window_typing_10000.csv,0,1.1158035704283975e-05,0,1
1447,normal,window_typing_10000.csv,0,1.037050060403999e-05,0,1
1448,normal,window_typing_10000.csv,0,1.0454059520270675e-05,0,1
1449,normal,window_typing_10000.csv,0,9.501642125542276e-06,0,1
1450,normal,window_typing_10000.csv,0,9.481276720180176e-06,0,1
1451,normal,window_typing_10000.csv,0,9.209608833771199e-06,0,1
1452,normal,window_typing_10000.csv,0,8.653761142340954e-06,0,1
1453,normal,window_typing_10000.csv,0,8.392891686526127e-06,0,1
1454,normal,window_typing_10000.csv,0,8.364015229744837e-06,0,1
1455,normal,window_typing_10000.csv,0,7.674129847146105e-06,0,1
1456,normal,window_typing_10000.csv,0,8.341201464645565e-06,0,1
1457,normal,window_typing_10000.csv,0,9.79238666332094e-06,0,1
1458,normal,window_typing_10000.csv,0,8.283475835924037e-06,0,1
1459,normal,window_typing_10000.csv,0,7.826614819350652e-06,0,1
1460,normal,window_typing_10000.csv,0,7.8132497947081e-06,0,1
1461,normal,window_typing_10000.csv,0,8.614574653620366e-06,0,1
1462,normal,window_typing_10000.csv,0,8.305379196826834e-06,0,1
1463,normal,window_typing_10000.csv,0,7.609517524542753e-06,0,1
1464,normal,window_typing_10000.csv,0,7.626858860021457e-06,0,1
1465,normal,window_typing_10000.csv,0,7.862823622417636e-06,0,1
1466,normal,window_typing_10000.csv,0,8.712305316294078e-06,0,1
1467,normal,window_typing_10000.csv,0,7.900872333266307e-06,0,1
1468,normal,window_typing_10000.csv,0,7.789531991875265e-06,0,1
1469,normal,window_typing_10000.csv,0,7.70378301240271e-06,0,1
1470,normal,window_typing_10000.csv,0,7.413350886054104e-06,0,1
1471,normal,window_typing_10000.csv,0,7.2097996053344104e-06,0,1
1472,normal,window_typing_10000.csv,0,7.759126674500294e-06,0,1
1473,normal,window_typing_10000.csv,0,8.1699836300686e-06,0,1
1474,normal,window_typing_10000.csv,0,8.29565033200197e-06,0,1
1475,normal,window_typing_10000.csv,0,7.26243206372601e-06,0,1
1476,normal,window_typing_10000.csv,0,8.656312274979427e-06,0,1
1477,normal,window_typing_10000.csv,0,9.262917046726216e-06,0,1
1478,normal,window_typing_10000.csv,0,8.971912393462844e-06,0,1
1479,normal,window_typing_10000.csv,0,1.0879593901336193e-05,0,1
1480,normal,window_typing_10000.csv,0,1.2073934158252086e-05,0,1
1481,normal,window_typing_10000.csv,0,1.2779660210071597e-05,0,1
1482,normal,window_typing_10000.csv,0,1.4288148122432176e-05,0,1
1483,normal,window_typing_10000.csv,0,1.4066351468500216e-05,0,1
1484,normal,window_typing_10000.csv,0,1.2187759239168372e-05,0,1
1485,normal,window_typing_10000.csv,0,1.1925249964406248e-05,0,1
1486,normal,window_typing_10000.csv,0,1.3023724022787064e-05,0,1
1487,normal,window_typing_10000.csv,0,1.240862093254691e-05,0,1
1488,normal,window_typing_10000.csv,0,1.5424198863911442e-05,0,1
1489,normal,window_typing_10000.csv,0,1.229365989274811e-05,0,1
1490,normal,window_typing_10000.csv,0,1.2876967957708985e-05,0,1
1491,normal,window_typing_10000.csv,0,1.1006472959707025e-05,0,1
1492,normal,window_typing_10000.csv,0,1.1135829481645487e-05,0,1
1493,normal,window_typing_10000.csv,0,9.697918358142488e-06,0,1
1494,normal,window_typing_10000.csv,0,1.0160060810449068e-05,0,1
1495,normal,window_typing_10000.csv,0,1.1400253242754843e-05,0,1
1496,normal,window_typing_10000.csv,0,1.0511503205634654e-05,0,1
1497,normal,window_typing_10000.csv,0,9.968348422262352e-06,0,1
1498,normal,window_typing_10000.csv,0,9.587101885699667e-06,0,1
1499,normal,window_typing_10000.csv,0,8.913136298360769e-06,0,1
1500,normal,window_typing_10000.csv,0,1.4465697859122884e-05,0,1
1501,normal,window_typing_10000.csv,0,9.808107279241085e-06,0,1
1502,normal,window_typing_10000.csv,0,8.214195077016484e-06,0,1
1503,normal,window_typing_10000.csv,0,9.08286529011093e-06,0,1
1504,normal,window_typing_10000.csv,0,9.156520718534011e-06,0,1
1505,normal,window_typing_10000.csv,0,9.136623702943325e-06,0,1
1506,normal,window_typing_10000.csv,0,9.380025403515901e-06,0,1
1507,normal,window_typing_10000.csv,0,7.569383342342917e-06,0,1
1508,normal,window_typing_10000.csv,0,7.465789167326875e-06,0,1
1509,normal,window_typing_10000.csv,0,9.999092071666382e-06,0,1
1510,normal,window_typing_10000.csv,0,9.878595847112592e-06,0,1
1511,normal,window_typing_10000.csv,0,9.47772332438035e-06,0,1
1512,normal,window_typing_10000.csv,0,1.0531099178479053e-05,0,1
1513,normal,window_typing_10000.csv,0,9.020368452183902e-06,0,1
1514,normal,window_typing_10000.csv,0,8.643871296953876e-06,0,1
1515,normal,window_typing_10000.csv,0,8.528165380994324e-06,0,1
1516,normal,window_typing_10000.csv,0,8.933832759794313e-06,0,1
1517,normal,window_typing_10000.csv,0,9.16160388442222e-06,0,1
1518,normal,window_typing_10000.csv,0,9.113728083320893e-06,0,1
1519,normal,window_typing_10000.csv,0,9.352505912829656e-06,0,1
1520,normal,window_typing_10000.csv,0,9.100249371840619e-06,0,1
1521,normal,window_typing_10000.csv,0,8.785686986811925e-06,0,1
1522,normal,window_typing_10000.csv,0,9.087283615372144e-06,0,1
1523,normal,window_typing_10000.csv,0,9.07925368665019e-06,0,1
1524,normal,window_typing_10000.csv,0,1.0005073818319943e-05,0,1
1525,normal,window_typing_10000.csv,0,8.841699127515312e-06,0,1
1526,normal,window_typing_10000.csv,0,8.993259143608157e-06,0,1
1527,normal,window_typing_10000.csv,0,8.534063454135321e-06,0,1
1528,normal,window_typing_10000.csv,0,8.456127943645697e-06,0,1
1529,normal,window_typing_10000.csv,0,9.092615073313937e-06,0,1
1530,normal,window_typing_10000.csv,0,8.277679626189638e-06,0,1
1531,normal,window_typing_10000.csv,0,8.56945916893892e-06,0,1
1532,normal,window_typing_10000.csv,0,7.964988981257193e-06,0,1
1533,normal,window_typing_10000.csv,0,7.907807230367325e-06,0,1
1534,normal,window_typing_10000.csv,0,7.2869020186772104e-06,0,1
1535,normal,window_typing_10000.csv,0,7.152424132073065e-06,0,1
1536,normal,window_typing_10000.csv,0,7.52585765440017e-06,0,1
1537,normal,window_typing_10000.csv,0,6.844160907348851e-06,0,1
1538,normal,window_typing_10000.csv,0,7.132385235308902e-06,0,1
1539,normal,window_typing_10000.csv,0,7.96171480033081e-06,0,1
1540,normal,window_typing_10000.csv,0,8.111408533295617e-06,0,1
1541,normal,window_typing_10000.csv,0,7.531479695899179e-06,0,1
1542,normal,window_typing_10000.csv,0,7.327542334678583e-06,0,1
1543,normal,window_typing_10000.csv,0,8.293538485304452e-06,0,1
1544,normal,window_typing_10000.csv,0,7.69677080825204e-06,0,1
1545,normal,window_typing_10000.csv,0,8.070982403296512e-06,0,1
1546,normal,window_typing_10000.csv,0,7.083051968947984e-06,0,1
1547,normal,window_typing_10000.csv,0,7.334911515499698e-06,0,1
1548,normal,window_typing_10000.csv,0,7.144107257772703e-06,0,1
1549,normal,window_typing_10000.csv,0,8.240376700996421e-06,0,1
1550,normal,window_typing_10000.csv,0,8.773245099291671e-06,0,1
1551,normal,window_typing_10000.csv,0,8.180025361070875e-06,0,1
1552,normal,window_typing_10000.csv,0,9.152060556516517e-06,0,1
1553,normal,window_typing_10000.csv,0,9.658221642894205e-06,0,1
1554,normal,window_typing_10000.csv,0,1.0935306818282697e-05,0,1
1555,normal,window_typing_10000.csv,0,1.2324509043537546e-05,0,1
1556,normal,window_typing_10000.csv,0,1.117047304433072e-05,0,1
1557,normal,window_typing_10000.csv,0,1.1859288861160167e-05,0,1
1558,normal,window_typing_10000.csv,0,1.1808493582066149e-05,0,1
1559,normal,window_typing_10000.csv,0,1.0545652003202122e-05,0,1
1560,normal,window_typing_10000.csv,0,1.0540655239310581e-05,0,1
1561,normal,window_typing_10000.csv,0,1.1987187463091686e-05,0,1
1562,normal,window_typing_10000.csv,0,1.1507078852446284e-05,0,1
1563,normal,window_typing_10000.csv,0,1.0099470273416955e-05,0,1
1564,normal,window_typing_10000.csv,0,1.0819932867889293e-05,0,1
1565,normal,window_typing_10000.csv,0,1.0406125511508435e-05,0,1
1566,normal,window_typing_10000.csv,0,1.2084738955309149e-05,0,1
1567,normal,window_typing_10000.csv,0,9.656499059929047e-06,0,1
1568,normal,window_typing_10000.csv,0,1.1836747944471426e-05,0,1
1569,normal,window_typing_10000.csv,0,1.0015965017373674e-05,0,1
1570,normal,window_typing_10000.csv,0,1.0712035873439163e-05,0,1
1571,normal,window_typing_10000.csv,0,1.0200516953773331e-05,0,1
1572,normal,window_typing_10000.csv,0,8.913655619835481e-06,0,1
1573,normal,window_typing_10000.csv,0,8.786148100625724e-06,0,1
1574,normal,window_typing_10000.csv,0,8.340374733961653e-06,0,1
1575,normal,window_typing_10000.csv,0,8.555430213164072e-06,0,1
1576,normal,window_typing_10000.csv,0,9.077366485144012e-06,0,1
1577,normal,window_typing_10000.csv,0,7.75351236370625e-06,0,1
1578,normal,window_typing_10000.csv,0,7.654950422875118e-06,0,1
1579,normal,window_typing_10000.csv,0,9.813702490646392e-06,0,1
1580,normal,window_typing_10000.csv,0,8.203798643080518e-06,0,1
1581,normal,window_typing_10000.csv,0,8.537271241948474e-06,0,1
1582,normal,window_typing_10000.csv,0,8.68422557687154e-06,0,1
1583,normal,window_typing_10000.csv,0,8.700648322701454e-06,0,1
1584,normal,window_typing_10000.csv,0,8.509667168254964e-06,0,1
1585,normal,window_typing_10000.csv,0,8.894514394341968e-06,0,1
1586,normal,window_typing_10000.csv,0,9.177791071124375e-06,0,1
1587,normal,window_typing_10000.csv,0,7.890474080340937e-06,0,1
1588,normal,window_typing_10000.csv,0,8.191297638404649e-06,0,1
1589,normal,window_typing_10000.csv,0,8.730752597330138e-06,0,1
1590,normal,window_typing_10000.csv,0,8.150101166393142e-06,0,1
1591,normal,window_typing_10000.csv,0,7.423970600939356e-06,0,1
1592,normal,window_typing_10000.csv,0,8.106481800496113e-06,0,1
1593,normal,window_typing_10000.csv,0,8.12901089375373e-06,0,1
1594,normal,window_typing_10000.csv,0,9.201374268741347e-06,0,1
1595,normal,window_typing_10000.csv,0,9.462758498557378e-06,0,1
1596,normal,window_typing_10000.csv,0,8.971415809355676e-06,0,1
1597,normal,window_typing_10000.csv,0,9.862085789791308e-06,0,1
1598,normal,window_typing_10000.csv,0,9.33706178329885e-06,0,1
1599,normal,window_typing_10000.csv,0,1.0135595402971376e-05,0,1
1600,normal,window_typing_10000.csv,0,9.411916835233569e-06,0,1
1601,normal,window_typing_10000.csv,0,9.985313226934522e-06,0,1
1602,normal,window_typing_10000.csv,0,1.0478134754521307e-05,0,1
1603,normal,window_typing_10000.csv,0,1.075711043085903e-05,0,1
1604,normal,window_typing_10000.csv,0,1.0109531103807967e-05,0,1
1605,normal,window_typing_10000.csv,0,1.0852453669940587e-05,0,1
1606,normal,window_typing_10000.csv,0,9.576601769367699e-06,0,1
1607,normal,window_typing_10000.csv,0,1.6705531379557215e-05,0,1
1608,normal,window_typing_10000.csv,0,1.1852913303300738e-05,0,1
1609,normal,window_typing_10000.csv,0,1.0183682206843514e-05,0,1
1610,normal,window_typing_10000.csv,0,9.834266165853478e-06,0,1
1611,normal,window_typing_10000.csv,0,1.6485781088704243e-05,0,1
1612,normal,window_typing_10000.csv,0,1.1888231711054686e-05,0,1
1613,normal,window_typing_10000.csv,0,9.969081474991981e-06,0,1
1614,normal,window_typing_10000.csv,0,9.838599908107426e-06,0,1
1615,normal,window_typing_10000.csv,0,1.1288162568234839e-05,0,1
1616,normal,window_typing_10000.csv,0,1.1267609806964174e-05,0,1
1617,normal,window_typing_10000.csv,0,1.022128708427772e-05,0,1
1618,normal,window_typing_10000.csv,0,9.137024790106807e-06,0,1
1619,normal,window_typing_10000.csv,0,1.056853579939343e-05,0,1
1620,normal,window_typing_10000.csv,0,1.1311547496006824e-05,0,1
1621,normal,window_typing_10000.csv,0,1.0767075764306355e-05,0,1
1622,normal,window_typing_10000.csv,0,1.218688612425467e-05,0,1
1623,normal,window_typing_10000.csv,0,1.1851838280563243e-05,0,1
1624,normal,window_typing_10000.csv,0,1.0657988241291605e-05,0,1
1625,normal,window_typing_10000.csv,0,1.0579305126157124e-05,0,1
1626,normal,window_typing_10000.csv,0,1.1138219633721747e-05,0,1
1627,normal,window_typing_10000.csv,0,1.0079947060148697e-05,0,1
1628,normal,window_typing_10000.csv,0,1.0601625945128035e-05,0,1
1629,normal,window_typing_10000.csv,0,1.058098041539779e-05,0,1
1630,normal,window_typing_10000.csv,0,1.1449587873357814e-05,0,1
1631,normal,window_typing_10000.csv,0,1.0850850230781361e-05,0,1
1632,normal,window_typing_10000.csv,0,9.985569704440422e-06,0,1
1633,normal,window_typing_10000.csv,0,8.981534847407602e-06,0,1
1634,normal,window_typing_10000.csv,0,9.627525287214667e-06,0,1
1635,normal,window_typing_10000.csv,0,8.449744200333953e-06,0,1
1636,normal,window_typing_10000.csv,0,9.254660653823521e-06,0,1
1637,normal,window_typing_10000.csv,0,8.819096365186851e-06,0,1
1638,normal,window_typing_10000.csv,0,7.922201803012285e-06,0,1
1639,normal,window_typing_10000.csv,0,7.919316885818262e-06,0,1
1640,normal,window_typing_10000.csv,0,7.97908433014527e-06,0,1
1641,normal,window_typing_10000.csv,0,8.056702426983975e-06,0,1
1642,normal,window_typing_10000.csv,0,8.378008715226315e-06,0,1
1643,normal,window_typing_10000.csv,0,8.161566256603692e-06,0,1
1644,normal,window_typing_10000.csv,0,1.0856501830858178e-05,0,1
1645,normal,window_typing_10000.csv,0,9.513973054708913e-06,0,1
1646,normal,window_typing_10000.csv,0,1.0787612154672388e-05,0,1
1647,normal,window_typing_10000.csv,0,9.071818567463197e-06,0,1
1648,normal,window_typing_10000.csv,0,1.0925101378234103e-05,0,1
1649,normal,window_typing_10000.csv,0,9.896493793348782e-06,0,1
1650,normal,window_typing_10000.csv,0,8.549452104489319e-06,0,1
1651,normal,window_typing_10000.csv,0,9.369557119498495e-06,0,1
1652,normal,window_typing_10000.csv,0,9.859546480583958e-06,0,1
1653,normal,window_typing_10000.csv,0,1.0191832188866101e-05,0,1
1654,normal,window_typing_10000.csv,0,1.0408855814603157e-05,0,1
1655,normal,window_typing_10000.csv,0,9.387785212311428e-06,0,1
1656,normal,window_typing_10000.csv,0,9.4780571089359e-06,0,1
1657,normal,window_typing_10000.csv,0,8.425347004958894e-06,0,1
1658,normal,window_typing_10000.csv,0,9.508912626188248e-06,0,1
1659,normal,window_typing_10000.csv,0,8.264159987447783e-06,0,1
1660,normal,window_typing_10000.csv,0,8.407503628404811e-06,0,1
1661,normal,window_typing_10000.csv,0,9.41134294407675e-06,0,1
1662,normal,window_typing_10000.csv,0,8.884816452336963e-06,0,1
1663,normal,window_typing_10000.csv,0,8.384451575693674e-06,0,1
1664,normal,window_typing_10000.csv,0,8.411810995312408e-06,0,1
1665,normal,window_typing_10000.csv,0,8.484319550916553e-06,0,1
1666,normal,window_typing_10000.csv,0,7.834537427697796e-06,0,1
1667,normal,window_typing_10000.csv,0,7.87228509580018e-06,0,1
1668,normal,window_typing_10000.csv,0,7.70352653489681e-06,0,1
1669,normal,window_typing_10000.csv,0,7.4212243816873524e-06,0,1
1670,normal,window_typing_10000.csv,0,8.401861123275012e-06,0,1
1671,normal,window_typing_10000.csv,0,1.3834139281243552e-05,0,1
1672,normal,window_typing_10000.csv,0,1.778974365151953e-05,0,1
1673,normal,window_typing_10000.csv,0,1.4493247363134287e-05,0,1
1674,normal,window_typing_10000.csv,0,1.4321952221507672e-05,0,1
1675,normal,window_typing_10000.csv,0,1.7273956473218277e-05,0,1
1676,normal,window_typing_10000.csv,0,1.5795059880474582e-05,0,1
1677,normal,window_typing_10000.csv,0,1.5263358363881707e-05,0,1
1678,normal,window_typing_10000.csv,0,1.7532076526549645e-05,0,1
1679,normal,window_typing_10000.csv,0,1.4541606105922256e-05,0,1
1680,normal,window_typing_10000.csv,0,1.329431415797444e-05,0,1
1681,normal,window_typing_10000.csv,0,1.3091939763398841e-05,0,1
1682,normal,window_typing_10000.csv,0,1.2452316695998888e-05,0,1
1683,normal,window_typing_10000.csv,0,1.1698345588229131e-05,0,1
1684,normal,window_typing_10000.csv,0,1.2756998330587521e-05,0,1
1685,normal,window_typing_10000.csv,0,1.1543833352334332e-05,0,1
1686,normal,window_typing_10000.csv,0,1.0793405635922682e-05,0,1
1687,normal,window_typing_10000.csv,0,1.0089632269227877e-05,0,1
1688,normal,window_typing_10000.csv,0,9.816893907554913e-06,0,1
1689,normal,window_typing_10000.csv,0,9.39666097110603e-06,0,1
1690,normal,window_typing_10000.csv,0,8.656475984025747e-06,0,1
1691,normal,window_typing_10000.csv,0,8.303993126901332e-06,0,1
1692,normal,window_typing_10000.csv,0,8.101558705675416e-06,0,1
1693,normal,window_typing_10000.csv,0,8.525831617589574e-06,0,1
1694,normal,window_typing_10000.csv,0,7.869409273553174e-06,0,1
1695,normal,window_typing_10000.csv,0,7.95568212197395e-06,0,1
1696,normal,window_typing_10000.csv,0,8.589865501562599e-06,0,1
1697,normal,window_typing_10000.csv,0,7.289097993634641e-06,0,1
1698,normal,window_typing_10000.csv,0,8.871134014043491e-06,0,1
1699,normal,window_typing_10000.csv,0,1.1976366295129992e-05,0,1
1700,normal,window_typing_10000.csv,0,9.153029168373905e-06,0,1
1701,normal,window_typing_10000.csv,0,1.1103667020506691e-05,0,1
1702,normal,window_typing_10000.csv,0,1.0846080840565264e-05,0,1
1703,normal,window_typing_10000.csv,0,9.968699487217236e-06,0,1
1704,normal,window_typing_10000.csv,0,9.939461961039342e-06,0,1
1705,normal,window_typing_10000.csv,0,1.0204154932580423e-05,0,1
1706,normal,window_typing_10000.csv,0,9.870506801235024e-06,0,1
1707,normal,window_typing_10000.csv,0,1.009021889331052e-05,0,1
1708,normal,window_typing_10000.csv,0,1.0073845260194503e-05,0,1
1709,normal,window_typing_10000.csv,0,9.68676158663584e-06,0,1
1710,normal,window_typing_10000.csv,0,9.641472388466354e-06,0,1
1711,normal,window_typing_10000.csv,0,1.0347295756218955e-05,0,1
1712,normal,window_typing_10000.csv,0,8.393628377234563e-06,0,1
1713,normal,window_typing_10000.csv,0,1.4864357581245713e-05,0,1
1714,normal,window_typing_10000.csv,0,1.029365466820309e-05,0,1
1715,normal,window_typing_10000.csv,0,9.090161256608553e-06,0,1
1716,normal,window_typing_10000.csv,0,1.1348781299602706e-05,0,1
1717,normal,window_typing_10000.csv,0,1.0110841685673222e-05,0,1
1718,normal,window_typing_10000.csv,0,9.365072401124053e-06,0,1
1719,normal,window_typing_10000.csv,0,8.22886431706138e-06,0,1
1720,normal,window_typing_10000.csv,0,8.02005160949193e-06,0,1
1721,normal,window_typing_10000.csv,0,7.94697643868858e-06,0,1
1722,normal,window_typing_10000.csv,0,7.648120117664803e-06,0,1
1723,normal,window_typing_10000.csv,0,8.33341709949309e-06,0,1
1724,normal,window_typing_10000.csv,0,8.547127436031587e-06,0,1
1725,normal,window_typing_10000.csv,0,1.0084476343763527e-05,0,1
1726,normal,window_typing_10000.csv,0,9.093508197111078e-06,0,1
1727,normal,window_typing_10000.csv,0,9.355779184261337e-06,0,1
1728,normal,window_typing_10000.csv,0,9.432125807506964e-06,0,1
1729,normal,window_typing_10000.csv,0,1.01238092611311e-05,0,1
1730,normal,window_typing_10000.csv,0,1.1286601875326596e-05,0,1
1731,normal,window_typing_10000.csv,0,9.574291652825195e-06,0,1
1732,normal,window_typing_10000.csv,0,1.0222681339655537e-05,0,1
1733,normal,window_typing_10000.csv,0,9.909450454870239e-06,0,1
1734,normal,window_typing_10000.csv,0,8.775889000389725e-06,0,1
1735,normal,window_typing_10000.csv,0,8.57821578392759e-06,0,1
1736,normal,window_typing_10000.csv,0,1.0651840966602322e-05,0,1
1737,normal,window_typing_10000.csv,0,1.1779070518969093e-05,0,1
1738,normal,window_typing_10000.csv,0,1.2693953067355324e-05,0,1
1739,normal,window_typing_10000.csv,0,1.929958125401754e-05,0,1
1740,normal,window_typing_10000.csv,0,1.7316773664788343e-05,0,1
1741,normal,window_typing_10000.csv,0,1.7010515875881538e-05,0,1
1742,normal,window_typing_10000.csv,0,1.5655859897378832e-05,0,1
1743,normal,window_typing_10000.csv,0,1.5702451491961256e-05,0,1
1744,normal,window_typing_10000.csv,0,1.5841944332350977e-05,0,1
1745,normal,window_typing_10000.csv,0,1.7049605958163738e-05,0,1
1746,normal,window_typing_10000.csv,0,1.5860703570069745e-05,0,1
1747,normal,window_typing_10000.csv,0,1.5797168089193292e-05,0,1
1748,normal,window_typing_10000.csv,0,1.4715906218043528e-05,0,1
1749,normal,window_typing_10000.csv,0,1.3467014468915295e-05,0,1
1750,normal,window_typing_10000.csv,0,1.2306785720284097e-05,0,1
1751,normal,window_typing_10000.csv,0,1.1759811059164349e-05,0,1
1752,normal,window_typing_10000.csv,0,1.091490685212193e-05,0,1
1753,normal,window_typing_10000.csv,0,1.034850902215112e-05,0,1
1754,normal,window_typing_10000.csv,0,9.533828233543318e-06,0,1
1755,normal,window_typing_10000.csv,0,9.92493278317852e-06,0,1
1756,normal,window_typing_10000.csv,0,9.56514759309357e-06,0,1
1757,normal,window_typing_10000.csv,0,8.642256034363527e-06,0,1
1758,normal,window_typing_10000.csv,0,9.152408892987296e-06,0,1
1759,normal,window_typing_10000.csv,0,8.600151886639651e-06,0,1
1760,normal,window_typing_10000.csv,0,7.496245871152496e-06,0,1
1761,normal,window_typing_10000.csv,0,7.785722118569538e-06,0,1
1762,normal,window_typing_10000.csv,0,7.702975381107535e-06,0,1
1763,normal,window_typing_10000.csv,0,8.574993444199208e-06,0,1
1764,normal,window_typing_10000.csv,0,7.50631807022728e-06,0,1
1765,normal,window_typing_10000.csv,0,8.365403118659742e-06,0,1
1766,normal,window_typing_10000.csv,0,1.0258179827360436e-05,0,1
1767,normal,window_typing_10000.csv,0,1.3251326890895143e-05,0,1
1768,normal,window_typing_10000.csv,0,1.1265461580478586e-05,0,1
1769,normal,window_typing_10000.csv,0,1.1687260666803923e-05,0,1
1770,normal,window_typing_10000.csv,0,1.4137911421130411e-05,0,1
1771,normal,window_typing_10000.csv,0,1.1584131243580487e-05,0,1
1772,normal,window_typing_10000.csv,0,1.2057814274157863e-05,0,1
1773,normal,window_typing_10000.csv,0,1.1055547474825289e-05,0,1
1774,normal,window_typing_10000.csv,0,1.2600300578924362e-05,0,1
1775,normal,window_typing_10000.csv,0,1.1280157195869833e-05,0,1
1776,normal,window_typing_10000.csv,0,1.0844033567991573e-05,0,1
1777,normal,window_typing_10000.csv,0,1.2743610568577424e-05,0,1
1778,normal,window_typing_10000.csv,0,1.643028372200206e-05,0,1
1779,normal,window_typing_10000.csv,0,1.3237421626399737e-05,0,1
1780,normal,window_typing_10000.csv,0,1.0899138032982592e-05,0,1
1781,normal,window_typing_10000.csv,0,1.1346476640028413e-05,0,1
1782,normal,window_typing_10000.csv,0,1.010188861982897e-05,0,1
1783,normal,window_typing_10000.csv,0,9.368368409923278e-06,0,1
1784,normal,window_typing_10000.csv,0,8.914241334423423e-06,0,1
1785,normal,window_typing_10000.csv,0,9.240268809662666e-06,0,1
1786,normal,window_typing_10000.csv,0,8.503582648700103e-06,0,1
1787,normal,window_typing_10000.csv,0,8.360441825061571e-06,0,1
1788,normal,window_typing_10000.csv,0,8.703136700205505e-06,0,1
1789,normal,window_typing_10000.csv,0,8.779363270150498e-06,0,1
1790,normal,window_typing_10000.csv,0,8.70136955199996e-06,0,1
1791,normal,window_typing_10000.csv,0,8.172001798811834e-06,0,1
1792,normal,window_typing_10000.csv,0,7.93573690316407e-06,0,1
1793,normal,window_typing_10000.csv,0,9.32485272642225e-06,0,1
1794,normal,window_typing_10000.csv,0,8.045822141866665e-06,0,1
1795,normal,window_typing_10000.csv,0,8.726207852305379e-06,0,1
1796,normal,window_typing_10000.csv,0,8.955585144576617e-06,0,1
1797,normal,window_typing_10000.csv,0,8.089122275123373e-06,0,1
1798,normal,window_typing_10000.csv,0,8.392235031351447e-06,0,1
1799,normal,window_typing_10000.csv,0,9.470170880376827e-06,0,1
1800,normal,window_typing_10000.csv,0,8.931438969739247e-06,0,1
1801,normal,window_typing_10000.csv,0,8.809085557004437e-06,0,1
1802,normal,window_typing_10000.csv,0,8.956071724242065e-06,0,1
1803,normal,window_typing_10000.csv,0,9.847800356510561e-06,0,1
1804,normal,window_typing_10000.csv,0,8.476030416204594e-06,0,1
1805,normal,window_typing_10000.csv,0,9.617843716114294e-06,0,1
1806,normal,window_typing_10000.csv,0,8.513400644005742e-06,0,1
1807,normal,window_typing_10000.csv,0,8.230646017182153e-06,0,1
1808,normal,window_typing_10000.csv,0,7.809689122950658e-06,0,1
1809,normal,window_typing_10000.csv,0,8.831434570311103e-06,0,1
1810,normal,window_typing_10000.csv,0,9.057399438461289e-06,0,1
1811,normal,window_typing_10000.csv,0,8.68990900926292e-06,0,1
1812,normal,window_typing_10000.csv,0,9.172995305561926e-06,0,1
1813,normal,window_typing_10000.csv,0,9.517286343907472e-06,0,1
1814,normal,window_typing_10000.csv,0,8.668331247463357e-06,0,1
1815,normal,window_typing_10000.csv,0,8.751485438551754e-06,0,1
1816,normal,window_typing_10000.csv,0,9.188465810439084e-06,0,1
1817,normal,window_typing_10000.csv,0,8.29178316053003e-06,0,1
1818,normal,window_typing_10000.csv,0,8.356400940101594e-06,0,1
1819,normal,window_typing_10000.csv,0,8.747922038310207e-06,0,1
1820,normal,window_typing_10000.csv,0,8.823311873129569e-06,0,1
1821,normal,window_typing_10000.csv,0,8.395597433263902e-06,0,1
1822,normal,window_typing_10000.csv,0,8.457982403342612e-06,0,1
1823,normal,window_typing_10000.csv,0,9.478934771323111e-06,0,1
1824,normal,window_typing_10000.csv,0,9.5585455710534e-06,0,1
1825,normal,window_typing_10000.csv,0,1.049470574798761e-05,0,1
1826,normal,window_typing_10000.csv,0,1.1210407137696166e-05,0,1
1827,normal,window_typing_10000.csv,0,1.7842585293692537e-05,0,1
1828,normal,window_typing_10000.csv,0,1.9020717445528135e-05,0,1
1829,normal,window_typing_10000.csv,0,1.589125895407051e-05,0,1
1830,normal,window_typing_10000.csv,0,1.8518869183026254e-05,0,1
1831,normal,window_typing_10000.csv,0,1.892408363346476e-05,0,1
1832,normal,window_typing_10000.csv,0,1.6575846530031413e-05,0,1
1833,normal,window_typing_10000.csv,0,1.829434586397838e-05,0,1
1834,normal,window_typing_10000.csv,0,1.9983886886620894e-05,0,1
1835,normal,window_typing_10000.csv,0,1.6830981621751562e-05,0,1
1836,normal,window_typing_10000.csv,0,1.591113868926186e-05,0,1
1837,normal,window_typing_10000.csv,0,1.5409821571665816e-05,0,1
1838,normal,window_typing_10000.csv,0,1.3925552593718749e-05,0,1
1839,normal,window_typing_10000.csv,0,1.3242130989965517e-05,0,1
1840,normal,window_typing_10000.csv,0,1.1192780220881104e-05,0,1
1841,normal,window_typing_10000.csv,0,1.0873350220208522e-05,0,1
1842,normal,window_typing_10000.csv,0,1.0801983080455102e-05,0,1
1843,normal,window_typing_10000.csv,0,1.1634839211183134e-05,0,1
1844,normal,window_typing_10000.csv,0,1.7373013179167174e-05,0,1
1845,normal,window_typing_10000.csv,0,2.0071725884918123e-05,0,1
1846,normal,window_typing_10000.csv,0,1.6035011867643334e-05,0,1
1847,normal,window_typing_10000.csv,0,1.7906713765114546e-05,0,1
1848,normal,window_typing_10000.csv,0,1.8661994545254856e-05,0,1
1849,normal,window_typing_10000.csv,0,1.82226922333939e-05,0,1
1850,normal,window_typing_10000.csv,0,1.7869593648356386e-05,0,1
1851,normal,window_typing_10000.csv,0,1.5518673535552807e-05,0,1
1852,normal,window_typing_10000.csv,0,1.6615713320788927e-05,0,1
1853,normal,window_typing_10000.csv,0,1.462877571611898e-05,0,1
1854,normal,window_typing_10000.csv,0,1.4472156181000173e-05,0,1
1855,normal,window_typing_10000.csv,0,1.58720686158631e-05,0,1
1856,normal,window_typing_10000.csv,0,1.4502385965897702e-05,0,1
1857,normal,window_typing_10000.csv,0,1.4148971786198672e-05,0,1
1858,normal,window_typing_10000.csv,0,1.3335493349586613e-05,0,1
1859,normal,window_typing_10000.csv,0,1.2153507668699604e-05,0,1
1860,normal,window_typing_10000.csv,0,1.1341250683472026e-05,0,1
1861,normal,window_typing_10000.csv,0,1.098959819501033e-05,0,1
1862,normal,window_typing_10000.csv,0,1.0631543773342855e-05,0,1
1863,normal,window_typing_10000.csv,0,1.1248209375480656e-05,0,1
1864,normal,window_typing_10000.csv,0,1.0774040674732532e-05,0,1
1865,normal,window_typing_10000.csv,0,1.439939751435304e-05,0,1
1866,normal,window_typing_10000.csv,0,1.603273267392069e-05,0,1
1867,normal,window_typing_10000.csv,0,1.2255418369022664e-05,0,1
1868,normal,window_typing_10000.csv,0,1.284934114664793e-05,0,1
1869,normal,window_typing_10000.csv,0,1.3026457054365892e-05,0,1
1870,normal,window_typing_10000.csv,0,1.5547588191111572e-05,0,1
1871,normal,window_typing_10000.csv,0,1.3004796528548468e-05,0,1
1872,normal,window_typing_10000.csv,0,1.3468568795360625e-05,0,1
1873,normal,window_typing_10000.csv,0,1.5117523616936523e-05,0,1
1874,normal,window_typing_10000.csv,0,1.5324572814279236e-05,0,1
1875,normal,window_typing_10000.csv,0,1.5649024135200307e-05,0,1
1876,normal,window_typing_10000.csv,0,1.3181916983739939e-05,0,1
1877,normal,window_typing_10000.csv,0,1.1739752153516747e-05,0,1
1878,normal,window_typing_10000.csv,0,1.1459418601589277e-05,0,1
1879,normal,window_typing_10000.csv,0,1.08826243376825e-05,0,1
1880,normal,window_typing_10000.csv,0,1.1732108760043047e-05,0,1
1881,normal,window_typing_10000.csv,0,1.1219325642741751e-05,0,1
1882,normal,window_typing_10000.csv,0,1.1715081200236455e-05,0,1
1883,normal,window_typing_10000.csv,0,9.894558388623409e-06,0,1
1884,normal,window_typing_10000.csv,0,1.167906157206744e-05,0,1
1885,normal,window_typing_10000.csv,0,1.0571932762104552e-05,0,1
1886,normal,window_typing_10000.csv,0,9.87647581496276e-06,0,1
1887,normal,window_typing_10000.csv,0,9.899532415147405e-06,0,1
1888,normal,window_typing_10000.csv,0,9.972912266675849e-06,0,1
1889,normal,window_typing_10000.csv,0,1.193949628941482e-05,0,1
1890,normal,window_typing_10000.csv,0,9.822053470998071e-06,0,1
1891,normal,window_typing_10000.csv,0,9.802683052839711e-06,0,1
1892,normal,window_typing_10000.csv,0,8.612759302195627e-06,0,1
1893,normal,window_typing_10000.csv,0,8.848396646499168e-06,0,1
1894,normal,window_typing_10000.csv,0,8.637889550300315e-06,0,1
1895,normal,window_typing_10000.csv,0,8.637426617497113e-06,0,1
1896,normal,window_typing_10000.csv,0,1.0262924661219586e-05,0,1
1897,normal,window_typing_10000.csv,0,9.12343239178881e-06,0,1
1898,normal,window_typing_10000.csv,0,8.154695933626499e-06,0,1
1899,normal,window_typing_10000.csv,0,8.043689376791008e-06,0,1
1900,normal,window_typing_10000.csv,0,8.797089321888052e-06,0,1
1901,normal,window_typing_10000.csv,0,7.645013283763546e-06,0,1
1902,normal,window_typing_10000.csv,0,8.614122634753585e-06,0,1
1903,normal,window_typing_10000.csv,0,8.306765266752336e-06,0,1
1904,normal,window_typing_10000.csv,0,8.344335583387874e-06,0,1
1905,normal,window_typing_10000.csv,0,9.633218724047765e-06,0,1
1906,normal,window_typing_10000.csv,0,8.781439646554645e-06,0,1
1907,normal,window_typing_10000.csv,0,8.71110114530893e-06,0,1
1908,normal,window_typing_10000.csv,0,7.8690118243685e-06,0,1
1909,normal,window_typing_10000.csv,0,7.777299288136419e-06,0,1
1910,normal,window_typing_10000.csv,0,8.069566320045851e-06,0,1
1911,normal,window_typing_10000.csv,0,8.171815352397971e-06,0,1
1912,normal,window_typing_10000.csv,0,7.67970868764678e-06,0,1
1913,normal,window_typing_10000.csv,0,7.621892109455075e-06,0,1
1914,normal,window_typing_10000.csv,0,7.745301445538644e-06,0,1
1915,normal,window_typing_10000.csv,0,8.118620826280676e-06,0,1
1916,normal,window_typing_10000.csv,0,7.667450518056285e-06,0,1
1917,normal,window_typing_10000.csv,0,7.883336365921423e-06,0,1
1918,normal,window_typing_10000.csv,0,9.85881342785433e-06,0,1
1919,normal,window_typing_10000.csv,0,8.802711818134412e-06,0,1
1920,normal,window_typing_10000.csv,0,8.359747880604118e-06,0,1
1921,normal,window_typing_10000.csv,0,9.157839485851582e-06,0,1
1922,normal,window_typing_10000.csv,0,8.86185807758011e-06,0,1
1923,normal,window_typing_10000.csv,0,1.4784325685468502e-05,0,1
1924,normal,window_typing_10000.csv,0,1.0523077435209416e-05,0,1
1925,normal,window_typing_10000.csv,0,1.1341522622387856e-05,0,1
1926,normal,window_typing_10000.csv,0,1.3727189070777968e-05,0,1
1927,normal,window_typing_10000.csv,0,1.3579030564869754e-05,0,1
1928,normal,window_typing_10000.csv,0,1.275243721465813e-05,0,1
1929,normal,window_typing_10000.csv,0,1.213575160363689e-05,0,1
1930,normal,window_typing_10000.csv,0,1.1978581824223511e-05,0,1
1931,normal,window_typing_10000.csv,0,1.1087053280789405e-05,0,1
1932,normal,window_typing_10000.csv,0,1.1865387023135554e-05,0,1
1933,normal,window_typing_10000.csv,0,1.0236445632472169e-05,0,1
1934,normal,window_typing_10000.csv,0,1.854481342888903e-05,0,1
1935,normal,window_typing_10000.csv,0,1.4214389921107795e-05,0,1
1936,normal,window_typing_10000.csv,0,1.1638468095043208e-05,0,1
1937,normal,window_typing_10000.csv,0,1.1586573236854747e-05,0,1
1938,normal,window_typing_10000.csv,0,9.772152225195896e-06,0,1
1939,normal,window_typing_10000.csv,0,9.768174095370341e-06,0,1
1940,normal,window_typing_10000.csv,0,1.0522244338062592e-05,0,1
1941,normal,window_typing_10000.csv,0,1.0795701200549956e-05,0,1
1942,normal,window_typing_10000.csv,0,9.351525477541145e-06,0,1
1943,normal,window_typing_10000.csv,0,1.1482469744805712e-05,0,1
1944,normal,window_typing_10000.csv,0,1.2187328138679732e-05,0,1
1945,normal,window_typing_10000.csv,0,1.2601129128597677e-05,0,1
1946,normal,window_typing_10000.csv,0,1.3010762813792098e-05,0,1
1947,normal,window_typing_10000.csv,0,1.0633318197506014e-05,0,1
1948,normal,window_typing_10000.csv,0,1.2707168025372084e-05,0,1
1949,normal,window_typing_10000.csv,0,1.3294426025822759e-05,0,1
1950,normal,window_typing_10000.csv,0,1.6083467926364392e-05,0,1
1951,normal,window_typing_10000.csv,0,1.971448727999814e-05,0,1
1952,normal,window_typing_10000.csv,0,2.0993984435335733e-05,0,1
1953,normal,window_typing_10000.csv,0,2.556300205469597e-05,0,1
1954,normal,window_typing_10000.csv,0,2.234637395304162e-05,0,1
1955,normal,window_typing_10000.csv,0,2.118516931659542e-05,0,1
1956,normal,window_typing_10000.csv,0,2.445418431307189e-05,0,1
1957,normal,window_typing_10000.csv,0,2.817635322571732e-05,0,1
1958,normal,window_typing_10000.csv,0,2.3844562747399323e-05,0,1
1959,normal,window_typing_10000.csv,0,2.3087632143869996e-05,0,1
1960,normal,window_typing_10000.csv,0,1.7476888388046063e-05,0,1
1961,normal,window_typing_10000.csv,0,1.7739310351316817e-05,0,1
1962,normal,window_typing_10000.csv,0,1.5437546608154662e-05,0,1
1963,normal,window_typing_10000.csv,0,1.4319793990580365e-05,0,1
1964,normal,window_typing_10000.csv,0,1.3032185051997658e-05,0,1
1965,normal,window_typing_10000.csv,0,1.225435426022159e-05,0,1
1966,normal,window_typing_10000.csv,0,1.281940330954967e-05,0,1
1967,normal,window_typing_10000.csv,0,1.1343392543494701e-05,0,1
1968,normal,window_typing_10000.csv,0,1.0998278412444051e-05,0,1
1969,normal,window_typing_10000.csv,0,1.0789195584948175e-05,0,1
1970,normal,window_typing_10000.csv,0,1.3476828826242127e-05,0,1
1971,normal,window_typing_10000.csv,0,1.1631687812041491e-05,0,1
1972,normal,window_typing_10000.csv,0,1.0327332347515039e-05,0,1
1973,normal,window_typing_10000.csv,0,2.38028969761217e-05,0,1
1974,normal,window_typing_10000.csv,0,2.7393733034841716e-05,0,1
1975,normal,window_typing_10000.csv,0,1.6440204490209e-05,0,1
1976,normal,window_typing_10000.csv,0,1.4907727745594457e-05,0,1
1977,normal,window_typing_10000.csv,0,1.5906995031400584e-05,0,1
1978,normal,window_typing_10000.csv,0,1.5946348867146298e-05,0,1
1979,normal,window_typing_10000.csv,0,1.6040532500483096e-05,0,1
1980,normal,window_typing_10000.csv,0,1.8903519958257675e-05,0,1
1981,normal,window_typing_10000.csv,0,2.1418889446067624e-05,0,1
1982,normal,window_typing_10000.csv,0,2.322020554856863e-05,0,1
1983,normal,window_typing_10000.csv,0,2.2803975298302248e-05,0,1
1984,normal,window_typing_10000.csv,0,1.646355121920351e-05,0,1
1985,normal,window_typing_10000.csv,0,1.885253550426569e-05,0,1
1986,normal,window_typing_10000.csv,0,1.7715896319714375e-05,0,1
1987,normal,window_typing_10000.csv,0,1.7802813090384007e-05,0,1
1988,normal,window_typing_10000.csv,0,1.7971415218198672e-05,0,1
1989,normal,window_typing_10000.csv,0,1.9291708667878993e-05,0,1
1990,normal,window_typing_10000.csv,0,1.5225035895127803e-05,0,1
1991,normal,window_typing_10000.csv,0,1.49330398926395e-05,0,1
1992,normal,window_typing_10000.csv,0,1.5414714653161354e-05,0,1
1993,normal,window_typing_10000.csv,0,1.5748943042126484e-05,0,1
1994,normal,window_typing_10000.csv,0,1.4996505342423916e-05,0,1
1995,normal,window_typing_10000.csv,0,1.5203113434836268e-05,0,1
1996,normal,window_typing_10000.csv,0,1.5647725376766175e-05,0,1
1997,normal,window_typing_10000.csv,0,1.6550653526792303e-05,0,1
1998,normal,window_typing_10000.csv,0,3.049658698728308e-05,0,1
1999,normal,window_typing_10000.csv,0,2.7357837097952142e-05,0,1
2000,normal,window_typing_10000.csv,0,3.384759838809259e-05,0,1
2001,normal,window_typing_10000.csv,0,4.019587504444644e-05,0,1
2002,normal,window_typing_10000.csv,0,3.068404839723371e-05,0,1
2003,normal,window_typing_10000.csv,0,2.8379119612509385e-05,0,1
2004,normal,window_typing_10000.csv,0,2.5626952265156433e-05,0,1
2005,normal,window_typing_10000.csv,0,2.3230526494444348e-05,0,1
2006,normal,window_typing_10000.csv,0,1.8907398043666035e-05,0,1
2007,normal,window_typing_10000.csv,0,1.5616062228218652e-05,0,1
2008,normal,window_typing_10000.csv,0,1.5587494999635965e-05,0,1
2009,normal,window_typing_10000.csv,0,1.3876315279048868e-05,0,1
2010,normal,window_typing_10000.csv,0,1.3462353308568709e-05,0,1
2011,normal,window_typing_10000.csv,0,1.2321018402872141e-05,0,1
2012,normal,window_typing_10000.csv,0,1.986962161026895e-05,0,1
2013,normal,window_typing_10000.csv,0,1.3674651199835353e-05,0,1
2014,normal,window_typing_10000.csv,0,1.1817799531854689e-05,0,1
2015,normal,window_typing_10000.csv,0,1.0059233318315819e-05,0,1
2016,normal,window_typing_10000.csv,0,9.376734851684887e-06,0,1
2017,normal,window_typing_10000.csv,0,8.768862244323827e-06,0,1
2018,normal,window_typing_10000.csv,0,1.2502614481491037e-05,0,1
2019,normal,window_typing_10000.csv,0,1.6990574295050465e-05,0,1
2020,normal,window_typing_10000.csv,0,1.9735312889679335e-05,0,1
2021,normal,window_typing_10000.csv,0,2.6871948648476973e-05,0,1
2022,normal,window_typing_10000.csv,0,2.9862456358387135e-05,0,1
2023,normal,window_typing_10000.csv,0,3.306218786747195e-05,0,1
2024,normal,window_typing_10000.csv,0,2.671722904779017e-05,0,1
2025,normal,window_typing_10000.csv,0,2.4901410142774694e-05,0,1
2026,normal,window_typing_10000.csv,0,2.216156826762017e-05,0,1
2027,normal,window_typing_10000.csv,0,1.937570959853474e-05,0,1
2028,normal,window_typing_10000.csv,0,1.9486133169266395e-05,0,1
2029,normal,window_typing_10000.csv,0,1.6222567865042947e-05,0,1
2030,normal,window_typing_10000.csv,0,1.4446949535340536e-05,0,1
2031,normal,window_typing_10000.csv,0,1.4434514014283195e-05,0,1
2032,normal,window_typing_10000.csv,0,1.4058760825719219e-05,0,1
2033,normal,window_typing_10000.csv,0,1.2608232282218523e-05,0,1
2034,normal,window_typing_10000.csv,0,1.2052398233208805e-05,0,1
2035,normal,window_typing_10000.csv,0,1.1090723091911059e-05,0,1
2036,normal,window_typing_10000.csv,0,1.0315481631550938e-05,0,1
2037,normal,window_typing_10000.csv,0,1.0561966519162524e-05,0,1
2038,normal,window_typing_10000.csv,0,9.253037205780856e-06,0,1
2039,normal,window_typing_10000.csv,0,9.43385293794563e-06,0,1
2040,normal,window_typing_10000.csv,0,9.776066690392327e-06,0,1
2041,normal,window_typing_10000.csv,0,8.753580004849937e-06,0,1
2042,normal,window_typing_10000.csv,0,9.046609193319455e-06,0,1
2043,normal,window_typing_10000.csv,0,8.083168722805567e-06,0,1
2044,normal,window_typing_10000.csv,0,8.487240847898647e-06,0,1
2045,normal,window_typing_10000.csv,0,8.826695193420164e-06,0,1
2046,normal,window_typing_10000.csv,0,7.69508278608555e-06,0,1
2047,normal,window_typing_10000.csv,0,7.72094244894106e-06,0,1
2048,normal,window_typing_10000.csv,0,8.71954489412019e-06,0,1
2049,normal,window_typing_10000.csv,0,9.53689232119359e-06,0,1
2050,normal,window_typing_10000.csv,0,8.11643803899642e-06,0,1
2051,normal,window_typing_10000.csv,0,8.059299034357537e-06,0,1
2052,normal,window_typing_10000.csv,0,9.551820767228492e-06,0,1
2053,normal,window_typing_10000.csv,0,9.736794709169772e-06,0,1
2054,normal,window_typing_10000.csv,0,9.710337508295197e-06,0,1
2055,normal,window_typing_10000.csv,0,1.0546898920438252e-05,0,1
2056,normal,window_typing_10000.csv,0,9.22519393498078e-06,0,1
2057,normal,window_typing_10000.csv,0,9.5655223049107e-06,0,1
2058,normal,window_typing_10000.csv,0,1.0603082046145573e-05,0,1
2059,normal,window_typing_10000.csv,0,9.914261681842618e-06,0,1
2060,normal,window_typing_10000.csv,0,9.219319508702029e-06,0,1
2061,normal,window_typing_10000.csv,0,1.0488522093510255e-05,0,1
2062,normal,window_typing_10000.csv,0,9.777867489901837e-06,0,1
2063,normal,window_typing_10000.csv,0,9.741410394781269e-06,0,1
2064,normal,window_typing_10000.csv,0,9.797898201213684e-06,0,1
2065,normal,window_typing_10000.csv,0,8.996433280117344e-06,0,1
2066,normal,window_typing_10000.csv,0,8.672076546645258e-06,0,1
2067,normal,window_typing_10000.csv,0,9.697659152152482e-06,0,1
2068,normal,window_typing_10000.csv,0,9.379086804983672e-06,0,1
2069,normal,window_typing_10000.csv,0,9.203507033817004e-06,0,1
2070,normal,window_typing_10000.csv,0,8.985047315945849e-06,0,1
2071,normal,window_typing_10000.csv,0,1.508598325017374e-05,0,1
2072,normal,window_typing_10000.csv,0,1.0807062608364504e-05,0,1
2073,normal,window_typing_10000.csv,0,1.4725580513186287e-05,0,1
2074,normal,window_typing_10000.csv,0,1.5809118849574588e-05,0,1
2075,normal,window_typing_10000.csv,0,2.4132141334121116e-05,0,1
2076,normal,window_typing_10000.csv,0,1.7475205822847784e-05,0,1
2077,normal,window_typing_10000.csv,0,1.0720262253016699e-05,0,1
2078,normal,window_typing_10000.csv,0,1.0225830010313075e-05,0,1
2079,normal,window_typing_10000.csv,0,1.4431250747293234e-05,0,1
2080,normal,window_typing_10000.csv,0,1.3113919521856587e-05,0,1
2081,normal,window_typing_10000.csv,0,1.0192261470365338e-05,0,1
2082,normal,window_typing_10000.csv,0,9.987684279622044e-06,0,1
2083,normal,window_typing_10000.csv,0,9.010652320284862e-06,0,1
2084,normal,window_typing_10000.csv,0,9.174264960165601e-06,0,1
2085,normal,window_typing_10000.csv,0,1.1399926734156907e-05,0,1
2086,normal,window_typing_10000.csv,0,1.127299401559867e-05,0,1
2087,normal,window_typing_10000.csv,0,1.1849409929709509e-05,0,1
2088,normal,window_typing_10000.csv,0,1.2253663953742944e-05,0,1
2089,normal,window_typing_10000.csv,0,1.0822739568538964e-05,0,1
2090,normal,window_typing_10000.csv,0,1.1211090168217197e-05,0,1
2091,normal,window_typing_10000.csv,0,1.0283029041602276e-05,0,1
2092,normal,window_typing_10000.csv,0,9.981609764508903e-06,0,1
2093,normal,window_typing_10000.csv,0,1.2085823072993662e-05,0,1
2094,normal,window_typing_10000.csv,0,1.2403686923789792e-05,0,1
2095,normal,window_typing_10000.csv,0,1.1270231880189385e-05,0,1
2096,normal,window_typing_10000.csv,0,1.1497579180286266e-05,0,1
2097,normal,window_typing_10000.csv,0,1.0541297342570033e-05,0,1
2098,normal,window_typing_10000.csv,0,1.1839661056001205e-05,0,1
2099,normal,window_typing_10000.csv,0,1.2228635569044854e-05,0,1
2100,normal,window_typing_10000.csv,0,1.2819549738196656e-05,0,1
2101,normal,window_typing_10000.csv,0,1.232931754202582e-05,0,1
2102,normal,window_typing_10000.csv,0,1.1974778317380697e-05,0,1
2103,normal,window_typing_10000.csv,0,1.0347936040489003e-05,0,1
2104,normal,window_typing_10000.csv,0,1.0065798051073216e-05,0,1
2105,normal,window_typing_10000.csv,0,9.468499229114968e-06,0,1
2106,normal,window_typing_10000.csv,0,1.031678038998507e-05,0,1
2107,normal,window_typing_10000.csv,0,1.0320106412109453e-05,0,1
2108,normal,window_typing_10000.csv,0,1.0469773769727908e-05,0,1
2109,normal,window_typing_10000.csv,0,1.0402961379440967e-05,0,1
2110,normal,window_typing_10000.csv,0,9.776897059055045e-06,0,1
2111,normal,window_typing_10000.csv,0,1.0533720342209563e-05,0,1
2112,normal,window_typing_10000.csv,0,9.191236131300684e-06,0,1
2113,normal,window_typing_10000.csv,0,8.908998097467702e-06,0,1
2114,normal,window_typing_10000.csv,0,9.377959941048175e-06,0,1
2115,normal,window_typing_10000.csv,0,9.476403647568077e-06,0,1
2116,normal,window_typing_10000.csv,0,8.508327482559253e-06,0,1
2117,normal,window_typing_10000.csv,0,9.242101441486739e-06,0,1
2118,normal,window_typing_10000.csv,0,8.379687642445788e-06,0,1
2119,normal,window_typing_10000.csv,0,1.0458647011546418e-05,0,1
2120,normal,window_typing_10000.csv,0,1.3000307262700517e-05,0,1
2121,normal,window_typing_10000.csv,0,1.3053055226919241e-05,0,1
2122,normal,window_typing_10000.csv,0,1.506388889538357e-05,0,1
2123,normal,window_typing_10000.csv,0,1.6214804418268614e-05,0,1
2124,normal,window_typing_10000.csv,0,1.3399410818237811e-05,0,1
2125,normal,window_typing_10000.csv,0,1.2954689736943692e-05,0,1
2126,normal,window_typing_10000.csv,0,1.4048561752133537e-05,0,1
2127,normal,window_typing_10000.csv,0,1.4748388821317349e-05,0,1
2128,normal,window_typing_10000.csv,0,1.3608174413093366e-05,0,1
2129,normal,window_typing_10000.csv,0,1.4589667443942744e-05,0,1
2130,normal,window_typing_10000.csv,0,1.1983014701399952e-05,0,1
2131,normal,window_typing_10000.csv,0,2.0079825844732113e-05,0,1
2132,normal,window_typing_10000.csv,0,1.678928492765408e-05,0,1
2133,normal,window_typing_10000.csv,0,1.1566148714337032e-05,0,1
2134,normal,window_typing_10000.csv,0,1.1735253792721778e-05,0,1
2135,normal,window_typing_10000.csv,0,1.0300343092239928e-05,0,1
2136,normal,window_typing_10000.csv,0,1.1836726116598584e-05,0,1
2137,normal,window_typing_10000.csv,0,1.308667106059147e-05,0,1
2138,normal,window_typing_10000.csv,0,1.0900561392190866e-05,0,1
2139,normal,window_typing_10000.csv,0,1.4252015716920141e-05,0,1
2140,normal,window_typing_10000.csv,0,2.2176325728651136e-05,0,1
2141,normal,window_typing_10000.csv,0,2.0519662939477712e-05,0,1
2142,normal,window_typing_10000.csv,0,2.0745781512232497e-05,0,1
2143,normal,window_typing_10000.csv,0,2.648058762133587e-05,0,1
2144,normal,window_typing_10000.csv,0,2.4802204279694706e-05,0,1
2145,normal,window_typing_10000.csv,0,2.171915548387915e-05,0,1
2146,normal,window_typing_10000.csv,0,1.8659075067262165e-05,0,1
2147,normal,window_typing_10000.csv,0,2.0770210539922118e-05,0,1
2148,normal,window_typing_10000.csv,0,1.92404640984023e-05,0,1
2149,normal,window_typing_10000.csv,0,1.7799637134885415e-05,0,1
2150,normal,window_typing_10000.csv,0,1.8922874005511403e-05,0,1
2151,normal,window_typing_10000.csv,0,2.291026248713024e-05,0,1
2152,normal,window_typing_10000.csv,0,2.4753881007200107e-05,0,1
2153,normal,window_typing_10000.csv,0,2.1580701286438853e-05,0,1
2154,normal,window_typing_10000.csv,0,2.0199209757265635e-05,0,1
2155,normal,window_typing_10000.csv,0,1.720265754556749e-05,0,1
2156,normal,window_typing_10000.csv,0,1.6001846233848482e-05,0,1
2157,normal,window_typing_10000.csv,0,1.5175778571574483e-05,0,1
2158,normal,window_typing_10000.csv,0,1.4851378182356711e-05,0,1
2159,normal,window_typing_10000.csv,0,1.5553341654594988e-05,0,1
2160,normal,window_typing_10000.csv,0,1.529154906165786e-05,0,1
2161,normal,window_typing_10000.csv,0,1.6870128092705272e-05,0,1
2162,normal,window_typing_10000.csv,0,1.6555562979192473e-05,0,1
2163,normal,window_typing_10000.csv,0,1.4202993042999879e-05,0,1
2164,normal,window_typing_10000.csv,0,1.2588889148901217e-05,0,1
2165,normal,window_typing_10000.csv,0,1.2694811630353797e-05,0,1
2166,normal,window_typing_10000.csv,0,1.2488801985455211e-05,0,1
2167,normal,window_typing_10000.csv,0,1.1618916687439196e-05,0,1
2168,normal,window_typing_10000.csv,0,1.1773016922234092e-05,0,1
2169,normal,window_typing_10000.csv,0,1.0249213119095657e-05,0,1
2170,normal,window_typing_10000.csv,0,9.827047506405506e-06,0,1
2171,normal,window_typing_10000.csv,0,8.66781010699924e-06,0,1
2172,normal,window_typing_10000.csv,0,8.736434210732114e-06,0,1
2173,normal,window_typing_10000.csv,0,9.260858860216103e-06,0,1
2174,normal,window_typing_10000.csv,0,9.304812010668684e-06,0,1
2175,normal,window_typing_10000.csv,0,8.097141289908905e-06,0,1
2176,normal,window_typing_10000.csv,0,8.242043804784771e-06,0,1
2177,normal,window_typing_10000.csv,0,9.251431038137525e-06,0,1
2178,normal,window_typing_10000.csv,0,8.617081221018452e-06,0,1
2179,normal,window_typing_10000.csv,0,8.437182259513065e-06,0,1
2180,normal,window_typing_10000.csv,0,8.009603334357962e-06,0,1
2181,normal,window_typing_10000.csv,0,8.265869837487116e-06,0,1
2182,normal,window_typing_10000.csv,0,8.609129508840851e-06,0,1
2183,normal,window_typing_10000.csv,0,7.469100182788679e-06,0,1
2184,normal,window_typing_10000.csv,0,8.166563929989934e-06,0,1
2185,normal,window_typing_10000.csv,0,9.420717105967924e-06,0,1
2186,normal,window_typing_10000.csv,0,8.873512342688628e-06,0,1
2187,normal,window_typing_10000.csv,0,8.753963811614085e-06,0,1
2188,normal,window_typing_10000.csv,0,7.597196599817835e-06,0,1
2189,normal,window_typing_10000.csv,0,7.870250556152314e-06,0,1
2190,normal,window_typing_10000.csv,0,8.775278729444835e-06,0,1
2191,normal,window_typing_10000.csv,0,9.611544555809814e-06,0,1
2192,normal,window_typing_10000.csv,0,1.051800063578412e-05,0,1
2193,normal,window_typing_10000.csv,0,1.208469348057406e-05,0,1
2194,normal,window_typing_10000.csv,0,1.2175362826383207e-05,0,1
2195,normal,window_typing_10000.csv,0,1.108589094656054e-05,0,1
2196,normal,window_typing_10000.csv,0,1.189936028822558e-05,0,1
2197,normal,window_typing_10000.csv,0,1.2941957720613573e-05,0,1
2198,normal,window_typing_10000.csv,0,1.1903456652362365e-05,0,1
2199,normal,window_typing_10000.csv,0,1.251165485882666e-05,0,1
2200,normal,window_typing_10000.csv,0,1.068338860932272e-05,0,1
2201,normal,window_typing_10000.csv,0,1.0876501619350165e-05,0,1
2202,normal,window_typing_10000.csv,0,1.0981279046973214e-05,0,1
2203,normal,window_typing_10000.csv,0,1.0587995348032564e-05,0,1
2204,normal,window_typing_10000.csv,0,1.0647635463101324e-05,0,1
2205,normal,window_typing_10000.csv,0,1.1725966942321975e-05,0,1
2206,normal,window_typing_10000.csv,0,1.2015754691674374e-05,0,1
2207,normal,window_typing_10000.csv,0,9.355619113193825e-06,0,1
2208,normal,window_typing_10000.csv,0,1.4965472473704722e-05,0,1
2209,normal,window_typing_10000.csv,0,1.883804907265585e-05,0,1
2210,normal,window_typing_10000.csv,0,1.4913584891473874e-05,0,1
2211,normal,window_typing_10000.csv,0,1.4884939446346834e-05,0,1
2212,normal,window_typing_10000.csv,0,1.888850783871021e-05,0,1
2213,normal,window_typing_10000.csv,0,1.4691368050989695e-05,0,1
2214,normal,window_typing_10000.csv,0,1.6668293028487824e-05,0,1
2215,normal,window_typing_10000.csv,0,1.3349832443054765e-05,0,1
2216,normal,window_typing_10000.csv,0,1.3276751815283205e-05,0,1
2217,normal,window_typing_10000.csv,0,1.2999104910704773e-05,0,1
2218,normal,window_typing_10000.csv,0,1.1410303159209434e-05,0,1
2219,normal,window_typing_10000.csv,0,1.1989279300905764e-05,0,1
2220,normal,window_typing_10000.csv,0,1.1917029951291624e-05,0,1
2221,normal,window_typing_10000.csv,0,1.1061780242016539e-05,0,1
2222,normal,window_typing_10000.csv,0,1.0409818969492335e-05,0,1
2223,normal,window_typing_10000.csv,0,1.1656973583740182e-05,0,1
2224,normal,window_typing_10000.csv,0,9.965810932044405e-06,0,1
2225,normal,window_typing_10000.csv,0,1.0701274732127786e-05,0,1
2226,normal,window_typing_10000.csv,0,1.1237188118684571e-05,0,1
2227,normal,window_typing_10000.csv,0,8.92362277227221e-06,0,1
2228,normal,window_typing_10000.csv,0,1.7289843526668847e-05,0,1
2229,normal,window_typing_10000.csv,0,2.4986047719721682e-05,0,1
2230,normal,window_typing_10000.csv,0,2.4297482013935223e-05,0,1
2231,normal,window_typing_10000.csv,0,2.0019939256599173e-05,0,1
2232,normal,window_typing_10000.csv,0,1.915706707222853e-05,0,1
2233,normal,window_typing_10000.csv,0,2.365280488447752e-05,0,1
2234,normal,window_typing_10000.csv,0,2.5293975340900943e-05,0,1
2235,normal,window_typing_10000.csv,0,1.9971656001871452e-05,0,1
2236,normal,window_typing_10000.csv,0,1.7740849216352217e-05,0,1
2237,normal,window_typing_10000.csv,0,1.8053422536468133e-05,0,1
2238,normal,window_typing_10000.csv,0,1.486665405536769e-05,0,1
2239,normal,window_typing_10000.csv,0,1.3916483112552669e-05,0,1
2240,normal,window_typing_10000.csv,0,1.384848656016402e-05,0,1
2241,normal,window_typing_10000.csv,0,1.2186304957140237e-05,0,1
2242,normal,window_typing_10000.csv,0,1.121161494666012e-05,0,1
2243,normal,window_typing_10000.csv,0,1.423148023604881e-05,0,1
2244,normal,window_typing_10000.csv,0,1.1069589163525961e-05,0,1
2245,normal,window_typing_10000.csv,0,1.0918322004727088e-05,0,1
2246,normal,window_typing_10000.csv,0,1.0288954399584327e-05,0,1
2247,normal,window_typing_10000.csv,0,1.026321933750296e-05,0,1
2248,normal,window_typing_10000.csv,0,1.0413800737296697e-05,0,1
2249,normal,window_typing_10000.csv,0,9.96050857793307e-06,0,1
2250,normal,window_typing_10000.csv,0,9.843181032920256e-06,0,1
2251,normal,window_typing_10000.csv,0,9.360464900964871e-06,0,1
2252,normal,window_typing_10000.csv,0,8.629613148514181e-06,0,1
2253,normal,window_typing_10000.csv,0,7.965527402120642e-06,0,1
2254,normal,window_typing_10000.csv,0,7.890007509558927e-06,0,1
2255,normal,window_typing_10000.csv,0,7.793179975124076e-06,0,1
2256,normal,window_typing_10000.csv,0,9.270225746149663e-06,0,1
2257,normal,window_typing_10000.csv,0,8.460911885777023e-06,0,1
2258,normal,window_typing_10000.csv,0,7.847436791053042e-06,0,1
2259,normal,window_typing_10000.csv,0,7.194737008830998e-06,0,1
2260,normal,window_typing_10000.csv,0,7.3139494816132355e-06,0,1
2261,normal,window_typing_10000.csv,0,7.636669579369482e-06,0,1
2262,normal,window_typing_10000.csv,0,7.640370313310996e-06,0,1
2263,normal,window_typing_10000.csv,0,7.475898200937081e-06,0,1
2264,normal,window_typing_10000.csv,0,7.627687864442123e-06,0,1
2265,normal,window_typing_10000.csv,0,7.839545105525758e-06,0,1
2266,normal,window_typing_10000.csv,0,7.856309821363539e-06,0,1
2267,normal,window_typing_10000.csv,0,8.580565008742269e-06,0,1
2268,normal,window_typing_10000.csv,0,8.575157153245527e-06,0,1
2269,normal,window_typing_10000.csv,0,7.611273304064525e-06,0,1
2270,normal,window_typing_10000.csv,0,8.14126087789191e-06,0,1
2271,normal,window_typing_10000.csv,0,9.051907909451984e-06,0,1
2272,normal,window_typing_10000.csv,0,7.672066203667782e-06,0,1
2273,normal,window_typing_10000.csv,0,9.677850357547868e-06,0,1
2274,normal,window_typing_10000.csv,0,1.10408818727592e-05,0,1
2275,normal,window_typing_10000.csv,0,1.0171092981181573e-05,0,1
2276,normal,window_typing_10000.csv,0,9.395738743478432e-06,0,1
2277,normal,window_typing_10000.csv,0,8.744093065615743e-06,0,1
2278,normal,window_typing_10000.csv,0,1.1015640666300897e-05,0,1
2279,normal,window_typing_10000.csv,0,9.804609362618066e-06,0,1
2280,normal,window_typing_10000.csv,0,1.039812013914343e-05,0,1
2281,normal,window_typing_10000.csv,0,9.001368198369164e-06,0,1
2282,normal,window_typing_10000.csv,0,9.270685040974058e-06,0,1
2283,normal,window_typing_10000.csv,0,9.102627700485755e-06,0,1
2284,normal,window_typing_10000.csv,0,9.088167644222267e-06,0,1
2285,normal,window_typing_10000.csv,0,1.059135865943972e-05,0,1
2286,normal,window_typing_10000.csv,0,9.663464879849926e-06,0,1
2287,normal,window_typing_10000.csv,0,1.472264284529956e-05,0,1
2288,normal,window_typing_10000.csv,0,1.0907779142144136e-05,0,1
2289,normal,window_typing_10000.csv,0,8.803442142379936e-06,0,1
2290,normal,window_typing_10000.csv,0,8.837754648993723e-06,0,1
2291,normal,window_typing_10000.csv,0,8.657235412101727e-06,0,1
2292,normal,window_typing_10000.csv,0,8.635088306618854e-06,0,1
2293,normal,window_typing_10000.csv,0,8.189032996597234e-06,0,1
2294,normal,window_typing_10000.csv,0,9.476159902988002e-06,0,1
2295,normal,window_typing_10000.csv,0,7.84430176281603e-06,0,1
2296,normal,window_typing_10000.csv,0,8.047180926951114e-06,0,1
2297,normal,window_typing_10000.csv,0,7.2985158112715e-06,0,1
2298,normal,window_typing_10000.csv,0,7.029372682154644e-06,0,1
2299,normal,window_typing_10000.csv,0,6.7072082856611814e-06,0,1
2300,normal,window_typing_10000.csv,0,7.033583642623853e-06,0,1
2301,normal,window_typing_10000.csv,0,8.807926860754378e-06,0,1
2302,normal,window_typing_10000.csv,0,7.851845111872535e-06,0,1
2303,normal,window_typing_10000.csv,0,7.479536634491524e-06,0,1
2304,normal,window_typing_10000.csv,0,7.0435185079986695e-06,0,1
2305,normal,window_typing_10000.csv,0,7.209902832983062e-06,0,1
2306,normal,window_typing_10000.csv,0,7.420658221235499e-06,0,1
2307,normal,window_typing_10000.csv,0,7.239633305289317e-06,0,1
2308,normal,window_typing_10000.csv,0,7.3488799898768775e-06,0,1
2309,normal,window_typing_10000.csv,0,6.905032932991162e-06,0,1
2310,normal,window_typing_10000.csv,0,6.899957952555269e-06,0,1
2311,normal,window_typing_10000.csv,0,6.686732376692817e-06,0,1
2312,normal,window_typing_10000.csv,0,6.809329988755053e-06,0,1
2313,normal,window_typing_10000.csv,0,6.814591415604809e-06,0,1
2314,normal,window_typing_10000.csv,0,6.932647011126392e-06,0,1
2315,normal,window_typing_10000.csv,0,6.693833256576909e-06,0,1
2316,normal,window_typing_10000.csv,0,6.938784736121306e-06,0,1
2317,normal,window_typing_10000.csv,0,7.354299668804742e-06,0,1
2318,normal,window_typing_10000.csv,0,7.57472025725292e-06,0,1
2319,normal,window_typing_10000.csv,0,7.41896610634285e-06,0,1
2320,normal,window_typing_10000.csv,0,7.1455660872743465e-06,0,1
2321,normal,window_typing_10000.csv,0,6.662728083028924e-06,0,1
2322,normal,window_typing_10000.csv,0,8.695563337823842e-06,0,1
2323,normal,window_typing_10000.csv,0,1.1844189430121332e-05,0,1
2324,normal,window_typing_10000.csv,0,1.767006870068144e-05,0,1
2325,normal,window_typing_10000.csv,0,2.478151691320818e-05,0,1
2326,normal,window_typing_10000.csv,0,2.203209987783339e-05,0,1
2327,normal,window_typing_10000.csv,0,2.4870534616638906e-05,0,1
2328,normal,window_typing_10000.csv,0,2.635444798215758e-05,0,1
2329,normal,window_typing_10000.csv,0,2.699392643989995e-05,0,1
2330,normal,window_typing_10000.csv,0,2.4822482373565435e-05,0,1
2331,normal,window_typing_10000.csv,0,2.9806693419232033e-05,0,1
2332,normal,window_typing_10000.csv,0,2.268723437737208e-05,0,1
2333,normal,window_typing_10000.csv,0,1.7077270968002267e-05,0,1
2334,normal,window_typing_10000.csv,0,1.7485906937508844e-05,0,1
2335,normal,window_typing_10000.csv,0,1.440669166186126e-05,0,1
2336,normal,window_typing_10000.csv,0,1.5323155821533874e-05,0,1
2337,normal,window_typing_10000.csv,0,1.5204172086669132e-05,0,1
2338,normal,window_typing_10000.csv,0,1.5151875231822487e-05,0,1
2339,normal,window_typing_10000.csv,0,1.4328140423458535e-05,0,1
2340,normal,window_typing_10000.csv,0,1.2100619642296806e-05,0,1
2341,normal,window_typing_10000.csv,0,1.2277949281269684e-05,0,1
2342,normal,window_typing_10000.csv,0,1.2184725164843258e-05,0,1
2343,normal,window_typing_10000.csv,0,1.2040794899803586e-05,0,1
2344,normal,window_typing_10000.csv,0,9.474524631514214e-06,0,1
2345,normal,window_typing_10000.csv,0,1.0344680958951358e-05,0,1
2346,normal,window_typing_10000.csv,0,1.1153589184687007e-05,0,1
2347,normal,window_typing_10000.csv,0,9.684313226898666e-06,0,1
2348,normal,window_typing_10000.csv,0,9.512167707725894e-06,0,1
2349,normal,window_typing_10000.csv,0,9.361554475617595e-06,0,1
2350,normal,window_typing_10000.csv,0,8.818827154755127e-06,0,1
2351,normal,window_typing_10000.csv,0,8.768251063884236e-06,0,1
2352,normal,window_typing_10000.csv,0,8.190555490728002e-06,0,1
2353,normal,window_typing_10000.csv,0,7.752432793495245e-06,0,1
2354,normal,window_typing_10000.csv,0,7.0520541157748085e-06,0,1
2355,normal,window_typing_10000.csv,0,7.695552085351665e-06,0,1
2356,normal,window_typing_10000.csv,0,8.618478204880375e-06,0,1
2357,normal,window_typing_10000.csv,0,8.758456715440843e-06,0,1
2358,normal,window_typing_10000.csv,0,7.916695722087752e-06,0,1
2359,normal,window_typing_10000.csv,0,7.49944911149214e-06,0,1
2360,normal,window_typing_10000.csv,0,7.837856173864566e-06,0,1
2361,normal,window_typing_10000.csv,0,7.205847850855207e-06,0,1
2362,normal,window_typing_10000.csv,0,7.7693894127151e-06,0,1
2363,normal,window_typing_10000.csv,0,7.653095963178203e-06,0,1
2364,normal,window_typing_10000.csv,0,7.647704478586093e-06,0,1
2365,normal,window_typing_10000.csv,0,7.471672233805293e-06,0,1
2366,normal,window_typing_10000.csv,0,7.658652066311333e-06,0,1
2367,normal,window_typing_10000.csv,0,6.914640835020691e-06,0,1
2368,normal,window_typing_10000.csv,0,7.204658686532639e-06,0,1
2369,normal,window_typing_10000.csv,0,7.657497917534783e-06,0,1
2370,normal,window_typing_10000.csv,0,6.800165920139989e-06,0,1
2371,normal,window_typing_10000.csv,0,6.891198609082494e-06,0,1
2372,normal,window_typing_10000.csv,0,7.6114770308777224e-06,0,1
2373,normal,window_typing_10000.csv,0,7.1827116698841564e-06,0,1
2374,normal,window_typing_10000.csv,0,7.537450983363669e-06,0,1
2375,normal,window_typing_10000.csv,0,7.476034625142347e-06,0,1
2376,normal,window_typing_10000.csv,0,1.3765061339654494e-05,0,1
2377,normal,window_typing_10000.csv,0,1.0320331966795493e-05,0,1
2378,normal,window_typing_10000.csv,0,8.017237632884644e-06,0,1
2379,normal,window_typing_10000.csv,0,9.05723572941497e-06,0,1
2380,normal,window_typing_10000.csv,0,9.034090908244252e-06,0,1
2381,normal,window_typing_10000.csv,0,8.354950296052266e-06,0,1
2382,normal,window_typing_10000.csv,0,9.117284207604825e-06,0,1
2383,normal,window_typing_10000.csv,0,8.450936547887977e-06,0,1
2384,normal,window_typing_10000.csv,0,9.069924999494106e-06,0,1
2385,normal,window_typing_10000.csv,0,8.35699938761536e-06,0,1
2386,normal,window_typing_10000.csv,0,9.629325177229475e-06,0,1
2387,normal,window_typing_10000.csv,0,8.766687642491888e-06,0,1
2388,normal,window_typing_10000.csv,0,9.556941222399473e-06,0,1
2389,normal,window_typing_10000.csv,0,1.151846481661778e-05,0,1
2390,normal,window_typing_10000.csv,0,9.452791346120648e-06,0,1
2391,normal,window_typing_10000.csv,0,9.562329069012776e-06,0,1
2392,normal,window_typing_10000.csv,0,9.94750462268712e-06,0,1
2393,normal,window_typing_10000.csv,0,9.652936569182202e-06,0,1
2394,normal,window_typing_10000.csv,0,9.666588084655814e-06,0,1
2395,normal,window_typing_10000.csv,0,9.358457646158058e-06,0,1
2396,normal,window_typing_10000.csv,0,9.603892976883799e-06,0,1
2397,normal,window_typing_10000.csv,0,8.518638423993252e-06,0,1
2398,normal,window_typing_10000.csv,0,8.319290827785153e-06,0,1
2399,normal,window_typing_10000.csv,0,1.0698304322431795e-05,0,1
2400,normal,window_typing_10000.csv,0,1.1134874512208626e-05,0,1
2401,normal,window_typing_10000.csv,0,1.1130308848805726e-05,0,1
2402,normal,window_typing_10000.csv,0,1.1784823072957806e-05,0,1
2403,normal,window_typing_10000.csv,0,1.0840331924555358e-05,0,1
2404,normal,window_typing_10000.csv,0,1.0389130693511106e-05,0,1
2405,normal,window_typing_10000.csv,0,9.785068868950475e-06,0,1
2406,normal,window_typing_10000.csv,0,1.636462184251286e-05,0,1
2407,normal,window_typing_10000.csv,0,1.2202389370941091e-05,0,1
2408,normal,window_typing_10000.csv,0,1.1218502550036646e-05,0,1
2409,normal,window_typing_10000.csv,0,1.1498697858769447e-05,0,1
2410,normal,window_typing_10000.csv,0,1.0345075679651927e-05,0,1
2411,normal,window_typing_10000.csv,0,9.699999282020144e-06,0,1
2412,normal,window_typing_10000.csv,0,9.613790098228492e-06,0,1
2413,normal,window_typing_10000.csv,0,1.0612913683871739e-05,0,1
2414,normal,window_typing_10000.csv,0,9.836705430643633e-06,0,1
2415,normal,window_typing_10000.csv,0,1.0745903637143783e-05,0,1
2416,normal,window_typing_10000.csv,0,1.0717094482970424e-05,0,1
2417,normal,window_typing_10000.csv,0,1.3022108760196716e-05,0,1
2418,normal,window_typing_10000.csv,0,1.5923114915494807e-05,0,1
2419,normal,window_typing_10000.csv,0,1.403931946697412e-05,0,1
2420,normal,window_typing_10000.csv,0,1.4821113836660516e-05,0,1
2421,normal,window_typing_10000.csv,0,1.4570575331163127e-05,0,1
2422,normal,window_typing_10000.csv,0,1.6952279111137614e-05,0,1
2423,normal,window_typing_10000.csv,0,1.6265945305349305e-05,0,1
2424,normal,window_typing_10000.csv,0,1.5529583833995275e-05,0,1
2425,normal,window_typing_10000.csv,0,1.7367447071592323e-05,0,1
2426,normal,window_typing_10000.csv,0,1.824588980525732e-05,0,1
2427,normal,window_typing_10000.csv,0,1.600799623702187e-05,0,1
2428,normal,window_typing_10000.csv,0,1.5261100998031907e-05,0,1
2429,normal,window_typing_10000.csv,0,1.3746944205195177e-05,0,1
2430,normal,window_typing_10000.csv,0,1.32034938360448e-05,0,1
2431,normal,window_typing_10000.csv,0,1.3020283404330257e-05,0,1
2432,normal,window_typing_10000.csv,0,1.194636570289731e-05,0,1
2433,normal,window_typing_10000.csv,0,1.0615839528327342e-05,0,1
2434,normal,window_typing_10000.csv,0,9.806030902836937e-06,0,1
2435,normal,window_typing_10000.csv,0,9.753857739269733e-06,0,1
2436,normal,window_typing_10000.csv,0,1.0006342563428916e-05,0,1
2437,normal,window_typing_10000.csv,0,1.0107207344844937e-05,0,1
2438,normal,window_typing_10000.csv,0,9.735642379382625e-06,0,1
2439,normal,window_typing_10000.csv,0,9.412096005689818e-06,0,1
2440,normal,window_typing_10000.csv,0,9.957972906704526e-06,0,1
2441,normal,window_typing_10000.csv,0,9.544171916786581e-06,0,1
2442,normal,window_typing_10000.csv,0,9.831266652327031e-06,0,1
2443,normal,window_typing_10000.csv,0,1.0325884431949817e-05,0,1
2444,normal,window_typing_10000.csv,0,9.678432434157003e-06,0,1
2445,normal,window_typing_10000.csv,0,8.911581062420737e-06,0,1
2446,normal,window_typing_10000.csv,0,9.048205356521066e-06,0,1
2447,normal,window_typing_10000.csv,0,8.928994247980881e-06,0,1
2448,normal,window_typing_10000.csv,0,8.385435648960993e-06,0,1
2449,normal,window_typing_10000.csv,0,9.436813343199901e-06,0,1
2450,normal,window_typing_10000.csv,0,1.0192542504228186e-05,0,1
2451,normal,window_typing_10000.csv,0,1.1045610335713718e-05,0,1
2452,normal,window_typing_10000.csv,0,1.2901034097012598e-05,0,1
2453,normal,window_typing_10000.csv,0,1.9462082491372712e-05,0,1
2454,normal,window_typing_10000.csv,0,2.4047461920417845e-05,0,1
2455,normal,window_typing_10000.csv,0,2.2586158593185246e-05,0,1
2456,normal,window_typing_10000.csv,0,2.0161049178568646e-05,0,1
2457,normal,window_typing_10000.csv,0,2.292704812134616e-05,0,1
2458,normal,window_typing_10000.csv,0,2.2418415028369054e-05,0,1
2459,normal,window_typing_10000.csv,0,2.286080598423723e-05,0,1
2460,normal,window_typing_10000.csv,0,2.1052970623713918e-05,0,1
2461,normal,window_typing_10000.csv,0,2.0096165826544166e-05,0,1
2462,normal,window_typing_10000.csv,0,1.7335774828097783e-05,0,1
2463,normal,window_typing_10000.csv,0,1.3730266800848767e-05,0,1
2464,normal,window_typing_10000.csv,0,1.5949999578879215e-05,0,1
2465,normal,window_typing_10000.csv,0,1.3454831787385046e-05,0,1
2466,normal,window_typing_10000.csv,0,1.2415153832989745e-05,0,1
2467,normal,window_typing_10000.csv,0,1.0425485925225075e-05,0,1
2468,normal,window_typing_10000.csv,0,1.0962548913084902e-05,0,1
2469,normal,window_typing_10000.csv,0,1.0888686119869817e-05,0,1
2470,normal,window_typing_10000.csv,0,9.49679633777123e-06,0,1
2471,normal,window_typing_10000.csv,0,1.0525565812713467e-05,0,1
2472,normal,window_typing_10000.csv,0,9.94109268503962e-06,0,1
2473,normal,window_typing_10000.csv,0,9.655771464167628e-06,0,1
2474,normal,window_typing_10000.csv,0,9.244305147149134e-06,0,1
2475,normal,window_typing_10000.csv,0,1.1692467523971573e-05,0,1
2476,normal,window_typing_10000.csv,0,1.0070993084809743e-05,0,1
2477,normal,window_typing_10000.csv,0,9.862339538813103e-06,0,1
2478,normal,window_typing_10000.csv,0,1.0633672900439706e-05,0,1
2479,normal,window_typing_10000.csv,0,9.878935088636354e-06,0,1
2480,normal,window_typing_10000.csv,0,9.592469723429531e-06,0,1
2481,normal,window_typing_10000.csv,0,8.989821253635455e-06,0,1
2482,normal,window_typing_10000.csv,0,9.198049156111665e-06,0,1
2483,normal,window_typing_10000.csv,0,9.766395123733673e-06,0,1
2484,normal,window_typing_10000.csv,0,9.884081009658985e-06,0,1
2485,normal,window_typing_10000.csv,0,1.6484791558468714e-05,0,1
2486,normal,window_typing_10000.csv,0,1.2747829714498948e-05,0,1
2487,normal,window_typing_10000.csv,0,1.1468308002804406e-05,0,1
2488,normal,window_typing_10000.csv,0,1.118915133702103e-05,0,1
2489,normal,window_typing_10000.csv,0,9.618274816602934e-06,0,1
2490,normal,window_typing_10000.csv,0,9.432727892999537e-06,0,1
2491,normal,window_typing_10000.csv,0,1.0908341209869832e-05,0,1
2492,normal,window_typing_10000.csv,0,1.2432689800334629e-05,0,1
2493,normal,window_typing_10000.csv,0,1.1473088306956924e-05,0,1
2494,normal,window_typing_10000.csv,0,1.0686741006793454e-05,0,1
2495,normal,window_typing_10000.csv,0,1.1774937775044236e-05,0,1
2496,normal,window_typing_10000.csv,0,1.1449075827840716e-05,0,1
2497,normal,window_typing_10000.csv,0,1.0484791346243583e-05,0,1
2498,normal,window_typing_10000.csv,0,1.0442610800964758e-05,0,1
2499,normal,window_typing_10000.csv,0,1.0856480912480038e-05,0,1
2500,normal,window_typing_10000.csv,0,1.0123375432158355e-05,0,1
2501,normal,window_typing_10000.csv,0,9.547020454192534e-06,0,1
2502,normal,window_typing_10000.csv,0,8.903823982109316e-06,0,1
2503,normal,window_typing_10000.csv,0,8.544333468307741e-06,0,1
2504,normal,window_typing_10000.csv,0,1.0009959623857867e-05,0,1
2505,normal,window_typing_10000.csv,0,8.582790542277507e-06,0,1
2506,normal,window_typing_10000.csv,0,8.272044397017453e-06,0,1
2507,normal,window_typing_10000.csv,0,8.633861398266163e-06,0,1
2508,normal,window_typing_10000.csv,0,7.821569852239918e-06,0,1
2509,normal,window_typing_10000.csv,0,7.568149158032611e-06,0,1
2510,normal,window_typing_10000.csv,0,7.520146937167738e-06,0,1
2511,normal,window_typing_10000.csv,0,7.518046459153993e-06,0,1
2512,normal,window_typing_10000.csv,0,7.474024187104078e-06,0,1
2513,normal,window_typing_10000.csv,0,7.191197255451698e-06,0,1
2514,normal,window_typing_10000.csv,0,7.079790066200076e-06,0,1
2515,normal,window_typing_10000.csv,0,7.795283636369277e-06,0,1
2516,normal,window_typing_10000.csv,0,7.03289970260812e-06,0,1
2517,normal,window_typing_10000.csv,0,6.583516096725361e-06,0,1
2518,normal,window_typing_10000.csv,0,8.183060344890691e-06,0,1
2519,normal,window_typing_10000.csv,0,1.3901084457756951e-05,0,1
2520,normal,window_typing_10000.csv,0,1.4091928278503474e-05,0,1
2521,normal,window_typing_10000.csv,0,1.2609652003447991e-05,0,1
2522,normal,window_typing_10000.csv,0,1.4261029718909413e-05,0,1
2523,normal,window_typing_10000.csv,0,1.5651350622647442e-05,0,1
2524,normal,window_typing_10000.csv,0,1.683518712525256e-05,0,1
2525,normal,window_typing_10000.csv,0,1.6551757653360255e-05,0,1
2526,normal,window_typing_10000.csv,0,1.5491996236960404e-05,0,1
2527,normal,window_typing_10000.csv,0,1.3873167517886031e-05,0,1
2528,normal,window_typing_10000.csv,0,1.4705481589771807e-05,0,1
2529,normal,window_typing_10000.csv,0,1.4194179129844997e-05,0,1
2530,normal,window_typing_10000.csv,0,1.290440559387207e-05,0,1
2531,normal,window_typing_10000.csv,0,1.1895433090103325e-05,0,1
2532,normal,window_typing_10000.csv,0,1.2431005416146945e-05,0,1
2533,normal,window_typing_10000.csv,0,1.1343988262524363e-05,0,1
2534,normal,window_typing_10000.csv,0,1.163106662716018e-05,0,1
2535,normal,window_typing_10000.csv,0,1.1770626770157833e-05,0,1
2536,normal,window_typing_10000.csv,0,1.5940329831209965e-05,0,1
2537,normal,window_typing_10000.csv,0,1.2502017852966674e-05,0,1
2538,normal,window_typing_10000.csv,0,1.0604810995573644e-05,0,1
2539,normal,window_typing_10000.csv,0,9.081107236852404e-06,0,1
2540,normal,window_typing_10000.csv,0,8.377721314900555e-06,0,1
2541,normal,window_typing_10000.csv,0,1.0597248547128402e-05,0,1
2542,normal,window_typing_10000.csv,0,1.2029340723529458e-05,0,1
2543,normal,window_typing_10000.csv,0,1.8920311049441807e-05,0,1
2544,normal,window_typing_10000.csv,0,1.6162299289135262e-05,0,1
2545,normal,window_typing_10000.csv,0,1.60546424012864e-05,0,1
2546,normal,window_typing_10000.csv,0,1.7163771190098487e-05,0,1
2547,normal,window_typing_10000.csv,0,2.2570871806237847e-05,0,1
2548,normal,window_typing_10000.csv,0,2.3232920284499414e-05,0,1
2549,normal,window_typing_10000.csv,0,2.0886509446427226e-05,0,1
2550,normal,window_typing_10000.csv,0,1.8366890799370594e-05,0,1
2551,normal,window_typing_10000.csv,0,1.970992161659524e-05,0,1
2552,normal,window_typing_10000.csv,0,1.6072075595729984e-05,0,1
2553,normal,window_typing_10000.csv,0,1.5639579942217097e-05,0,1
2554,normal,window_typing_10000.csv,0,1.3315846445038915e-05,0,1
2555,normal,window_typing_10000.csv,0,1.2513540241343435e-05,0,1
2556,normal,window_typing_10000.csv,0,1.1443867151683662e-05,0,1
2557,normal,window_typing_10000.csv,0,1.1749397344829049e-05,0,1
2558,normal,window_typing_10000.csv,0,1.2895671716250945e-05,0,1
2559,normal,window_typing_10000.csv,0,1.1144627023895737e-05,0,1
2560,normal,window_typing_10000.csv,0,1.1464140698080882e-05,0,1
2561,normal,window_typing_10000.csv,0,1.1324358638375998e-05,0,1
2562,normal,window_typing_10000.csv,0,1.0041836503660306e-05,0,1
2563,normal,window_typing_10000.csv,0,9.716933163872454e-06,0,1
2564,normal,window_typing_10000.csv,0,9.511886673863046e-06,0,1
2565,normal,window_typing_10000.csv,0,1.3644468708662316e-05,0,1
2566,normal,window_typing_10000.csv,0,1.11614854176878e-05,0,1
2567,normal,window_typing_10000.csv,0,8.828774298308417e-06,0,1
2568,normal,window_typing_10000.csv,0,9.59386943577556e-06,0,1
2569,normal,window_typing_10000.csv,0,7.70604583522072e-06,0,1
2570,normal,window_typing_10000.csv,0,8.024780072446447e-06,0,1
2571,normal,window_typing_10000.csv,0,7.625244052178459e-06,0,1
2572,normal,window_typing_10000.csv,0,8.137091754178982e-06,0,1
2573,normal,window_typing_10000.csv,0,9.85829592536902e-06,0,1
2574,normal,window_typing_10000.csv,0,9.654077985032927e-06,0,1
2575,normal,window_typing_10000.csv,0,9.123989002546296e-06,0,1
2576,normal,window_typing_10000.csv,0,8.218300536100287e-06,0,1
2577,normal,window_typing_10000.csv,0,8.886367140803486e-06,0,1
2578,normal,window_typing_10000.csv,0,8.827890269458294e-06,0,1
2579,normal,window_typing_10000.csv,0,8.540853741578758e-06,0,1
2580,normal,window_typing_10000.csv,0,1.0217602721240837e-05,0,1
2581,normal,window_typing_10000.csv,0,8.582209375163075e-06,0,1
2582,normal,window_typing_10000.csv,0,8.198222531063948e-06,0,1
2583,normal,window_typing_10000.csv,0,8.356432772416156e-06,0,1
2584,normal,window_typing_10000.csv,0,9.88835199677851e-06,0,1
2585,normal,window_typing_10000.csv,0,8.669885573908687e-06,0,1
2586,normal,window_typing_10000.csv,0,8.891367542673834e-06,0,1
2587,normal,window_typing_10000.csv,0,9.02375813893741e-06,0,1
2588,normal,window_typing_10000.csv,0,8.991579306893982e-06,0,1
2589,normal,window_typing_10000.csv,0,1.0287982149748132e-05,0,1
2590,normal,window_typing_10000.csv,0,8.201639502658509e-06,0,1
2591,normal,window_typing_10000.csv,0,1.5069462278916035e-05,0,1
2592,normal,window_typing_10000.csv,0,1.0667181413737126e-05,0,1
2593,normal,window_typing_10000.csv,0,9.348171261081006e-06,0,1
2594,normal,window_typing_10000.csv,0,1.2545468962343875e-05,0,1
2595,normal,window_typing_10000.csv,0,1.778404475771822e-05,0,1
2596,normal,window_typing_10000.csv,0,1.2842457181250211e-05,0,1
2597,normal,window_typing_10000.csv,0,9.299400517193135e-06,0,1
2598,normal,window_typing_10000.csv,0,8.057485501922201e-06,0,1
2599,normal,window_typing_10000.csv,0,8.075994628597982e-06,0,1
2600,normal,window_typing_10000.csv,0,7.497733349737246e-06,0,1
2601,normal,window_typing_10000.csv,0,7.928792911116034e-06,0,1
2602,normal,window_typing_10000.csv,0,7.697254659433383e-06,0,1
2603,normal,window_typing_10000.csv,0,7.105039458110696e-06,0,1
2604,normal,window_typing_10000.csv,0,7.860275218263268e-06,0,1
2605,normal,window_typing_10000.csv,0,8.149860150297172e-06,0,1
2606,normal,window_typing_10000.csv,0,9.111799045058433e-06,0,1
2607,normal,window_typing_10000.csv,0,1.1231927601329517e-05,0,1
2608,normal,window_typing_10000.csv,0,1.371607868350111e-05,0,1
2609,normal,window_typing_10000.csv,0,1.3881967788620386e-05,0,1
2610,normal,window_typing_10000.csv,0,1.4133003787719645e-05,0,1
2611,normal,window_typing_10000.csv,0,1.3587191460828763e-05,0,1
2612,normal,window_typing_10000.csv,0,1.5948995496728458e-05,0,1
2613,normal,window_typing_10000.csv,0,1.5113861081772484e-05,0,1
2614,normal,window_typing_10000.csv,0,1.4357083273353055e-05,0,1
2615,normal,window_typing_10000.csv,0,1.5974095731507987e-05,0,1
2616,normal,window_typing_10000.csv,0,1.5209421690087765e-05,0,1
2617,normal,window_typing_10000.csv,0,1.558263465994969e-05,0,1
2618,normal,window_typing_10000.csv,0,1.5139612514758483e-05,0,1
2619,normal,window_typing_10000.csv,0,1.4838353308732621e-05,0,1
2620,normal,window_typing_10000.csv,0,1.2373606296023354e-05,0,1
2621,normal,window_typing_10000.csv,0,1.220217836817028e-05,0,1
2622,normal,window_typing_10000.csv,0,1.3056990610493813e-05,0,1
2623,normal,window_typing_10000.csv,0,1.142589644587133e-05,0,1
2624,normal,window_typing_10000.csv,0,1.0713332812883891e-05,0,1
2625,normal,window_typing_10000.csv,0,9.854837117018178e-06,0,1
2626,normal,window_typing_10000.csv,0,1.0006342563428916e-05,0,1
2627,normal,window_typing_10000.csv,0,1.0774831935123075e-05,0,1
2628,normal,window_typing_10000.csv,0,1.0848862075363286e-05,0,1
2629,normal,window_typing_10000.csv,0,1.0330257282475941e-05,0,1
2630,normal,window_typing_10000.csv,0,8.892699952411931e-06,0,1
2631,normal,window_typing_10000.csv,0,8.614024409325793e-06,0,1
2632,normal,window_typing_10000.csv,0,9.947048965841532e-06,0,1
2633,normal,window_typing_10000.csv,0,1.0102939086209517e-05,0,1
2634,normal,window_typing_10000.csv,0,8.670480383443646e-06,0,1
2635,normal,window_typing_10000.csv,0,1.0972401469189208e-05,0,1
2636,normal,window_typing_10000.csv,0,1.044925556925591e-05,0,1
2637,normal,window_typing_10000.csv,0,1.6588830476393923e-05,0,1
2638,normal,window_typing_10000.csv,0,1.2554671229736414e-05,0,1
2639,normal,window_typing_10000.csv,0,1.710170181468129e-05,0,1
2640,normal,window_typing_10000.csv,0,2.0179762941552326e-05,0,1
2641,normal,window_typing_10000.csv,0,2.9998152967891656e-05,0,1
2642,normal,window_typing_10000.csv,0,1.9721635908354074e-05,0,1
2643,normal,window_typing_10000.csv,0,1.3034409676038194e-05,0,1
2644,normal,window_typing_10000.csv,0,1.1491945770103484e-05,0,1
2645,normal,window_typing_10000.csv,0,9.426135875401087e-06,0,1
2646,normal,window_typing_10000.csv,0,8.96585697773844e-06,0,1
2647,normal,window_typing_10000.csv,0,1.0773547728604171e-05,0,1
2648,normal,window_typing_10000.csv,0,1.058213001670083e-05,0,1
2649,normal,window_typing_10000.csv,0,1.1130011444038246e-05,0,1
2650,normal,window_typing_10000.csv,0,1.0673520591808483e-05,0,1
2651,normal,window_typing_10000.csv,0,1.0836020919668954e-05,0,1
2652,normal,window_typing_10000.csv,0,9.086174941330682e-06,0,1
2653,normal,window_typing_10000.csv,0,9.67139294516528e-06,0,1
2654,normal,window_typing_10000.csv,0,9.564701031195e-06,0,1
2655,normal,window_typing_10000.csv,0,9.235158358933404e-06,0,1
2656,normal,window_typing_10000.csv,0,1.0668472896213643e-05,0,1
2657,normal,window_typing_10000.csv,0,1.1199111213500146e-05,0,1
2658,normal,window_typing_10000.csv,0,1.1670787898765411e-05,0,1
2659,normal,window_typing_10000.csv,0,1.1572260518732946e-05,0,1
2660,normal,window_typing_10000.csv,0,1.1760549568862189e-05,0,1
2661,normal,window_typing_10000.csv,0,1.1826615263998974e-05,0,1
2662,normal,window_typing_10000.csv,0,1.0830555766006e-05,0,1
2663,normal,window_typing_10000.csv,0,1.133827754529193e-05,0,1
2664,normal,window_typing_10000.csv,0,1.142615747085074e-05,0,1
2665,normal,window_typing_10000.csv,0,1.2734791198454332e-05,0,1
2666,normal,window_typing_10000.csv,0,1.1150633326906245e-05,0,1
2667,normal,window_typing_10000.csv,0,1.1553922377061099e-05,0,1
2668,normal,window_typing_10000.csv,0,1.295302172366064e-05,0,1
2669,normal,window_typing_10000.csv,0,1.1673671906464733e-05,0,1
2670,normal,window_typing_10000.csv,0,1.0828644917637575e-05,0,1
2671,normal,window_typing_10000.csv,0,1.126083134295186e-05,0,1
2672,normal,window_typing_10000.csv,0,1.2305177733651362e-05,0,1
2673,normal,window_typing_10000.csv,0,1.0864424439205322e-05,0,1
2674,normal,window_typing_10000.csv,0,9.781419976206962e-06,0,1
2675,normal,window_typing_10000.csv,0,9.850392416410614e-06,0,1
2676,normal,window_typing_10000.csv,0,9.481131201027893e-06,0,1
2677,normal,window_typing_10000.csv,0,8.896584404283203e-06,0,1
2678,normal,window_typing_10000.csv,0,8.513156899425667e-06,0,1
2679,normal,window_typing_10000.csv,0,9.203103218169417e-06,0,1
2680,normal,window_typing_10000.csv,0,8.92741900315741e-06,0,1
2681,normal,window_typing_10000.csv,0,8.255621651187539e-06,0,1
2682,normal,window_typing_10000.csv,0,9.023852726386394e-06,0,1
2683,normal,window_typing_10000.csv,0,9.958172086044215e-06,0,1
2684,normal,window_typing_10000.csv,0,8.345983587787487e-06,0,1
2685,normal,window_typing_10000.csv,0,8.254110070993192e-06,0,1
2686,normal,window_typing_10000.csv,0,7.51611105442862e-06,0,1
2687,normal,window_typing_10000.csv,0,8.564867130189668e-06,0,1
2688,normal,window_typing_10000.csv,0,9.398345355293714e-06,0,1
2689,normal,window_typing_10000.csv,0,8.697072189534083e-06,0,1
2690,normal,window_typing_10000.csv,0,8.171791705535725e-06,0,1
2691,normal,window_typing_10000.csv,0,8.716435331734829e-06,0,1
2692,normal,window_typing_10000.csv,0,8.68739061843371e-06,0,1
2693,normal,window_typing_10000.csv,0,9.497683095105458e-06,0,1
2694,normal,window_typing_10000.csv,0,1.132418583438266e-05,0,1
2695,normal,window_typing_10000.csv,0,1.060139220498968e-05,0,1
2696,normal,window_typing_10000.csv,0,1.0611922334646806e-05,0,1
2697,normal,window_typing_10000.csv,0,1.1597892807913013e-05,0,1
2698,normal,window_typing_10000.csv,0,1.1432654901000205e-05,0,1
2699,normal,window_typing_10000.csv,0,1.1605527106439695e-05,0,1
2700,normal,window_typing_10000.csv,0,1.170012001239229e-05,0,1
2701,normal,window_typing_10000.csv,0,1.3556865269492846e-05,0,1
2702,normal,window_typing_10000.csv,0,1.0976368685078342e-05,0,1
2703,normal,window_typing_10000.csv,0,1.48413691931637e-05,0,1
2704,normal,window_typing_10000.csv,0,1.3287367437442299e-05,0,1
2705,normal,window_typing_10000.csv,0,1.0455624760652427e-05,0,1
2706,normal,window_typing_10000.csv,0,1.1153259038110264e-05,0,1
2707,normal,window_typing_10000.csv,0,1.097894346457906e-05,0,1
2708,normal,window_typing_10000.csv,0,1.0236191883450374e-05,0,1
2709,normal,window_typing_10000.csv,0,1.0670549272617791e-05,0,1
2710,normal,window_typing_10000.csv,0,9.830975614022464e-06,0,1
2711,normal,window_typing_10000.csv,0,1.0245421435683966e-05,0,1
2712,normal,window_typing_10000.csv,0,9.343582860310562e-06,0,1
2713,normal,window_typing_10000.csv,0,8.816590707283467e-06,0,1
2714,normal,window_typing_10000.csv,0,8.520922165189404e-06,0,1
2715,normal,window_typing_10000.csv,0,8.54849804454716e-06,0,1
2716,normal,window_typing_10000.csv,0,8.731436537345871e-06,0,1
2717,normal,window_typing_10000.csv,0,7.717703738308046e-06,0,1
2718,normal,window_typing_10000.csv,0,7.992022801772691e-06,0,1
2719,normal,window_typing_10000.csv,0,8.506762242177501e-06,0,1
2720,normal,window_typing_10000.csv,0,7.604409347550245e-06,0,1
2721,normal,window_typing_10000.csv,0,8.282599083031528e-06,0,1
2722,normal,window_typing_10000.csv,0,7.426016964018345e-06,0,1
2723,normal,window_typing_10000.csv,0,7.647280654055066e-06,0,1
2724,normal,window_typing_10000.csv,0,7.297555384866428e-06,0,1
2725,normal,window_typing_10000.csv,0,7.90444482845487e-06,0,1
2726,normal,window_typing_10000.csv,0,7.5467869464773685e-06,0,1
2727,normal,window_typing_10000.csv,0,1.2740962120005861e-05,0,1
2728,normal,window_typing_10000.csv,0,9.390506420459133e-06,0,1
2729,normal,window_typing_10000.csv,0,8.592684025643393e-06,0,1
2730,normal,window_typing_10000.csv,0,8.659226296003908e-06,0,1
2731,normal,window_typing_10000.csv,0,7.818639460310806e-06,0,1
2732,normal,window_typing_10000.csv,0,7.85243719292339e-06,0,1
2733,normal,window_typing_10000.csv,0,8.482467819703743e-06,0,1
2734,normal,window_typing_10000.csv,0,1.0217924682365265e-05,0,1
2735,normal,window_typing_10000.csv,0,1.0144530278921593e-05,0,1
2736,normal,window_typing_10000.csv,0,1.430774136679247e-05,0,1
2737,normal,window_typing_10000.csv,0,1.389490716974251e-05,0,1
2738,normal,window_typing_10000.csv,0,1.4112639291852247e-05,0,1
2739,normal,window_typing_10000.csv,0,1.243624592461856e-05,0,1
2740,normal,window_typing_10000.csv,0,1.535873525426723e-05,0,1
2741,normal,window_typing_10000.csv,0,1.4231276509235613e-05,0,1
2742,normal,window_typing_10000.csv,0,1.512189282948384e-05,0,1
2743,normal,window_typing_10000.csv,0,1.6810978195280768e-05,0,1
2744,normal,window_typing_10000.csv,0,1.4524365724355448e-05,0,1
2745,normal,window_typing_10000.csv,0,1.6288686310872436e-05,0,1
2746,normal,window_typing_10000.csv,0,1.6902125935303047e-05,0,1
2747,normal,window_typing_10000.csv,0,1.5243326743075158e-05,0,1
2748,normal,window_typing_10000.csv,0,1.3448160643747542e-05,0,1
2749,normal,window_typing_10000.csv,0,1.2373252502584364e-05,0,1
2750,normal,window_typing_10000.csv,0,1.3850653886038344e-05,0,1
2751,normal,window_typing_10000.csv,0,1.1586815162445419e-05,0,1
2752,normal,window_typing_10000.csv,0,1.0696702702261973e-05,0,1
2753,normal,window_typing_10000.csv,0,1.0055455277324654e-05,0,1
2754,normal,window_typing_10000.csv,0,1.0451657544763293e-05,0,1
2755,normal,window_typing_10000.csv,0,9.910348126140889e-06,0,1
2756,normal,window_typing_10000.csv,0,1.0752177331596613e-05,0,1
2757,normal,window_typing_10000.csv,0,8.93030664883554e-06,0,1
2758,normal,window_typing_10000.csv,0,9.107358891924378e-06,0,1
2759,normal,window_typing_10000.csv,0,8.549704944016412e-06,0,1
2760,normal,window_typing_10000.csv,0,8.445490493613761e-06,0,1
2761,normal,window_typing_10000.csv,0,8.395829354412854e-06,0,1
2762,normal,window_typing_10000.csv,0,8.007556061784271e-06,0,1
2763,normal,window_typing_10000.csv,0,8.252260158769786e-06,0,1
2764,normal,window_typing_10000.csv,0,8.308556061820127e-06,0,1
2765,normal,window_typing_10000.csv,0,7.461766927008284e-06,0,1
2766,normal,window_typing_10000.csv,0,8.055403668549843e-06,0,1
2767,normal,window_typing_10000.csv,0,8.366655492864083e-06,0,1
2768,normal,window_typing_10000.csv,0,9.591637535777409e-06,0,1
2769,normal,window_typing_10000.csv,0,1.0430737347633112e-05,0,1
2770,normal,window_typing_10000.csv,0,9.55511859501712e-06,0,1
2771,normal,window_typing_10000.csv,0,1.0290534191881306e-05,0,1
2772,normal,window_typing_10000.csv,0,9.975680768548045e-06,0,1
2773,normal,window_typing_10000.csv,0,1.066048935172148e-05,0,1
2774,normal,window_typing_10000.csv,0,1.1202295354451053e-05,0,1
2775,normal,window_typing_10000.csv,0,9.945482815965079e-06,0,1
2776,normal,window_typing_10000.csv,0,1.104126113204984e-05,0,1
2777,normal,window_typing_10000.csv,0,1.0870290680031758e-05,0,1
2778,normal,window_typing_10000.csv,0,1.056296423485037e-05,0,1
2779,normal,window_typing_10000.csv,0,1.1491144505271222e-05,0,1
2780,normal,window_typing_10000.csv,0,9.675562068878207e-06,0,1
2781,normal,window_typing_10000.csv,0,9.942022188624833e-06,0,1
2782,normal,window_typing_10000.csv,0,9.354227586300112e-06,0,1
2783,normal,window_typing_10000.csv,0,1.0541177289269399e-05,0,1
2784,normal,window_typing_10000.csv,0,1.0793858564284164e-05,0,1
2785,normal,window_typing_10000.csv,0,9.133975254371762e-06,0,1
2786,normal,window_typing_10000.csv,0,9.26764369069133e-06,0,1
2787,normal,window_typing_10000.csv,0,9.587284694134723e-06,0,1
2788,normal,window_typing_10000.csv,0,8.622268069302663e-06,0,1
2789,normal,window_typing_10000.csv,0,8.414755029662047e-06,0,1
2790,normal,window_typing_10000.csv,0,1.0044307600765023e-05,0,1
2791,normal,window_typing_10000.csv,0,8.414297553827055e-06,0,1
2792,normal,window_typing_10000.csv,0,8.099087608570699e-06,0,1
2793,normal,window_typing_10000.csv,0,9.079071787709836e-06,0,1
2794,normal,window_typing_10000.csv,0,8.891758625395596e-06,0,1
2795,normal,window_typing_10000.csv,0,7.95294272393221e-06,0,1
2796,normal,window_typing_10000.csv,0,7.926070793473627e-06,0,1
2797,normal,window_typing_10000.csv,0,7.887397259764839e-06,0,1
2798,normal,window_typing_10000.csv,0,7.754074431431945e-06,0,1
2799,normal,window_typing_10000.csv,0,8.944037290348206e-06,0,1
2800,normal,window_typing_10000.csv,0,7.75286116549978e-06,0,1
2801,normal,window_typing_10000.csv,0,8.85694953467464e-06,0,1
2802,normal,window_typing_10000.csv,0,7.907340659585316e-06,0,1
2803,normal,window_typing_10000.csv,0,8.197408533305861e-06,0,1
2804,normal,window_typing_10000.csv,0,7.930585525173228e-06,0,1
2805,normal,window_typing_10000.csv,0,8.248915946751367e-06,0,1
2806,normal,window_typing_10000.csv,0,8.265988981293049e-06,0,1
2807,normal,window_typing_10000.csv,0,8.136837095662486e-06,0,1
2808,normal,window_typing_10000.csv,0,7.742059096926823e-06,0,1
2809,normal,window_typing_10000.csv,0,8.02005160949193e-06,0,1
2810,normal,window_typing_10000.csv,0,8.17814543552231e-06,0,1
2811,normal,window_typing_10000.csv,0,7.930622814456001e-06,0,1
2812,normal,window_typing_10000.csv,0,8.044318747124635e-06,0,1
2813,normal,window_typing_10000.csv,0,8.195431291824207e-06,0,1
2814,normal,window_typing_10000.csv,0,7.813704542058986e-06,0,1
2815,normal,window_typing_10000.csv,0,8.73708358994918e-06,0,1
2816,normal,window_typing_10000.csv,0,1.0627995834511239e-05,0,1
2817,normal,window_typing_10000.csv,0,1.0089882380270865e-05,0,1
2818,normal,window_typing_10000.csv,0,1.0656992344593164e-05,0,1
2819,normal,window_typing_10000.csv,0,1.1307858585496433e-05,0,1
2820,normal,window_typing_10000.csv,0,9.500899068370927e-06,0,1
2821,normal,window_typing_10000.csv,0,8.929539944801945e-06,0,1
2822,normal,window_typing_10000.csv,0,8.42239023768343e-06,0,1
2823,normal,window_typing_10000.csv,0,8.734366929274984e-06,0,1
2824,normal,window_typing_10000.csv,0,9.732142643770203e-06,0,1
2825,normal,window_typing_10000.csv,0,9.279388905270025e-06,0,1
2826,normal,window_typing_10000.csv,0,8.15352177596651e-06,0,1
2827,normal,window_typing_10000.csv,0,7.949371138238348e-06,0,1
2828,normal,window_typing_10000.csv,0,9.172960744763259e-06,0,1
2829,normal,window_typing_10000.csv,0,1.0254648259433452e-05,0,1
2830,normal,window_typing_10000.csv,0,9.912162568070926e-06,0,1
2831,normal,window_typing_10000.csv,0,9.127758858085144e-06,0,1
2832,normal,window_typing_10000.csv,0,8.496627742715646e-06,0,1
2833,normal,window_typing_10000.csv,0,9.43854138313327e-06,0,1
2834,normal,window_typing_10000.csv,0,1.0886900781770237e-05,0,1
2835,normal,window_typing_10000.csv,0,9.086244062928017e-06,0,1
2836,normal,window_typing_10000.csv,0,1.174599128717091e-05,0,1
2837,normal,window_typing_10000.csv,0,1.156672169599915e-05,0,1
2838,normal,window_typing_10000.csv,0,1.1720657312253024e-05,0,1
2839,normal,window_typing_10000.csv,0,1.3686052625416778e-05,0,1
2840,normal,window_typing_10000.csv,0,1.5155849723669235e-05,0,1
2841,normal,window_typing_10000.csv,0,1.567339859320782e-05,0,1
2842,normal,window_typing_10000.csv,0,1.380955563945463e-05,0,1
2843,normal,window_typing_10000.csv,0,1.5939263903419487e-05,0,1
2844,normal,window_typing_10000.csv,0,1.6704701920389198e-05,0,1
2845,normal,window_typing_10000.csv,0,1.4214050679584034e-05,0,1
2846,normal,window_typing_10000.csv,0,1.2950613381690346e-05,0,1
2847,normal,window_typing_10000.csv,0,1.3783110262011178e-05,0,1
2848,normal,window_typing_10000.csv,0,1.244904979103012e-05,0,1
2849,normal,window_typing_10000.csv,0,1.2124762179155368e-05,0,1
2850,normal,window_typing_10000.csv,0,1.3665342521562707e-05,0,1
2851,normal,window_typing_10000.csv,0,1.2004312338831369e-05,0,1
2852,normal,window_typing_10000.csv,0,1.185653036372969e-05,0,1
2853,normal,window_typing_10000.csv,0,1.3388618754106574e-05,0,1
2854,normal,window_typing_10000.csv,0,1.1811286640295293e-05,0,1
2855,normal,window_typing_10000.csv,0,1.1456774700491223e-05,0,1
2856,normal,window_typing_10000.csv,0,1.0192843546974473e-05,0,1
2857,normal,window_typing_10000.csv,0,1.0092893717228435e-05,0,1
2858,normal,window_typing_10000.csv,0,9.19836475077318e-06,0,1
2859,normal,window_typing_10000.csv,0,9.707309800432995e-06,0,1
2860,normal,window_typing_10000.csv,0,8.440481906291097e-06,0,1
2861,normal,window_typing_10000.csv,0,8.54350219015032e-06,0,1
2862,normal,window_typing_10000.csv,0,9.20103229873348e-06,0,1
2863,normal,window_typing_10000.csv,0,8.779991730989423e-06,0,1
2864,normal,window_typing_10000.csv,0,8.599463399150409e-06,0,1
2865,normal,window_typing_10000.csv,0,8.804374374449253e-06,0,1
2866,normal,window_typing_10000.csv,0,8.480372343910858e-06,0,1
2867,normal,window_typing_10000.csv,0,8.695015822013374e-06,0,1
2868,normal,window_typing_10000.csv,0,8.65627771418076e-06,0,1
2869,normal,window_typing_10000.csv,0,7.95579489931697e-06,0,1
2870,normal,window_typing_10000.csv,0,8.840746886562556e-06,0,1
2871,normal,window_typing_10000.csv,0,1.111660367314471e-05,0,1
2872,normal,window_typing_10000.csv,0,1.282418361370219e-05,0,1
2873,normal,window_typing_10000.csv,0,1.0834429303940851e-05,0,1
2874,normal,window_typing_10000.csv,0,1.2070941920683254e-05,0,1
2875,normal,window_typing_10000.csv,0,1.0256830137223005e-05,0,1
2876,normal,window_typing_10000.csv,0,1.2372580385999754e-05,0,1
2877,normal,window_typing_10000.csv,0,1.0999368896591477e-05,0,1
2878,normal,window_typing_10000.csv,0,1.0697141078708228e-05,0,1
2879,normal,window_typing_10000.csv,0,1.0583442417555489e-05,0,1
2880,normal,window_typing_10000.csv,0,1.1690360224747565e-05,0,1
2881,normal,window_typing_10000.csv,0,1.112088739319006e-05,0,1
2882,normal,window_typing_10000.csv,0,1.1666604223137256e-05,0,1
2883,normal,window_typing_10000.csv,0,1.0079447747557424e-05,0,1
2884,normal,window_typing_10000.csv,0,1.076982789527392e-05,0,1
2885,normal,window_typing_10000.csv,0,1.2257391972525511e-05,0,1
2886,normal,window_typing_10000.csv,0,1.2188176697236486e-05,0,1
2887,normal,window_typing_10000.csv,0,1.1378616363799665e-05,0,1
2888,normal,window_typing_10000.csv,0,1.079308640328236e-05,0,1
2889,normal,window_typing_10000.csv,0,1.1538330909388606e-05,0,1
2890,normal,window_typing_10000.csv,0,1.1201568668184336e-05,0,1
2891,normal,window_typing_10000.csv,0,1.02558524304186e-05,0,1
2892,normal,window_typing_10000.csv,0,1.083729148376733e-05,0,1
2893,normal,window_typing_10000.csv,0,7.613364687131252e-06,0,1
2894,normal,window_typing_10000.csv,0,7.609240583406063e-06,0,1
2895,normal,window_typing_10000.csv,0,7.419808753184043e-06,0,1
2896,normal,window_typing_10000.csv,0,7.730594916210975e-06,0,1
2897,normal,window_typing_10000.csv,0,8.015990715648513e-06,0,1
2898,normal,window_typing_10000.csv,0,7.865372936066706e-06,0,1
2899,normal,window_typing_10000.csv,0,8.375588549824897e-06,0,1
2900,normal,window_typing_10000.csv,0,7.903133337094914e-06,0,1
2901,normal,window_typing_10000.csv,0,8.325728231284302e-06,0,1
2902,normal,window_typing_10000.csv,0,8.768452062213328e-06,0,1
2903,normal,window_typing_10000.csv,0,7.846261723898351e-06,0,1
2904,normal,window_typing_10000.csv,0,7.327430921577616e-06,0,1
2905,normal,window_typing_10000.csv,0,7.044666745059658e-06,0,1
2906,normal,window_typing_10000.csv,0,7.783323781040963e-06,0,1
2907,normal,window_typing_10000.csv,0,8.59016836329829e-06,0,1
2908,normal,window_typing_10000.csv,0,8.56106180435745e-06,0,1
2909,normal,window_typing_10000.csv,0,7.792146789142862e-06,0,1
2910,normal,window_typing_10000.csv,0,6.881722129037371e-06,0,1
2911,normal,window_typing_10000.csv,0,7.5415200626594014e-06,0,1
2912,normal,window_typing_10000.csv,0,1.2269098988326732e-05,0,1
2913,normal,window_typing_10000.csv,0,1.3885382941225544e-05,0,1
2914,normal,window_typing_10000.csv,0,1.2239369425515179e-05,0,1
2915,normal,window_typing_10000.csv,0,1.0242256394121796e-05,0,1
2916,normal,window_typing_10000.csv,0,1.3343938917387277e-05,0,1
2917,normal,window_typing_10000.csv,0,1.64809880516259e-05,0,1
2918,normal,window_typing_10000.csv,0,1.4429365364776459e-05,0,1
2919,normal,window_typing_10000.csv,0,1.4655654922535177e-05,0,1
2920,normal,window_typing_10000.csv,0,1.3328906788956374e-05,0,1
2921,normal,window_typing_10000.csv,0,1.2937540304847062e-05,0,1
2922,normal,window_typing_10000.csv,0,1.4501832083624322e-05,0,1
2923,normal,window_typing_10000.csv,0,1.272381723538274e-05,0,1
2924,normal,window_typing_10000.csv,0,1.3273018339532427e-05,0,1
2925,normal,window_typing_10000.csv,0,1.1718287169060204e-05,0,1
2926,normal,window_typing_10000.csv,0,1.059232818079181e-05,0,1
2927,normal,window_typing_10000.csv,0,1.0553609172347933e-05,0,1
2928,normal,window_typing_10000.csv,0,1.0219951946055517e-05,0,1
2929,normal,window_typing_10000.csv,0,1.096222513297107e-05,0,1
2930,normal,window_typing_10000.csv,0,1.1907021871593315e-05,0,1
2931,normal,window_typing_10000.csv,0,1.0838078196684364e-05,0,1
2932,normal,window_typing_10000.csv,0,1.3266298083181027e-05,0,1
2933,normal,window_typing_10000.csv,0,1.3091140317555983e-05,0,1
2934,normal,window_typing_10000.csv,0,1.427674669685075e-05,0,1
2935,normal,window_typing_10000.csv,0,1.3596511962532531e-05,0,1
2936,normal,window_typing_10000.csv,0,1.4321447451948188e-05,0,1
2937,normal,window_typing_10000.csv,0,1.4303512216429226e-05,0,1
2938,normal,window_typing_10000.csv,0,1.3364749975153245e-05,0,1
2939,normal,window_typing_10000.csv,0,1.278434046980692e-05,0,1
2940,normal,window_typing_10000.csv,0,1.5613621144439094e-05,0,1
2941,normal,window_typing_10000.csv,0,1.445210182282608e-05,0,1
2942,normal,window_typing_10000.csv,0,1.3631722140416969e-05,0,1
2943,normal,window_typing_10000.csv,0,1.2041541594953742e-05,0,1
2944,normal,window_typing_10000.csv,0,1.3991803825774696e-05,0,1
2945,normal,window_typing_10000.csv,0,1.1887518667208496e-05,0,1
2946,normal,window_typing_10000.csv,0,1.2625367162399925e-05,0,1
2947,normal,window_typing_10000.csv,0,1.0906343050010037e-05,0,1
2948,normal,window_typing_10000.csv,0,1.1392330634407699e-05,0,1
2949,normal,window_typing_10000.csv,0,1.0890794328588527e-05,0,1
2950,normal,window_typing_10000.csv,0,1.130465625465149e-05,0,1
2951,normal,window_typing_10000.csv,0,9.471687917539384e-06,0,1
2952,normal,window_typing_10000.csv,0,9.69042957876809e-06,0,1
2953,normal,window_typing_10000.csv,0,8.37807328935014e-06,0,1
2954,normal,window_typing_10000.csv,0,8.718047865841072e-06,0,1
2955,normal,window_typing_10000.csv,0,8.08770982985152e-06,0,1
2956,normal,window_typing_10000.csv,0,7.53689710109029e-06,0,1
2957,normal,window_typing_10000.csv,0,8.033960511966143e-06,0,1
2958,normal,window_typing_10000.csv,0,7.697790351812728e-06,0,1
2959,normal,window_typing_10000.csv,0,7.945824108901434e-06,0,1
2960,normal,window_typing_10000.csv,0,7.695918611716479e-06,0,1
2961,normal,window_typing_10000.csv,0,7.805013410688844e-06,0,1
2962,normal,window_typing_10000.csv,0,7.99855752120493e-06,0,1
2963,normal,window_typing_10000.csv,0,7.850880137993954e-06,0,1
2964,normal,window_typing_10000.csv,0,8.99084989214316e-06,0,1
2965,normal,window_typing_10000.csv,0,1.3735884749621619e-05,0,1
2966,normal,window_typing_10000.csv,0,1.4125768757367041e-05,0,1
2967,normal,window_typing_10000.csv,0,1.1133780390082393e-05,0,1
2968,normal,window_typing_10000.csv,0,7.66930043027969e-06,0,1
2969,normal,window_typing_10000.csv,0,8.332813195011113e-06,0,1
2970,normal,window_typing_10000.csv,0,7.963712960190605e-06,0,1
2971,normal,window_typing_10000.csv,0,8.713576789887156e-06,0,1
2972,normal,window_typing_10000.csv,0,7.909361556812655e-06,0,1
2973,normal,window_typing_10000.csv,0,8.374541721423157e-06,0,1
2974,normal,window_typing_10000.csv,0,7.805399945937097e-06,0,1
2975,normal,window_typing_10000.csv,0,7.291468136827461e-06,0,1
2976,normal,window_typing_10000.csv,0,7.789138180669397e-06,0,1
2977,normal,window_typing_10000.csv,0,7.515285687986761e-06,0,1
2978,normal,window_typing_10000.csv,0,7.2653974712011404e-06,0,1
2979,normal,window_typing_10000.csv,0,7.5427215051604435e-06,0,1
2980,normal,window_typing_10000.csv,0,6.741734978277236e-06,0,1
2981,normal,window_typing_10000.csv,0,8.114982847473584e-06,0,1
2982,normal,window_typing_10000.csv,0,7.79212496127002e-06,0,1
2983,normal,window_typing_10000.csv,0,1.39348640004755e-05,0,1
2984,normal,window_typing_10000.csv,0,1.0211650987912435e-05,0,1
2985,normal,window_typing_10000.csv,0,1.4557132089976221e-05,0,1
2986,normal,window_typing_10000.csv,0,1.577663169882726e-05,0,1
2987,normal,window_typing_10000.csv,0,2.558156120358035e-05,0,1
2988,normal,window_typing_10000.csv,0,1.5880863429629244e-05,0,1
2989,normal,window_typing_10000.csv,0,1.1519025974848773e-05,0,1
2990,normal,window_typing_10000.csv,0,1.0135073353012558e-05,0,1
2991,normal,window_typing_10000.csv,0,8.795302164799068e-06,0,1
2992,normal,window_typing_10000.csv,0,7.93696290202206e-06,0,1
2993,normal,window_typing_10000.csv,0,1.117848569265334e-05,0,1
2994,normal,window_typing_10000.csv,0,1.3168033547117375e-05,0,1
2995,normal,window_typing_10000.csv,0,1.203129068017006e-05,0,1
2996,normal,window_typing_10000.csv,0,1.1305281077511609e-05,0,1
2997,normal,window_typing_10000.csv,0,1.5914900359348394e-05,0,1
2998,normal,window_typing_10000.csv,0,1.3248371033114381e-05,0,1
2999,normal,window_typing_10000.csv,0,1.1009454283339437e-05,0,1
3000,normal,window_typing_10000.csv,0,1.2620298548426945e-05,0,1
3001,normal,window_typing_10000.csv,0,1.1554583579709288e-05,0,1
3002,normal,window_typing_10000.csv,0,1.1492920748423785e-05,0,1
3003,normal,window_typing_10000.csv,0,1.141241500590695e-05,0,1
3004,normal,window_typing_10000.csv,0,1.0203434612776618e-05,0,1
3005,normal,window_typing_10000.csv,0,1.0356307939218823e-05,0,1
3006,normal,window_typing_10000.csv,0,1.0919040505541489e-05,0,1
3007,normal,window_typing_10000.csv,0,1.0359440238971729e-05,0,1
3008,normal,window_typing_10000.csv,0,1.028033238981152e-05,0,1
3009,normal,window_typing_10000.csv,0,1.012472694128519e-05,0,1
3010,normal,window_typing_10000.csv,0,8.99983206181787e-06,0,1
3011,normal,window_typing_10000.csv,0,8.852212886267807e-06,0,1
3012,normal,window_typing_10000.csv,0,1.0634646969265305e-05,0,1
3013,normal,window_typing_10000.csv,0,1.0052885045297444e-05,0,1
3014,normal,window_typing_10000.csv,0,9.584213330526836e-06,0,1
3015,normal,window_typing_10000.csv,0,9.344767931906972e-06,0,1
3016,normal,window_typing_10000.csv,0,9.880396646622103e-06,0,1
3017,normal,window_typing_10000.csv,0,1.657835855439771e-05,0,1
3018,normal,window_typing_10000.csv,0,1.1726090633601416e-05,0,1
3019,normal,window_typing_10000.csv,0,1.1130892744404264e-05,0,1
3020,normal,window_typing_10000.csv,0,1.1558716323634144e-05,0,1
3021,normal,window_typing_10000.csv,0,1.0623911293805577e-05,0,1
3022,normal,window_typing_10000.csv,0,1.742095992085524e-05,0,1
3023,normal,window_typing_10000.csv,0,1.6713307559257373e-05,0,1
3024,normal,window_typing_10000.csv,0,1.1654216905299108e-05,0,1
3025,normal,window_typing_10000.csv,0,1.1736775377357844e-05,0,1
3026,normal,window_typing_10000.csv,0,1.2200771379866637e-05,0,1
3027,normal,window_typing_10000.csv,0,1.0846018085430842e-05,0,1
3028,normal,window_typing_10000.csv,0,1.0936537364614196e-05,0,1
3029,normal,window_typing_10000.csv,0,1.217828867083881e-05,0,1
3030,normal,window_typing_10000.csv,0,1.0551606465014629e-05,0,1
3031,normal,window_typing_10000.csv,0,9.714107363834046e-06,0,1
3032,normal,window_typing_10000.csv,0,9.59365934249945e-06,0,1
3033,normal,window_typing_10000.csv,0,1.0828500307979994e-05,0,1
3034,normal,window_typing_10000.csv,0,9.795441656024195e-06,0,1
3035,normal,window_typing_10000.csv,0,1.0180768185819034e-05,0,1
3036,normal,window_typing_10000.csv,0,1.0902547728619538e-05,0,1
3037,normal,window_typing_10000.csv,0,9.288100045523606e-06,0,1
3038,normal,window_typing_10000.csv,0,8.923563655116595e-06,0,1
3039,normal,window_typing_10000.csv,0,1.1395156434446108e-05,0,1
3040,normal,window_typing_10000.csv,0,1.016642818285618e-05,0,1
3041,normal,window_typing_10000.csv,0,9.538457561575342e-06,0,1
3042,normal,window_typing_10000.csv,0,9.148639037448447e-06,0,1
3043,normal,window_typing_10000.csv,0,8.67529433890013e-06,0,1
3044,normal,window_typing_10000.csv,0,8.348850315087475e-06,0,1
3045,normal,window_typing_10000.csv,0,8.861528840498067e-06,0,1
3046,normal,window_typing_10000.csv,0,9.352452252642252e-06,0,1
3047,normal,window_typing_10000.csv,0,8.863861694408115e-06,0,1
3048,normal,window_typing_10000.csv,0,8.89392049430171e-06,0,1
3049,normal,window_typing_10000.csv,0,9.591811249265447e-06,0,1
3050,normal,window_typing_10000.csv,0,8.212503416871186e-06,0,1
3051,normal,window_typing_10000.csv,0,1.2340868124738336e-05,0,1
3052,normal,window_typing_10000.csv,0,1.0135382581211161e-05,0,1
3053,normal,window_typing_10000.csv,0,8.663793778396212e-06,0,1
3054,normal,window_typing_10000.csv,0,9.216075341100805e-06,0,1
3055,normal,window_typing_10000.csv,0,8.643855835543945e-06,0,1
3056,normal,window_typing_10000.csv,0,8.494787834933959e-06,0,1
3057,normal,window_typing_10000.csv,0,9.013317139761057e-06,0,1
3058,normal,window_typing_10000.csv,0,9.872493137663696e-06,0,1
3059,normal,window_typing_10000.csv,0,8.363783308595885e-06,0,1
3060,normal,window_typing_10000.csv,0,1.4752130482520442e-05,0,1
3061,normal,window_typing_10000.csv,0,1.0254902917949948e-05,0,1
3062,normal,window_typing_10000.csv,0,9.31465910980478e-06,0,1
3063,normal,window_typing_10000.csv,0,9.311087524110917e-06,0,1
3064,normal,window_typing_10000.csv,0,8.084178261924535e-06,0,1
3065,normal,window_typing_10000.csv,0,7.99650570115773e-06,0,1
3066,normal,window_typing_10000.csv,0,7.783739420119673e-06,0,1
3067,normal,window_typing_10000.csv,0,8.20156856207177e-06,0,1
3068,normal,window_typing_10000.csv,0,8.13955284684198e-06,0,1
3069,normal,window_typing_10000.csv,0,8.599537068221252e-06,0,1
3070,normal,window_typing_10000.csv,0,9.644212696002796e-06,0,1
3071,normal,window_typing_10000.csv,0,1.0366862625232898e-05,0,1
3072,normal,window_typing_10000.csv,0,1.160528336185962e-05,0,1
3073,normal,window_typing_10000.csv,0,1.3600906640931498e-05,0,1
3074,normal,window_typing_10000.csv,0,1.3185310308472253e-05,0,1
3075,normal,window_typing_10000.csv,0,1.3388260413194075e-05,0,1
3076,normal,window_typing_10000.csv,0,1.3043511899013538e-05,0,1
3077,normal,window_typing_10000.csv,0,1.4443849977396894e-05,0,1
3078,normal,window_typing_10000.csv,0,1.382755726808682e-05,0,1
3079,normal,window_typing_10000.csv,0,1.347350098512834e-05,0,1
3080,normal,window_typing_10000.csv,0,1.525960396975279e-05,0,1
3081,normal,window_typing_10000.csv,0,1.6178413716261275e-05,0,1
3082,normal,window_typing_10000.csv,0,1.581857395649422e-05,0,1
3083,normal,window_typing_10000.csv,0,1.4186574844643474e-05,0,1
3084,normal,window_typing_10000.csv,0,1.3740757822233718e-05,0,1
3085,normal,window_typing_10000.csv,0,1.4377250408870168e-05,0,1
3086,normal,window_typing_10000.csv,0,1.2258573406143114e-05,0,1
3087,normal,window_typing_10000.csv,0,1.2327212971285917e-05,0,1
3088,normal,window_typing_10000.csv,0,1.0772838322736789e-05,0,1
3089,normal,window_typing_10000.csv,0,1.0293144441675395e-05,0,1
3090,normal,window_typing_10000.csv,0,1.066863569576526e-05,0,1
3091,normal,window_typing_10000.csv,0,1.0207502782577649e-05,0,1
3092,normal,window_typing_10000.csv,0,9.532691365166102e-06,0,1
3093,normal,window_typing_10000.csv,0,1.1218652616662439e-05,0,1
3094,normal,window_typing_10000.csv,0,1.081395021174103e-05,0,1
3095,normal,window_typing_10000.csv,0,1.009512743621599e-05,0,1
3096,normal,window_typing_10000.csv,0,1.0155673408007715e-05,0,1
3097,normal,window_typing_10000.csv,0,9.40063182497397e-06,0,1
3098,normal,window_typing_10000.csv,0,1.0491323337191716e-05,0,1
3099,normal,window_typing_10000.csv,0,9.991771548811812e-06,0,1
3100,normal,window_typing_10000.csv,0,9.916256203723606e-06,0,1
3101,normal,window_typing_10000.csv,0,1.0360507076256908e-05,0,1
3102,normal,window_typing_10000.csv,0,9.852112270891666e-06,0,1
3103,normal,window_typing_10000.csv,0,1.0035642844741233e-05,0,1
3104,normal,window_typing_10000.csv,0,1.4673766600026283e-05,0,1
3105,normal,window_typing_10000.csv,0,1.3158002730051521e-05,0,1
3106,normal,window_typing_10000.csv,0,9.491371201875154e-06,0,1
3107,normal,window_typing_10000.csv,0,9.989370482799131e-06,0,1
3108,normal,window_typing_10000.csv,0,1.026695917971665e-05,0,1
3109,normal,window_typing_10000.csv,0,9.391814273840282e-06,0,1
3110,normal,window_typing_10000.csv,0,1.0094299796037376e-05,0,1
3111,normal,window_typing_10000.csv,0,1.01513051049551e-05,0,1
3112,normal,window_typing_10000.csv,0,9.642474651627708e-06,0,1
3113,normal,window_typing_10000.csv,0,9.47389162320178e-06,0,1
3114,normal,window_typing_10000.csv,0,8.505480764142703e-06,0,1
3115,normal,window_typing_10000.csv,0,7.706083124503493e-06,0,1
3116,normal,window_typing_10000.csv,0,8.69008363224566e-06,0,1
3117,normal,window_typing_10000.csv,0,8.217721187975258e-06,0,1
3118,normal,window_typing_10000.csv,0,8.231250831158832e-06,0,1
3119,normal,window_typing_10000.csv,0,8.100214472506195e-06,0,1
3120,normal,window_typing_10000.csv,0,7.833895324438345e-06,0,1
3121,normal,window_typing_10000.csv,0,7.598385309393052e-06,0,1
3122,normal,window_typing_10000.csv,0,8.419490768574178e-06,0,1
3123,normal,window_typing_10000.csv,0,8.088119102467317e-06,0,1
3124,normal,window_typing_10000.csv,0,7.587350410176441e-06,0,1
3125,normal,window_typing_10000.csv,0,7.497796559619019e-06,0,1
3126,normal,window_typing_10000.csv,0,7.235844350361731e-06,0,1
3127,normal,window_typing_10000.csv,0,7.718696906522382e-06,0,1
3128,normal,window_typing_10000.csv,0,7.86471355240792e-06,0,1
3129,normal,window_typing_10000.csv,0,8.084131877694745e-06,0,1
3130,normal,window_typing_10000.csv,0,7.169654509198153e-06,0,1
3131,normal,window_typing_10000.csv,0,7.531796200055396e-06,0,1
3132,normal,window_typing_10000.csv,0,8.052984412643127e-06,0,1
3133,normal,window_typing_10000.csv,0,7.925821591925342e-06,0,1
3134,normal,window_typing_10000.csv,0,7.670068953302689e-06,0,1
3135,normal,window_typing_10000.csv,0,7.626604201504961e-06,0,1
3136,normal,window_typing_10000.csv,0,8.182842066162266e-06,0,1
3137,normal,window_typing_10000.csv,0,7.534561973443488e-06,0,1
3138,normal,window_typing_10000.csv,0,7.781297426845413e-06,0,1
3139,normal,window_typing_10000.csv,0,7.925262252683751e-06,0,1
3140,normal,window_typing_10000.csv,0,7.541714694525581e-06,0,1
3141,normal,window_typing_10000.csv,0,7.341588116105413e-06,0,1
3142,normal,window_typing_10000.csv,0,8.136370524880476e-06,0,1
3143,normal,window_typing_10000.csv,0,8.791704203758854e-06,0,1
3144,normal,window_typing_10000.csv,0,7.641092452104203e-06,0,1
3145,normal,window_typing_10000.csv,0,8.146922482410446e-06,0,1
3146,normal,window_typing_10000.csv,0,9.17649595066905e-06,0,1
3147,normal,window_typing_10000.csv,0,1.4558396287611686e-05,0,1
3148,normal,window_typing_10000.csv,0,1.6330464859493077e-05,0,1
3149,normal,window_typing_10000.csv,0,1.4074080354475882e-05,0,1
3150,normal,window_typing_10000.csv,0,1.3066121937299613e-05,0,1
3151,normal,window_typing_10000.csv,0,1.6228774256887846e-05,0,1
3152,normal,window_typing_10000.csv,0,1.634931868466083e-05,0,1
3153,normal,window_typing_10000.csv,0,1.6083253285614774e-05,0,1
3154,normal,window_typing_10000.csv,0,1.8563392586656846e-05,0,1
3155,normal,window_typing_10000.csv,0,1.951097510755062e-05,0,1
3156,normal,window_typing_10000.csv,0,2.17749438888859e-05,0,1
3157,normal,window_typing_10000.csv,0,2.383749233558774e-05,0,1
3158,normal,window_typing_10000.csv,0,1.8180651750299148e-05,0,1
3159,normal,window_typing_10000.csv,0,1.9100498320767656e-05,0,1
3160,normal,window_typing_10000.csv,0,1.7033289623213932e-05,0,1
3161,normal,window_typing_10000.csv,0,1.4606945114792325e-05,0,1
3162,normal,window_typing_10000.csv,0,1.7850074073066935e-05,0,1
3163,normal,window_typing_10000.csv,0,1.6747833797126077e-05,0,1
3164,normal,window_typing_10000.csv,0,1.3619871424452867e-05,0,1
3165,normal,window_typing_10000.csv,0,1.5958854419295676e-05,0,1
3166,normal,window_typing_10000.csv,0,1.6169944501598366e-05,0,1
3167,normal,window_typing_10000.csv,0,1.464192337152781e-05,0,1
3168,normal,window_typing_10000.csv,0,1.4082511370361317e-05,0,1
3169,normal,window_typing_10000.csv,0,1.3719519301957916e-05,0,1
3170,normal,window_typing_10000.csv,0,1.2762426194967702e-05,0,1
3171,normal,window_typing_10000.csv,0,1.214403073390713e-05,0,1
3172,normal,window_typing_10000.csv,0,1.1009485206159297e-05,0,1
3173,normal,window_typing_10000.csv,0,9.710958693176508e-06,0,1
3174,normal,window_typing_10000.csv,0,1.594817513250746e-05,0,1
3175,normal,window_typing_10000.csv,0,1.1261938198003918e-05,0,1
3176,normal,window_typing_10000.csv,0,9.624019185139332e-06,0,1
3177,normal,window_typing_10000.csv,0,1.029332179314224e-05,0,1
3178,normal,window_typing_10000.csv,0,9.738345397636294e-06,0,1
3179,normal,window_typing_10000.csv,0,9.3912594820722e-06,0,1
3180,normal,window_typing_10000.csv,0,8.598946806159802e-06,0,1
3181,normal,window_typing_10000.csv,0,8.960061677498743e-06,0,1
3182,normal,window_typing_10000.csv,0,8.002135473361704e-06,0,1
3183,normal,window_typing_10000.csv,0,7.88393026596168e-06,0,1
3184,normal,window_typing_10000.csv,0,8.84960354596842e-06,0,1
3185,normal,window_typing_10000.csv,0,9.280069207306951e-06,0,1
3186,normal,window_typing_10000.csv,0,9.878690434561577e-06,0,1
3187,normal,window_typing_10000.csv,0,1.1109089427918661e-05,0,1
3188,normal,window_typing_10000.csv,0,1.675360181252472e-05,0,1
3189,normal,window_typing_10000.csv,0,1.436535512766568e-05,0,1
3190,normal,window_typing_10000.csv,0,1.3437303095997777e-05,0,1
3191,normal,window_typing_10000.csv,0,2.893869168474339e-05,0,1
3192,normal,window_typing_10000.csv,0,3.0434353902819566e-05,0,1
3193,normal,window_typing_10000.csv,0,2.5071140044019558e-05,0,1
3194,normal,window_typing_10000.csv,0,2.0977053281967528e-05,0,1
3195,normal,window_typing_10000.csv,0,2.1930012735538185e-05,0,1
3196,normal,window_typing_10000.csv,0,1.6833420886541717e-05,0,1
3197,normal,window_typing_10000.csv,0,1.471302948630182e-05,0,1
3198,normal,window_typing_10000.csv,0,1.4364190064952709e-05,0,1
3199,normal,window_typing_10000.csv,0,1.4729582289874088e-05,0,1
3200,normal,window_typing_10000.csv,0,1.334176522505004e-05,0,1
3201,normal,window_typing_10000.csv,0,1.0759469660115428e-05,0,1
3202,normal,window_typing_10000.csv,0,1.171392977994401e-05,0,1
3203,normal,window_typing_10000.csv,0,1.4344560440804344e-05,0,1
3204,normal,window_typing_10000.csv,0,1.594259447301738e-05,0,1
3205,normal,window_typing_10000.csv,0,1.3503344234777614e-05,0,1
3206,normal,window_typing_10000.csv,0,1.3365043741941918e-05,0,1
3207,normal,window_typing_10000.csv,0,1.3134621440258343e-05,0,1
3208,normal,window_typing_10000.csv,0,1.3899055375077296e-05,0,1
3209,normal,window_typing_10000.csv,0,1.4944309441489168e-05,0,1
3210,normal,window_typing_10000.csv,0,1.6693013094482012e-05,0,1
3211,normal,window_typing_10000.csv,0,1.3825947462464683e-05,0,1
3212,normal,window_typing_10000.csv,0,1.3051262612862047e-05,0,1
3213,normal,window_typing_10000.csv,0,1.526520645711571e-05,0,1
3214,normal,window_typing_10000.csv,0,1.3905022569815628e-05,0,1
3215,normal,window_typing_10000.csv,0,1.2683437489613425e-05,0,1
3216,normal,window_typing_10000.csv,0,1.200228689413052e-05,0,1
3217,normal,window_typing_10000.csv,0,1.1796191756729968e-05,0,1
3218,normal,window_typing_10000.csv,0,1.0876429769268725e-05,0,1
3219,normal,window_typing_10000.csv,0,1.317004171141889e-05,0,1
3220,normal,window_typing_10000.csv,0,1.3755941836279817e-05,0,1
3221,normal,window_typing_10000.csv,0,1.0780094271467533e-05,0,1
3222,normal,window_typing_10000.csv,0,1.318988961429568e-05,0,1
3223,normal,window_typing_10000.csv,0,1.6337769920937717e-05,0,1
3224,normal,window_typing_10000.csv,0,1.892352338472847e-05,0,1
3225,normal,window_typing_10000.csv,0,1.4895093045197427e-05,0,1
3226,normal,window_typing_10000.csv,0,1.4869546248519327e-05,0,1
3227,normal,window_typing_10000.csv,0,1.6349396901205182e-05,0,1
3228,normal,window_typing_10000.csv,0,1.4036950233276002e-05,0,1
3229,normal,window_typing_10000.csv,0,1.3209489225118887e-05,0,1
3230,normal,window_typing_10000.csv,0,1.5666613762732595e-05,0,1
3231,normal,window_typing_10000.csv,0,1.3131540981703438e-05,0,1
3232,normal,window_typing_10000.csv,0,1.2465588042687159e-05,0,1
3233,normal,window_typing_10000.csv,0,1.1828917195089161e-05,0,1
3234,normal,window_typing_10000.csv,0,1.2165880434622522e-05,0,1
3235,normal,window_typing_10000.csv,0,1.0919227861450054e-05,0,1
3236,normal,window_typing_10000.csv,0,1.30491862364579e-05,0,1
3237,normal,window_typing_10000.csv,0,1.2045883522660006e-05,0,1
3238,normal,window_typing_10000.csv,0,1.0847941666725092e-05,0,1
3239,normal,window_typing_10000.csv,0,1.0075575119117275e-05,0,1
3240,normal,window_typing_10000.csv,0,1.0152748473046813e-05,0,1
3241,normal,window_typing_10000.csv,0,9.33864703256404e-06,0,1
3242,normal,window_typing_10000.csv,0,8.658128535898868e-06,0,1
3243,normal,window_typing_10000.csv,0,8.767691724642646e-06,0,1
3244,normal,window_typing_10000.csv,0,9.980467439163476e-06,0,1
3245,normal,window_typing_10000.csv,0,8.699652426003013e-06,0,1
3246,normal,window_typing_10000.csv,0,7.985554475453682e-06,0,1
3247,normal,window_typing_10000.csv,0,7.862568054406438e-06,0,1
3248,normal,window_typing_10000.csv,0,8.85437384567922e-06,0,1
3249,normal,window_typing_10000.csv,0,7.497311798942974e-06,0,1
3250,normal,window_typing_10000.csv,0,7.580566489195917e-06,0,1
3251,normal,window_typing_10000.csv,0,8.559633897675667e-06,0,1
3252,normal,window_typing_10000.csv,0,7.79153015173506e-06,0,1
3253,normal,window_typing_10000.csv,0,7.625601028848905e-06,0,1
3254,normal,window_typing_10000.csv,0,9.405931450601202e-06,0,1
3255,normal,window_typing_10000.csv,0,8.28444717626553e-06,0,1
3256,normal,window_typing_10000.csv,0,8.535041160939727e-06,0,1
3257,normal,window_typing_10000.csv,0,7.587509571749251e-06,0,1
3258,normal,window_typing_10000.csv,0,8.236157555074897e-06,0,1
3259,normal,window_typing_10000.csv,0,7.412093054881552e-06,0,1
3260,normal,window_typing_10000.csv,0,8.499431714881212e-06,0,1
3261,normal,window_typing_10000.csv,0,7.904504855105188e-06,0,1
3262,normal,window_typing_10000.csv,0,7.982844181242399e-06,0,1
3263,normal,window_typing_10000.csv,0,7.962619747559074e-06,0,1
3264,normal,window_typing_10000.csv,0,8.450283530692104e-06,0,1
3265,normal,window_typing_10000.csv,0,8.802737283986062e-06,0,1
3266,normal,window_typing_10000.csv,0,9.717221473692916e-06,0,1
3267,normal,window_typing_10000.csv,0,1.1409802027628757e-05,0,1
3268,normal,window_typing_10000.csv,0,9.672609849076252e-06,0,1
3269,normal,window_typing_10000.csv,0,1.1950911357416771e-05,0,1
3270,normal,window_typing_10000.csv,0,1.1546354471647646e-05,0,1
3271,normal,window_typing_10000.csv,0,1.032306954584783e-05,0,1
3272,normal,window_typing_10000.csv,0,9.985303222492803e-06,0,1
3273,normal,window_typing_10000.csv,0,1.0585087693470996e-05,0,1
3274,normal,window_typing_10000.csv,0,1.023513777909102e-05,0,1
3275,normal,window_typing_10000.csv,0,1.0641941116773523e-05,0,1
3276,normal,window_typing_10000.csv,0,9.90902481134981e-06,0,1
3277,normal,window_typing_10000.csv,0,9.973521628126036e-06,0,1
3278,normal,window_typing_10000.csv,0,1.1917234587599523e-05,0,1
3279,normal,window_typing_10000.csv,0,1.2682857231993694e-05,0,1
3280,normal,window_typing_10000.csv,0,1.1078028364863712e-05,0,1
3281,normal,window_typing_10000.csv,0,1.2955911188328173e-05,0,1
3282,normal,window_typing_10000.csv,0,1.0345963346480858e-05,0,1
3283,normal,window_typing_10000.csv,0,1.011674521578243e-05,0,1
3284,normal,window_typing_10000.csv,0,8.313263606396504e-06,0,1
3285,normal,window_typing_10000.csv,0,9.89051113720052e-06,0,1
3286,normal,window_typing_10000.csv,0,1.2313654224271886e-05,0,1
3287,normal,window_typing_10000.csv,0,1.278634044865612e-05,0,1
3288,normal,window_typing_10000.csv,0,1.1601156074902974e-05,0,1
3289,normal,window_typing_10000.csv,0,1.3667285202245694e-05,0,1
3290,normal,window_typing_10000.csv,0,1.1366762919351459e-05,0,1
3291,normal,window_typing_10000.csv,0,1.2700455954473e-05,0,1
3292,normal,window_typing_10000.csv,0,1.212116694659926e-05,0,1
3293,normal,window_typing_10000.csv,0,1.067044649971649e-05,0,1
3294,normal,window_typing_10000.csv,0,1.1067319974245038e-05,0,1
3295,normal,window_typing_10000.csv,0,1.1366100807208568e-05,0,1
3296,normal,window_typing_10000.csv,0,9.860007594397757e-06,0,1
3297,normal,window_typing_10000.csv,0,9.342762496089563e-06,0,1
3298,normal,window_typing_10000.csv,0,1.0517789633013308e-05,0,1
3299,normal,window_typing_10000.csv,0,1.160402189270826e-05,0,1
3300,normal,window_typing_10000.csv,0,1.1854778676934075e-05,0,1
3301,normal,window_typing_10000.csv,0,1.075413547368953e-05,0,1
3302,normal,window_typing_10000.csv,0,1.034172237268649e-05,0,1
3303,normal,window_typing_10000.csv,0,8.887570402293932e-06,0,1
3304,normal,window_typing_10000.csv,0,1.0887367352552246e-05,0,1
3305,normal,window_typing_10000.csv,0,1.1267297850281466e-05,0,1
3306,normal,window_typing_10000.csv,0,1.5165594959398732e-05,0,1
3307,normal,window_typing_10000.csv,0,2.1870428099646233e-05,0,1
3308,normal,window_typing_10000.csv,0,2.2913231077836826e-05,0,1
3309,normal,window_typing_10000.csv,0,2.31524754781276e-05,0,1
3310,normal,window_typing_10000.csv,0,1.8111690224031918e-05,0,1
3311,normal,window_typing_10000.csv,0,2.483837124600541e-05,0,1
3312,normal,window_typing_10000.csv,0,3.0075378163019195e-05,0,1
3313,normal,window_typing_10000.csv,0,2.5610974262235686e-05,0,1
3314,normal,window_typing_10000.csv,0,2.394384500803426e-05,0,1
3315,normal,window_typing_10000.csv,0,2.1872865545446984e-05,0,1
3316,normal,window_typing_10000.csv,0,1.9932003851863556e-05,0,1
3317,normal,window_typing_10000.csv,0,1.5710631487309e-05,0,1
3318,normal,window_typing_10000.csv,0,1.520871137472568e-05,0,1
3319,normal,window_typing_10000.csv,0,1.5218881344480906e-05,0,1
3320,normal,window_typing_10000.csv,0,1.3951472283224575e-05,0,1
3321,normal,window_typing_10000.csv,0,1.359061207040213e-05,0,1
3322,normal,window_typing_10000.csv,0,1.1588075722102076e-05,0,1
3323,normal,window_typing_10000.csv,0,1.2948279618285596e-05,0,1
3324,normal,window_typing_10000.csv,0,1.2553055057651363e-05,0,1
3325,normal,window_typing_10000.csv,0,1.3263666915008798e-05,0,1
3326,normal,window_typing_10000.csv,0,1.0989450856868643e-05,0,1
3327,normal,window_typing_10000.csv,0,1.0377048965892754e-05,0,1
3328,normal,window_typing_10000.csv,0,9.214520105160773e-06,0,1
3329,normal,window_typing_10000.csv,0,9.870422218227759e-06,0,1
3330,normal,window_typing_10000.csv,0,1.0045381714007817e-05,0,1
3331,normal,window_typing_10000.csv,0,1.0271728569932748e-05,0,1
3332,normal,window_typing_10000.csv,0,1.0378979823144618e-05,0,1
3333,normal,window_typing_10000.csv,0,9.81073662842391e-06,0,1
3334,normal,window_typing_10000.csv,0,1.0173207556363195e-05,0,1
3335,normal,window_typing_10000.csv,0,1.0447173735883553e-05,0,1
3336,normal,window_typing_10000.csv,0,9.92816967482213e-06,0,1
3337,normal,window_typing_10000.csv,0,1.0898119398916606e-05,0,1
3338,normal,window_typing_10000.csv,0,9.664679964771494e-06,0,1
3339,normal,window_typing_10000.csv,0,1.0079957064590417e-05,0,1
3340,normal,window_typing_10000.csv,0,1.0696274330257438e-05,0,1
3341,normal,window_typing_10000.csv,0,9.365795449411962e-06,0,1
3342,normal,window_typing_10000.csv,0,9.566398148308508e-06,0,1
3343,normal,window_typing_10000.csv,0,1.0813207154569682e-05,0,1
3344,normal,window_typing_10000.csv,0,1.084764335246291e-05,0,1
3345,normal,window_typing_10000.csv,0,1.0323019523639232e-05,0,1
3346,normal,window_typing_10000.csv,0,1.1901946891157422e-05,0,1
3347,normal,window_typing_10000.csv,0,1.0178690899920184e-05,0,1
3348,normal,window_typing_10000.csv,0,1.0856004337256309e-05,0,1
3349,normal,window_typing_10000.csv,0,1.0936820217466448e-05,0,1
3350,normal,window_typing_10000.csv,0,1.1317902135488112e-05,0,1
3351,normal,window_typing_10000.csv,0,1.1341327081026975e-05,0,1
3352,normal,window_typing_10000.csv,0,1.025866913550999e-05,0,1
3353,normal,window_typing_10000.csv,0,1.0155924428545404e-05,0,1
3354,normal,window_typing_10000.csv,0,1.0775386726891156e-05,0,1
3355,normal,window_typing_10000.csv,0,1.0243789802188985e-05,0,1
3356,normal,window_typing_10000.csv,0,9.7708207249525e-06,0,1
3357,normal,window_typing_10000.csv,0,1.0881554771913216e-05,0,1
3358,normal,window_typing_10000.csv,0,1.083858387573855e-05,0,1
3359,normal,window_typing_10000.csv,0,1.01226805782062e-05,0,1
3360,normal,window_typing_10000.csv,0,9.687925739854109e-06,0,1
3361,normal,window_typing_10000.csv,0,1.0313917300663888e-05,0,1
3362,normal,window_typing_10000.csv,0,9.064978257811163e-06,0,1
3363,normal,window_typing_10000.csv,0,9.010601388581563e-06,0,1
3364,normal,window_typing_10000.csv,0,8.95343237061752e-06,0,1
3365,normal,window_typing_10000.csv,0,8.527962563675828e-06,0,1
3366,normal,window_typing_10000.csv,0,8.992418770503718e-06,0,1
3367,normal,window_typing_10000.csv,0,9.486965609539766e-06,0,1
3368,normal,window_typing_10000.csv,0,8.086692105280235e-06,0,1
3369,normal,window_typing_10000.csv,0,8.470535249216482e-06,0,1
3370,normal,window_typing_10000.csv,0,8.651227290101815e-06,0,1
3371,normal,window_typing_10000.csv,0,8.372043339477386e-06,0,1
3372,normal,window_typing_10000.csv,0,8.626017915958073e-06,0,1
3373,normal,window_typing_10000.csv,0,8.067050657700747e-06,0,1
3374,normal,window_typing_10000.csv,0,8.148912456817925e-06,0,1
3375,normal,window_typing_10000.csv,0,8.822613381198607e-06,0,1
3376,normal,window_typing_10000.csv,0,8.68818551680306e-06,0,1
3377,normal,window_typing_10000.csv,0,8.967361281975172e-06,0,1
3378,normal,window_typing_10000.csv,0,7.835838005121332e-06,0,1
3379,normal,window_typing_10000.csv,0,8.981740393210202e-06,0,1
3380,normal,window_typing_10000.csv,0,8.886799150786828e-06,0,1
3381,normal,window_typing_10000.csv,0,9.946706995833665e-06,0,1
3382,normal,window_typing_10000.csv,0,1.0763349564513192e-05,0,1
3383,normal,window_typing_10000.csv,0,1.311529558734037e-05,0,1
3384,normal,window_typing_10000.csv,0,1.22276333058835e-05,0,1
3385,normal,window_typing_10000.csv,0,1.2100886124244425e-05,0,1
3386,normal,window_typing_10000.csv,0,1.1614872164500412e-05,0,1
3387,normal,window_typing_10000.csv,0,1.0494835805729963e-05,0,1
3388,normal,window_typing_10000.csv,0,1.1806939255620819e-05,0,1
3389,normal,window_typing_10000.csv,0,1.3091179425828159e-05,0,1
3390,normal,window_typing_10000.csv,0,1.1591091606533155e-05,0,1
3391,normal,window_typing_10000.csv,0,1.179911669169087e-05,0,1
3392,normal,window_typing_10000.csv,0,1.106990657717688e-05,0,1
3393,normal,window_typing_10000.csv,0,1.2446866094251163e-05,0,1
3394,normal,window_typing_10000.csv,0,1.0737328921095468e-05,0,1
3395,normal,window_typing_10000.csv,0,1.1688487575156614e-05,0,1
3396,normal,window_typing_10000.csv,0,1.0711882168834563e-05,0,1
3397,normal,window_typing_10000.csv,0,1.1220535270695109e-05,0,1
3398,normal,window_typing_10000.csv,0,8.853580766299274e-06,0,1
3399,normal,window_typing_10000.csv,0,2.175176086893771e-05,0,1
3400,normal,window_typing_10000.csv,0,2.485623917891644e-05,0,1
3401,normal,window_typing_10000.csv,0,1.7230306184501387e-05,0,1
3402,normal,window_typing_10000.csv,0,1.495898231951287e-05,0,1
3403,normal,window_typing_10000.csv,0,1.817902193579357e-05,0,1
3404,normal,window_typing_10000.csv,0,1.608093771210406e-05,0,1
3405,normal,window_typing_10000.csv,0,1.691329998720903e-05,0,1
3406,normal,window_typing_10000.csv,0,1.5350227840826847e-05,0,1
3407,normal,window_typing_10000.csv,0,1.4887737052049488e-05,0,1
3408,normal,window_typing_10000.csv,0,1.5592251656926237e-05,0,1
3409,normal,window_typing_10000.csv,0,1.4860573173791636e-05,0,1
3410,normal,window_typing_10000.csv,0,1.3629422937810887e-05,0,1
3411,normal,window_typing_10000.csv,0,1.1999047274002805e-05,0,1
3412,normal,window_typing_10000.csv,0,1.2469308785512112e-05,0,1
3413,normal,window_typing_10000.csv,0,1.1691977306327317e-05,0,1
3414,normal,window_typing_10000.csv,0,1.1190613804501481e-05,0,1
3415,normal,window_typing_10000.csv,0,9.733961633173749e-06,0,1
3416,normal,window_typing_10000.csv,0,1.0050373930425849e-05,0,1
3417,normal,window_typing_10000.csv,0,1.0622524314385373e-05,0,1
3418,normal,window_typing_10000.csv,0,9.716498425405007e-06,0,1
3419,normal,window_typing_10000.csv,0,8.972836440079845e-06,0,1
3420,normal,window_typing_10000.csv,0,9.343832061858848e-06,0,1
3421,normal,window_typing_10000.csv,0,8.889748642104678e-06,0,1
3422,normal,window_typing_10000.csv,0,7.747621566522866e-06,0,1
3423,normal,window_typing_10000.csv,0,7.886546882218681e-06,0,1
3424,normal,window_typing_10000.csv,0,8.766746759647503e-06,0,1
3425,normal,window_typing_10000.csv,0,1.0173877853958402e-05,0,1
3426,normal,window_typing_10000.csv,0,8.477411938656587e-06,0,1
3427,normal,window_typing_10000.csv,0,9.23249899642542e-06,0,1
3428,normal,window_typing_10000.csv,0,1.0186789950239472e-05,0,1
3429,normal,window_typing_10000.csv,0,9.405107448401395e-06,0,1
3430,normal,window_typing_10000.csv,0,1.061447346728528e-05,0,1
3431,normal,window_typing_10000.csv,0,9.756546205608174e-06,0,1
3432,normal,window_typing_10000.csv,0,9.156878149951808e-06,0,1
3433,normal,window_typing_10000.csv,0,9.308530934504233e-06,0,1
3434,normal,window_typing_10000.csv,0,9.48763499764027e-06,0,1
3435,normal,window_typing_10000.csv,0,9.712552127894014e-06,0,1
3436,normal,window_typing_10000.csv,0,9.766617949935608e-06,0,1
3437,normal,window_typing_10000.csv,0,9.075029993255157e-06,0,1
3438,normal,window_typing_10000.csv,0,9.448790478927549e-06,0,1
3439,normal,window_typing_10000.csv,0,1.150373191194376e-05,0,1
3440,normal,window_typing_10000.csv,0,9.37720869842451e-06,0,1
3441,normal,window_typing_10000.csv,0,9.812504686124157e-06,0,1
3442,normal,window_typing_10000.csv,0,9.009612767840736e-06,0,1
3443,normal,window_typing_10000.csv,0,8.269496902357787e-06,0,1
3444,normal,window_typing_10000.csv,0,8.345243259100243e-06,0,1
3445,normal,window_typing_10000.csv,0,1.1009401532646734e-05,0,1
3446,normal,window_typing_10000.csv,0,9.803815373743419e-06,0,1
3447,normal,window_typing_10000.csv,0,9.19476860872237e-06,0,1
3448,normal,window_typing_10000.csv,0,9.800832231121603e-06,0,1
3449,normal,window_typing_10000.csv,0,1.092729053198127e-05,0,1
3450,normal,window_typing_10000.csv,0,1.055663960869424e-05,0,1
3451,normal,window_typing_10000.csv,0,9.615981070965063e-06,0,1
3452,normal,window_typing_10000.csv,0,9.462180969421752e-06,0,1
3453,normal,window_typing_10000.csv,0,9.527911061013583e-06,0,1
3454,normal,window_typing_10000.csv,0,9.674390639702324e-06,0,1
3455,normal,window_typing_10000.csv,0,1.0416144505143166e-05,0,1
3456,normal,window_typing_10000.csv,0,1.0929479685728438e-05,0,1
3457,normal,window_typing_10000.csv,0,1.0333637874282431e-05,0,1
3458,normal,window_typing_10000.csv,0,9.780394066183362e-06,0,1
3459,normal,window_typing_10000.csv,0,9.771444638317917e-06,0,1
3460,normal,window_typing_10000.csv,0,1.007984064926859e-05,0,1
3461,normal,window_typing_10000.csv,0,9.709309779282194e-06,0,1
3462,normal,window_typing_10000.csv,0,9.031368790601846e-06,0,1
3463,normal,window_typing_10000.csv,0,8.985613021650352e-06,0,1
3464,normal,window_typing_10000.csv,0,9.769236385182012e-06,0,1
3465,normal,window_typing_10000.csv,0,8.925801921577659e-06,0,1
3466,normal,window_typing_10000.csv,0,8.081033229245804e-06,0,1
3467,normal,window_typing_10000.csv,0,7.5060888775624335e-06,0,1
3468,normal,window_typing_10000.csv,0,7.608159648953006e-06,0,1
3469,normal,window_typing_10000.csv,0,7.77686909714248e-06,0,1
3470,normal,window_typing_10000.csv,0,7.924823876237497e-06,0,1
3471,normal,window_typing_10000.csv,0,7.495094905607402e-06,0,1
3472,normal,window_typing_10000.csv,0,7.724970600975212e-06,0,1
3473,normal,window_typing_10000.csv,0,8.736158633837476e-06,0,1
3474,normal,window_typing_10000.csv,0,8.547617653675843e-06,0,1
3475,normal,window_typing_10000.csv,0,7.679466762056109e-06,0,1
3476,normal,window_typing_10000.csv,0,7.778188773954753e-06,0,1
3477,normal,window_typing_10000.csv,0,7.654220098629594e-06,0,1
3478,normal,window_typing_10000.csv,0,7.050642579997657e-06,0,1
3479,normal,window_typing_10000.csv,0,8.243732736445963e-06,0,1
3480,normal,window_typing_10000.csv,0,1.0253348591504619e-05,0,1
3481,normal,window_typing_10000.csv,0,1.2128532944188919e-05,0,1
3482,normal,window_typing_10000.csv,0,1.6509917259099893e-05,0,1
3483,normal,window_typing_10000.csv,0,1.5156368135649245e-05,0,1
3484,normal,window_typing_10000.csv,0,1.651900493016001e-05,0,1
3485,normal,window_typing_10000.csv,0,1.4903633200447075e-05,0,1
3486,normal,window_typing_10000.csv,0,1.8033253581961617e-05,0,1
3487,normal,window_typing_10000.csv,0,1.4208886568667367e-05,0,1
3488,normal,window_typing_10000.csv,0,1.6512169167981483e-05,0,1
3489,normal,window_typing_10000.csv,0,1.8944867406389676e-05,0,1
3490,normal,window_typing_10000.csv,0,1.5029276255518198e-05,0,1
3491,normal,window_typing_10000.csv,0,1.6151927411556244e-05,0,1
3492,normal,window_typing_10000.csv,0,1.2666382644965779e-05,0,1
3493,normal,window_typing_10000.csv,0,1.3489571756508667e-05,0,1
3494,normal,window_typing_10000.csv,0,1.2771763977070805e-05,0,1
3495,normal,window_typing_10000.csv,0,1.1463332157291006e-05,0,1
3496,normal,window_typing_10000.csv,0,1.0691276656871196e-05,0,1
3497,normal,window_typing_10000.csv,0,1.1343977348587941e-05,0,1
3498,normal,window_typing_10000.csv,0,1.344096745015122e-05,0,1
3499,normal,window_typing_10000.csv,0,1.396234529238427e-05,0,1
3500,normal,window_typing_10000.csv,0,1.5231295947160106e-05,0,1
3501,normal,window_typing_10000.csv,0,1.2539378985820804e-05,0,1
3502,normal,window_typing_10000.csv,0,1.160675583378179e-05,0,1
3503,normal,window_typing_10000.csv,0,1.2731561582768336e-05,0,1
3504,normal,window_typing_10000.csv,0,1.2735422387777362e-05,0,1
3505,normal,window_typing_10000.csv,0,1.1346021892677527e-05,0,1
3506,normal,window_typing_10000.csv,0,1.1620035365922377e-05,0,1
3507,normal,window_typing_10000.csv,0,1.1932325833186042e-05,0,1
3508,normal,window_typing_10000.csv,0,1.3847074114892166e-05,0,1
3509,normal,window_typing_10000.csv,0,1.2677379345404916e-05,0,1
3510,normal,window_typing_10000.csv,0,1.2174119547125883e-05,0,1
3511,normal,window_typing_10000.csv,0,1.0953937817248516e-05,0,1
3512,normal,window_typing_10000.csv,0,1.310055722569814e-05,0,1
3513,normal,window_typing_10000.csv,0,1.0520378054934554e-05,0,1
3514,normal,window_typing_10000.csv,0,1.084892573999241e-05,0,1
3515,normal,window_typing_10000.csv,0,1.0905780982284341e-05,0,1
3516,normal,window_typing_10000.csv,0,9.258262252842542e-06,0,1
3517,normal,window_typing_10000.csv,0,9.340588803752325e-06,0,1
3518,normal,window_typing_10000.csv,0,9.27263045014115e-06,0,1
3519,normal,window_typing_10000.csv,0,8.813917702354956e-06,0,1
3520,normal,window_typing_10000.csv,0,9.656756446929649e-06,0,1
3521,normal,window_typing_10000.csv,0,9.977326953958254e-06,0,1
3522,normal,window_typing_10000.csv,0,1.1206793715246022e-05,0,1
3523,normal,window_typing_10000.csv,0,1.2788767890015151e-05,0,1
3524,normal,window_typing_10000.csv,0,1.4353209735418204e-05,0,1
3525,normal,window_typing_10000.csv,0,1.2281987437745556e-05,0,1
3526,normal,window_typing_10000.csv,0,1.2432830772013403e-05,0,1
3527,normal,window_typing_10000.csv,0,1.3640486940857954e-05,0,1
3528,normal,window_typing_10000.csv,0,1.1355028618709184e-05,0,1
3529,normal,window_typing_10000.csv,0,1.2651714314415585e-05,0,1
3530,normal,window_typing_10000.csv,0,1.3565997505793348e-05,0,1
3531,normal,window_typing_10000.csv,0,1.1335910130583216e-05,0,1
3532,normal,window_typing_10000.csv,0,1.3068800399196334e-05,0,1
3533,normal,window_typing_10000.csv,0,1.358553345198743e-05,0,1
3534,normal,window_typing_10000.csv,0,1.233342209161492e-05,0,1
3535,normal,window_typing_10000.csv,0,1.2592311577463988e-05,0,1
3536,normal,window_typing_10000.csv,0,1.2113493539800402e-05,0,1
3537,normal,window_typing_10000.csv,0,1.1725028343789745e-05,0,1
3538,normal,window_typing_10000.csv,0,1.0859907888516318e-05,0,1
3539,normal,window_typing_10000.csv,0,9.906606464937795e-06,0,1
3540,normal,window_typing_10000.csv,0,9.266768756788224e-06,0,1
3541,normal,window_typing_10000.csv,0,8.392411473323591e-06,0,1
3542,normal,window_typing_10000.csv,0,8.740657904127147e-06,0,1
3543,normal,window_typing_10000.csv,0,8.505561709171161e-06,0,1
3544,normal,window_typing_10000.csv,0,1.2622755093616433e-05,0,1
3545,normal,window_typing_10000.csv,0,9.759161002875771e-06,0,1
3546,normal,window_typing_10000.csv,0,8.587539014115464e-06,0,1
3547,normal,window_typing_10000.csv,0,8.720700861886144e-06,0,1
3548,normal,window_typing_10000.csv,0,7.847900633350946e-06,0,1
3549,normal,window_typing_10000.csv,0,7.970672413648572e-06,0,1
3550,normal,window_typing_10000.csv,0,9.523831977276132e-06,0,1
3551,normal,window_typing_10000.csv,0,8.28775046102237e-06,0,1
3552,normal,window_typing_10000.csv,0,9.152060556516517e-06,0,1
3553,normal,window_typing_10000.csv,0,9.101680916501209e-06,0,1
3554,normal,window_typing_10000.csv,0,8.469985914416611e-06,0,1
3555,normal,window_typing_10000.csv,0,8.103606887743808e-06,0,1
3556,normal,window_typing_10000.csv,0,9.588427928974852e-06,0,1
3557,normal,window_typing_10000.csv,0,8.721482117834967e-06,0,1
3558,normal,window_typing_10000.csv,0,8.704308129381388e-06,0,1
3559,normal,window_typing_10000.csv,0,8.733701179153286e-06,0,1
3560,normal,window_typing_10000.csv,0,8.651062671560794e-06,0,1
3561,normal,window_typing_10000.csv,0,8.531427738489583e-06,0,1
3562,normal,window_typing_10000.csv,0,8.908522431738675e-06,0,1
3563,normal,window_typing_10000.csv,0,8.376715413760394e-06,0,1
3564,normal,window_typing_10000.csv,0,8.94691220310051e-06,0,1
3565,normal,window_typing_10000.csv,0,1.110711855289992e-05,0,1
3566,normal,window_typing_10000.csv,0,9.840157872531563e-06,0,1
3567,normal,window_typing_10000.csv,0,1.0315403415006585e-05,0,1
3568,normal,window_typing_10000.csv,0,9.272125680581667e-06,0,1
3569,normal,window_typing_10000.csv,0,9.281450729758944e-06,0,1
3570,normal,window_typing_10000.csv,0,8.855243322614115e-06,0,1
3571,normal,window_typing_10000.csv,0,1.023203458316857e-05,0,1
3572,normal,window_typing_10000.csv,0,8.750567758397665e-06,0,1
3573,normal,window_typing_10000.csv,0,8.26136238174513e-06,0,1
3574,normal,window_typing_10000.csv,0,8.566885298932903e-06,0,1
3575,normal,window_typing_10000.csv,0,9.741364010551479e-06,0,1
3576,normal,window_typing_10000.csv,0,1.1169759090989828e-05,0,1
3577,normal,window_typing_10000.csv,0,9.55462564888876e-06,0,1
3578,normal,window_typing_10000.csv,0,9.376815796713345e-06,0,1
3579,normal,window_typing_10000.csv,0,9.042546480486635e-06,0,1
3580,normal,window_typing_10000.csv,0,1.022549895424163e-05,0,1
3581,normal,window_typing_10000.csv,0,9.378441973240115e-06,0,1
3582,normal,window_typing_10000.csv,0,8.595240615250077e-06,0,1
3583,normal,window_typing_10000.csv,0,9.628332918509841e-06,0,1
3584,normal,window_typing_10000.csv,0,1.2176686141174287e-05,0,1
3585,normal,window_typing_10000.csv,0,1.5666120816604234e-05,0,1
3586,normal,window_typing_10000.csv,0,1.6376596249756403e-05,0,1
3587,normal,window_typing_10000.csv,0,1.4474254385277163e-05,0,1
3588,normal,window_typing_10000.csv,0,1.4782507605559658e-05,0,1
3589,normal,window_typing_10000.csv,0,1.5199966583168134e-05,0,1
3590,normal,window_typing_10000.csv,0,1.201269515149761e-05,0,1
3591,normal,window_typing_10000.csv,0,1.6056357708293945e-05,0,1
3592,normal,window_typing_10000.csv,0,1.7338637917418964e-05,0,1
3593,normal,window_typing_10000.csv,0,1.5051466107252054e-05,0,1
3594,normal,window_typing_10000.csv,0,2.5194261979777366e-05,0,1
3595,normal,window_typing_10000.csv,0,2.6802643333212472e-05,0,1
3596,normal,window_typing_10000.csv,0,1.813106246117968e-05,0,1
3597,normal,window_typing_10000.csv,0,1.6486663298564963e-05,0,1
3598,normal,window_typing_10000.csv,0,1.7007661881507374e-05,0,1
3599,normal,window_typing_10000.csv,0,1.6774689356680028e-05,0,1
3600,normal,window_typing_10000.csv,0,1.582239019626286e-05,0,1
3601,normal,window_typing_10000.csv,0,1.4320409718493465e-05,0,1
3602,normal,window_typing_10000.csv,0,1.6424439309048466e-05,0,1
3603,normal,window_typing_10000.csv,0,1.526315463706851e-05,0,1
3604,normal,window_typing_10000.csv,0,1.3338176358956844e-05,0,1
3605,normal,window_typing_10000.csv,0,1.3023451174376532e-05,0,1
3606,normal,window_typing_10000.csv,0,1.2584038813656662e-05,0,1
3607,normal,window_typing_10000.csv,0,1.0786006896523759e-05,0,1
3608,normal,window_typing_10000.csv,0,1.2869870261056349e-05,0,1
3609,normal,window_typing_10000.csv,0,1.3437929737847298e-05,0,1
3610,normal,window_typing_10000.csv,0,1.2975585377716925e-05,0,1
3611,normal,window_typing_10000.csv,0,1.3462429706123658e-05,0,1
3612,normal,window_typing_10000.csv,0,1.2783474630850833e-05,0,1
3613,normal,window_typing_10000.csv,0,1.627865458431188e-05,0,1
3614,normal,window_typing_10000.csv,0,1.824615173973143e-05,0,1
3615,normal,window_typing_10000.csv,0,2.4356919311685488e-05,0,1
3616,normal,window_typing_10000.csv,0,2.5697459932416677e-05,0,1
3617,normal,window_typing_10000.csv,0,2.2472439013654366e-05,0,1
3618,normal,window_typing_10000.csv,0,2.087625216518063e-05,0,1
3619,normal,window_typing_10000.csv,0,1.7330487025901675e-05,0,1
3620,normal,window_typing_10000.csv,0,1.622445779503323e-05,0,1
3621,normal,window_typing_10000.csv,0,1.818800410546828e-05,0,1
3622,normal,window_typing_10000.csv,0,1.8084145267494023e-05,0,1
3623,normal,window_typing_10000.csv,0,1.4166726032271981e-05,0,1
3624,normal,window_typing_10000.csv,0,1.786741086107213e-05,0,1
3625,normal,window_typing_10000.csv,0,1.7567241229698993e-05,0,1
3626,normal,window_typing_10000.csv,0,1.3657852832693607e-05,0,1
3627,normal,window_typing_10000.csv,0,1.2511416571214795e-05,0,1
3628,normal,window_typing_10000.csv,0,1.2217059520480689e-05,0,1
3629,normal,window_typing_10000.csv,0,1.296293248742586e-05,0,1
3630,normal,window_typing_10000.csv,0,1.5777173757669516e-05,0,1
3631,normal,window_typing_10000.csv,0,2.0440580556169152e-05,0,1
3632,normal,window_typing_10000.csv,0,1.8333710613660514e-05,0,1
3633,normal,window_typing_10000.csv,0,1.8668028133106418e-05,0,1
3634,normal,window_typing_10000.csv,0,1.5570170944556594e-05,0,1
3635,normal,window_typing_10000.csv,0,2.1379706595325842e-05,0,1
3636,normal,window_typing_10000.csv,0,1.7532795027364045e-05,0,1
3637,normal,window_typing_10000.csv,0,1.663443799770903e-05,0,1
3638,normal,window_typing_10000.csv,0,1.640111986489501e-05,0,1
3639,normal,window_typing_10000.csv,0,1.4473162991635036e-05,0,1
3640,normal,window_typing_10000.csv,0,1.5194344996416476e-05,0,1
3641,normal,window_typing_10000.csv,0,1.568966945342254e-05,0,1
3642,normal,window_typing_10000.csv,0,1.511051959823817e-05,0,1
3643,normal,window_typing_10000.csv,0,1.5417786926263943e-05,0,1
3644,normal,window_typing_10000.csv,0,1.4448009096668102e-05,0,1
3645,normal,window_typing_10000.csv,0,1.4313513929664623e-05,0,1
3646,normal,window_typing_10000.csv,0,1.1951527994824573e-05,0,1
3647,normal,window_typing_10000.csv,0,1.0837416084541474e-05,0,1
3648,normal,window_typing_10000.csv,0,1.2680415238719434e-05,0,1
3649,normal,window_typing_10000.csv,0,1.019426326820394e-05,0,1
3650,normal,window_typing_10000.csv,0,1.7361933714710176e-05,0,1
3651,normal,window_typing_10000.csv,0,1.2485611478041392e-05,0,1
3652,normal,window_typing_10000.csv,0,1.0571720849839039e-05,0,1
3653,normal,window_typing_10000.csv,0,1.0424571883049794e-05,0,1
3654,normal,window_typing_10000.csv,0,1.796445758373011e-05,0,1
3655,normal,window_typing_10000.csv,0,1.4476752767222933e-05,0,1
3656,normal,window_typing_10000.csv,0,1.1336363058944698e-05,0,1
3657,normal,window_typing_10000.csv,0,1.1702775736921467e-05,0,1
3658,normal,window_typing_10000.csv,0,1.103520753531484e-05,0,1
3659,normal,window_typing_10000.csv,0,1.0516015208850149e-05,0,1
3660,normal,window_typing_10000.csv,0,9.023008715303149e-06,0,1
3661,normal,window_typing_10000.csv,0,9.861559192358982e-06,0,1
3662,normal,window_typing_10000.csv,0,1.023916047415696e-05,0,1
3663,normal,window_typing_10000.csv,0,1.0718053999880794e-05,0,1
3664,normal,window_typing_10000.csv,0,1.0320480214431882e-05,0,1
3665,normal,window_typing_10000.csv,0,9.822653737501241e-06,0,1
3666,normal,window_typing_10000.csv,0,1.0988548638124485e-05,0,1
3667,normal,window_typing_10000.csv,0,1.1339856428094208e-05,0,1
3668,normal,window_typing_10000.csv,0,1.0840186405403074e-05,0,1
3669,normal,window_typing_10000.csv,0,9.76172032096656e-06,0,1
3670,normal,window_typing_10000.csv,0,1.0176594514632598e-05,0,1
3671,normal,window_typing_10000.csv,0,1.1416551387810614e-05,0,1
3672,normal,window_typing_10000.csv,0,9.156249689112883e-06,0,1
3673,normal,window_typing_10000.csv,0,1.0232972272206098e-05,0,1
3674,normal,window_typing_10000.csv,0,1.1999940397799946e-05,0,1
3675,normal,window_typing_10000.csv,0,1.1886770153068937e-05,0,1
3676,normal,window_typing_10000.csv,0,1.0838139132829383e-05,0,1
3677,normal,window_typing_10000.csv,0,1.094758954423014e-05,0,1
3678,normal,window_typing_10000.csv,0,1.0383891094534192e-05,0,1
3679,normal,window_typing_10000.csv,0,9.711402526590973e-06,0,1
3680,normal,window_typing_10000.csv,0,1.0075325008074287e-05,0,1
3681,normal,window_typing_10000.csv,0,1.0035011655418202e-05,0,1
3682,normal,window_typing_10000.csv,0,1.0464663318998646e-05,0,1
3683,normal,window_typing_10000.csv,0,1.0509176718187518e-05,0,1
3684,normal,window_typing_10000.csv,0,1.1345860002620611e-05,0,1
3685,normal,window_typing_10000.csv,0,9.790865078684874e-06,0,1
3686,normal,window_typing_10000.csv,0,1.0293606464983895e-05,0,1
3687,normal,window_typing_10000.csv,0,1.112483278120635e-05,0,1
3688,normal,window_typing_10000.csv,0,9.716581189422868e-06,0,1
3689,normal,window_typing_10000.csv,0,9.738429071148857e-06,0,1
3690,normal,window_typing_10000.csv,0,9.740434506966267e-06,0,1
3691,normal,window_typing_10000.csv,0,9.387337740918156e-06,0,1
3692,normal,window_typing_10000.csv,0,9.242700798495207e-06,0,1
3693,normal,window_typing_10000.csv,0,8.099249498627614e-06,0,1
3694,normal,window_typing_10000.csv,0,9.620623131922912e-06,0,1
3695,normal,window_typing_10000.csv,0,1.7224770999746397e-05,0,1
3696,normal,window_typing_10000.csv,0,1.2392903954605572e-05,0,1
3697,normal,window_typing_10000.csv,0,9.322266123490408e-06,0,1
3698,normal,window_typing_10000.csv,0,9.931322892953176e-06,0,1
3699,normal,window_typing_10000.csv,0,1.0490142813068815e-05,0,1
3700,normal,window_typing_10000.csv,0,8.96721667231759e-06,0,1
3701,normal,window_typing_10000.csv,0,8.905548384063877e-06,0,1
3702,normal,window_typing_10000.csv,0,1.9817618522210978e-05,0,1
3703,normal,window_typing_10000.csv,0,1.2733685252896976e-05,0,1
3704,normal,window_typing_10000.csv,0,1.0932355507975444e-05,0,1
3705,normal,window_typing_10000.csv,0,1.028532369673485e-05,0,1
3706,normal,window_typing_10000.csv,0,1.3693991604668554e-05,0,1
3707,normal,window_typing_10000.csv,0,1.4489071872958448e-05,0,1
3708,normal,window_typing_10000.csv,0,1.8106215065927245e-05,0,1
3709,normal,window_typing_10000.csv,0,2.0608538761734962e-05,0,1
3710,normal,window_typing_10000.csv,0,2.074509029625915e-05,0,1
3711,normal,window_typing_10000.csv,0,2.5962925064959563e-05,0,1
3712,normal,window_typing_10000.csv,0,2.0020359443151392e-05,0,1
3713,normal,window_typing_10000.csv,0,1.868933395599015e-05,0,1
3714,normal,window_typing_10000.csv,0,1.909113780129701e-05,0,1
3715,normal,window_typing_10000.csv,0,1.5212511243589688e-05,0,1
3716,normal,window_typing_10000.csv,0,1.6166399291250855e-05,0,1
3717,normal,window_typing_10000.csv,0,1.4442155588767491e-05,0,1
3718,normal,window_typing_10000.csv,0,1.5139612514758483e-05,0,1
3719,normal,window_typing_10000.csv,0,1.2298020919843111e-05,0,1
3720,normal,window_typing_10000.csv,0,1.4807818843109999e-05,0,1
3721,normal,window_typing_10000.csv,0,1.1935170732613187e-05,0,1
3722,normal,window_typing_10000.csv,0,1.0392103831691202e-05,0,1
3723,normal,window_typing_10000.csv,0,1.0694244338083081e-05,0,1
3724,normal,window_typing_10000.csv,0,1.1045935934816953e-05,0,1
3725,normal,window_typing_10000.csv,0,9.440214853384532e-06,0,1
3726,normal,window_typing_10000.csv,0,9.130683793046046e-06,0,1
3727,normal,window_typing_10000.csv,0,1.0158946679439396e-05,0,1
3728,normal,window_typing_10000.csv,0,9.155970474239439e-06,0,1
3729,normal,window_typing_10000.csv,0,8.976028766483068e-06,0,1
3730,normal,window_typing_10000.csv,0,8.870288183970843e-06,0,1
3731,normal,window_typing_10000.csv,0,7.7315307862591e-06,0,1
3732,normal,window_typing_10000.csv,0,1.3660339391208254e-05,0,1
3733,normal,window_typing_10000.csv,0,9.781196240510326e-06,0,1
3734,normal,window_typing_10000.csv,0,9.09591017261846e-06,0,1
3735,normal,window_typing_10000.csv,0,7.8874800237827e-06,0,1
3736,normal,window_typing_10000.csv,0,7.918207302282099e-06,0,1
3737,normal,window_typing_10000.csv,0,7.666690180485602e-06,0,1
3738,normal,window_typing_10000.csv,0,8.102199899440166e-06,0,1
3739,normal,window_typing_10000.csv,0,7.903539881226607e-06,0,1
3740,normal,window_typing_10000.csv,0,8.964258086052723e-06,0,1
3741,normal,window_typing_10000.csv,0,9.221852451446466e-06,0,1
3742,normal,window_typing_10000.csv,0,8.569001693103928e-06,0,1
3743,normal,window_typing_10000.csv,0,9.877154298010282e-06,0,1
3744,normal,window_typing_10000.csv,0,9.71575627772836e-06,0,1
3745,normal,window_typing_10000.csv,0,9.137173037743196e-06,0,1
3746,normal,window_typing_10000.csv,0,1.0126233974006027e-05,0,1
3747,normal,window_typing_10000.csv,0,9.568541827320587e-06,0,1
3748,normal,window_typing_10000.csv,0,9.043485988513567e-06,0,1
3749,normal,window_typing_10000.csv,0,9.278317520511337e-06,0,1
3750,normal,window_typing_10000.csv,0,9.067831342690624e-06,0,1
3751,normal,window_typing_10000.csv,0,8.760586752032395e-06,0,1
3752,normal,window_typing_10000.csv,0,1.0095753168570809e-05,0,1
3753,normal,window_typing_10000.csv,0,1.1373148481652606e-05,0,1
3754,normal,window_typing_10000.csv,0,1.2339056411292404e-05,0,1
3755,normal,window_typing_10000.csv,0,1.1530170013429597e-05,0,1
3756,normal,window_typing_10000.csv,0,1.1029263987438753e-05,0,1
3757,normal,window_typing_10000.csv,0,1.0887305506912526e-05,0,1
3758,normal,window_typing_10000.csv,0,1.1931300832657143e-05,0,1
3759,normal,window_typing_10000.csv,0,1.1579591046029236e-05,0,1
3760,normal,window_typing_10000.csv,0,1.0828975064214319e-05,0,1
3761,normal,window_typing_10000.csv,0,1.049817910825368e-05,0,1
3762,normal,window_typing_10000.csv,0,1.0307997399650048e-05,0,1
3763,normal,window_typing_10000.csv,0,1.1710924809449352e-05,0,1
3764,normal,window_typing_10000.csv,0,1.2443541891116183e-05,0,1
3765,normal,window_typing_10000.csv,0,1.0875526641029865e-05,0,1
3766,normal,window_typing_10000.csv,0,1.0352348908782005e-05,0,1
3767,normal,window_typing_10000.csv,0,1.2129191418353003e-05,0,1
3768,normal,window_typing_10000.csv,0,1.2379969120956957e-05,0,1
3769,normal,window_typing_10000.csv,0,1.0515775102248881e-05,0,1
3770,normal,window_typing_10000.csv,0,9.822213542065583e-06,0,1
3771,normal,window_typing_10000.csv,0,9.206596587318927e-06,0,1
3772,normal,window_typing_10000.csv,0,9.884854080155492e-06,0,1
3773,normal,window_typing_10000.csv,0,9.658037924964447e-06,0,1
3774,normal,window_typing_10000.csv,0,8.96175333764404e-06,0,1
3775,normal,window_typing_10000.csv,0,8.775880814937409e-06,0,1
3776,normal,window_typing_10000.csv,0,9.456390216655564e-06,0,1
3777,normal,window_typing_10000.csv,0,9.063984180102125e-06,0,1
3778,normal,window_typing_10000.csv,0,1.0356090569985099e-05,0,1
3779,normal,window_typing_10000.csv,0,1.1086884114774875e-05,0,1
3780,normal,window_typing_10000.csv,0,1.2429500202415511e-05,0,1
3781,normal,window_typing_10000.csv,0,1.654916923143901e-05,0,1
3782,normal,window_typing_10000.csv,0,2.3130231056711636e-05,0,1
3783,normal,window_typing_10000.csv,0,2.276916529808659e-05,0,1
3784,normal,window_typing_10000.csv,0,1.9857534425682388e-05,0,1
3785,normal,window_typing_10000.csv,0,1.9586683265515603e-05,0,1
3786,normal,window_typing_10000.csv,0,2.045910878223367e-05,0,1
3787,normal,window_typing_10000.csv,0,2.052393028861843e-05,0,1
3788,normal,window_typing_10000.csv,0,2.024035893555265e-05,0,1
3789,normal,window_typing_10000.csv,0,2.0735475118272007e-05,0,1
3790,normal,window_typing_10000.csv,0,1.6824658814584836e-05,0,1
3791,normal,window_typing_10000.csv,0,1.6775487893028185e-05,0,1
3792,normal,window_typing_10000.csv,0,1.4645051123807207e-05,0,1
3793,normal,window_typing_10000.csv,0,1.4886388271406759e-05,0,1
3794,normal,window_typing_10000.csv,0,1.3742867849941831e-05,0,1
3795,normal,window_typing_10000.csv,0,1.330156737822108e-05,0,1
3796,normal,window_typing_10000.csv,0,1.0924300113401841e-05,0,1
3797,normal,window_typing_10000.csv,0,1.0528537131904159e-05,0,1
3798,normal,window_typing_10000.csv,0,1.091907233785605e-05,0,1
3799,normal,window_typing_10000.csv,0,1.0211719200015068e-05,0,1
3800,normal,window_typing_10000.csv,0,8.410727787122596e-06,0,1
3801,normal,window_typing_10000.csv,0,9.692676030681469e-06,0,1
3802,normal,window_typing_10000.csv,0,1.3031999515078496e-05,0,1
3803,normal,window_typing_10000.csv,0,1.4675095371785574e-05,0,1
3804,normal,window_typing_10000.csv,0,1.7171942090499215e-05,0,1
3805,normal,window_typing_10000.csv,0,1.6054182196967304e-05,0,1
3806,normal,window_typing_10000.csv,0,1.8563463527243584e-05,0,1
3807,normal,window_typing_10000.csv,0,2.0477593352552503e-05,0,1
3808,normal,window_typing_10000.csv,0,1.8879578419728205e-05,0,1
3809,normal,window_typing_10000.csv,0,1.687176882114727e-05,0,1
3810,normal,window_typing_10000.csv,0,1.7585058230906725e-05,0,1
3811,normal,window_typing_10000.csv,0,1.8161606931244023e-05,0,1
3812,normal,window_typing_10000.csv,0,1.4532193745253608e-05,0,1
3813,normal,window_typing_10000.csv,0,1.4478491721092723e-05,0,1
3814,normal,window_typing_10000.csv,0,1.3318627679836936e-05,0,1
3815,normal,window_typing_10000.csv,0,1.3281261090014596e-05,0,1
3816,normal,window_typing_10000.csv,0,1.3597989891422912e-05,0,1
3817,normal,window_typing_10000.csv,0,1.1771973731811158e-05,0,1
3818,normal,window_typing_10000.csv,0,1.2605215488292743e-05,0,1
3819,normal,window_typing_10000.csv,0,1.1483081834740005e-05,0,1
3820,normal,window_typing_10000.csv,0,1.0281529284839053e-05,0,1
3821,normal,window_typing_10000.csv,0,9.943444638338406e-06,0,1
3822,normal,window_typing_10000.csv,0,1.0633906640578061e-05,0,1
3823,normal,window_typing_10000.csv,0,9.081159078050405e-06,0,1
3824,normal,window_typing_10000.csv,0,8.414570402237587e-06,0,1
3825,normal,window_typing_10000.csv,0,8.744310434849467e-06,0,1
3826,normal,window_typing_10000.csv,0,8.30950648378348e-06,0,1
3827,normal,window_typing_10000.csv,0,8.972109753813129e-06,0,1
3828,normal,window_typing_10000.csv,0,7.95317828305997e-06,0,1
3829,normal,window_typing_10000.csv,0,8.367788723262493e-06,0,1
3830,normal,window_typing_10000.csv,0,8.419016921834555e-06,0,1
3831,normal,window_typing_10000.csv,0,8.727581189305056e-06,0,1
3832,normal,window_typing_10000.csv,0,8.254377462435514e-06,0,1
3833,normal,window_typing_10000.csv,0,7.448216365446569e-06,0,1
3834,normal,window_typing_10000.csv,0,9.570065230946057e-06,0,1
3835,normal,window_typing_10000.csv,0,8.062235792749561e-06,0,1
3836,normal,window_typing_10000.csv,0,8.026066097954754e-06,0,1
3837,normal,window_typing_10000.csv,0,7.941695912450086e-06,0,1
3838,normal,window_typing_10000.csv,0,8.565913049096707e-06,0,1
3839,normal,window_typing_10000.csv,0,7.524494321842212e-06,0,1
3840,normal,window_typing_10000.csv,0,7.887832907726988e-06,0,1
3841,normal,window_typing_10000.csv,0,1.060171598510351e-05,0,1
3842,normal,window_typing_10000.csv,0,8.63489094626857e-06,0,1
3843,normal,window_typing_10000.csv,0,1.4187992746883538e-05,0,1
3844,normal,window_typing_10000.csv,0,1.0894087608903646e-05,0,1
3845,normal,window_typing_10000.csv,0,8.437141332251485e-06,0,1
3846,normal,window_typing_10000.csv,0,8.369966963073239e-06,0,1
3847,normal,window_typing_10000.csv,0,8.360321771760937e-06,0,1
3848,normal,window_typing_10000.csv,0,7.647004167665727e-06,0,1
3849,normal,window_typing_10000.csv,0,8.288857316074427e-06,0,1
3850,normal,window_typing_10000.csv,0,8.780979442235548e-06,0,1
3851,normal,window_typing_10000.csv,0,9.333652087661903e-06,0,1
3852,normal,window_typing_10000.csv,0,1.051113213179633e-05,0,1
3853,normal,window_typing_10000.csv,0,1.3506642062566243e-05,0,1
3854,normal,window_typing_10000.csv,0,1.6657360902172513e-05,0,1
3855,normal,window_typing_10000.csv,0,1.5783238268340938e-05,0,1
3856,normal,window_typing_10000.csv,0,1.782544313755352e-05,0,1
3857,normal,window_typing_10000.csv,0,1.6727866750443354e-05,0,1
3858,normal,window_typing_10000.csv,0,1.406448609486688e-05,0,1
3859,normal,window_typing_10000.csv,0,1.4254367670218926e-05,0,1
3860,normal,window_typing_10000.csv,0,1.4103208741289563e-05,0,1
3861,normal,window_typing_10000.csv,0,1.7116057279054075e-05,0,1
3862,normal,window_typing_10000.csv,0,1.8472392184776254e-05,0,1
3863,normal,window_typing_10000.csv,0,1.681142566667404e-05,0,1
3864,normal,window_typing_10000.csv,0,1.540913035569247e-05,0,1
3865,normal,window_typing_10000.csv,0,1.45319845614722e-05,0,1
3866,normal,window_typing_10000.csv,0,1.2877224435214885e-05,0,1
3867,normal,window_typing_10000.csv,0,1.9702967620105483e-05,0,1
3868,normal,window_typing_10000.csv,0,1.3807843970425893e-05,0,1
3869,normal,window_typing_10000.csv,0,1.1883121260325424e-05,0,1
3870,normal,window_typing_10000.csv,0,1.1444381016190164e-05,0,1
3871,normal,window_typing_10000.csv,0,1.0556689630902838e-05,0,1
3872,normal,window_typing_10000.csv,0,9.08355741557898e-06,0,1
3873,normal,window_typing_10000.csv,0,1.0197122719546314e-05,0,1
3874,normal,window_typing_10000.csv,0,1.0806032150867395e-05,0,1
3875,normal,window_typing_10000.csv,0,1.0456851669005118e-05,0,1
3876,normal,window_typing_10000.csv,0,1.050401715474436e-05,0,1
3877,normal,window_typing_10000.csv,0,1.008483195619192e-05,0,1
3878,normal,window_typing_10000.csv,0,1.016380156215746e-05,0,1
3879,normal,window_typing_10000.csv,0,1.0633764759404585e-05,0,1
3880,normal,window_typing_10000.csv,0,1.0329971701139584e-05,0,1
3881,normal,window_typing_10000.csv,0,1.0733745511970483e-05,0,1
3882,normal,window_typing_10000.csv,0,1.1730318874469958e-05,0,1
3883,normal,window_typing_10000.csv,0,1.3150174709153362e-05,0,1
3884,normal,window_typing_10000.csv,0,1.295362653763732e-05,0,1
3885,normal,window_typing_10000.csv,0,1.4289320461102761e-05,0,1
3886,normal,window_typing_10000.csv,0,1.3460838090395555e-05,0,1
3887,normal,window_typing_10000.csv,0,1.6456424418720417e-05,0,1
3888,normal,window_typing_10000.csv,0,1.5635896488674916e-05,0,1
3889,normal,window_typing_10000.csv,0,1.4898601875756867e-05,0,1
3890,normal,window_typing_10000.csv,0,1.5504294424317777e-05,0,1
3891,normal,window_typing_10000.csv,0,1.3535408470488619e-05,0,1
3892,normal,window_typing_10000.csv,0,1.7550293705426157e-05,0,1
3893,normal,window_typing_10000.csv,0,1.615393193787895e-05,0,1
3894,normal,window_typing_10000.csv,0,1.4169308087730315e-05,0,1
3895,normal,window_typing_10000.csv,0,1.4461463251791429e-05,0,1
3896,normal,window_typing_10000.csv,0,1.3493367077899165e-05,0,1
3897,normal,window_typing_10000.csv,0,1.3328360182640608e-05,0,1
3898,normal,window_typing_10000.csv,0,1.1304074178042356e-05,0,1
3899,normal,window_typing_10000.csv,0,1.0918393854808528e-05,0,1
3900,normal,window_typing_10000.csv,0,1.4934350474504754e-05,0,1
3901,normal,window_typing_10000.csv,0,1.2378173778415658e-05,0,1
3902,normal,window_typing_10000.csv,0,8.922500455810223e-06,0,1
3903,normal,window_typing_10000.csv,0,8.882147994881961e-06,0,1
3904,normal,window_typing_10000.csv,0,9.423089068150148e-06,0,1
3905,normal,window_typing_10000.csv,0,8.366240763280075e-06,0,1
3906,normal,window_typing_10000.csv,0,8.532924766768701e-06,0,1
3907,normal,window_typing_10000.csv,0,8.508246537530795e-06,0,1
3908,normal,window_typing_10000.csv,0,8.572327715228312e-06,0,1
3909,normal,window_typing_10000.csv,0,7.701226422796026e-06,0,1
3910,normal,window_typing_10000.csv,0,9.592516107659321e-06,0,1
3911,normal,window_typing_10000.csv,0,8.214014997065533e-06,0,1
3912,normal,window_typing_10000.csv,0,8.910798896977212e-06,0,1
3913,normal,window_typing_10000.csv,0,7.675916094740387e-06,0,1
3914,normal,window_typing_10000.csv,0,8.304879884235561e-06,0,1
3915,normal,window_typing_10000.csv,0,7.802290383551735e-06,0,1
3916,normal,window_typing_10000.csv,0,7.969015314301942e-06,0,1
3917,normal,window_typing_10000.csv,0,8.140375939547084e-06,0,1
3918,normal,window_typing_10000.csv,0,8.517193236912135e-06,0,1
3919,normal,window_typing_10000.csv,0,8.196580893127248e-06,0,1
3920,normal,window_typing_10000.csv,0,8.279037501779385e-06,0,1
3921,normal,window_typing_10000.csv,0,7.077926511556143e-06,0,1
3922,normal,window_typing_10000.csv,0,7.327850198635133e-06,0,1
3923,normal,window_typing_10000.csv,0,8.125701242533978e-06,0,1
3924,normal,window_typing_10000.csv,0,9.042529200087301e-06,0,1
3925,normal,window_typing_10000.csv,0,9.91701290331548e-06,0,1
3926,normal,window_typing_10000.csv,0,8.689718924870249e-06,0,1
3927,normal,window_typing_10000.csv,0,9.732207217894029e-06,0,1
3928,normal,window_typing_10000.csv,0,8.49850766826421e-06,0,1
3929,normal,window_typing_10000.csv,0,1.5546536815236323e-05,0,1
3930,normal,window_typing_10000.csv,0,1.28994961414719e-05,0,1
3931,normal,window_typing_10000.csv,0,9.773139936442021e-06,0,1
3932,normal,window_typing_10000.csv,0,1.0127932910108939e-05,0,1
3933,normal,window_typing_10000.csv,0,1.1974343578913249e-05,0,1
3934,normal,window_typing_10000.csv,0,1.2978456652490422e-05,0,1
3935,normal,window_typing_10000.csv,0,1.5106973478395957e-05,0,1
3936,normal,window_typing_10000.csv,0,1.3276196114020422e-05,0,1
3937,normal,window_typing_10000.csv,0,1.3419718925433699e-05,0,1
3938,normal,window_typing_10000.csv,0,1.2071999663021415e-05,0,1
3939,normal,window_typing_10000.csv,0,1.3073760783299804e-05,0,1
3940,normal,window_typing_10000.csv,0,1.4213129361451138e-05,0,1
3941,normal,window_typing_10000.csv,0,1.299367613682989e-05,0,1
3942,normal,window_typing_10000.csv,0,1.4119842489890289e-05,0,1
3943,normal,window_typing_10000.csv,0,1.5519930457230657e-05,0,1
3944,normal,window_typing_10000.csv,0,1.3343265891307965e-05,0,1
3945,normal,window_typing_10000.csv,0,1.4234221453079954e-05,0,1
3946,normal,window_typing_10000.csv,0,1.3907462744100485e-05,0,1
3947,normal,window_typing_10000.csv,0,1.1779419764934573e-05,0,1
3948,normal,window_typing_10000.csv,0,1.3439788745017722e-05,0,1
3949,normal,window_typing_10000.csv,0,1.2714319382212125e-05,0,1
3950,normal,window_typing_10000.csv,0,1.098042048397474e-05,0,1
3951,normal,window_typing_10000.csv,0,1.0360337910242379e-05,0,1
3952,normal,window_typing_10000.csv,0,1.0752525668067392e-05,0,1
3953,normal,window_typing_10000.csv,0,9.446068361285143e-06,0,1
3954,normal,window_typing_10000.csv,0,8.722630809643306e-06,0,1
3955,normal,window_typing_10000.csv,0,1.0698232472350355e-05,0,1
3956,normal,window_typing_10000.csv,0,9.268996109312866e-06,0,1
3957,normal,window_typing_10000.csv,0,9.13459462026367e-06,0,1
3958,normal,window_typing_10000.csv,0,1.0939187632175162e-05,0,1
3959,normal,window_typing_10000.csv,0,8.920721484173555e-06,0,1
3960,normal,window_typing_10000.csv,0,9.149955985776614e-06,0,1
3961,normal,window_typing_10000.csv,0,8.21836329123471e-06,0,1
3962,normal,window_typing_10000.csv,0,8.863456059771124e-06,0,1
3963,normal,window_typing_10000.csv,0,8.329326192324515e-06,0,1
3964,normal,window_typing_10000.csv,0,8.790597348706797e-06,0,1
3965,normal,window_typing_10000.csv,0,7.926177204353735e-06,0,1
3966,normal,window_typing_10000.csv,0,8.558318768336903e-06,0,1
3967,normal,window_typing_10000.csv,0,8.180313670891337e-06,0,1
3968,normal,window_typing_10000.csv,0,7.832438313926104e-06,0,1
3969,normal,window_typing_10000.csv,0,7.999762601684779e-06,0,1
3970,normal,window_typing_10000.csv,0,9.529218914394733e-06,0,1
3971,normal,window_typing_10000.csv,0,9.733534170663916e-06,0,1
3972,normal,window_typing_10000.csv,0,9.391034836880863e-06,0,1
3973,normal,window_typing_10000.csv,0,8.811043699097354e-06,0,1
3974,normal,window_typing_10000.csv,0,1.0476495845068712e-05,0,1
3975,normal,window_typing_10000.csv,0,9.640414646128193e-06,0,1
3976,normal,window_typing_10000.csv,0,8.74325996846892e-06,0,1
3977,normal,window_typing_10000.csv,0,8.201459422707558e-06,0,1
3978,normal,window_typing_10000.csv,0,9.188527656078804e-06,0,1
3979,normal,window_typing_10000.csv,0,9.108314770855941e-06,0,1
3980,normal,window_typing_10000.csv,0,1.0874697181861848e-05,0,1
3981,normal,window_typing_10000.csv,0,1.0987574569298886e-05,0,1
3982,normal,window_typing_10000.csv,0,1.1706571058311965e-05,0,1
3983,normal,window_typing_10000.csv,0,1.1072229426645208e-05,0,1
3984,normal,window_typing_10000.csv,0,1.0314664905308746e-05,0,1
3985,normal,window_typing_10000.csv,0,1.0656881386239547e-05,0,1
3986,normal,window_typing_10000.csv,0,1.0173110240430105e-05,0,1
3987,normal,window_typing_10000.csv,0,9.858380508376285e-06,0,1
3988,normal,window_typing_10000.csv,0,9.253292773792055e-06,0,1
3989,normal,window_typing_10000.csv,0,9.090698767977301e-06,0,1
3990,normal,window_typing_10000.csv,0,8.562891707697418e-06,0,1
3991,normal,window_typing_10000.csv,0,1.4952820492908359e-05,0,1
3992,normal,window_typing_10000.csv,0,1.2024259376630653e-05,0,1
3993,normal,window_typing_10000.csv,0,8.988638001028448e-06,0,1
3994,normal,window_typing_10000.csv,0,1.0497077710169833e-05,0,1
3995,normal,window_typing_10000.csv,0,1.0519655006646644e-05,0,1
3996,normal,window_typing_10000.csv,0,9.667952326708473e-06,0,1
3997,normal,window_typing_10000.csv,0,9.41284088185057e-06,0,1
3998,normal,window_typing_10000.csv,0,8.621873348602094e-06,0,1
3999,normal,window_typing_10000.csv,0,1.408764273946872e-05,0,1
4000,normal,window_typing_10000.csv,0,1.224922471010359e-05,0,1
4001,normal,window_typing_10000.csv,0,8.963889740698505e-06,0,1
4002,normal,window_typing_10000.csv,0,9.546201908960938e-06,0,1
4003,normal,window_typing_10000.csv,0,9.540485734760296e-06,0,1
4004,normal,window_typing_10000.csv,0,9.270658665627707e-06,0,1
4005,normal,window_typing_10000.csv,0,8.743567377678119e-06,0,1
4006,normal,window_typing_10000.csv,0,8.854973202687688e-06,0,1
4007,normal,window_typing_10000.csv,0,1.0323058631911408e-05,0,1
4008,normal,window_typing_10000.csv,0,9.873877388599794e-06,0,1
4009,normal,window_typing_10000.csv,0,1.0098343409481458e-05,0,1
4010,normal,window_typing_10000.csv,0,9.234427125193179e-06,0,1
4011,normal,window_typing_10000.csv,0,1.009418429021025e-05,0,1
4012,normal,window_typing_10000.csv,0,9.410607162863016e-06,0,1
4013,normal,window_typing_10000.csv,0,8.044019523367751e-06,0,1
4014,normal,window_typing_10000.csv,0,9.376833077112678e-06,0,1
4015,normal,window_typing_10000.csv,0,1.0215868314844556e-05,0,1
4016,normal,window_typing_10000.csv,0,8.928517672757152e-06,0,1
4017,normal,window_typing_10000.csv,0,9.14054544409737e-06,0,1
4018,normal,window_typing_10000.csv,0,1.0969157301587984e-05,0,1
4019,normal,window_typing_10000.csv,0,9.726919415697921e-06,0,1
4020,normal,window_typing_10000.csv,0,9.206131835526321e-06,0,1
4021,normal,window_typing_10000.csv,0,8.572515980631579e-06,0,1
4022,normal,window_typing_10000.csv,0,8.429807166976389e-06,0,1
4023,normal,window_typing_10000.csv,0,8.060553227551281e-06,0,1
4024,normal,window_typing_10000.csv,0,9.28233566810377e-06,0,1
4025,normal,window_typing_10000.csv,0,8.50761352921836e-06,0,1
4026,normal,window_typing_10000.csv,0,8.11585778137669e-06,0,1
4027,normal,window_typing_10000.csv,0,7.901723620307166e-06,0,1
4028,normal,window_typing_10000.csv,0,8.325982889800798e-06,0,1
4029,normal,window_typing_10000.csv,0,8.278421773866285e-06,0,1
4030,normal,window_typing_10000.csv,0,9.527284419164062e-06,0,1
4031,normal,window_typing_10000.csv,0,9.289597983297426e-06,0,1
4032,normal,window_typing_10000.csv,0,9.359072464576457e-06,0,1
4033,normal,window_typing_10000.csv,0,9.934534318745136e-06,0,1
4034,normal,window_typing_10000.csv,0,8.762634024606086e-06,0,1
4035,normal,window_typing_10000.csv,0,8.863185030349996e-06,0,1
4036,normal,window_typing_10000.csv,0,7.880306839069817e-06,0,1
4037,normal,window_typing_10000.csv,0,8.776474714977667e-06,0,1
4038,normal,window_typing_10000.csv,0,8.00222005636897e-06,0,1
4039,normal,window_typing_10000.csv,0,1.3527033843274694e-05,0,1
4040,normal,window_typing_10000.csv,0,9.673514796304516e-06,0,1
4041,normal,window_typing_10000.csv,0,9.16623594093835e-06,0,1
4042,normal,window_typing_10000.csv,0,8.273488674603868e-06,0,1
4043,normal,window_typing_10000.csv,0,8.512312888342422e-06,0,1
4044,normal,window_typing_10000.csv,0,1.4354769518831745e-05,0,1
4045,normal,window_typing_10000.csv,0,9.923313882609364e-06,0,1
4046,normal,window_typing_10000.csv,0,8.236213034251705e-06,0,1
4047,normal,window_typing_10000.csv,0,9.11487586563453e-06,0,1
4048,normal,window_typing_10000.csv,0,1.0745924555521924e-05,0,1
4049,normal,window_typing_10000.csv,0,8.628231626062188e-06,0,1
4050,normal,window_typing_10000.csv,0,8.824295946396887e-06,0,1
4051,normal,window_typing_10000.csv,0,8.250340215454344e-06,0,1
4052,normal,window_typing_10000.csv,0,8.27932217362104e-06,0,1
4053,normal,window_typing_10000.csv,0,9.01885414350545e-06,0,1
4054,normal,window_typing_10000.csv,0,9.329416570835747e-06,0,1
4055,normal,window_typing_10000.csv,0,8.98944381333422e-06,0,1
4056,normal,window_typing_10000.csv,0,8.267888915725052e-06,0,1
4057,normal,window_typing_10000.csv,0,9.646678336139303e-06,0,1
4058,normal,window_typing_10000.csv,0,1.2227013939991593e-05,0,1
4059,normal,window_typing_10000.csv,0,9.775480066309683e-06,0,1
4060,normal,window_typing_10000.csv,0,1.0282235052727628e-05,0,1
4061,normal,window_typing_10000.csv,0,1.1605028703343123e-05,0,1
4062,normal,window_typing_10000.csv,0,9.963472621166147e-06,0,1
4063,normal,window_typing_10000.csv,0,1.0596218089631293e-05,0,1
4064,normal,window_typing_10000.csv,0,1.2815626178053208e-05,0,1
4065,normal,window_typing_10000.csv,0,1.043122392729856e-05,0,1
4066,normal,window_typing_10000.csv,0,1.054162930813618e-05,0,1
4067,normal,window_typing_10000.csv,0,9.349009815196041e-06,0,1
4068,normal,window_typing_10000.csv,0,1.074331157724373e-05,0,1
4069,normal,window_typing_10000.csv,0,1.057403005688684e-05,0,1
4070,normal,window_typing_10000.csv,0,9.747004696691874e-06,0,1
4071,normal,window_typing_10000.csv,0,1.0563800060481299e-05,0,1
4072,normal,window_typing_10000.csv,0,9.040123586601112e-06,0,1
4073,normal,window_typing_10000.csv,0,9.597274583938997e-06,0,1
4074,normal,window_typing_10000.csv,0,1.0722777915361803e-05,0,1
4075,normal,window_typing_10000.csv,0,9.544591193844099e-06,0,1
4076,normal,window_typing_10000.csv,0,8.703710591362324e-06,0,1
4077,normal,window_typing_10000.csv,0,1.4357246982399374e-05,0,1
4078,normal,window_typing_10000.csv,0,1.0854545507754665e-05,0,1
4079,normal,window_typing_10000.csv,0,9.638714800530579e-06,0,1
4080,normal,window_typing_10000.csv,0,9.258897989639081e-06,0,1
4081,normal,window_typing_10000.csv,0,8.98273447091924e-06,0,1
4082,normal,window_typing_10000.csv,0,8.318156687892042e-06,0,1
4083,normal,window_typing_10000.csv,0,8.403047104366124e-06,0,1
4084,normal,window_typing_10000.csv,0,9.30112128116889e-06,0,1
4085,normal,window_typing_10000.csv,0,1.0633804777171463e-05,0,1
4086,normal,window_typing_10000.csv,0,1.0497427865630016e-05,0,1
4087,normal,window_typing_10000.csv,0,1.0331962585041765e-05,0,1
4088,normal,window_typing_10000.csv,0,1.0537125490373e-05,0,1
4089,normal,window_typing_10000.csv,0,1.1020821148122195e-05,0,1
4090,normal,window_typing_10000.csv,0,1.1737133718270343e-05,0,1
4091,normal,window_typing_10000.csv,0,1.0957845915982034e-05,0,1
4092,normal,window_typing_10000.csv,0,1.0654249308572616e-05,0,1
4093,normal,window_typing_10000.csv,0,1.23681920740637e-05,0,1
4094,normal,window_typing_10000.csv,0,1.0275254680891521e-05,0,1
4095,normal,window_typing_10000.csv,0,1.0071722499560565e-05,0,1
4096,normal,window_typing_10000.csv,0,9.975814464269206e-06,0,1
4097,normal,window_typing_10000.csv,0,1.0649088835634757e-05,0,1
4098,normal,window_typing_10000.csv,0,9.265204425901175e-06,0,1
4099,normal,window_typing_10000.csv,0,9.352122106065508e-06,0,1
4100,normal,window_typing_10000.csv,0,1.013314067677129e-05,0,1
4101,normal,window_typing_10000.csv,0,9.22788694879273e-06,0,1
4102,normal,window_typing_10000.csv,0,9.31859449337935e-06,0,1
4103,normal,window_typing_10000.csv,0,9.663722266850527e-06,0,1
4104,normal,window_typing_10000.csv,0,8.749148037168197e-06,0,1
4105,normal,window_typing_10000.csv,0,8.34780621516984e-06,0,1
4106,normal,window_typing_10000.csv,0,9.672240594227333e-06,0,1
4107,normal,window_typing_10000.csv,0,9.860194950306322e-06,0,1
4108,normal,window_typing_10000.csv,0,8.650279596622568e-06,0,1
4109,normal,window_typing_10000.csv,0,9.026633051689714e-06,0,1
4110,normal,window_typing_10000.csv,0,9.32800230657449e-06,0,1
4111,normal,window_typing_10000.csv,0,8.852212886267807e-06,0,1
4112,normal,window_typing_10000.csv,0,7.820660357538145e-06,0,1
4113,normal,window_typing_10000.csv,0,8.67375547386473e-06,0,1
4114,normal,window_typing_10000.csv,0,8.636002348794136e-06,0,1
4115,normal,window_typing_10000.csv,0,9.577816854289267e-06,0,1
4116,normal,window_typing_10000.csv,0,9.140275324170943e-06,0,1
4117,normal,window_typing_10000.csv,0,9.864645107882097e-06,0,1
4118,normal,window_typing_10000.csv,0,8.623460416856688e-06,0,1
4119,normal,window_typing_10000.csv,0,9.195786333293654e-06,0,1
4120,normal,window_typing_10000.csv,0,9.382020834891591e-06,0,1
4121,normal,window_typing_10000.csv,0,8.665446330269333e-06,0,1
4122,normal,window_typing_10000.csv,0,8.145290848915465e-06,0,1
4123,normal,window_typing_10000.csv,0,9.211093129124492e-06,0,1
4124,normal,window_typing_10000.csv,0,8.015562343643978e-06,0,1
4125,normal,window_typing_10000.csv,0,8.195510417863261e-06,0,1
4126,normal,window_typing_10000.csv,0,8.955029443313833e-06,0,1
4127,normal,window_typing_10000.csv,0,8.257133231381886e-06,0,1
4128,normal,window_typing_10000.csv,0,1.0081765140057541e-05,0,1
4129,normal,window_typing_10000.csv,0,8.582135706092231e-06,0,1
4130,normal,window_typing_10000.csv,0,8.531086677976418e-06,0,1
4131,normal,window_typing_10000.csv,0,8.423829058301635e-06,0,1
4132,normal,window_typing_10000.csv,0,8.523969881935045e-06,0,1
4133,normal,window_typing_10000.csv,0,8.023211194085889e-06,0,1
4134,normal,window_typing_10000.csv,0,7.376362646027701e-06,0,1
4135,normal,window_typing_10000.csv,0,8.266139047918841e-06,0,1
4136,normal,window_typing_10000.csv,0,8.54285008244915e-06,0,1
4137,normal,window_typing_10000.csv,0,8.157192496582866e-06,0,1
4138,normal,window_typing_10000.csv,0,8.44356600282481e-06,0,1
4139,normal,window_typing_10000.csv,0,8.532028914487455e-06,0,1
4140,normal,window_typing_10000.csv,0,7.875363735365681e-06,0,1
4141,normal,window_typing_10000.csv,0,7.681965144001879e-06,0,1
4142,normal,window_typing_10000.csv,0,7.909979103715159e-06,0,1
4143,normal,window_typing_10000.csv,0,9.934107765730005e-06,0,1
4144,normal,window_typing_10000.csv,0,9.316266186942812e-06,0,1
4145,normal,window_typing_10000.csv,0,8.45322574605234e-06,0,1
4146,normal,window_typing_10000.csv,0,8.686685760039836e-06,0,1
4147,normal,window_typing_10000.csv,0,8.055196303757839e-06,0,1
4148,normal,window_typing_10000.csv,0,7.966037628648337e-06,0,1
4149,normal,window_typing_10000.csv,0,8.228966180467978e-06,0,1
4150,normal,window_typing_10000.csv,0,9.189518095809035e-06,0,1
4151,normal,window_typing_10000.csv,0,8.601989975431934e-06,0,1
4152,normal,window_typing_10000.csv,0,9.69724260357907e-06,0,1
4153,normal,window_typing_10000.csv,0,8.753079782763962e-06,0,1
4154,normal,window_typing_10000.csv,0,9.963378033717163e-06,0,1
4155,normal,window_typing_10000.csv,0,8.104766493488569e-06,0,1
4156,normal,window_typing_10000.csv,0,8.17337422631681e-06,0,1
4157,normal,window_typing_10000.csv,0,9.431495527678635e-06,0,1
4158,normal,window_typing_10000.csv,0,9.08442416402977e-06,0,1
4159,normal,window_typing_10000.csv,0,8.730311492399778e-06,0,1
4160,normal,window_typing_10000.csv,0,8.53619712870568e-06,0,1
4161,normal,window_typing_10000.csv,0,8.866355528880376e-06,0,1
4162,normal,window_typing_10000.csv,0,9.415193744644057e-06,0,1
4163,normal,window_typing_10000.csv,0,8.090865776466671e-06,0,1
4164,normal,window_typing_10000.csv,0,8.280671863758471e-06,0,1
4165,normal,window_typing_10000.csv,0,8.514805813319981e-06,0,1
4166,normal,window_typing_10000.csv,0,8.86848647496663e-06,0,1
4167,normal,window_typing_10000.csv,0,8.112669092952274e-06,0,1
4168,normal,window_typing_10000.csv,0,8.781263204582501e-06,0,1
4169,normal,window_typing_10000.csv,0,8.996818905870896e-06,0,1
4170,normal,window_typing_10000.csv,0,7.935351277410518e-06,0,1
4171,normal,window_typing_10000.csv,0,7.772983735776506e-06,0,1
4172,normal,window_typing_10000.csv,0,7.796257705194876e-06,0,1
4173,normal,window_typing_10000.csv,0,7.60140073907678e-06,0,1
4174,normal,window_typing_10000.csv,0,7.760917469568085e-06,0,1
4175,normal,window_typing_10000.csv,0,7.87422959547257e-06,0,1
4176,normal,window_typing_10000.csv,0,8.608382813690696e-06,0,1
4177,normal,window_typing_10000.csv,0,8.17967429611599e-06,0,1
4178,normal,window_typing_10000.csv,0,8.511906344210729e-06,0,1
4179,normal,window_typing_10000.csv,0,9.554936696076766e-06,0,1
4180,normal,window_typing_10000.csv,0,1.0900416782533284e-05,0,1
4181,normal,window_typing_10000.csv,0,9.792498531169258e-06,0,1
4182,normal,window_typing_10000.csv,0,1.0222418495686725e-05,0,1
4183,normal,window_typing_10000.csv,0,1.0589368685032241e-05,0,1
4184,normal,window_typing_10000.csv,0,1.0732691407611128e-05,0,1
4185,normal,window_typing_10000.csv,0,1.052808602253208e-05,0,1
4186,normal,window_typing_10000.csv,0,9.412958206667099e-06,0,1
4187,normal,window_typing_10000.csv,0,9.626662176742684e-06,0,1
4188,normal,window_typing_10000.csv,0,9.253187272406649e-06,0,1
4189,normal,window_typing_10000.csv,0,1.1257974620093592e-05,0,1
4190,normal,window_typing_10000.csv,0,1.1085458027082495e-05,0,1
4191,normal,window_typing_10000.csv,0,1.095256993721705e-05,0,1
4192,normal,window_typing_10000.csv,0,1.0259705959470011e-05,0,1
4193,normal,window_typing_10000.csv,0,1.1363683370291255e-05,0,1
4194,normal,window_typing_10000.csv,0,1.165921912615886e-05,0,1
4195,normal,window_typing_10000.csv,0,1.2657483239308931e-05,0,1
4196,normal,window_typing_10000.csv,0,1.3303089872351848e-05,0,1
4197,normal,window_typing_10000.csv,0,1.7240416127606295e-05,0,1
4198,normal,window_typing_10000.csv,0,2.0749026589328423e-05,0,1
4199,normal,window_typing_10000.csv,0,2.3300395696423948e-05,0,1
4200,normal,window_typing_10000.csv,0,2.9138185709598474e-05,0,1
4201,normal,window_typing_10000.csv,0,3.062020550714806e-05,0,1
4202,normal,window_typing_10000.csv,0,3.107920565526001e-05,0,1
4203,normal,window_typing_10000.csv,0,2.8728229153784923e-05,0,1
4204,normal,window_typing_10000.csv,0,2.6524465283728205e-05,0,1
4205,normal,window_typing_10000.csv,0,2.2063257347326726e-05,0,1
4206,normal,window_typing_10000.csv,0,2.0562856661854312e-05,0,1
4207,normal,window_typing_10000.csv,0,1.779261219780892e-05,0,1
4208,normal,window_typing_10000.csv,0,1.5293579053832218e-05,0,1
4209,normal,window_typing_10000.csv,0,1.4651282072009053e-05,0,1
4210,normal,window_typing_10000.csv,0,1.3829760064254515e-05,0,1
4211,normal,window_typing_10000.csv,0,1.2661177606787533e-05,0,1
4212,normal,window_typing_10000.csv,0,1.2158538993389811e-05,0,1
4213,normal,window_typing_10000.csv,0,1.3999865586811211e-05,0,1
4214,normal,window_typing_10000.csv,0,1.2380145562929101e-05,0,1
4215,normal,window_typing_10000.csv,0,1.094674280466279e-05,0,1
4216,normal,window_typing_10000.csv,0,9.488520845479798e-06,0,1
4217,normal,window_typing_10000.csv,0,8.680020073370542e-06,0,1
4218,normal,window_typing_10000.csv,0,8.851849088387098e-06,0,1
4219,normal,window_typing_10000.csv,0,8.616152626927942e-06,0,1
4220,normal,window_typing_10000.csv,0,8.501052434439771e-06,0,1
4221,normal,window_typing_10000.csv,0,8.55998405313585e-06,0,1
4222,normal,window_typing_10000.csv,0,9.60551460593706e-06,0,1
4223,normal,window_typing_10000.csv,0,8.518728463968728e-06,0,1
4224,normal,window_typing_10000.csv,0,8.065197107498534e-06,0,1
4225,normal,window_typing_10000.csv,0,9.048481842910405e-06,0,1
4226,normal,window_typing_10000.csv,0,8.316118510265369e-06,0,1
4227,normal,window_typing_10000.csv,0,9.58545660978416e-06,0,1
4228,normal,window_typing_10000.csv,0,9.159638466371689e-06,0,1
4229,normal,window_typing_10000.csv,0,8.783785233390518e-06,0,1
4230,normal,window_typing_10000.csv,0,8.607602467236575e-06,0,1
4231,normal,window_typing_10000.csv,0,8.821964911476243e-06,0,1
4232,normal,window_typing_10000.csv,0,8.142176739056595e-06,0,1
4233,normal,window_typing_10000.csv,0,9.186039278574754e-06,0,1
4234,normal,window_typing_10000.csv,0,1.0513387678656727e-05,0,1
4235,normal,window_typing_10000.csv,0,1.0581778042251244e-05,0,1
4236,normal,window_typing_10000.csv,0,1.0052664038084913e-05,0,1
4237,normal,window_typing_10000.csv,0,1.0408686648588628e-05,0,1
4238,normal,window_typing_10000.csv,0,1.0644600479281507e-05,0,1
4239,normal,window_typing_10000.csv,0,1.3283122825669125e-05,0,1
4240,normal,window_typing_10000.csv,0,1.18850584840402e-05,0,1
4241,normal,window_typing_10000.csv,0,8.983367479231674e-06,0,1
4242,normal,window_typing_10000.csv,0,9.156416126643308e-06,0,1
4243,normal,window_typing_10000.csv,0,9.950378625944722e-06,0,1
4244,normal,window_typing_10000.csv,0,9.881488949758932e-06,0,1
4245,normal,window_typing_10000.csv,0,8.732160495128483e-06,0,1
4246,normal,window_typing_10000.csv,0,8.573815648560412e-06,0,1
4247,normal,window_typing_10000.csv,0,9.320949175162241e-06,0,1
4248,normal,window_typing_10000.csv,0,1.0152893082704395e-05,0,1
4249,normal,window_typing_10000.csv,0,9.790051990421489e-06,0,1
4250,normal,window_typing_10000.csv,0,9.928501640388276e-06,0,1
4251,normal,window_typing_10000.csv,0,1.025729943648912e-05,0,1
4252,normal,window_typing_10000.csv,0,9.401053830515593e-06,0,1
4253,normal,window_typing_10000.csv,0,1.0498488336452283e-05,0,1
4254,normal,window_typing_10000.csv,0,9.136275366472546e-06,0,1
4255,normal,window_typing_10000.csv,0,8.728371540200897e-06,0,1
4256,normal,window_typing_10000.csv,0,8.38609048514627e-06,0,1
4257,normal,window_typing_10000.csv,0,8.276913831650745e-06,0,1
4258,normal,window_typing_10000.csv,0,7.65800905355718e-06,0,1
4259,normal,window_typing_10000.csv,0,7.905960046628024e-06,0,1
4260,normal,window_typing_10000.csv,0,8.41259679873474e-06,0,1
4261,normal,window_typing_10000.csv,0,1.1731402992154472e-05,0,1
4262,normal,window_typing_10000.csv,0,1.0802673386933748e-05,0,1
4263,normal,window_typing_10000.csv,0,8.150404937623534e-06,0,1
4264,normal,window_typing_10000.csv,0,1.6757898265495896e-05,0,1
4265,normal,window_typing_10000.csv,0,1.1369829735485837e-05,0,1
4266,normal,window_typing_10000.csv,0,9.540040082356427e-06,0,1
4267,normal,window_typing_10000.csv,0,1.1397241905797273e-05,0,1
4268,normal,window_typing_10000.csv,0,1.565756247146055e-05,0,1
4269,normal,window_typing_10000.csv,0,2.0489958842517808e-05,0,1
4270,normal,window_typing_10000.csv,0,1.4034741070645396e-05,0,1
4271,normal,window_typing_10000.csv,0,1.0175138413615059e-05,0,1
4272,normal,window_typing_10000.csv,0,9.778641469893046e-06,0,1
4273,normal,window_typing_10000.csv,0,9.376689376949798e-06,0,1
4274,normal,window_typing_10000.csv,0,8.982708095572889e-06,0,1
4275,normal,window_typing_10000.csv,0,9.83235349849565e-06,0,1
4276,normal,window_typing_10000.csv,0,9.194129233947024e-06,0,1
4277,normal,window_typing_10000.csv,0,9.645960744819604e-06,0,1
4278,normal,window_typing_10000.csv,0,9.485825103183743e-06,0,1
4279,normal,window_typing_10000.csv,0,8.590815923525952e-06,0,1
4280,normal,window_typing_10000.csv,0,1.0948370800178964e-05,0,1
4281,normal,window_typing_10000.csv,0,1.1180490218976047e-05,0,1
4282,normal,window_typing_10000.csv,0,1.0641281733114738e-05,0,1
4283,normal,window_typing_10000.csv,0,1.0548738828219939e-05,0,1
4284,normal,window_typing_10000.csv,0,1.1465594980109017e-05,0,1
4285,normal,window_typing_10000.csv,0,1.0803888471855316e-05,0,1
4286,normal,window_typing_10000.csv,0,1.0948590897896793e-05,0,1
4287,normal,window_typing_10000.csv,0,1.1397904927434865e-05,0,1
4288,normal,window_typing_10000.csv,0,1.0885364645218942e-05,0,1
4289,normal,window_typing_10000.csv,0,1.3109168321534526e-05,0,1
4290,normal,window_typing_10000.csv,0,1.1960672054556198e-05,0,1
4291,normal,window_typing_10000.csv,0,1.0042880603577942e-05,0,1
4292,normal,window_typing_10000.csv,0,1.1427127901697531e-05,0,1
4293,normal,window_typing_10000.csv,0,1.0416184522910044e-05,0,1
4294,normal,window_typing_10000.csv,0,1.0201283657806925e-05,0,1
4295,normal,window_typing_10000.csv,0,9.785077963897493e-06,0,1
4296,normal,window_typing_10000.csv,0,1.0533599379414227e-05,0,1
4297,normal,window_typing_10000.csv,0,1.0865316653507762e-05,0,1
4298,normal,window_typing_10000.csv,0,9.088349543162622e-06,0,1
4299,normal,window_typing_10000.csv,0,9.583463906892575e-06,0,1
4300,normal,window_typing_10000.csv,0,9.236849109584e-06,0,1
4301,normal,window_typing_10000.csv,0,8.5470310295932e-06,0,1
4302,normal,window_typing_10000.csv,0,8.098276339296717e-06,0,1
4303,normal,window_typing_10000.csv,0,8.76447211339837e-06,0,1
4304,normal,window_typing_10000.csv,0,9.35690422920743e-06,0,1
4305,normal,window_typing_10000.csv,0,1.0545308214204852e-05,0,1
4306,normal,window_typing_10000.csv,0,1.2900899491796736e-05,0,1
4307,normal,window_typing_10000.csv,0,1.4276283764047548e-05,0,1
4308,normal,window_typing_10000.csv,0,1.4514298527501523e-05,0,1
4309,normal,window_typing_10000.csv,0,1.5241540495480876e-05,0,1
4310,normal,window_typing_10000.csv,0,1.5312009054468945e-05,0,1
4311,normal,window_typing_10000.csv,0,1.3693154869542923e-05,0,1
4312,normal,window_typing_10000.csv,0,1.4023865333001595e-05,0,1
4313,normal,window_typing_10000.csv,0,1.7410729924449697e-05,0,1
4314,normal,window_typing_10000.csv,0,1.8081247617374174e-05,0,1
4315,normal,window_typing_10000.csv,0,1.4313963220047299e-05,0,1
4316,normal,window_typing_10000.csv,0,1.387835345667554e-05,0,1
4317,normal,window_typing_10000.csv,0,1.812387017707806e-05,0,1
4318,normal,window_typing_10000.csv,0,1.631533268664498e-05,0,1
4319,normal,window_typing_10000.csv,0,1.2367165254545398e-05,0,1
4320,normal,window_typing_10000.csv,0,1.3881437553209253e-05,0,1
4321,normal,window_typing_10000.csv,0,1.3817986655340064e-05,0,1
4322,normal,window_typing_10000.csv,0,1.2500026969064493e-05,0,1
4323,normal,window_typing_10000.csv,0,1.3426568330032751e-05,0,1
4324,normal,window_typing_10000.csv,0,1.3512966688722372e-05,0,1
4325,normal,window_typing_10000.csv,0,1.2732774848700501e-05,0,1
4326,normal,window_typing_10000.csv,0,1.1962108146690298e-05,0,1
4327,normal,window_typing_10000.csv,0,1.1281307706667576e-05,0,1
4328,normal,window_typing_10000.csv,0,1.0023018148785923e-05,0,1
4329,normal,window_typing_10000.csv,0,1.0780340744531713e-05,0,1
4330,normal,window_typing_10000.csv,0,1.004017121886136e-05,0,1
4331,normal,window_typing_10000.csv,0,8.949455150286667e-06,0,1
4332,normal,window_typing_10000.csv,0,9.265240805689245e-06,0,1
4333,normal,window_typing_10000.csv,0,8.87087207956938e-06,0,1
4334,normal,window_typing_10000.csv,0,8.935519872466102e-06,0,1
4335,normal,window_typing_10000.csv,0,8.261307812063023e-06,0,1
4336,normal,window_typing_10000.csv,0,1.4075810213398654e-05,0,1
4337,normal,window_typing_10000.csv,0,9.67065443546744e-06,0,1
4338,normal,window_typing_10000.csv,0,9.052882887772284e-06,0,1
4339,normal,window_typing_10000.csv,0,9.076933565665968e-06,0,1
4340,normal,window_typing_10000.csv,0,7.917194125184324e-06,0,1
4341,normal,window_typing_10000.csv,0,7.750836630293634e-06,0,1
4342,normal,window_typing_10000.csv,0,8.53363235364668e-06,0,1
4343,normal,window_typing_10000.csv,0,9.711995517136529e-06,0,1
4344,normal,window_typing_10000.csv,0,8.072884156717919e-06,0,1
4345,normal,window_typing_10000.csv,0,9.27766268432606e-06,0,1
4346,normal,window_typing_10000.csv,0,9.380187293572817e-06,0,1
4347,normal,window_typing_10000.csv,0,8.982228791865055e-06,0,1
4348,normal,window_typing_10000.csv,0,9.246571607945953e-06,0,1
4349,normal,window_typing_10000.csv,0,9.908495485433377e-06,0,1
4350,normal,window_typing_10000.csv,0,9.166760719381273e-06,0,1
4351,normal,window_typing_10000.csv,0,8.039187378017232e-06,0,1
4352,normal,window_typing_10000.csv,0,8.751451787247788e-06,0,1
4353,normal,window_typing_10000.csv,0,8.696350050740875e-06,0,1
4354,normal,window_typing_10000.csv,0,8.277655979327392e-06,0,1
4355,normal,window_typing_10000.csv,0,8.111594070214778e-06,0,1
4356,normal,window_typing_10000.csv,0,8.570537829655223e-06,0,1
4357,normal,window_typing_10000.csv,0,8.636521670268849e-06,0,1
4358,normal,window_typing_10000.csv,0,9.074250556295738e-06,0,1
4359,normal,window_typing_10000.csv,0,9.828013389778789e-06,0,1
4360,normal,window_typing_10000.csv,0,1.3019352991250344e-05,0,1
4361,normal,window_typing_10000.csv,0,1.2616652384167537e-05,0,1
4362,normal,window_typing_10000.csv,0,1.1387202903279103e-05,0,1
4363,normal,window_typing_10000.csv,0,1.1737782187992707e-05,0,1
4364,normal,window_typing_10000.csv,0,1.2507193787314463e-05,0,1
4365,normal,window_typing_10000.csv,0,1.1853557225549594e-05,0,1
4366,normal,window_typing_10000.csv,0,1.1735140105884057e-05,0,1
4367,normal,window_typing_10000.csv,0,1.3729035345022567e-05,0,1
4368,normal,window_typing_10000.csv,0,1.5012401490821503e-05,0,1
4369,normal,window_typing_10000.csv,0,1.528898428659886e-05,0,1
4370,normal,window_typing_10000.csv,0,1.3312621376826428e-05,0,1
4371,normal,window_typing_10000.csv,0,1.3547185517381877e-05,0,1
4372,normal,window_typing_10000.csv,0,1.4020668459124863e-05,0,1
4373,normal,window_typing_10000.csv,0,1.246810734301107e-05,0,1
4374,normal,window_typing_10000.csv,0,1.1234807971050031e-05,0,1
4375,normal,window_typing_10000.csv,0,1.1696515684889164e-05,0,1
4376,normal,window_typing_10000.csv,0,1.039901326294057e-05,0,1
4377,normal,window_typing_10000.csv,0,1.0169298548134975e-05,0,1
4378,normal,window_typing_10000.csv,0,9.561006663716398e-06,0,1
4379,normal,window_typing_10000.csv,0,8.827342753647827e-06,0,1
4380,normal,window_typing_10000.csv,0,7.950569852255285e-06,0,1
4381,normal,window_typing_10000.csv,0,8.66787650011247e-06,0,1
4382,normal,window_typing_10000.csv,0,9.000706995720975e-06,0,1
4383,normal,window_typing_10000.csv,0,8.780099960858934e-06,0,1
4384,normal,window_typing_10000.csv,0,9.71432018559426e-06,0,1
4385,normal,window_typing_10000.csv,0,8.561371942050755e-06,0,1
4386,normal,window_typing_10000.csv,0,9.2073523774161e-06,0,1
4387,normal,window_typing_10000.csv,0,8.682444786245469e-06,0,1
4388,normal,window_typing_10000.csv,0,1.1074827853008173e-05,0,1
4389,normal,window_typing_10000.csv,0,1.1365038517396897e-05,0,1
4390,normal,window_typing_10000.csv,0,1.0799140909512062e-05,0,1
4391,normal,window_typing_10000.csv,0,1.1598623132158536e-05,0,1
4392,normal,window_typing_10000.csv,0,1.1049286513298284e-05,0,1
4393,normal,window_typing_10000.csv,0,1.0683449545467738e-05,0,1
4394,normal,window_typing_10000.csv,0,1.569543019286357e-05,0,1
4395,normal,window_typing_10000.csv,0,1.3706860954698641e-05,0,1
4396,normal,window_typing_10000.csv,0,9.977659829019103e-06,0,1
4397,normal,window_typing_10000.csv,0,1.009810330288019e-05,0,1
4398,normal,window_typing_10000.csv,0,1.2036442967655603e-05,0,1
4399,normal,window_typing_10000.csv,0,1.0098439815919846e-05,0,1
4400,normal,window_typing_10000.csv,0,1.1193250429641921e-05,0,1
4401,normal,window_typing_10000.csv,0,1.0567507160885725e-05,0,1
4402,normal,window_typing_10000.csv,0,1.1047294719901402e-05,0,1
4403,normal,window_typing_10000.csv,0,9.124267307925038e-06,0,1
4404,normal,window_typing_10000.csv,0,9.056277121999301e-06,0,1
4405,normal,window_typing_10000.csv,0,1.0090632713399827e-05,0,1
4406,normal,window_typing_10000.csv,0,8.986297871160787e-06,0,1
4407,normal,window_typing_10000.csv,0,8.999900273920503e-06,0,1
4408,normal,window_typing_10000.csv,0,8.82733456819551e-06,0,1
4409,normal,window_typing_10000.csv,0,7.626829756191e-06,0,1
4410,normal,window_typing_10000.csv,0,8.624957445135806e-06,0,1
4411,normal,window_typing_10000.csv,0,9.160040463029873e-06,0,1
4412,normal,window_typing_10000.csv,0,8.648093171359506e-06,0,1
4413,normal,window_typing_10000.csv,0,1.0502353688934818e-05,0,1
4414,normal,window_typing_10000.csv,0,8.907595656637568e-06,0,1
4415,normal,window_typing_10000.csv,0,8.126552529574838e-06,0,1
4416,normal,window_typing_10000.csv,0,8.288454409921542e-06,0,1
4417,normal,window_typing_10000.csv,0,9.57568954618182e-06,0,1
4418,normal,window_typing_10000.csv,0,8.057001650740858e-06,0,1
4419,normal,window_typing_10000.csv,0,9.264117579732556e-06,0,1
4420,normal,window_typing_10000.csv,0,1.1559862286958378e-05,0,1
4421,normal,window_typing_10000.csv,0,9.75371767708566e-06,0,1
4422,normal,window_typing_10000.csv,0,9.144574505626224e-06,0,1
4423,normal,window_typing_10000.csv,0,9.487273018748965e-06,0,1
4424,normal,window_typing_10000.csv,0,9.164531547867227e-06,0,1
4425,normal,window_typing_10000.csv,0,9.18995647225529e-06,0,1
4426,normal,window_typing_10000.csv,0,8.58432031236589e-06,0,1
4427,normal,window_typing_10000.csv,0,8.9948207460111e-06,0,1
4428,normal,window_typing_10000.csv,0,8.116639037325513e-06,0,1
4429,normal,window_typing_10000.csv,0,8.201702257792931e-06,0,1
4430,normal,window_typing_10000.csv,0,9.239580322173424e-06,0,1
4431,normal,window_typing_10000.csv,0,1.0000923793995753e-05,0,1
4432,normal,window_typing_10000.csv,0,9.116926776187029e-06,0,1
4433,normal,window_typing_10000.csv,0,9.077374670596328e-06,0,1
4434,normal,window_typing_10000.csv,0,9.139578651229385e-06,0,1
4435,normal,window_typing_10000.csv,0,9.33537921810057e-06,0,1
4436,normal,window_typing_10000.csv,0,8.62563138070982e-06,0,1
4437,normal,window_typing_10000.csv,0,8.855826308717951e-06,0,1
4438,normal,window_typing_10000.csv,0,1.0243574251944665e-05,0,1
4439,normal,window_typing_10000.csv,0,9.492938261246309e-06,0,1
4440,normal,window_typing_10000.csv,0,8.867463293427136e-06,0,1
4441,normal,window_typing_10000.csv,0,9.54890583670931e-06,0,1
4442,normal,window_typing_10000.csv,0,1.0211641892965417e-05,0,1
4443,normal,window_typing_10000.csv,0,9.856190445134416e-06,0,1
4444,normal,window_typing_10000.csv,0,1.0216559530817904e-05,0,1
4445,normal,window_typing_10000.csv,0,1.057815461535938e-05,0,1
4446,normal,window_typing_10000.csv,0,1.0741609912656713e-05,0,1
4447,normal,window_typing_10000.csv,0,9.25277254282264e-06,0,1
4448,normal,window_typing_10000.csv,0,9.501116437604651e-06,0,1
4449,normal,window_typing_10000.csv,0,8.872657417668961e-06,0,1
4450,normal,window_typing_10000.csv,0,1.4203576029103715e-05,0,1
4451,normal,window_typing_10000.csv,0,9.668672646512277e-06,0,1
4452,normal,window_typing_10000.csv,0,8.216828064178117e-06,0,1
4453,normal,window_typing_10000.csv,0,9.827347639657091e-06,0,1
4454,normal,window_typing_10000.csv,0,8.357365004485473e-06,0,1
4455,normal,window_typing_10000.csv,0,8.019386768864933e-06,0,1
4456,normal,window_typing_10000.csv,0,8.288944627565797e-06,0,1
4457,normal,window_typing_10000.csv,0,8.547999641450588e-06,0,1
4458,normal,window_typing_10000.csv,0,7.91087768448051e-06,0,1
4459,normal,window_typing_10000.csv,0,7.645632649655454e-06,0,1
4460,normal,window_typing_10000.csv,0,8.389258255192544e-06,0,1
4461,normal,window_typing_10000.csv,0,8.550152415409684e-06,0,1
4462,normal,window_typing_10000.csv,0,7.318310508708237e-06,0,1
4463,normal,window_typing_10000.csv,0,7.904979611339513e-06,0,1
4464,normal,window_typing_10000.csv,0,6.838164154032711e-06,0,1
4465,normal,window_typing_10000.csv,0,8.053582860156894e-06,0,1
4466,normal,window_typing_10000.csv,0,8.475682989228517e-06,0,1
4467,normal,window_typing_10000.csv,0,7.914220987004228e-06,0,1
4468,normal,window_typing_10000.csv,0,8.2536525951582e-06,0,1
4469,normal,window_typing_10000.csv,0,8.941947271523532e-06,0,1
4470,normal,window_typing_10000.csv,0,9.06941386347171e-06,0,1
4471,normal,window_typing_10000.csv,0,8.693158633832354e-06,0,1
4472,normal,window_typing_10000.csv,0,8.807153790257871e-06,0,1
4473,normal,window_typing_10000.csv,0,9.22523031476885e-06,0,1
4474,normal,window_typing_10000.csv,0,8.625319424027111e-06,0,1
4475,normal,window_typing_10000.csv,0,8.91514264367288e-06,0,1
4476,normal,window_typing_10000.csv,0,1.0158316399611067e-05,0,1
4477,normal,window_typing_10000.csv,0,9.380509254697245e-06,0,1
4478,normal,window_typing_10000.csv,0,9.038175448949914e-06,0,1
4479,normal,window_typing_10000.csv,0,1.022294418362435e-05,0,1
4480,normal,window_typing_10000.csv,0,9.308708285971079e-06,0,1
4481,normal,window_typing_10000.csv,0,1.0103911336045712e-05,0,1
4482,normal,window_typing_10000.csv,0,1.1861246093758382e-05,0,1
4483,normal,window_typing_10000.csv,0,9.928274266712833e-06,0,1
4484,normal,window_typing_10000.csv,0,1.0008413482864853e-05,0,1
4485,normal,window_typing_10000.csv,0,1.152357435785234e-05,0,1
4486,normal,window_typing_10000.csv,0,1.052183324645739e-05,0,1
4487,normal,window_typing_10000.csv,0,1.0377218131907284e-05,0,1
4488,normal,window_typing_10000.csv,0,9.289649824495427e-06,0,1
4489,normal,window_typing_10000.csv,0,9.248299647879321e-06,0,1
4490,normal,window_typing_10000.csv,0,1.016582791635301e-05,0,1
4491,normal,window_typing_10000.csv,0,9.37522327149054e-06,0,1
4492,normal,window_typing_10000.csv,0,8.943286047724541e-06,0,1
4493,normal,window_typing_10000.csv,0,1.040394272422418e-05,0,1
4494,normal,window_typing_10000.csv,0,9.032738489622716e-06,0,1
4495,normal,window_typing_10000.csv,0,9.7911351986113e-06,0,1
4496,normal,window_typing_10000.csv,0,8.936073754739482e-06,0,1
4497,normal,window_typing_10000.csv,0,9.351390872325283e-06,0,1
4498,normal,window_typing_10000.csv,0,9.089996638067532e-06,0,1
4499,normal,window_typing_10000.csv,0,8.850895028444938e-06,0,1
4500,normal,window_typing_10000.csv,0,8.979727681435179e-06,0,1
4501,normal,window_typing_10000.csv,0,8.165303370333277e-06,0,1
4502,normal,window_typing_10000.csv,0,9.148290700977668e-06,0,1
4503,normal,window_typing_10000.csv,0,9.023912753036711e-06,0,1
4504,normal,window_typing_10000.csv,0,8.983556654129643e-06,0,1
4505,normal,window_typing_10000.csv,0,9.404659067513421e-06,0,1
4506,normal,window_typing_10000.csv,0,1.0906926036113873e-05,0,1
4507,normal,window_typing_10000.csv,0,1.2149253961979412e-05,0,1
4508,normal,window_typing_10000.csv,0,1.5039197933219839e-05,0,1
4509,normal,window_typing_10000.csv,0,1.5514204278588295e-05,0,1
4510,normal,window_typing_10000.csv,0,1.5703080862294883e-05,0,1
4511,normal,window_typing_10000.csv,0,1.41686850838596e-05,0,1
4512,normal,window_typing_10000.csv,0,1.9618539226939902e-05,0,1
4513,normal,window_typing_10000.csv,0,1.651993443374522e-05,0,1
4514,normal,window_typing_10000.csv,0,1.8046981494990177e-05,0,1
4515,normal,window_typing_10000.csv,0,1.460499333916232e-05,0,1
4516,normal,window_typing_10000.csv,0,1.798439370759297e-05,0,1
4517,normal,window_typing_10000.csv,0,1.587117549206596e-05,0,1
4518,normal,window_typing_10000.csv,0,1.477668592997361e-05,0,1
4519,normal,window_typing_10000.csv,0,1.4774388546356931e-05,0,1
4520,normal,window_typing_10000.csv,0,1.3511768884200137e-05,0,1
4521,normal,window_typing_10000.csv,0,1.2772496120305732e-05,0,1
4522,normal,window_typing_10000.csv,0,1.2423824045981746e-05,0,1
4523,normal,window_typing_10000.csv,0,1.1015062227670569e-05,0,1
4524,normal,window_typing_10000.csv,0,1.1155504580528941e-05,0,1
4525,normal,window_typing_10000.csv,0,9.736654646985698e-06,0,1
4526,normal,window_typing_10000.csv,0,9.928766303346492e-06,0,1
4527,normal,window_typing_10000.csv,0,9.134375432040542e-06,0,1
4528,normal,window_typing_10000.csv,0,1.0015287443820853e-05,0,1
4529,normal,window_typing_10000.csv,0,1.043921565724304e-05,0,1
4530,normal,window_typing_10000.csv,0,9.573944225849118e-06,0,1
4531,normal,window_typing_10000.csv,0,1.2908135431644041e-05,0,1
4532,normal,window_typing_10000.csv,0,1.0385484529251698e-05,0,1
4533,normal,window_typing_10000.csv,0,1.0650073818396777e-05,0,1
4534,normal,window_typing_10000.csv,0,9.352818779007066e-06,0,1
4535,normal,window_typing_10000.csv,0,9.433780178369489e-06,0,1
4536,normal,window_typing_10000.csv,0,8.671357136336155e-06,0,1
4537,normal,window_typing_10000.csv,0,9.155594852927607e-06,0,1
4538,normal,window_typing_10000.csv,0,1.0105656656378414e-05,0,1
4539,normal,window_typing_10000.csv,0,1.021036587189883e-05,0,1
4540,normal,window_typing_10000.csv,0,1.0328750249755103e-05,0,1
4541,normal,window_typing_10000.csv,0,1.0707602996262722e-05,0,1
4542,normal,window_typing_10000.csv,0,1.038431582855992e-05,0,1
4543,normal,window_typing_10000.csv,0,1.2179624718555715e-05,0,1
4544,normal,window_typing_10000.csv,0,1.2287481695238966e-05,0,1
4545,normal,window_typing_10000.csv,0,1.1464820090623107e-05,0,1
4546,normal,window_typing_10000.csv,0,1.0273531188431662e-05,0,1
4547,normal,window_typing_10000.csv,0,1.0966690751956776e-05,0,1
4548,normal,window_typing_10000.csv,0,1.0131768249266315e-05,0,1
4549,normal,window_typing_10000.csv,0,9.241052794095594e-06,0,1
4550,normal,window_typing_10000.csv,0,9.76797855400946e-06,0,1
4551,normal,window_typing_10000.csv,0,1.0020943591371179e-05,0,1
4552,normal,window_typing_10000.csv,0,1.0304085662937723e-05,0,1
4553,normal,window_typing_10000.csv,0,9.21946866583312e-06,0,1
4554,normal,window_typing_10000.csv,0,9.048499123309739e-06,0,1
4555,normal,window_typing_10000.csv,0,9.6592448244337e-06,0,1
4556,normal,window_typing_10000.csv,0,9.659225725044962e-06,0,1
4557,normal,window_typing_10000.csv,0,9.513692020846065e-06,0,1
4558,normal,window_typing_10000.csv,0,1.0116860721609555e-05,0,1
4559,normal,window_typing_10000.csv,0,1.0534152352192905e-05,0,1
4560,normal,window_typing_10000.csv,0,9.632016372052021e-06,0,1
4561,normal,window_typing_10000.csv,0,9.829382179304957e-06,0,1
4562,normal,window_typing_10000.csv,0,1.0662878594303038e-05,0,1
4563,normal,window_typing_10000.csv,0,1.031843203236349e-05,0,1
4564,normal,window_typing_10000.csv,0,1.0002229828387499e-05,0,1
4565,normal,window_typing_10000.csv,0,1.3286138710100204e-05,0,1
4566,normal,window_typing_10000.csv,0,1.5255719517881516e-05,0,1
4567,normal,window_typing_10000.csv,0,1.0072067198052537e-05,0,1
4568,normal,window_typing_10000.csv,0,9.769329153641593e-06,0,1
4569,normal,window_typing_10000.csv,0,1.1519782674440648e-05,0,1
4570,normal,window_typing_10000.csv,0,1.0865999684028793e-05,0,1
4571,normal,window_typing_10000.csv,0,1.279844218515791e-05,0,1
4572,normal,window_typing_10000.csv,0,1.3234808648121543e-05,0,1
4573,normal,window_typing_10000.csv,0,1.3724192285735626e-05,0,1
4574,normal,window_typing_10000.csv,0,1.3695873349206522e-05,0,1
4575,normal,window_typing_10000.csv,0,1.4770924281037878e-05,0,1
4576,normal,window_typing_10000.csv,0,1.32608975036419e-05,0,1
4577,normal,window_typing_10000.csv,0,1.3729860256717075e-05,0,1
4578,normal,window_typing_10000.csv,0,1.2461118785722647e-05,0,1
4579,normal,window_typing_10000.csv,0,1.2857824003731366e-05,0,1
4580,normal,window_typing_10000.csv,0,1.2403284927131608e-05,0,1
4581,normal,window_typing_10000.csv,0,1.2276776942599099e-05,0,1
4582,normal,window_typing_10000.csv,0,1.1671422726067249e-05,0,1
4583,normal,window_typing_10000.csv,0,1.1685534445859957e-05,0,1
4584,normal,window_typing_10000.csv,0,1.0584552910586353e-05,0,1
4585,normal,window_typing_10000.csv,0,1.0823318007169291e-05,0,1
4586,normal,window_typing_10000.csv,0,1.078399145626463e-05,0,1
4587,normal,window_typing_10000.csv,0,1.1175575309607666e-05,0,1
4588,normal,window_typing_10000.csv,0,1.0788167855935171e-05,0,1
4589,normal,window_typing_10000.csv,0,9.555583346809726e-06,0,1
4590,normal,window_typing_10000.csv,0,8.96765232027974e-06,0,1
4591,normal,window_typing_10000.csv,0,8.756051101954654e-06,0,1
4592,normal,window_typing_10000.csv,0,8.906169568945188e-06,0,1
4593,normal,window_typing_10000.csv,0,8.522295502189081e-06,0,1
4594,normal,window_typing_10000.csv,0,8.389090908167418e-06,0,1
4595,normal,window_typing_10000.csv,0,8.950932169682346e-06,0,1
4596,normal,window_typing_10000.csv,0,8.66078698891215e-06,0,1
4597,normal,window_typing_10000.csv,0,9.110521205002442e-06,0,1
4598,normal,window_typing_10000.csv,0,9.017624506668653e-06,0,1
4599,normal,window_typing_10000.csv,0,8.602498382970225e-06,0,1
4600,normal,window_typing_10000.csv,0,9.906973900797311e-06,0,1
4601,normal,window_typing_10000.csv,0,1.0088179806189146e-05,0,1
4602,normal,window_typing_10000.csv,0,8.955662451626267e-06,0,1
4603,normal,window_typing_10000.csv,0,9.394484550284687e-06,0,1
4604,normal,window_typing_10000.csv,0,9.590000445314217e-06,0,1
4605,normal,window_typing_10000.csv,0,8.651186362840235e-06,0,1
4606,normal,window_typing_10000.csv,0,8.466133294859901e-06,0,1
4607,normal,window_typing_10000.csv,0,1.0136214768863283e-05,0,1
4608,normal,window_typing_10000.csv,0,8.635220183350611e-06,0,1
4609,normal,window_typing_10000.csv,0,9.435418178327382e-06,0,1
4610,normal,window_typing_10000.csv,0,8.903977686713915e-06,0,1
4611,normal,window_typing_10000.csv,0,8.744635124458e-06,0,1
4612,normal,window_typing_10000.csv,0,8.242640433309134e-06,0,1
4613,normal,window_typing_10000.csv,0,8.112762770906556e-06,0,1
4614,normal,window_typing_10000.csv,0,8.159254321071785e-06,0,1
4615,normal,window_typing_10000.csv,0,8.51215827424312e-06,0,1
4616,normal,window_typing_10000.csv,0,9.39623987505911e-06,0,1
4617,normal,window_typing_10000.csv,0,9.564992069499567e-06,0,1
4618,normal,window_typing_10000.csv,0,8.274949323094916e-06,0,1
4619,normal,window_typing_10000.csv,0,7.976672350196168e-06,0,1
4620,normal,window_typing_10000.csv,0,8.125390195345972e-06,0,1
4621,normal,window_typing_10000.csv,0,7.985242518770974e-06,0,1
4622,normal,window_typing_10000.csv,0,9.630105523683596e-06,0,1
4623,normal,window_typing_10000.csv,0,1.0372646102041472e-05,0,1
4624,normal,window_typing_10000.csv,0,1.1472104233689606e-05,0,1
4625,normal,window_typing_10000.csv,0,1.0832425687112845e-05,0,1
4626,normal,window_typing_10000.csv,0,1.1269715287198778e-05,0,1
4627,normal,window_typing_10000.csv,0,1.0820830539159942e-05,0,1
4628,normal,window_typing_10000.csv,0,1.102204987546429e-05,0,1
4629,normal,window_typing_10000.csv,0,1.1047716725443024e-05,0,1
4630,normal,window_typing_10000.csv,0,1.2274307664483786e-05,0,1
4631,normal,window_typing_10000.csv,0,1.1255678145971615e-05,0,1
4632,normal,window_typing_10000.csv,0,1.120201704907231e-05,0,1
4633,normal,window_typing_10000.csv,0,1.3021574886806775e-05,0,1
4634,normal,window_typing_10000.csv,0,1.076046555681387e-05,0,1
4635,normal,window_typing_10000.csv,0,1.0601685971778352e-05,0,1
4636,normal,window_typing_10000.csv,0,1.0120285878656432e-05,0,1
4637,normal,window_typing_10000.csv,0,5.8643698139349e-05,0,1
4638,normal,window_typing_10000.csv,0,6.665503315161914e-05,0,1
4639,normal,window_typing_10000.csv,0,4.985473060514778e-05,0,1
4640,normal,window_typing_10000.csv,0,3.8890553696546704e-05,0,1
4641,normal,window_typing_10000.csv,0,2.7561280148802325e-05,0,1
4642,normal,window_typing_10000.csv,0,2.577634404588025e-05,0,1
4643,normal,window_typing_10000.csv,0,2.223926639999263e-05,0,1
4644,normal,window_typing_10000.csv,0,2.2075844753999263e-05,0,1
4645,normal,window_typing_10000.csv,0,1.8881954019889235e-05,0,1
4646,normal,window_typing_10000.csv,0,1.708521813270636e-05,0,1
4647,normal,window_typing_10000.csv,0,1.4675348211312667e-05,0,1
4648,normal,window_typing_10000.csv,0,1.4138436199573334e-05,0,1
4649,normal,window_typing_10000.csv,0,1.2962968867213931e-05,0,1
4650,normal,window_typing_10000.csv,0,1.2047113159496803e-05,0,1
4651,normal,window_typing_10000.csv,0,1.1578044905036222e-05,0,1
4652,normal,window_typing_10000.csv,0,1.1385650395823177e-05,0,1
4653,normal,window_typing_10000.csv,0,9.708911420602817e-06,0,1
4654,normal,window_typing_10000.csv,0,9.619366210245062e-06,0,1
4655,normal,window_typing_10000.csv,0,9.704403055366129e-06,0,1
4656,normal,window_typing_10000.csv,0,9.74663271335885e-06,0,1
4657,normal,window_typing_10000.csv,0,8.029534001252614e-06,0,1
4658,normal,window_typing_10000.csv,0,9.562575542076956e-06,0,1
4659,normal,window_typing_10000.csv,0,8.576874279242475e-06,0,1
4660,normal,window_typing_10000.csv,0,7.958291462273337e-06,0,1
4661,normal,window_typing_10000.csv,0,7.496989383071195e-06,0,1
4662,normal,window_typing_10000.csv,0,8.915592843550257e-06,0,1
4663,normal,window_typing_10000.csv,0,8.6046402429929e-06,0,1
4664,normal,window_typing_10000.csv,0,1.1551631359907333e-05,0,1
4665,normal,window_typing_10000.csv,0,1.4972754797781818e-05,0,1
4666,normal,window_typing_10000.csv,0,1.4309282960311975e-05,0,1
4667,normal,window_typing_10000.csv,0,1.5465722754015587e-05,0,1
4668,normal,window_typing_10000.csv,0,1.5527435607509688e-05,0,1
4669,normal,window_typing_10000.csv,0,1.2877557310275733e-05,0,1
4670,normal,window_typing_10000.csv,0,1.642187089601066e-05,0,1
4671,normal,window_typing_10000.csv,0,1.585820791660808e-05,0,1
4672,normal,window_typing_10000.csv,0,1.357284145342419e-05,0,1
4673,normal,window_typing_10000.csv,0,1.549541048007086e-05,0,1
4674,normal,window_typing_10000.csv,0,1.4392121556738857e-05,0,1
4675,normal,window_typing_10000.csv,0,1.4228724467102438e-05,0,1
4676,normal,window_typing_10000.csv,0,1.2818108189094346e-05,0,1
4677,normal,window_typing_10000.csv,0,1.3284314263728447e-05,0,1
4678,normal,window_typing_10000.csv,0,1.4704248314956203e-05,0,1
4679,normal,window_typing_10000.csv,0,1.27389812405454e-05,0,1
4680,normal,window_typing_10000.csv,0,1.4192040907801129e-05,0,1
4681,normal,window_typing_10000.csv,0,1.4059055502002593e-05,0,1
4682,normal,window_typing_10000.csv,0,1.447968043066794e-05,0,1
4683,normal,window_typing_10000.csv,0,1.5504960174439475e-05,0,1
4684,normal,window_typing_10000.csv,0,1.4807479601586238e-05,0,1
4685,normal,window_typing_10000.csv,0,1.4186681255523581e-05,0,1
4686,normal,window_typing_10000.csv,0,1.3477304491971154e-05,0,1
4687,normal,window_typing_10000.csv,0,1.5846659152884968e-05,0,1
4688,normal,window_typing_10000.csv,0,1.3916378520661965e-05,0,1
4689,normal,window_typing_10000.csv,0,1.2802775927411858e-05,0,1
4690,normal,window_typing_10000.csv,0,1.3243759894976392e-05,0,1
4691,normal,window_typing_10000.csv,0,1.220852391270455e-05,0,1
4692,normal,window_typing_10000.csv,0,1.1999505659332499e-05,0,1
4693,normal,window_typing_10000.csv,0,1.132835586759029e-05,0,1
4694,normal,window_typing_10000.csv,0,1.0112462405231781e-05,0,1
4695,normal,window_typing_10000.csv,0,1.0515504072827753e-05,0,1
4696,normal,window_typing_10000.csv,0,1.0651668162608985e-05,0,1
4697,normal,window_typing_10000.csv,0,9.24475443753181e-06,0,1
4698,normal,window_typing_10000.csv,0,8.740441444388125e-06,0,1
4699,normal,window_typing_10000.csv,0,8.971193892648444e-06,0,1
4700,normal,window_typing_10000.csv,0,7.816827746864874e-06,0,1
4701,normal,window_typing_10000.csv,0,7.963948519318365e-06,0,1
4702,normal,window_typing_10000.csv,0,8.237068868766073e-06,0,1
4703,normal,window_typing_10000.csv,0,7.634615940332878e-06,0,1
4704,normal,window_typing_10000.csv,0,7.761228516756091e-06,0,1
4705,normal,window_typing_10000.csv,0,8.049390999076422e-06,0,1
4706,normal,window_typing_10000.csv,0,7.015282335487427e-06,0,1
4707,normal,window_typing_10000.csv,0,7.673273103137035e-06,0,1
4708,normal,window_typing_10000.csv,0,7.653336979274172e-06,0,1
4709,normal,window_typing_10000.csv,0,7.451661986124236e-06,0,1
4710,normal,window_typing_10000.csv,0,7.718689630564768e-06,0,1
4711,normal,window_typing_10000.csv,0,7.011643901932985e-06,0,1
4712,normal,window_typing_10000.csv,0,6.6377838265907485e-06,0,1
4713,normal,window_typing_10000.csv,0,7.028581421764102e-06,0,1
4714,normal,window_typing_10000.csv,0,7.4504750955384225e-06,0,1
4715,normal,window_typing_10000.csv,0,7.2237021413457114e-06,0,1
4716,normal,window_typing_10000.csv,0,6.947889687580755e-06,0,1
4717,normal,window_typing_10000.csv,0,7.322086275962647e-06,0,1
4718,normal,window_typing_10000.csv,0,7.069407274684636e-06,0,1
4719,normal,window_typing_10000.csv,0,7.3463925218675286e-06,0,1
4720,normal,window_typing_10000.csv,0,7.657738933630753e-06,0,1
4721,normal,window_typing_10000.csv,0,7.40645418773056e-06,0,1
4722,normal,window_typing_10000.csv,0,7.424911927955691e-06,0,1
4723,normal,window_typing_10000.csv,0,7.479663963749772e-06,0,1
4724,normal,window_typing_10000.csv,0,8.282070666609798e-06,0,1
4725,normal,window_typing_10000.csv,0,7.035891030682251e-06,0,1
4726,normal,window_typing_10000.csv,0,6.6804923335439526e-06,0,1
4727,normal,window_typing_10000.csv,0,7.50664094084641e-06,0,1
4728,normal,window_typing_10000.csv,0,1.2911718840769026e-05,0,1
4729,normal,window_typing_10000.csv,0,1.6266798411379568e-05,0,1
4730,normal,window_typing_10000.csv,0,1.3422317351796664e-05,0,1
4731,normal,window_typing_10000.csv,0,1.413140125805512e-05,0,1
4732,normal,window_typing_10000.csv,0,1.4451343304244801e-05,0,1
4733,normal,window_typing_10000.csv,0,1.304784291278338e-05,0,1
4734,normal,window_typing_10000.csv,0,1.4623627976106945e-05,0,1
4735,normal,window_typing_10000.csv,0,1.5111570064618718e-05,0,1
4736,normal,window_typing_10000.csv,0,1.4754677977180108e-05,0,1
4737,normal,window_typing_10000.csv,0,1.8109738448401913e-05,0,1
4738,normal,window_typing_10000.csv,0,2.5468589228694327e-05,0,1
4739,normal,window_typing_10000.csv,0,1.5952144167385995e-05,0,1
4740,normal,window_typing_10000.csv,0,1.3957142073195428e-05,0,1
4741,normal,window_typing_10000.csv,0,1.2676859114435501e-05,0,1
4742,normal,window_typing_10000.csv,0,1.1137975889141671e-05,0,1
4743,normal,window_typing_10000.csv,0,9.448141099710483e-06,0,1
4744,normal,window_typing_10000.csv,0,9.794712241273373e-06,0,1
4745,normal,window_typing_10000.csv,0,1.0745995496108662e-05,0,1
4746,normal,window_typing_10000.csv,0,9.398086149303708e-06,0,1
4747,normal,window_typing_10000.csv,0,8.757345312915277e-06,0,1
4748,normal,window_typing_10000.csv,0,8.715537660464179e-06,0,1
4749,normal,window_typing_10000.csv,0,8.950035407906398e-06,0,1
4750,normal,window_typing_10000.csv,0,8.661579158797394e-06,0,1
4751,normal,window_typing_10000.csv,0,1.0901091627602e-05,0,1
4752,normal,window_typing_10000.csv,0,1.1570705282792915e-05,0,1
4753,normal,window_typing_10000.csv,0,1.0429743269924074e-05,0,1
4754,normal,window_typing_10000.csv,0,1.109462755266577e-05,0,1
4755,normal,window_typing_10000.csv,0,1.0436727279738989e-05,0,1
4756,normal,window_typing_10000.csv,0,1.0559177098912187e-05,0,1
4757,normal,window_typing_10000.csv,0,1.1139059097331483e-05,0,1
4758,normal,window_typing_10000.csv,0,1.1787498806370422e-05,0,1
4759,normal,window_typing_10000.csv,0,1.077659908332862e-05,0,1
4760,normal,window_typing_10000.csv,0,1.0954449862765614e-05,0,1
4761,normal,window_typing_10000.csv,0,1.0195585673500318e-05,0,1
4762,normal,window_typing_10000.csv,0,1.1059575626859441e-05,0,1
4763,normal,window_typing_10000.csv,0,1.0980263141391333e-05,0,1
4764,normal,window_typing_10000.csv,0,1.0861223927349783e-05,0,1
4765,normal,window_typing_10000.csv,0,1.2321018402872141e-05,0,1
4766,normal,window_typing_10000.csv,0,1.0478653166501317e-05,0,1
4767,normal,window_typing_10000.csv,0,1.0329026736144442e-05,0,1
4768,normal,window_typing_10000.csv,0,9.207694347423967e-06,0,1
4769,normal,window_typing_10000.csv,0,1.0379583727626596e-05,0,1
4770,normal,window_typing_10000.csv,0,8.998586963571142e-06,0,1
4771,normal,window_typing_10000.csv,0,1.0768944775918499e-05,0,1
4772,normal,window_typing_10000.csv,0,8.933330718718935e-06,0,1
4773,normal,window_typing_10000.csv,0,1.3566566849476658e-05,0,1
4774,normal,window_typing_10000.csv,0,1.0259353985020425e-05,0,1
4775,normal,window_typing_10000.csv,0,8.777972652751487e-06,0,1
4776,normal,window_typing_10000.csv,0,9.150060577667318e-06,0,1
4777,normal,window_typing_10000.csv,0,8.598069143772591e-06,0,1
4778,normal,window_typing_10000.csv,0,9.100708666665014e-06,0,1
4779,normal,window_typing_10000.csv,0,1.1024856576113962e-05,0,1
4780,normal,window_typing_10000.csv,0,8.710393558430951e-06,0,1
4781,normal,window_typing_10000.csv,0,8.916622391552664e-06,0,1
4782,normal,window_typing_10000.csv,0,9.825914276007097e-06,0,1
4783,normal,window_typing_10000.csv,0,9.901563316816464e-06,0,1
4784,normal,window_typing_10000.csv,0,1.0398764970886987e-05,0,1
4785,normal,window_typing_10000.csv,0,9.756928193382919e-06,0,1
4786,normal,window_typing_10000.csv,0,1.135838647314813e-05,0,1
4787,normal,window_typing_10000.csv,0,1.023064942273777e-05,0,1
4788,normal,window_typing_10000.csv,0,1.259024520550156e-05,0,1
4789,normal,window_typing_10000.csv,0,1.1706246368703432e-05,0,1
4790,normal,window_typing_10000.csv,0,1.1536911188159138e-05,0,1
4791,normal,window_typing_10000.csv,0,1.0476425813976675e-05,0,1
4792,normal,window_typing_10000.csv,0,1.19917604024522e-05,0,1
4793,normal,window_typing_10000.csv,0,1.0278293302690145e-05,0,1
4794,normal,window_typing_10000.csv,0,1.0402842235635035e-05,0,1
4795,normal,window_typing_10000.csv,0,1.0741138794401195e-05,0,1
4796,normal,window_typing_10000.csv,0,9.721539754536934e-06,0,1
4797,normal,window_typing_10000.csv,0,1.103724935092032e-05,0,1
4798,normal,window_typing_10000.csv,0,1.0492572982911952e-05,0,1
4799,normal,window_typing_10000.csv,0,1.0191696674155537e-05,0,1
4800,normal,window_typing_10000.csv,0,9.189386219077278e-06,0,1
4801,normal,window_typing_10000.csv,0,8.668381269671954e-06,0,1
4802,normal,window_typing_10000.csv,0,8.680723112775013e-06,0,1
4803,normal,window_typing_10000.csv,0,8.53433994052466e-06,0,1
4804,normal,window_typing_10000.csv,0,8.947909918788355e-06,0,1
4805,normal,window_typing_10000.csv,0,8.422358405368868e-06,0,1
4806,normal,window_typing_10000.csv,0,7.69065081840381e-06,0,1
4807,normal,window_typing_10000.csv,0,8.254636668425519e-06,0,1
4808,normal,window_typing_10000.csv,0,7.903329787950497e-06,0,1
4809,normal,window_typing_10000.csv,0,8.3773857113556e-06,0,1
4810,normal,window_typing_10000.csv,0,1.0962392479996197e-05,0,1
4811,normal,window_typing_10000.csv,0,9.96590551949339e-06,0,1
4812,normal,window_typing_10000.csv,0,1.0808980732690543e-05,0,1
4813,normal,window_typing_10000.csv,0,9.90514217846794e-06,0,1
4814,normal,window_typing_10000.csv,0,1.2704441360256169e-05,0,1
4815,normal,window_typing_10000.csv,0,1.614824759599287e-05,0,1
4816,normal,window_typing_10000.csv,0,1.657753819017671e-05,0,1
4817,normal,window_typing_10000.csv,0,1.509634603280574e-05,0,1
4818,normal,window_typing_10000.csv,0,1.5989811799954623e-05,0,1
4819,normal,window_typing_10000.csv,0,1.4452448340307456e-05,0,1
4820,normal,window_typing_10000.csv,0,1.8498889403417706e-05,0,1
4821,normal,window_typing_10000.csv,0,2.0054258129675873e-05,0,1
4822,normal,window_typing_10000.csv,0,2.0173105440335348e-05,0,1
4823,normal,window_typing_10000.csv,0,2.1225188902462833e-05,0,1
4824,normal,window_typing_10000.csv,0,2.8719954570988193e-05,0,1
4825,normal,window_typing_10000.csv,0,3.7862486351514235e-05,0,1
4826,normal,window_typing_10000.csv,0,4.0476945287082344e-05,0,1
4827,normal,window_typing_10000.csv,0,4.050073039252311e-05,0,1
4828,normal,window_typing_10000.csv,0,3.556913725333288e-05,0,1
4829,normal,window_typing_10000.csv,0,2.9092760087223724e-05,0,1
4830,normal,window_typing_10000.csv,0,2.632345240272116e-05,0,1
4831,normal,window_typing_10000.csv,0,2.4560291421948932e-05,0,1
4832,normal,window_typing_10000.csv,0,2.460938412696123e-05,0,1
4833,normal,window_typing_10000.csv,0,2.6001109290518798e-05,0,1
4834,normal,window_typing_10000.csv,0,2.7787296858150512e-05,0,1
4835,normal,window_typing_10000.csv,0,2.8329093765933067e-05,0,1
4836,normal,window_typing_10000.csv,0,2.6051766326418146e-05,0,1
4837,normal,window_typing_10000.csv,0,2.6807907488546334e-05,0,1
4838,normal,window_typing_10000.csv,0,2.170126754208468e-05,0,1
4839,normal,window_typing_10000.csv,0,1.8844788428395987e-05,0,1
4840,normal,window_typing_10000.csv,0,1.618862916075159e-05,0,1
4841,normal,window_typing_10000.csv,0,1.6152975149452686e-05,0,1
4842,normal,window_typing_10000.csv,0,1.6470838090754114e-05,0,1
4843,normal,window_typing_10000.csv,0,1.360899204883026e-05,0,1
4844,normal,window_typing_10000.csv,0,1.261460693058325e-05,0,1
4845,normal,window_typing_10000.csv,0,1.3106904589221813e-05,0,1
4846,normal,window_typing_10000.csv,0,1.1801885193563066e-05,0,1
4847,normal,window_typing_10000.csv,0,1.2534992492874153e-05,0,1
4848,normal,window_typing_10000.csv,0,1.218661964230705e-05,0,1
4849,normal,window_typing_10000.csv,0,1.2187154425191693e-05,0,1
4850,normal,window_typing_10000.csv,0,1.2583547686517704e-05,0,1
4851,normal,window_typing_10000.csv,0,1.1173870916536544e-05,0,1
4852,normal,window_typing_10000.csv,0,1.0703988664317876e-05,0,1
4853,normal,window_typing_10000.csv,0,9.84697362582665e-06,0,1
4854,normal,window_typing_10000.csv,0,9.700342161522713e-06,0,1
4855,normal,window_typing_10000.csv,0,9.246183253708296e-06,0,1
4856,normal,window_typing_10000.csv,0,9.38206630962668e-06,0,1
4857,normal,window_typing_10000.csv,0,8.890740900824312e-06,0,1
4858,normal,window_typing_10000.csv,0,8.638844519737177e-06,0,1
4859,normal,window_typing_10000.csv,0,7.74222189647844e-06,0,1
4860,normal,window_typing_10000.csv,0,8.71435804583598e-06,0,1
4861,normal,window_typing_10000.csv,0,7.691252903896384e-06,0,1
4862,normal,window_typing_10000.csv,0,7.555255251645576e-06,0,1
4863,normal,window_typing_10000.csv,0,7.459952485078247e-06,0,1
4864,normal,window_typing_10000.csv,0,7.297549018403515e-06,0,1
4865,normal,window_typing_10000.csv,0,7.876798008510377e-06,0,1
4866,normal,window_typing_10000.csv,0,8.108059773803689e-06,0,1
4867,normal,window_typing_10000.csv,0,7.99540794105269e-06,0,1
4868,normal,window_typing_10000.csv,0,6.690182544843992e-06,0,1
4869,normal,window_typing_10000.csv,0,7.778440703987144e-06,0,1
4870,normal,window_typing_10000.csv,0,6.7476139520294964e-06,0,1
4871,normal,window_typing_10000.csv,0,7.174318398028845e-06,0,1
4872,normal,window_typing_10000.csv,0,8.349486961378716e-06,0,1
4873,normal,window_typing_10000.csv,0,7.093286512827035e-06,0,1
4874,normal,window_typing_10000.csv,0,7.909987289167475e-06,0,1
4875,normal,window_typing_10000.csv,0,8.679861821292434e-06,0,1
4876,normal,window_typing_10000.csv,0,9.77948002400808e-06,0,1
4877,normal,window_typing_10000.csv,0,1.1998749869235326e-05,0,1
4878,normal,window_typing_10000.csv,0,1.6083160517155193e-05,0,1
4879,normal,window_typing_10000.csv,0,1.313691336690681e-05,0,1
4880,normal,window_typing_10000.csv,0,1.5305206034099683e-05,0,1
4881,normal,window_typing_10000.csv,0,1.59865176101448e-05,0,1
4882,normal,window_typing_10000.csv,0,1.486550536355935e-05,0,1
4883,normal,window_typing_10000.csv,0,1.458490987715777e-05,0,1
4884,normal,window_typing_10000.csv,0,1.4630477380705997e-05,0,1
4885,normal,window_typing_10000.csv,0,1.610682920727413e-05,0,1
4886,normal,window_typing_10000.csv,0,1.441834683646448e-05,0,1
4887,normal,window_typing_10000.csv,0,1.3197186490288004e-05,0,1
4888,normal,window_typing_10000.csv,0,1.4784650375077035e-05,0,1
4889,normal,window_typing_10000.csv,0,1.3653059795615263e-05,0,1
4890,normal,window_typing_10000.csv,0,1.3876380762667395e-05,0,1
4891,normal,window_typing_10000.csv,0,1.2598256944329478e-05,0,1
4892,normal,window_typing_10000.csv,0,1.0905989256571047e-05,0,1
4893,normal,window_typing_10000.csv,0,1.1019927114830352e-05,0,1
4894,normal,window_typing_10000.csv,0,9.562465493218042e-06,0,1
4895,normal,window_typing_10000.csv,0,9.356458576803561e-06,0,1
4896,normal,window_typing_10000.csv,0,9.294959454564378e-06,0,1
4897,normal,window_typing_10000.csv,0,1.2239229363331106e-05,0,1
4898,normal,window_typing_10000.csv,0,1.035981495078886e-05,0,1
4899,normal,window_typing_10000.csv,0,9.940741620084736e-06,0,1
4900,normal,window_typing_10000.csv,0,8.882317160896491e-06,0,1
4901,normal,window_typing_10000.csv,0,9.515189958619885e-06,0,1
4902,normal,window_typing_10000.csv,0,9.73748137766961e-06,0,1
4903,normal,window_typing_10000.csv,0,1.0852236300706863e-05,0,1
4904,normal,window_typing_10000.csv,0,9.771398254088126e-06,0,1
4905,normal,window_typing_10000.csv,0,9.837953257374465e-06,0,1
4906,normal,window_typing_10000.csv,0,1.0056040082417894e-05,0,1
4907,normal,window_typing_10000.csv,0,1.0486701285117306e-05,0,1
4908,normal,window_typing_10000.csv,0,1.0882302376558073e-05,0,1
4909,normal,window_typing_10000.csv,0,1.0398557606094982e-05,0,1
4910,normal,window_typing_10000.csv,0,1.1325612831569742e-05,0,1
4911,normal,window_typing_10000.csv,0,1.1128685400763061e-05,0,1
4912,normal,window_typing_10000.csv,0,1.0198629752267152e-05,0,1
4913,normal,window_typing_10000.csv,0,9.5332552518812e-06,0,1
4914,normal,window_typing_10000.csv,0,9.03184263734147e-06,0,1
4915,normal,window_typing_10000.csv,0,1.5326151697081514e-05,0,1
4916,normal,window_typing_10000.csv,0,1.0004443538491614e-05,0,1
4917,normal,window_typing_10000.csv,0,9.044901162269525e-06,0,1
4918,normal,window_typing_10000.csv,0,1.0240331903332844e-05,0,1
4919,normal,window_typing_10000.csv,0,7.876798008510377e-06,0,1
4920,normal,window_typing_10000.csv,0,8.342617547896225e-06,0,1
4921,normal,window_typing_10000.csv,0,1.0155129530176055e-05,0,1
4922,normal,window_typing_10000.csv,0,1.1242097571084742e-05,0,1
4923,normal,window_typing_10000.csv,0,1.062757019099081e-05,0,1
4924,normal,window_typing_10000.csv,0,1.052992320182966e-05,0,1
4925,normal,window_typing_10000.csv,0,1.637406603549607e-05,0,1
4926,normal,window_typing_10000.csv,0,2.0995246813981794e-05,0,1
4927,normal,window_typing_10000.csv,0,1.770773815223947e-05,0,1
4928,normal,window_typing_10000.csv,0,1.8589222236187197e-05,0,1
4929,normal,window_typing_10000.csv,0,1.9145250917063095e-05,0,1
4930,normal,window_typing_10000.csv,0,1.8717853890848346e-05,0,1
4931,normal,window_typing_10000.csv,0,1.6238202078966424e-05,0,1
4932,normal,window_typing_10000.csv,0,1.5626594176865183e-05,0,1
4933,normal,window_typing_10000.csv,0,1.4089173419051804e-05,0,1
4934,normal,window_typing_10000.csv,0,1.3358046999201179e-05,0,1
4935,normal,window_typing_10000.csv,0,1.2238727322255727e-05,0,1
4936,normal,window_typing_10000.csv,0,1.136658920586342e-05,0,1
4937,normal,window_typing_10000.csv,0,1.256635005120188e-05,0,1
4938,normal,window_typing_10000.csv,0,1.0607096555759199e-05,0,1
4939,normal,window_typing_10000.csv,0,1.467620131734293e-05,0,1
4940,normal,window_typing_10000.csv,0,1.2168919965915848e-05,0,1
4941,normal,window_typing_10000.csv,0,9.473602403886616e-06,0,1
4942,normal,window_typing_10000.csv,0,1.0111603842233308e-05,0,1
4943,normal,window_typing_10000.csv,0,9.946744285116438e-06,0,1
4944,normal,window_typing_10000.csv,0,8.878429980541114e-06,0,1
4945,normal,window_typing_10000.csv,0,8.158445780281909e-06,0,1
4946,normal,window_typing_10000.csv,0,7.523210115323309e-06,0,1
4947,normal,window_typing_10000.csv,0,8.063874702202156e-06,0,1
4948,normal,window_typing_10000.csv,0,7.5550819929048885e-06,0,1
4949,normal,window_typing_10000.csv,0,7.021045348665211e-06,0,1
4950,normal,window_typing_10000.csv,0,7.433818154822802e-06,0,1
4951,normal,window_typing_10000.csv,0,8.693323252373375e-06,0,1
4952,normal,window_typing_10000.csv,0,7.862809070502408e-06,0,1
4953,normal,window_typing_10000.csv,0,7.867233762226533e-06,0,1
4954,normal,window_typing_10000.csv,0,7.047051894915057e-06,0,1
4955,normal,window_typing_10000.csv,0,8.292233360407408e-06,0,1
4956,normal,window_typing_10000.csv,0,7.098997684806818e-06,0,1
4957,normal,window_typing_10000.csv,0,7.642614946234971e-06,0,1
4958,normal,window_typing_10000.csv,0,7.3984974733321e-06,0,1
4959,normal,window_typing_10000.csv,0,7.612848548887996e-06,0,1
4960,normal,window_typing_10000.csv,0,8.179339602065738e-06,0,1
4961,normal,window_typing_10000.csv,0,8.226824320445303e-06,0,1
4962,normal,window_typing_10000.csv,0,8.426873137068469e-06,0,1
4963,normal,window_typing_10000.csv,0,8.115300261124503e-06,0,1
4964,normal,window_typing_10000.csv,0,9.603362741472665e-06,0,1
4965,normal,window_typing_10000.csv,0,9.438036613573786e-06,0,1
4966,normal,window_typing_10000.csv,0,8.2062006185879e-06,0,1
4967,normal,window_typing_10000.csv,0,7.369078048213851e-06,0,1
4968,normal,window_typing_10000.csv,0,9.415157364855986e-06,0,1
4969,normal,window_typing_10000.csv,0,1.0529894097999204e-05,0,1
4970,normal,window_typing_10000.csv,0,1.0335578735976014e-05,0,1
4971,normal,window_typing_10000.csv,0,1.0669012226571795e-05,0,1
4972,normal,window_typing_10000.csv,0,9.457156011194456e-06,0,1
4973,normal,window_typing_10000.csv,0,1.6935749954427592e-05,0,1
4974,normal,window_typing_10000.csv,0,1.1584705134737305e-05,0,1
4975,normal,window_typing_10000.csv,0,1.0360566193412524e-05,0,1
4976,normal,window_typing_10000.csv,0,9.86825762083754e-06,0,1
4977,normal,window_typing_10000.csv,0,1.0846380064322148e-05,0,1
4978,normal,window_typing_10000.csv,0,9.642319128033705e-06,0,1
4979,normal,window_typing_10000.csv,0,9.064485311682802e-06,0,1
4980,normal,window_typing_10000.csv,0,9.62419289862737e-06,0,1
4981,normal,window_typing_10000.csv,0,1.1525859008543193e-05,0,1
4982,normal,window_typing_10000.csv,0,1.0795701200549956e-05,0,1
4983,normal,window_typing_10000.csv,0,1.2342387890384998e-05,0,1
4984,normal,window_typing_10000.csv,0,1.1580685168155469e-05,0,1
4985,normal,window_typing_10000.csv,0,1.0389080671302509e-05,0,1
4986,normal,window_typing_10000.csv,0,9.572675480740145e-06,0,1
4987,normal,window_typing_10000.csv,0,9.023025995702483e-06,0,1
4988,normal,window_typing_10000.csv,0,9.19130616239272e-06,0,1
4989,normal,window_typing_10000.csv,0,8.912651537684724e-06,0,1
4990,normal,window_typing_10000.csv,0,9.517468242847826e-06,0,1
4991,normal,window_typing_10000.csv,0,8.929700925364159e-06,0,1
4992,normal,window_typing_10000.csv,0,7.553475370514207e-06,0,1
4993,normal,window_typing_10000.csv,0,8.513554348610342e-06,0,1
4994,normal,window_typing_10000.csv,0,8.33118519949494e-06,0,1
4995,normal,window_typing_10000.csv,0,8.218927177949809e-06,0,1
4996,normal,window_typing_10000.csv,0,8.875103048922028e-06,0,1
4997,normal,window_typing_10000.csv,0,8.070528565440327e-06,0,1
4998,normal,window_typing_10000.csv,0,8.709480425750371e-06,0,1
4999,normal,window_typing_10000.csv,0,7.912741239124443e-06,0,1
5000,normal,window_typing_10000.csv,0,7.297569027286954e-06,0,1
5001,normal,window_typing_10000.csv,0,7.643613571417518e-06,0,1
5002,normal,window_typing_10000.csv,0,8.595814506406896e-06,0,1
5003,normal,window_typing_10000.csv,0,7.73579358792631e-06,0,1
5004,normal,window_typing_10000.csv,0,7.584043487440795e-06,0,1
5005,normal,window_typing_10000.csv,0,7.885637387516908e-06,0,1
5006,normal,window_typing_10000.csv,0,7.338207524298923e-06,0,1
5007,normal,window_typing_10000.csv,0,7.511352578148944e-06,0,1
5008,normal,window_typing_10000.csv,0,7.6172204899194185e-06,0,1
5009,normal,window_typing_10000.csv,0,7.25299832993187e-06,0,1
5010,normal,window_typing_10000.csv,0,7.69997132010758e-06,0,1
5011,normal,window_typing_10000.csv,0,7.761435881548095e-06,0,1
5012,normal,window_typing_10000.csv,0,7.545635071437573e-06,0,1
5013,normal,window_typing_10000.csv,0,8.470696229778696e-06,0,1
5014,normal,window_typing_10000.csv,0,8.113094736472704e-06,0,1
5015,normal,window_typing_10000.csv,0,8.621783308626618e-06,0,1
5016,normal,window_typing_10000.csv,0,8.251528015534859e-06,0,1
5017,normal,window_typing_10000.csv,0,9.388563739776146e-06,0,1
5018,normal,window_typing_10000.csv,0,8.23130631033564e-06,0,1
5019,normal,window_typing_10000.csv,0,9.868474080576561e-06,0,1
5020,normal,window_typing_10000.csv,0,9.47749776969431e-06,0,1
5021,normal,window_typing_10000.csv,0,8.885646820999682e-06,0,1
5022,normal,window_typing_10000.csv,0,8.095395969576202e-06,0,1
5023,normal,window_typing_10000.csv,0,8.875246749084909e-06,0,1
5024,normal,window_typing_10000.csv,0,8.701021215529181e-06,0,1
5025,normal,window_typing_10000.csv,0,9.527556358079892e-06,0,1
5026,normal,window_typing_10000.csv,0,8.535724191460758e-06,0,1
5027,normal,window_typing_10000.csv,0,8.62057368067326e-06,0,1
5028,normal,window_typing_10000.csv,0,8.945444278651848e-06,0,1
5029,normal,window_typing_10000.csv,0,8.47029332362581e-06,0,1
5030,normal,window_typing_10000.csv,0,8.8945816969499e-06,0,1
5031,normal,window_typing_10000.csv,0,1.051864182954887e-05,0,1
5032,normal,window_typing_10000.csv,0,8.91127456270624e-06,0,1
5033,normal,window_typing_10000.csv,0,8.462412552034948e-06,0,1
5034,normal,window_typing_10000.csv,0,8.22698166302871e-06,0,1
5035,normal,window_typing_10000.csv,0,8.105353117571212e-06,0,1
5036,normal,window_typing_10000.csv,0,8.255841748905368e-06,0,1
5037,normal,window_typing_10000.csv,0,7.657943569938652e-06,0,1
5038,normal,window_typing_10000.csv,0,7.262785402417649e-06,0,1
5039,normal,window_typing_10000.csv,0,9.194365702569485e-06,0,1
5040,normal,window_typing_10000.csv,0,7.834299140085932e-06,0,1
5041,normal,window_typing_10000.csv,0,7.4767544901988e-06,0,1
5042,normal,window_typing_10000.csv,0,7.587342679471476e-06,0,1
5043,normal,window_typing_10000.csv,0,7.766433554934338e-06,0,1
5044,normal,window_typing_10000.csv,0,7.164596354414243e-06,0,1
5045,normal,window_typing_10000.csv,0,8.48145555210067e-06,0,1
5046,normal,window_typing_10000.csv,0,8.1766011135187e-06,0,1
5047,normal,window_typing_10000.csv,0,1.373167924612062e-05,0,1
5048,normal,window_typing_10000.csv,0,8.474704372929409e-06,0,1
5049,normal,window_typing_10000.csv,0,9.44992461882066e-06,0,1
5050,normal,window_typing_10000.csv,0,8.668182090332266e-06,0,1
5051,normal,window_typing_10000.csv,0,9.540767678117845e-06,0,1
5052,normal,window_typing_10000.csv,0,8.63419882080052e-06,0,1
5053,normal,window_typing_10000.csv,0,1.5401417840621434e-05,0,1
5054,normal,window_typing_10000.csv,0,1.0933044904959388e-05,0,1
5055,normal,window_typing_10000.csv,0,1.0510861102375202e-05,0,1
5056,normal,window_typing_10000.csv,0,1.1027790606021881e-05,0,1
5057,normal,window_typing_10000.csv,0,8.821107257972471e-06,0,1
5058,normal,window_typing_10000.csv,0,8.946118214225862e-06,0,1
5059,normal,window_typing_10000.csv,0,1.1768212971219327e-05,0,1
5060,normal,window_typing_10000.csv,0,1.376349973725155e-05,0,1
5061,normal,window_typing_10000.csv,0,1.3227400813775603e-05,0,1
5062,normal,window_typing_10000.csv,0,1.2061861525580753e-05,0,1
5063,normal,window_typing_10000.csv,0,1.3809739357384387e-05,0,1
5064,normal,window_typing_10000.csv,0,1.5297486243071035e-05,0,1
5065,normal,window_typing_10000.csv,0,1.771368260961026e-05,0,1
5066,normal,window_typing_10000.csv,0,2.5538658519508317e-05,0,1
5067,normal,window_typing_10000.csv,0,2.458323069731705e-05,0,1
5068,normal,window_typing_10000.csv,0,3.1400744774146006e-05,0,1
5069,normal,window_typing_10000.csv,0,3.606471000239253e-05,0,1
5070,normal,window_typing_10000.csv,0,3.697619467857294e-05,0,1
5071,normal,window_typing_10000.csv,0,3.1283787393476814e-05,0,1
5072,normal,window_typing_10000.csv,0,4.4884443923365325e-05,0,1
5073,normal,window_typing_10000.csv,0,3.3096166589530185e-05,0,1
5074,normal,window_typing_10000.csv,0,2.645668610057328e-05,0,1
5075,normal,window_typing_10000.csv,0,2.224690433649812e-05,0,1
5076,normal,window_typing_10000.csv,0,1.9508612240315415e-05,0,1
5077,normal,window_typing_10000.csv,0,1.768777110555675e-05,0,1
5078,normal,window_typing_10000.csv,0,1.7001773812808096e-05,0,1
5079,normal,window_typing_10000.csv,0,1.774936208676081e-05,0,1
5080,normal,window_typing_10000.csv,0,1.700036409602035e-05,0,1
5081,normal,window_typing_10000.csv,0,1.821292971726507e-05,0,1
5082,normal,window_typing_10000.csv,0,1.6691166820237413e-05,0,1
5083,normal,window_typing_10000.csv,0,1.817415250116028e-05,0,1
5084,normal,window_typing_10000.csv,0,1.718054227239918e-05,0,1
5085,normal,window_typing_10000.csv,0,1.6947851690929383e-05,0,1
5086,normal,window_typing_10000.csv,0,1.4991243006079458e-05,0,1
5087,normal,window_typing_10000.csv,0,1.434161913493881e-05,0,1
5088,normal,window_typing_10000.csv,0,1.2859920389018953e-05,0,1
5089,normal,window_typing_10000.csv,0,1.4844340512354393e-05,0,1
5090,normal,window_typing_10000.csv,0,1.3421984476735815e-05,0,1
5091,normal,window_typing_10000.csv,0,1.0859784197236877e-05,0,1
5092,normal,window_typing_10000.csv,0,1.181029529107036e-05,0,1
5093,normal,window_typing_10000.csv,0,1.1294344403722789e-05,0,1
5094,normal,window_typing_10000.csv,0,9.90293119684793e-06,0,1
5095,normal,window_typing_10000.csv,0,9.488141586189158e-06,0,1
5096,normal,window_typing_10000.csv,0,1.1632741916400846e-05,0,1
5097,normal,window_typing_10000.csv,0,1.0048523108707741e-05,0,1
5098,normal,window_typing_10000.csv,0,9.388465514348354e-06,0,1
5099,normal,window_typing_10000.csv,0,9.341585609945469e-06,0,1
5100,normal,window_typing_10000.csv,0,9.025057806866243e-06,0,1
5101,normal,window_typing_10000.csv,0,8.443074875685852e-06,0,1
5102,normal,window_typing_10000.csv,0,8.520962182956282e-06,0,1
5103,normal,window_typing_10000.csv,0,7.995590749487747e-06,0,1
5104,normal,window_typing_10000.csv,0,8.08761797088664e-06,0,1
5105,normal,window_typing_10000.csv,0,8.11400059319567e-06,0,1
5106,normal,window_typing_10000.csv,0,8.54350219015032e-06,0,1
5107,normal,window_typing_10000.csv,0,9.158773536910303e-06,0,1
5108,normal,window_typing_10000.csv,0,8.888638149073813e-06,0,1
5109,normal,window_typing_10000.csv,0,8.66154641698813e-06,0,1
5110,normal,window_typing_10000.csv,0,8.547103789169341e-06,0,1
5111,normal,window_typing_10000.csv,0,8.812959094939288e-06,0,1
5112,normal,window_typing_10000.csv,0,8.747304491407704e-06,0,1
5113,normal,window_typing_10000.csv,0,9.628323823562823e-06,0,1
5114,normal,window_typing_10000.csv,0,8.769789928919636e-06,0,1
5115,normal,window_typing_10000.csv,0,8.513579814461991e-06,0,1
5116,normal,window_typing_10000.csv,0,8.558841727790423e-06,0,1
5117,normal,window_typing_10000.csv,0,8.03437433205545e-06,0,1
5118,normal,window_typing_10000.csv,0,7.679869668208994e-06,0,1
5119,normal,window_typing_10000.csv,0,8.079592589638196e-06,0,1
5120,normal,window_typing_10000.csv,0,8.933483513828833e-06,0,1
5121,normal,window_typing_10000.csv,0,7.823763553460594e-06,0,1
5122,normal,window_typing_10000.csv,0,1.5185956726782024e-05,0,1
5123,normal,window_typing_10000.csv,0,1.194285687233787e-05,0,1
5124,normal,window_typing_10000.csv,0,8.967455869424157e-06,0,1
5125,normal,window_typing_10000.csv,0,9.798552127904259e-06,0,1
5126,normal,window_typing_10000.csv,0,1.0730962458183058e-05,0,1
5127,normal,window_typing_10000.csv,0,8.987446562969126e-06,0,1
5128,normal,window_typing_10000.csv,0,8.661406354804058e-06,0,1
5129,normal,window_typing_10000.csv,0,8.938895007304382e-06,0,1
5130,normal,window_typing_10000.csv,0,1.2752705515595153e-05,0,1
5131,normal,window_typing_10000.csv,0,1.2595650332514197e-05,0,1
5132,normal,window_typing_10000.csv,0,1.225015876116231e-05,0,1
5133,normal,window_typing_10000.csv,0,1.311113010160625e-05,0,1
5134,normal,window_typing_10000.csv,0,1.3481199857778847e-05,0,1
5135,normal,window_typing_10000.csv,0,1.2653090379899368e-05,0,1
5136,normal,window_typing_10000.csv,0,1.098590928449994e-05,0,1
5137,normal,window_typing_10000.csv,0,1.199085727421334e-05,0,1
5138,normal,window_typing_10000.csv,0,1.107785828935448e-05,0,1
5139,normal,window_typing_10000.csv,0,1.1106927559012547e-05,0,1
5140,normal,window_typing_10000.csv,0,1.1582539627852384e-05,0,1
5141,normal,window_typing_10000.csv,0,1.0916082828771323e-05,0,1
5142,normal,window_typing_10000.csv,0,1.1755325431295205e-05,0,1
5143,normal,window_typing_10000.csv,0,1.2145361324655823e-05,0,1
5144,normal,window_typing_10000.csv,0,1.4243497389543336e-05,0,1
5145,normal,window_typing_10000.csv,0,1.1354649359418545e-05,0,1
5146,normal,window_typing_10000.csv,0,1.093850914912764e-05,0,1
5147,normal,window_typing_10000.csv,0,1.085372696252307e-05,0,1
5148,normal,window_typing_10000.csv,0,9.549534297548234e-06,0,1
5149,normal,window_typing_10000.csv,0,1.6578929717070423e-05,0,1
5150,normal,window_typing_10000.csv,0,1.1953043212997727e-05,0,1
5151,normal,window_typing_10000.csv,0,1.024039102048846e-05,0,1
5152,normal,window_typing_10000.csv,0,1.0391142495791428e-05,0,1
5153,normal,window_typing_10000.csv,0,1.7800826753955334e-05,0,1
5154,normal,window_typing_10000.csv,0,1.3311224392964505e-05,0,1
5155,normal,window_typing_10000.csv,0,1.1730788173736073e-05,0,1
5156,normal,window_typing_10000.csv,0,1.0129740076081362e-05,0,1
5157,normal,window_typing_10000.csv,0,1.0482112884346861e-05,0,1
5158,normal,window_typing_10000.csv,0,9.16993485589046e-06,0,1
5159,normal,window_typing_10000.csv,0,9.943803888745606e-06,0,1
5160,normal,window_typing_10000.csv,0,9.742664587975014e-06,0,1
5161,normal,window_typing_10000.csv,0,8.966849236458074e-06,0,1
5162,normal,window_typing_10000.csv,0,1.0026410564023536e-05,0,1
5163,normal,window_typing_10000.csv,0,8.611789780843537e-06,0,1
5164,normal,window_typing_10000.csv,0,8.217556569434237e-06,0,1
5165,normal,window_typing_10000.csv,0,8.920117579691578e-06,0,1
5166,normal,window_typing_10000.csv,0,9.509320079814643e-06,0,1
5167,normal,window_typing_10000.csv,0,9.960005627362989e-06,0,1
5168,normal,window_typing_10000.csv,0,1.0498038136574905e-05,0,1
5169,normal,window_typing_10000.csv,0,1.0193874913966283e-05,0,1
5170,normal,window_typing_10000.csv,0,1.0255548659188207e-05,0,1
5171,normal,window_typing_10000.csv,0,1.191989485960221e-05,0,1
5172,normal,window_typing_10000.csv,0,1.3987213606014848e-05,0,1
5173,normal,window_typing_10000.csv,0,1.3220604159869254e-05,0,1
5174,normal,window_typing_10000.csv,0,1.6751922885305248e-05,0,1
5175,normal,window_typing_10000.csv,0,1.4751511116628535e-05,0,1
5176,normal,window_typing_10000.csv,0,1.1007092325598933e-05,0,1
5177,normal,window_typing_10000.csv,0,1.351540231553372e-05,0,1
5178,normal,window_typing_10000.csv,0,1.1588816050789319e-05,0,1
5179,normal,window_typing_10000.csv,0,1.1518893188622314e-05,0,1
5180,normal,window_typing_10000.csv,0,1.109104141505668e-05,0,1
5181,normal,window_typing_10000.csv,0,1.1038332559110131e-05,0,1
5182,normal,window_typing_10000.csv,0,1.2231061191414483e-05,0,1
5183,normal,window_typing_10000.csv,0,9.844607120612636e-06,0,1
5184,normal,window_typing_10000.csv,0,1.0045543604064733e-05,0,1
5185,normal,window_typing_10000.csv,0,9.708634024718776e-06,0,1
5186,normal,window_typing_10000.csv,0,9.962057447410189e-06,0,1
5187,normal,window_typing_10000.csv,0,9.632723049435299e-06,0,1
5188,normal,window_typing_10000.csv,0,9.22451727092266e-06,0,1
5189,normal,window_typing_10000.csv,0,9.256514204025734e-06,0,1
5190,normal,window_typing_10000.csv,0,9.795646292332094e-06,0,1
5191,normal,window_typing_10000.csv,0,9.75083457888104e-06,0,1
5192,normal,window_typing_10000.csv,0,8.860912203090265e-06,0,1
5193,normal,window_typing_10000.csv,0,9.841312930802815e-06,0,1
5194,normal,window_typing_10000.csv,0,9.183963811665308e-06,0,1
5195,normal,window_typing_10000.csv,0,1.7277679944527335e-05,0,1
5196,normal,window_typing_10000.csv,0,1.365630032523768e-05,0,1
5197,normal,window_typing_10000.csv,0,1.147231159848161e-05,0,1
5198,normal,window_typing_10000.csv,0,1.221378715854371e-05,0,1
5199,normal,window_typing_10000.csv,0,9.808041795622557e-06,0,1
5200,normal,window_typing_10000.csv,0,1.0357622159062885e-05,0,1
5201,normal,window_typing_10000.csv,0,1.2759041965182405e-05,0,1
5202,normal,window_typing_10000.csv,0,1.394736045767786e-05,0,1
5203,normal,window_typing_10000.csv,0,1.2248022358107846e-05,0,1
5204,normal,window_typing_10000.csv,0,1.2375187907309737e-05,0,1
5205,normal,window_typing_10000.csv,0,1.2615931154869031e-05,0,1
5206,normal,window_typing_10000.csv,0,0.0009685275726951659,0,1
5207,normal,window_typing_10000.csv,0,0.0006509725353680551,0,1
5208,normal,window_typing_10000.csv,0,0.00037409059586934745,0,1
5209,normal,window_typing_10000.csv,0,0.00032312734401784837,0,1
5210,normal,window_typing_10000.csv,0,0.0003054281114600599,0,1
5211,normal,window_typing_10000.csv,0,0.0002779170172289014,0,1
5212,normal,window_typing_10000.csv,0,0.00028466744697652757,0,1
5213,normal,window_typing_10000.csv,0,0.0002577180275693536,0,1
5214,normal,window_typing_10000.csv,0,0.00024378705711569637,0,1
5215,normal,window_typing_10000.csv,0,0.0002409891167189926,0,1
5216,normal,window_typing_10000.csv,0,0.00022620326490141451,0,1
5217,normal,window_typing_10000.csv,0,0.00021326521527953446,0,1
5218,normal,window_typing_10000.csv,0,0.00022323279699776322,0,1
5219,normal,window_typing_10000.csv,0,0.00020984828006476164,0,1
5220,normal,window_typing_10000.csv,0,0.00018615156295709312,0,1
5221,normal,window_typing_10000.csv,0,6.688361463602632e-05,0,1
5222,normal,window_typing_10000.csv,0,2.6068515580845997e-05,0,1
5223,normal,window_typing_10000.csv,0,1.7265259884879924e-05,0,1
5224,normal,window_typing_10000.csv,0,1.593549495737534e-05,0,1
5225,normal,window_typing_10000.csv,0,1.3407196092884988e-05,0,1
5226,normal,window_typing_10000.csv,0,1.1053186426579487e-05,0,1
5227,normal,window_typing_10000.csv,0,1.1810981050075497e-05,0,1
5228,normal,window_typing_10000.csv,0,1.2368180250632577e-05,0,1
5229,normal,window_typing_10000.csv,0,1.1482611625979189e-05,0,1
5230,normal,window_typing_10000.csv,0,1.0273589396092575e-05,0,1
5231,normal,window_typing_10000.csv,0,1.0915885468421038e-05,0,1
5232,normal,window_typing_10000.csv,0,1.176728073915001e-05,0,1
5233,normal,window_typing_10000.csv,0,1.1040154276997782e-05,0,1
5234,normal,window_typing_10000.csv,0,1.101791986002354e-05,0,1
5235,normal,window_typing_10000.csv,0,9.253195457858965e-06,0,1
5236,normal,window_typing_10000.csv,0,8.77899492479628e-06,0,1
5237,normal,window_typing_10000.csv,0,7.932763764983974e-06,0,1
5238,normal,window_typing_10000.csv,0,1.3277146535983775e-05,0,1
5239,normal,window_typing_10000.csv,0,1.2038579370710067e-05,0,1
5240,normal,window_typing_10000.csv,0,9.090490493690595e-06,0,1
5241,normal,window_typing_10000.csv,0,8.66676873556571e-06,0,1
5242,normal,window_typing_10000.csv,0,8.873325896274764e-06,0,1
5243,normal,window_typing_10000.csv,0,8.455305760435294e-06,0,1
5244,normal,window_typing_10000.csv,0,8.459878699795809e-06,0,1
5245,normal,window_typing_10000.csv,0,9.40954760153545e-06,0,1
5246,normal,window_typing_10000.csv,0,8.671952855365817e-06,0,1
5247,normal,window_typing_10000.csv,0,8.509642611898016e-06,0,1
5248,normal,window_typing_10000.csv,0,9.328019586973824e-06,0,1
5249,normal,window_typing_10000.csv,0,1.0140401172975544e-05,0,1
5250,normal,window_typing_10000.csv,0,1.4043432202015538e-05,0,1
5251,normal,window_typing_10000.csv,0,1.617710222490132e-05,0,1
5252,normal,window_typing_10000.csv,0,1.234766205016058e-05,0,1
5253,normal,window_typing_10000.csv,0,1.3754615793004632e-05,0,1
5254,normal,window_typing_10000.csv,0,1.3554151337302756e-05,0,1
5255,normal,window_typing_10000.csv,0,1.22439460028545e-05,0,1
5256,normal,window_typing_10000.csv,0,1.306120066146832e-05,0,1
5257,normal,window_typing_10000.csv,0,1.2187722859380301e-05,0,1
5258,normal,window_typing_10000.csv,0,1.2266747035027947e-05,0,1
5259,normal,window_typing_10000.csv,0,1.2871258149971254e-05,0,1
5260,normal,window_typing_10000.csv,0,1.3298611520440318e-05,0,1
5261,normal,window_typing_10000.csv,0,1.149448780779494e-05,0,1
5262,normal,window_typing_10000.csv,0,1.1872439245053101e-05,0,1
5263,normal,window_typing_10000.csv,0,1.1177206943102647e-05,0,1
5264,normal,window_typing_10000.csv,0,1.1540278137545101e-05,0,1
5265,normal,window_typing_10000.csv,0,1.1142767107230611e-05,0,1
5266,normal,window_typing_10000.csv,0,1.0435890544613358e-05,0,1
5267,normal,window_typing_10000.csv,0,9.747711374075152e-06,0,1
5268,normal,window_typing_10000.csv,0,9.103590855374932e-06,0,1
5269,normal,window_typing_10000.csv,0,8.706905646249652e-06,0,1
5270,normal,window_typing_10000.csv,0,9.048162610270083e-06,0,1
5271,normal,window_typing_10000.csv,0,8.633787729195319e-06,0,1
5272,normal,window_typing_10000.csv,0,7.971957529662177e-06,0,1
5273,normal,window_typing_10000.csv,0,8.08006188890431e-06,0,1
5274,normal,window_typing_10000.csv,0,8.676924153405707e-06,0,1
5275,normal,window_typing_10000.csv,0,8.233480002672877e-06,0,1
5276,normal,window_typing_10000.csv,0,8.23098343971651e-06,0,1
5277,normal,window_typing_10000.csv,0,9.243793101632036e-06,0,1
5278,normal,window_typing_10000.csv,0,8.878793778421823e-06,0,1
5279,normal,window_typing_10000.csv,0,7.836636541469488e-06,0,1
5280,normal,window_typing_10000.csv,0,9.855748430709355e-06,0,1
5281,normal,window_typing_10000.csv,0,8.967617759481072e-06,0,1
5282,normal,window_typing_10000.csv,0,9.918829164234921e-06,0,1
5283,normal,window_typing_10000.csv,0,1.0256860150548164e-05,0,1
5284,normal,window_typing_10000.csv,0,9.930830856319517e-06,0,1
5285,normal,window_typing_10000.csv,0,1.0329755241400562e-05,0,1
5286,normal,window_typing_10000.csv,0,1.1394742614356801e-05,0,1
5287,normal,window_typing_10000.csv,0,1.0903057045652531e-05,0,1
5288,normal,window_typing_10000.csv,0,9.56292115006363e-06,0,1
5289,normal,window_typing_10000.csv,0,1.0461579222464934e-05,0,1
5290,normal,window_typing_10000.csv,0,9.82174515229417e-06,0,1
5291,normal,window_typing_10000.csv,0,1.1294795513094869e-05,0,1
5292,normal,window_typing_10000.csv,0,1.2601682101376355e-05,0,1
5293,normal,window_typing_10000.csv,0,1.2056340892740991e-05,0,1
5294,normal,window_typing_10000.csv,0,1.1194980288564693e-05,0,1
5295,normal,window_typing_10000.csv,0,1.1199560503882822e-05,0,1
5296,normal,window_typing_10000.csv,0,1.3261213098303415e-05,0,1
5297,normal,window_typing_10000.csv,0,1.2796012924809474e-05,0,1
5298,normal,window_typing_10000.csv,0,1.0941409527731594e-05,0,1
5299,normal,window_typing_10000.csv,0,1.1523297871463e-05,0,1
5300,normal,window_typing_10000.csv,0,1.248597982339561e-05,0,1
5301,normal,window_typing_10000.csv,0,1.0582958566374145e-05,0,1
5302,normal,window_typing_10000.csv,0,1.1907271073141601e-05,0,1
5303,normal,window_typing_10000.csv,0,1.1713495041476563e-05,0,1
5304,normal,window_typing_10000.csv,0,1.08543581518461e-05,0,1
5305,normal,window_typing_10000.csv,0,1.0558441317698453e-05,0,1
5306,normal,window_typing_10000.csv,0,1.0257641406496987e-05,0,1
5307,normal,window_typing_10000.csv,0,1.2067717761965469e-05,0,1
5308,normal,window_typing_10000.csv,0,1.2598869034263771e-05,0,1
5309,normal,window_typing_10000.csv,0,1.2074498954461887e-05,0,1
5310,normal,window_typing_10000.csv,0,1.0968291462631896e-05,0,1
5311,normal,window_typing_10000.csv,0,1.099986275221454e-05,0,1
5312,normal,window_typing_10000.csv,0,1.1614740287768655e-05,0,1
5313,normal,window_typing_10000.csv,0,1.0585511518002022e-05,0,1
5314,normal,window_typing_10000.csv,0,1.1432120118115563e-05,0,1
5315,normal,window_typing_10000.csv,0,1.0956613550661132e-05,0,1
5316,normal,window_typing_10000.csv,0,1.045630324369995e-05,0,1
5317,normal,window_typing_10000.csv,0,1.1288895620964468e-05,0,1
5318,normal,window_typing_10000.csv,0,1.0395295248599723e-05,0,1
5319,normal,window_typing_10000.csv,0,1.0977970305248164e-05,0,1
5320,normal,window_typing_10000.csv,0,1.109667937271297e-05,0,1
5321,normal,window_typing_10000.csv,0,9.911151209962554e-06,0,1
5322,normal,window_typing_10000.csv,0,1.104844341170974e-05,0,1
5323,normal,window_typing_10000.csv,0,1.0024261428043246e-05,0,1
5324,normal,window_typing_10000.csv,0,1.0206432307313662e-05,0,1
5325,normal,window_typing_10000.csv,0,8.550813618057873e-06,0,1
5326,normal,window_typing_10000.csv,0,9.016266631078906e-06,0,1
5327,normal,window_typing_10000.csv,0,8.965035704022739e-06,0,1
5328,normal,window_typing_10000.csv,0,8.307707503263373e-06,0,1
5329,normal,window_typing_10000.csv,0,7.306182851607446e-06,0,1
5330,normal,window_typing_10000.csv,0,7.912318324088119e-06,0,1
5331,normal,window_typing_10000.csv,0,7.70584028941812e-06,0,1
5332,normal,window_typing_10000.csv,0,7.449680197169073e-06,0,1
5333,normal,window_typing_10000.csv,0,7.132725841074716e-06,0,1
5334,normal,window_typing_10000.csv,0,7.205112069641473e-06,0,1
5335,normal,window_typing_10000.csv,0,8.066989721555728e-06,0,1
5336,normal,window_typing_10000.csv,0,7.659002221771516e-06,0,1
5337,normal,window_typing_10000.csv,0,7.446163635904668e-06,0,1
5338,normal,window_typing_10000.csv,0,7.400438789773034e-06,0,1
5339,normal,window_typing_10000.csv,0,7.924997589725535e-06,0,1
5340,normal,window_typing_10000.csv,0,7.416031166940229e-06,0,1
5341,normal,window_typing_10000.csv,0,7.806137546140235e-06,0,1
5342,normal,window_typing_10000.csv,0,7.020958037173841e-06,0,1
5343,normal,window_typing_10000.csv,0,7.053150511637796e-06,0,1
5344,normal,window_typing_10000.csv,0,7.0440150921058375e-06,0,1
5345,normal,window_typing_10000.csv,0,6.618379302381072e-06,0,1
5346,normal,window_typing_10000.csv,0,7.889623702794779e-06,0,1
5347,normal,window_typing_10000.csv,0,7.916711183497682e-06,0,1
5348,normal,window_typing_10000.csv,0,1.061830062099034e-05,0,1
5349,normal,window_typing_10000.csv,0,8.877439540810883e-06,0,1
5350,normal,window_typing_10000.csv,0,7.26197549738572e-06,0,1
5351,normal,window_typing_10000.csv,0,7.135378382372437e-06,0,1
5352,normal,window_typing_10000.csv,0,7.036482202238403e-06,0,1
5353,normal,window_typing_10000.csv,0,7.149628345359815e-06,0,1
5354,normal,window_typing_10000.csv,0,9.08955462364247e-06,0,1
5355,normal,window_typing_10000.csv,0,7.988235665834509e-06,0,1
5356,normal,window_typing_10000.csv,0,7.468010608135955e-06,0,1
5357,normal,window_typing_10000.csv,0,7.526669378421502e-06,0,1
5358,normal,window_typing_10000.csv,0,7.143460607039742e-06,0,1
5359,normal,window_typing_10000.csv,0,6.5223866840824485e-06,0,1
5360,normal,window_typing_10000.csv,0,8.678926860739011e-06,0,1
5361,normal,window_typing_10000.csv,0,1.032375712384237e-05,0,1
5362,normal,window_typing_10000.csv,0,1.022924425342353e-05,0,1
5363,normal,window_typing_10000.csv,0,8.828664249449503e-06,0,1
5364,normal,window_typing_10000.csv,0,8.931345291784965e-06,0,1
5365,normal,window_typing_10000.csv,0,8.993242772703525e-06,0,1
5366,normal,window_typing_10000.csv,0,9.441133443033323e-06,0,1
5367,normal,window_typing_10000.csv,0,9.496813618170563e-06,0,1
5368,normal,window_typing_10000.csv,0,1.0214923349849414e-05,0,1
5369,normal,window_typing_10000.csv,0,9.370432962896302e-06,0,1
5370,normal,window_typing_10000.csv,0,9.17726538318675e-06,0,1
5371,normal,window_typing_10000.csv,0,8.679134225531016e-06,0,1
5372,normal,window_typing_10000.csv,0,1.058651105267927e-05,0,1
5373,normal,window_typing_10000.csv,0,9.418758963875007e-06,0,1
5374,normal,window_typing_10000.csv,0,9.925093763740733e-06,0,1
5375,normal,window_typing_10000.csv,0,1.0638135790941305e-05,0,1
5376,normal,window_typing_10000.csv,0,9.962095646187663e-06,0,1
5377,normal,window_typing_10000.csv,0,9.317972399003338e-06,0,1
5378,normal,window_typing_10000.csv,0,9.461775334784761e-06,0,1
5379,normal,window_typing_10000.csv,0,8.323965630552266e-06,0,1
5380,normal,window_typing_10000.csv,0,1.063523450284265e-05,0,1
5381,normal,window_typing_10000.csv,0,1.2026116564811673e-05,0,1
5382,normal,window_typing_10000.csv,0,1.2258270544407424e-05,0,1
5383,normal,window_typing_10000.csv,0,1.191229239339009e-05,0,1
5384,normal,window_typing_10000.csv,0,1.2129168680985458e-05,0,1
5385,normal,window_typing_10000.csv,0,1.0681697858672123e-05,0,1
5386,normal,window_typing_10000.csv,0,1.8473183445166796e-05,0,1
5387,normal,window_typing_10000.csv,0,1.3006819244765211e-05,0,1
5388,normal,window_typing_10000.csv,0,1.2099212653993163e-05,0,1
5389,normal,window_typing_10000.csv,0,1.1720869224518538e-05,0,1
5390,normal,window_typing_10000.csv,0,1.1047041880374309e-05,0,1
5391,normal,window_typing_10000.csv,0,1.0436598131491337e-05,0,1
5392,normal,window_typing_10000.csv,0,1.154486835730495e-05,0,1
5393,normal,window_typing_10000.csv,0,1.106717263610335e-05,0,1
5394,normal,window_typing_10000.csv,0,1.1385476682335138e-05,0,1
5395,normal,window_typing_10000.csv,0,1.095912102755392e-05,0,1
5396,normal,window_typing_10000.csv,0,9.809753464651294e-06,0,1
5397,normal,window_typing_10000.csv,0,1.0469833796378225e-05,0,1
5398,normal,window_typing_10000.csv,0,1.004614750854671e-05,0,1
5399,normal,window_typing_10000.csv,0,9.182352187053766e-06,0,1
5400,normal,window_typing_10000.csv,0,9.303987098974176e-06,0,1
5401,normal,window_typing_10000.csv,0,9.14351039682515e-06,0,1
5402,normal,window_typing_10000.csv,0,9.732235412229784e-06,0,1
5403,normal,window_typing_10000.csv,0,9.341248187411111e-06,0,1
5404,normal,window_typing_10000.csv,0,9.376645721204113e-06,0,1
5405,normal,window_typing_10000.csv,0,8.40889879327733e-06,0,1
5406,normal,window_typing_10000.csv,0,9.192262041324284e-06,0,1
5407,normal,window_typing_10000.csv,0,9.138122550211847e-06,0,1
5408,normal,window_typing_10000.csv,0,8.96626715984894e-06,0,1
5409,normal,window_typing_10000.csv,0,9.532955118629616e-06,0,1
5410,normal,window_typing_10000.csv,0,8.815102773951367e-06,0,1
5411,normal,window_typing_10000.csv,0,9.844410669757053e-06,0,1
5412,normal,window_typing_10000.csv,0,9.10348717297893e-06,0,1
5413,normal,window_typing_10000.csv,0,9.2047357611591e-06,0,1
5414,normal,window_typing_10000.csv,0,8.103290383587591e-06,0,1
5415,normal,window_typing_10000.csv,0,8.9756349552772e-06,0,1
5416,normal,window_typing_10000.csv,0,8.119596714095678e-06,0,1
5417,normal,window_typing_10000.csv,0,8.29957480164012e-06,0,1
5418,normal,window_typing_10000.csv,0,8.335841812368017e-06,0,1
5419,normal,window_typing_10000.csv,0,7.224694400065346e-06,0,1
5420,normal,window_typing_10000.csv,0,7.669162187085021e-06,0,1
5421,normal,window_typing_10000.csv,0,9.312145266449079e-06,0,1
5422,normal,window_typing_10000.csv,0,8.527059435436968e-06,0,1
5423,normal,window_typing_10000.csv,0,9.146841875917744e-06,0,1
5424,normal,window_typing_10000.csv,0,1.0143079634872265e-05,0,1
5425,normal,window_typing_10000.csv,0,1.1175256076967344e-05,0,1
5426,normal,window_typing_10000.csv,0,1.27277980936924e-05,0,1
5427,normal,window_typing_10000.csv,0,1.3040750673098955e-05,0,1
5428,normal,window_typing_10000.csv,0,1.6409752788604237e-05,0,1
5429,normal,window_typing_10000.csv,0,1.4796709365327843e-05,0,1
5430,normal,window_typing_10000.csv,0,1.4878994079481345e-05,0,1
5431,normal,window_typing_10000.csv,0,1.295132824452594e-05,0,1
5432,normal,window_typing_10000.csv,0,1.3033204595558345e-05,0,1
5433,normal,window_typing_10000.csv,0,1.236073876498267e-05,0,1
5434,normal,window_typing_10000.csv,0,1.4976524653320666e-05,0,1
5435,normal,window_typing_10000.csv,0,1.3244959518488031e-05,0,1
5436,normal,window_typing_10000.csv,0,1.2233535017003305e-05,0,1
5437,normal,window_typing_10000.csv,0,1.159687599283643e-05,0,1
5438,normal,window_typing_10000.csv,0,1.207958939630771e-05,0,1
5439,normal,window_typing_10000.csv,0,1.1019285921065602e-05,0,1
5440,normal,window_typing_10000.csv,0,1.046405486704316e-05,0,1
5441,normal,window_typing_10000.csv,0,1.0004071555158589e-05,0,1
5442,normal,window_typing_10000.csv,0,9.880404832074419e-06,0,1
5443,normal,window_typing_10000.csv,0,1.0499039490241557e-05,0,1
5444,normal,window_typing_10000.csv,0,9.42391579883406e-06,0,1
5445,normal,window_typing_10000.csv,0,9.412052349944133e-06,0,1
5446,normal,window_typing_10000.csv,0,8.912166777008679e-06,0,1
5447,normal,window_typing_10000.csv,0,8.871676072885748e-06,0,1
5448,normal,window_typing_10000.csv,0,8.200051524909213e-06,0,1
5449,normal,window_typing_10000.csv,0,7.698010449530557e-06,0,1
5450,normal,window_typing_10000.csv,0,7.233277301565977e-06,0,1
5451,normal,window_typing_10000.csv,0,1.251830326509662e-05,0,1
5452,normal,window_typing_10000.csv,0,9.40494555834448e-06,0,1
5453,normal,window_typing_10000.csv,0,7.622525117767509e-06,0,1
5454,normal,window_typing_10000.csv,0,7.710523277637549e-06,0,1
5455,normal,window_typing_10000.csv,0,1.1051636647607666e-05,0,1
5456,normal,window_typing_10000.csv,0,9.605752893548924e-06,0,1
5457,normal,window_typing_10000.csv,0,8.61743410496274e-06,0,1
5458,normal,window_typing_10000.csv,0,8.86372617969755e-06,0,1
5459,normal,window_typing_10000.csv,0,7.66500124882441e-06,0,1
5460,normal,window_typing_10000.csv,0,7.623397323186509e-06,0,1
5461,normal,window_typing_10000.csv,0,7.8733728514635e-06,0,1
5462,normal,window_typing_10000.csv,0,8.182600140571594e-06,0,1
5463,normal,window_typing_10000.csv,0,7.634070243511815e-06,0,1
5464,normal,window_typing_10000.csv,0,8.59680676512653e-06,0,1
5465,normal,window_typing_10000.csv,0,7.545743301307084e-06,0,1
5466,normal,window_typing_10000.csv,0,7.965877557580825e-06,0,1
5467,normal,window_typing_10000.csv,0,8.701419574208558e-06,0,1
5468,normal,window_typing_10000.csv,0,8.374669960176107e-06,0,1
5469,normal,window_typing_10000.csv,0,7.798339538567234e-06,0,1
5470,normal,window_typing_10000.csv,0,9.287346983910538e-06,0,1
5471,normal,window_typing_10000.csv,0,8.650254130770918e-06,0,1
5472,normal,window_typing_10000.csv,0,7.642061063961592e-06,0,1
5473,normal,window_typing_10000.csv,0,7.721318070252892e-06,0,1
5474,normal,window_typing_10000.csv,0,8.060483196459245e-06,0,1
5475,normal,window_typing_10000.csv,0,7.649556209798902e-06,0,1
5476,normal,window_typing_10000.csv,0,7.965376426000148e-06,0,1
5477,normal,window_typing_10000.csv,0,8.15811836218927e-06,0,1
5478,normal,window_typing_10000.csv,0,8.017704203666653e-06,0,1
5479,normal,window_typing_10000.csv,0,9.161665730061941e-06,0,1
5480,normal,window_typing_10000.csv,0,9.734899322211277e-06,0,1
5481,normal,window_typing_10000.csv,0,9.887511623674072e-06,0,1
5482,normal,window_typing_10000.csv,0,9.621741810406093e-06,0,1
5483,normal,window_typing_10000.csv,0,1.569049163663294e-05,0,1
5484,normal,window_typing_10000.csv,0,1.1000523045368027e-05,0,1
5485,normal,window_typing_10000.csv,0,1.0370550626248587e-05,0,1
5486,normal,window_typing_10000.csv,0,1.049857928592246e-05,0,1
5487,normal,window_typing_10000.csv,0,9.346113074570894e-06,0,1
5488,normal,window_typing_10000.csv,0,9.067779501492623e-06,0,1
5489,normal,window_typing_10000.csv,0,8.826382327242754e-06,0,1
5490,normal,window_typing_10000.csv,0,9.254466021957342e-06,0,1
5491,normal,window_typing_10000.csv,0,9.668552593211643e-06,0,1
5492,normal,window_typing_10000.csv,0,9.612552275939379e-06,0,1
5493,normal,window_typing_10000.csv,0,1.009332754620118e-05,0,1
5494,normal,window_typing_10000.csv,0,9.185715498460922e-06,0,1
5495,normal,window_typing_10000.csv,0,8.528287253284361e-06,0,1
5496,normal,window_typing_10000.csv,0,7.964214091771282e-06,0,1
5497,normal,window_typing_10000.csv,0,8.998741577670444e-06,0,1
5498,normal,window_typing_10000.csv,0,8.280649126390927e-06,0,1
5499,normal,window_typing_10000.csv,0,8.924414942157455e-06,0,1
5500,normal,window_typing_10000.csv,0,1.0152351023862138e-05,0,1
5501,normal,window_typing_10000.csv,0,1.0573526196822058e-05,0,1
5502,normal,window_typing_10000.csv,0,1.0964346984110307e-05,0,1
5503,normal,window_typing_10000.csv,0,1.2244658137205988e-05,0,1
5504,normal,window_typing_10000.csv,0,1.2543062439362984e-05,0,1
5505,normal,window_typing_10000.csv,0,1.2220823009556625e-05,0,1
5506,normal,window_typing_10000.csv,0,1.1961208656430244e-05,0,1
5507,normal,window_typing_10000.csv,0,1.0567538083705585e-05,0,1
5508,normal,window_typing_10000.csv,0,1.1647972314676736e-05,0,1
5509,normal,window_typing_10000.csv,0,1.111712208512472e-05,0,1
5510,normal,window_typing_10000.csv,0,1.2415805031196214e-05,0,1
5511,normal,window_typing_10000.csv,0,1.5400786651298404e-05,0,1
5512,normal,window_typing_10000.csv,0,1.5649724446120672e-05,0,1
5513,normal,window_typing_10000.csv,0,1.5407249520649202e-05,0,1
5514,normal,window_typing_10000.csv,0,1.4350087440107018e-05,0,1
5515,normal,window_typing_10000.csv,0,1.3846268302586395e-05,0,1
5516,normal,window_typing_10000.csv,0,1.2908246389997657e-05,0,1
5517,normal,window_typing_10000.csv,0,1.2468000932130963e-05,0,1
5518,normal,window_typing_10000.csv,0,1.0621491128404159e-05,0,1
5519,normal,window_typing_10000.csv,0,9.876786862150766e-06,0,1
5520,normal,window_typing_10000.csv,0,1.1249464478169102e-05,0,1
5521,normal,window_typing_10000.csv,0,1.0409589776827488e-05,0,1
5522,normal,window_typing_10000.csv,0,1.1392189662728924e-05,0,1
5523,normal,window_typing_10000.csv,0,1.1741096386685967e-05,0,1
5524,normal,window_typing_10000.csv,0,1.0716491487983149e-05,0,1
5525,normal,window_typing_10000.csv,0,1.1103529686806723e-05,0,1
5526,normal,window_typing_10000.csv,0,1.099588735087309e-05,0,1
5527,normal,window_typing_10000.csv,0,1.0165042112930678e-05,0,1
5528,normal,window_typing_10000.csv,0,9.613800102670211e-06,0,1
5529,normal,window_typing_10000.csv,0,9.995965228881687e-06,0,1
5530,normal,window_typing_10000.csv,0,1.0885270057769958e-05,0,1
5531,normal,window_typing_10000.csv,0,1.1443791663623415e-05,0,1
5532,normal,window_typing_10000.csv,0,1.159431030828273e-05,0,1
5533,normal,window_typing_10000.csv,0,1.1749429177143611e-05,0,1
5534,normal,window_typing_10000.csv,0,1.0524070603423752e-05,0,1
5535,normal,window_typing_10000.csv,0,9.736868378240615e-06,0,1
5536,normal,window_typing_10000.csv,0,9.939897609001491e-06,0,1
5537,normal,window_typing_10000.csv,0,9.749561286298558e-06,0,1
5538,normal,window_typing_10000.csv,0,1.0541428309807088e-05,0,1
5539,normal,window_typing_10000.csv,0,9.17381839826703e-06,0,1
5540,normal,window_typing_10000.csv,0,1.1159685527672991e-05,0,1
5541,normal,window_typing_10000.csv,0,9.076440619537607e-06,0,1
5542,normal,window_typing_10000.csv,0,8.900242391973734e-06,0,1
5543,normal,window_typing_10000.csv,0,8.359023013326805e-06,0,1
5544,normal,window_typing_10000.csv,0,8.95106768439291e-06,0,1
5545,normal,window_typing_10000.csv,0,9.606614185031503e-06,0,1
5546,normal,window_typing_10000.csv,0,9.915178452502005e-06,0,1
5547,normal,window_typing_10000.csv,0,1.1177419764862861e-05,0,1
5548,normal,window_typing_10000.csv,0,1.275685372092994e-05,0,1
5549,normal,window_typing_10000.csv,0,1.0897568245127331e-05,0,1
5550,normal,window_typing_10000.csv,0,1.2519330084614921e-05,0,1
5551,normal,window_typing_10000.csv,0,1.0782550816657022e-05,0,1
5552,normal,window_typing_10000.csv,0,1.467058973503299e-05,0,1
5553,normal,window_typing_10000.csv,0,1.2812534805561882e-05,0,1
5554,normal,window_typing_10000.csv,0,1.4498374184768181e-05,0,1
5555,normal,window_typing_10000.csv,0,1.2439711099432316e-05,0,1
5556,normal,window_typing_10000.csv,0,1.1493074453028385e-05,0,1
5557,normal,window_typing_10000.csv,0,1.228962810273515e-05,0,1
5558,normal,window_typing_10000.csv,0,1.116951352742035e-05,0,1
5559,normal,window_typing_10000.csv,0,1.200347651320044e-05,0,1
5560,normal,window_typing_10000.csv,0,1.1748969882319216e-05,0,1
5561,normal,window_typing_10000.csv,0,1.0702018698793836e-05,0,1
5562,normal,window_typing_10000.csv,0,1.0826125617313664e-05,0,1
5563,normal,window_typing_10000.csv,0,1.0884969015023671e-05,0,1
5564,normal,window_typing_10000.csv,0,9.325786777480971e-06,0,1
5565,normal,window_typing_10000.csv,0,8.678827725816518e-06,0,1
5566,normal,window_typing_10000.csv,0,8.145376341417432e-06,0,1
5567,normal,window_typing_10000.csv,0,8.621478627901524e-06,0,1
5568,normal,window_typing_10000.csv,0,8.032566256588325e-06,0,1
5569,normal,window_typing_10000.csv,0,8.104758308036253e-06,0,1
5570,normal,window_typing_10000.csv,0,8.05638683232246e-06,0,1
5571,normal,window_typing_10000.csv,0,8.816632544039749e-06,0,1
5572,normal,window_typing_10000.csv,0,1.1525891750352457e-05,0,1
5573,normal,window_typing_10000.csv,0,1.117409465223318e-05,0,1
5574,normal,window_typing_10000.csv,0,1.0377406397310551e-05,0,1
5575,normal,window_typing_10000.csv,0,1.0774749171105213e-05,0,1
5576,normal,window_typing_10000.csv,0,1.087992586690234e-05,0,1
5577,normal,window_typing_10000.csv,0,1.0451428352098446e-05,0,1
5578,normal,window_typing_10000.csv,0,9.986427357944194e-06,0,1
5579,normal,window_typing_10000.csv,0,1.0269015547237359e-05,0,1
5580,normal,window_typing_10000.csv,0,1.064349362422945e-05,0,1
5581,normal,window_typing_10000.csv,0,9.99748044705484e-06,0,1
5582,normal,window_typing_10000.csv,0,9.486060662311502e-06,0,1
5583,normal,window_typing_10000.csv,0,9.309036613558419e-06,0,1
5584,normal,window_typing_10000.csv,0,9.859509191301186e-06,0,1
5585,normal,window_typing_10000.csv,0,8.355507816304453e-06,0,1
5586,normal,window_typing_10000.csv,0,8.3949807958561e-06,0,1
5587,normal,window_typing_10000.csv,0,1.0384940651420038e-05,0,1
5588,normal,window_typing_10000.csv,0,9.222370863426477e-06,0,1
5589,normal,window_typing_10000.csv,0,9.283973668061662e-06,0,1
5590,normal,window_typing_10000.csv,0,8.10379242466297e-06,0,1
5591,normal,window_typing_10000.csv,0,8.856722160999198e-06,0,1
5592,normal,window_typing_10000.csv,0,7.738044587313198e-06,0,1
5593,normal,window_typing_10000.csv,0,7.87403405411169e-06,0,1
5594,normal,window_typing_10000.csv,0,8.95476568985032e-06,0,1
5595,normal,window_typing_10000.csv,0,7.77375498728361e-06,0,1
5596,normal,window_typing_10000.csv,0,8.70817711984273e-06,0,1
5597,normal,window_typing_10000.csv,0,8.715479452803265e-06,0,1
5598,normal,window_typing_10000.csv,0,8.18567605165299e-06,0,1
5599,normal,window_typing_10000.csv,0,8.258423804363701e-06,0,1
5600,normal,window_typing_10000.csv,0,9.587714885128662e-06,0,1
5601,normal,window_typing_10000.csv,0,9.86049599305261e-06,0,1
5602,normal,window_typing_10000.csv,0,9.119013157032896e-06,0,1
5603,normal,window_typing_10000.csv,0,8.799605893727858e-06,0,1
5604,normal,window_typing_10000.csv,0,8.722455277165864e-06,0,1
5605,normal,window_typing_10000.csv,0,9.670876352174673e-06,0,1
5606,normal,window_typing_10000.csv,0,1.2462829545256682e-05,0,1
5607,normal,window_typing_10000.csv,0,1.4293081221694592e-05,0,1
5608,normal,window_typing_10000.csv,0,9.064062396646477e-06,0,1
5609,normal,window_typing_10000.csv,0,9.402425348525867e-06,0,1
5610,normal,window_typing_10000.csv,0,1.0310002835467458e-05,0,1
5611,normal,window_typing_10000.csv,0,1.08987323983456e-05,0,1
5612,normal,window_typing_10000.csv,0,1.0631918485159986e-05,0,1
5613,normal,window_typing_10000.csv,0,1.7262182154809125e-05,0,1
5614,normal,window_typing_10000.csv,0,1.2203506230434868e-05,0,1
5615,normal,window_typing_10000.csv,0,1.129565771407215e-05,0,1
5616,normal,window_typing_10000.csv,0,1.216494001710089e-05,0,1
5617,normal,window_typing_10000.csv,0,1.1051415640395135e-05,0,1
5618,normal,window_typing_10000.csv,0,1.0281734830641653e-05,0,1
5619,normal,window_typing_10000.csv,0,1.1310856280033477e-05,0,1
5620,normal,window_typing_10000.csv,0,1.0801344615174457e-05,0,1
5621,normal,window_typing_10000.csv,0,1.091527065000264e-05,0,1
5622,normal,window_typing_10000.csv,0,1.0696621757233515e-05,0,1
5623,normal,window_typing_10000.csv,0,1.1582196748349816e-05,0,1
5624,normal,window_typing_10000.csv,0,1.0113638381881174e-05,0,1
5625,normal,window_typing_10000.csv,0,1.0336308150726836e-05,0,1
5626,normal,window_typing_10000.csv,0,1.1668551451293752e-05,0,1
5627,normal,window_typing_10000.csv,0,1.0215264410362579e-05,0,1
5628,normal,window_typing_10000.csv,0,1.0680037121346686e-05,0,1
5629,normal,window_typing_10000.csv,0,9.879321623884607e-06,0,1
5630,normal,window_typing_10000.csv,0,9.01455496205017e-06,0,1
5631,normal,window_typing_10000.csv,0,8.746812454774044e-06,0,1
5632,normal,window_typing_10000.csv,0,8.511923624610063e-06,0,1
5633,normal,window_typing_10000.csv,0,8.280000656668562e-06,0,1
5634,normal,window_typing_10000.csv,0,7.904000085545704e-06,0,1
5635,normal,window_typing_10000.csv,0,8.450848326901905e-06,0,1
5636,normal,window_typing_10000.csv,0,8.693937161297072e-06,0,1
5637,normal,window_typing_10000.csv,0,8.973298463388346e-06,0,1
5638,normal,window_typing_10000.csv,0,1.0062304681923706e-05,0,1
5639,normal,window_typing_10000.csv,0,9.030369255924597e-06,0,1
5640,normal,window_typing_10000.csv,0,8.440578312729485e-06,0,1
5641,normal,window_typing_10000.csv,0,9.850646165432408e-06,0,1
5642,normal,window_typing_10000.csv,0,9.247100024367683e-06,0,1
5643,normal,window_typing_10000.csv,0,9.039158612722531e-06,0,1
5644,normal,window_typing_10000.csv,0,1.0094530807691626e-05,0,1
5645,normal,window_typing_10000.csv,0,9.135229447565507e-06,0,1
5646,normal,window_typing_10000.csv,0,8.434318260697182e-06,0,1
5647,normal,window_typing_10000.csv,0,1.0306208423571661e-05,0,1
5648,normal,window_typing_10000.csv,0,1.0641860171745066e-05,0,1
5649,normal,window_typing_10000.csv,0,1.0407873560325243e-05,0,1
5650,normal,window_typing_10000.csv,0,1.0243721590086352e-05,0,1
5651,normal,window_typing_10000.csv,0,1.0323689821234439e-05,0,1
5652,normal,window_typing_10000.csv,0,9.298079021391459e-06,0,1
5653,normal,window_typing_10000.csv,0,9.514762496110052e-06,0,1
5654,normal,window_typing_10000.csv,0,9.28094596019946e-06,0,1
5655,normal,window_typing_10000.csv,0,8.944446562964004e-06,0,1
5656,normal,window_typing_10000.csv,0,1.0226045560557395e-05,0,1
5657,normal,window_typing_10000.csv,0,9.8343798526912e-06,0,1
5658,normal,window_typing_10000.csv,0,1.0553780157351866e-05,0,1
5659,normal,window_typing_10000.csv,0,1.061220609699376e-05,0,1
5660,normal,window_typing_10000.csv,0,9.390300874656532e-06,0,1
5661,normal,window_typing_10000.csv,0,1.5345660358434543e-05,0,1
5662,normal,window_typing_10000.csv,0,1.7070155081455596e-05,0,1
5663,normal,window_typing_10000.csv,0,1.3690088053408545e-05,0,1
5664,normal,window_typing_10000.csv,0,1.3180244422983378e-05,0,1
5665,normal,window_typing_10000.csv,0,1.324128606938757e-05,0,1
5666,normal,window_typing_10000.csv,0,1.1999299204035196e-05,0,1
5667,normal,window_typing_10000.csv,0,1.2882298506156076e-05,0,1
5668,normal,window_typing_10000.csv,0,1.5856408936087973e-05,0,1
5669,normal,window_typing_10000.csv,0,1.3296241377247497e-05,0,1
5670,normal,window_typing_10000.csv,0,1.8902852389146574e-05,0,1
5671,normal,window_typing_10000.csv,0,1.521721151220845e-05,0,1
5672,normal,window_typing_10000.csv,0,1.2580236216308549e-05,0,1
5673,normal,window_typing_10000.csv,0,1.1845804692711681e-05,0,1
5674,normal,window_typing_10000.csv,0,1.130751297750976e-05,0,1
5675,normal,window_typing_10000.csv,0,1.0660875886969734e-05,0,1
5676,normal,window_typing_10000.csv,0,1.118094860430574e-05,0,1
5677,normal,window_typing_10000.csv,0,9.813394171942491e-06,0,1
5678,normal,window_typing_10000.csv,0,9.269774636777584e-06,0,1
5679,normal,window_typing_10000.csv,0,1.0086639122164343e-05,0,1
5680,normal,window_typing_10000.csv,0,9.939215487975162e-06,0,1
5681,normal,window_typing_10000.csv,0,1.0191910405410454e-05,0,1
5682,normal,window_typing_10000.csv,0,9.122476512857247e-06,0,1
5683,normal,window_typing_10000.csv,0,9.782026609173045e-06,0,1
5684,normal,window_typing_10000.csv,0,1.192158833873691e-05,0,1
5685,normal,window_typing_10000.csv,0,1.1660719792416785e-05,0,1
5686,normal,window_typing_10000.csv,0,9.907986168400384e-06,0,1
5687,normal,window_typing_10000.csv,0,1.0553005267865956e-05,0,1
5688,normal,window_typing_10000.csv,0,1.1237477337999735e-05,0,1
5689,normal,window_typing_10000.csv,0,9.666957339504734e-06,0,1
5690,normal,window_typing_10000.csv,0,1.170216182799777e-05,0,1
5691,normal,window_typing_10000.csv,0,1.167849222838413e-05,0,1
5692,normal,window_typing_10000.csv,0,1.1728786375897471e-05,0,1
5693,normal,window_typing_10000.csv,0,1.2345542018010747e-05,0,1
5694,normal,window_typing_10000.csv,0,1.1891181202372536e-05,0,1
5695,normal,window_typing_10000.csv,0,1.0808083061419893e-05,0,1
5696,normal,window_typing_10000.csv,0,9.771295481186826e-06,0,1
5697,normal,window_typing_10000.csv,0,1.0610880053718574e-05,0,1
5698,normal,window_typing_10000.csv,0,1.05057815744658e-05,0,1
5699,normal,window_typing_10000.csv,0,9.550190952722915e-06,0,1
5700,normal,window_typing_10000.csv,0,9.611892892280594e-06,0,1
5701,normal,window_typing_10000.csv,0,1.1410554179747123e-05,0,1
5702,normal,window_typing_10000.csv,0,1.1401254596421495e-05,0,1
5703,normal,window_typing_10000.csv,0,1.143944882642245e-05,0,1
5704,normal,window_typing_10000.csv,0,1.2886181139037944e-05,0,1
5705,normal,window_typing_10000.csv,0,1.2097608305339236e-05,0,1
5706,normal,window_typing_10000.csv,0,1.0892030331888236e-05,0,1
5707,normal,window_typing_10000.csv,0,1.0670131814549677e-05,0,1
5708,normal,window_typing_10000.csv,0,1.0029815712186974e-05,0,1
5709,normal,window_typing_10000.csv,0,9.029285138240084e-06,0,1
5710,normal,window_typing_10000.csv,0,9.781783774087671e-06,0,1
5711,normal,window_typing_10000.csv,0,8.904555215849541e-06,0,1
5712,normal,window_typing_10000.csv,0,9.009070708998479e-06,0,1
5713,normal,window_typing_10000.csv,0,8.542182513338048e-06,0,1
5714,normal,window_typing_10000.csv,0,1.531631642137654e-05,0,1
5715,normal,window_typing_10000.csv,0,1.104762213799404e-05,0,1
5716,normal,window_typing_10000.csv,0,9.23806510400027e-06,0,1
5717,normal,window_typing_10000.csv,0,9.529792805551551e-06,0,1
5718,normal,window_typing_10000.csv,0,1.0054312951979227e-05,0,1
5719,normal,window_typing_10000.csv,0,8.840468581183814e-06,0,1
5720,normal,window_typing_10000.csv,0,8.458983757009264e-06,0,1
5721,normal,window_typing_10000.csv,0,7.672775609535165e-06,0,1
5722,normal,window_typing_10000.csv,0,8.694102689332794e-06,0,1
5723,normal,window_typing_10000.csv,0,9.012259397422895e-06,0,1
5724,normal,window_typing_10000.csv,0,8.53082565299701e-06,0,1
5725,normal,window_typing_10000.csv,0,9.651933396526147e-06,0,1
5726,normal,window_typing_10000.csv,0,9.474388207308948e-06,0,1
5727,normal,window_typing_10000.csv,0,1.0449653927935287e-05,0,1
5728,normal,window_typing_10000.csv,0,9.680205039330758e-06,0,1
5729,normal,window_typing_10000.csv,0,9.41091184358811e-06,0,1
5730,normal,window_typing_10000.csv,0,9.951821084541734e-06,0,1
5731,normal,window_typing_10000.csv,0,1.0094839126395527e-05,0,1
5732,normal,window_typing_10000.csv,0,1.0516055226617027e-05,0,1
5733,normal,window_typing_10000.csv,0,9.70209021033952e-06,0,1
5734,normal,window_typing_10000.csv,0,9.508640687272418e-06,0,1
5735,normal,window_typing_10000.csv,0,9.495908670942299e-06,0,1
5736,normal,window_typing_10000.csv,0,1.0747932719823439e-05,0,1
5737,normal,window_typing_10000.csv,0,9.27093242353294e-06,0,1
5738,normal,window_typing_10000.csv,0,9.186233000946231e-06,0,1
5739,normal,window_typing_10000.csv,0,1.021729167405283e-05,0,1
5740,normal,window_typing_10000.csv,0,1.0905302588071208e-05,0,1
5741,normal,window_typing_10000.csv,0,1.3105605830787681e-05,0,1
5742,normal,window_typing_10000.csv,0,1.3166099051886704e-05,0,1
5743,normal,window_typing_10000.csv,0,1.1940328477066942e-05,0,1
5744,normal,window_typing_10000.csv,0,1.2105721907573752e-05,0,1
5745,normal,window_typing_10000.csv,0,1.2562923984660301e-05,0,1
5746,normal,window_typing_10000.csv,0,1.227033953909995e-05,0,1
5747,normal,window_typing_10000.csv,0,1.500704911450157e-05,0,1
5748,normal,window_typing_10000.csv,0,1.2501803212217055e-05,0,1
5749,normal,window_typing_10000.csv,0,1.2232461813255213e-05,0,1
5750,normal,window_typing_10000.csv,0,1.1051710316678509e-05,0,1
5751,normal,window_typing_10000.csv,0,1.1191883459105156e-05,0,1
5752,normal,window_typing_10000.csv,0,1.090607293008361e-05,0,1
5753,normal,window_typing_10000.csv,0,1.1843884749396238e-05,0,1
5754,normal,window_typing_10000.csv,0,1.0514179848541971e-05,0,1
5755,normal,window_typing_10000.csv,0,1.1526046364451759e-05,0,1
5756,normal,window_typing_10000.csv,0,1.0435154763399623e-05,0,1
5757,normal,window_typing_10000.csv,0,1.009992411127314e-05,0,1
5758,normal,window_typing_10000.csv,0,9.335903996543493e-06,0,1
5759,normal,window_typing_10000.csv,0,9.634341040509753e-06,0,1
5760,normal,window_typing_10000.csv,0,8.881037501851097e-06,0,1
5761,normal,window_typing_10000.csv,0,8.59864303492941e-06,0,1
5762,normal,window_typing_10000.csv,0,8.75045770953875e-06,0,1
5763,normal,window_typing_10000.csv,0,7.684976480959449e-06,0,1
5764,normal,window_typing_10000.csv,0,7.972299499670044e-06,0,1
5765,normal,window_typing_10000.csv,0,8.152371265168767e-06,0,1
5766,normal,window_typing_10000.csv,0,8.297778549604118e-06,0,1
5767,normal,window_typing_10000.csv,0,9.144364412350114e-06,0,1
5768,normal,window_typing_10000.csv,0,7.5963644121657126e-06,0,1
5769,normal,window_typing_10000.csv,0,7.510793693654705e-06,0,1
5770,normal,window_typing_10000.csv,0,1.0191735782427713e-05,0,1
5771,normal,window_typing_10000.csv,0,1.137243179982761e-05,0,1
5772,normal,window_typing_10000.csv,0,9.965041499526706e-06,0,1
5773,normal,window_typing_10000.csv,0,9.528584087092895e-06,0,1
5774,normal,window_typing_10000.csv,0,1.0583896255411673e-05,0,1
5775,normal,window_typing_10000.csv,0,1.0302248483640142e-05,0,1
5776,normal,window_typing_10000.csv,0,9.012861482915469e-06,0,1
5777,normal,window_typing_10000.csv,0,9.441871952731162e-06,0,1
5778,normal,window_typing_10000.csv,0,8.353771590918768e-06,0,1
5779,normal,window_typing_10000.csv,0,9.789446266950108e-06,0,1
5780,normal,window_typing_10000.csv,0,8.683952728461009e-06,0,1
5781,normal,window_typing_10000.csv,0,1.0479563570697792e-05,0,1
5782,normal,window_typing_10000.csv,0,1.2221033102832735e-05,0,1
5783,normal,window_typing_10000.csv,0,1.1507013368827756e-05,0,1
5784,normal,window_typing_10000.csv,0,1.1004646694345865e-05,0,1
5785,normal,window_typing_10000.csv,0,1.0018191460403614e-05,0,1
5786,normal,window_typing_10000.csv,0,1.1272800293227192e-05,0,1
5787,normal,window_typing_10000.csv,0,1.0087996088259388e-05,0,1
5788,normal,window_typing_10000.csv,0,9.886644875223283e-06,0,1
5789,normal,window_typing_10000.csv,0,8.15993917058222e-06,0,1
5790,normal,window_typing_10000.csv,0,8.811430234345607e-06,0,1
5791,normal,window_typing_10000.csv,0,8.142207661876455e-06,0,1
5792,normal,window_typing_10000.csv,0,7.939832357806154e-06,0,1
5793,normal,window_typing_10000.csv,0,7.483324225177057e-06,0,1
5794,normal,window_typing_10000.csv,0,8.033975973376073e-06,0,1
5795,normal,window_typing_10000.csv,0,8.81418600329198e-06,0,1
5796,normal,window_typing_10000.csv,0,9.889417015074287e-06,0,1
5797,normal,window_typing_10000.csv,0,1.0675383236957714e-05,0,1
5798,normal,window_typing_10000.csv,0,9.348591447633225e-06,0,1
5799,normal,window_typing_10000.csv,0,9.910914741340093e-06,0,1
5800,normal,window_typing_10000.csv,0,1.0202102203038521e-05,0,1
5801,normal,window_typing_10000.csv,0,9.269791917176917e-06,0,1
5802,normal,window_typing_10000.csv,0,8.842256647767499e-06,0,1
5803,normal,window_typing_10000.csv,0,8.742409590922762e-06,0,1
5804,normal,window_typing_10000.csv,0,8.523084034095518e-06,0,1
5805,normal,window_typing_10000.csv,0,1.1092891327280086e-05,0,1
5806,normal,window_typing_10000.csv,0,1.3063566257187631e-05,0,1
5807,normal,window_typing_10000.csv,0,1.1370275387889706e-05,0,1
5808,normal,window_typing_10000.csv,0,1.07690484583145e-05,0,1
5809,normal,window_typing_10000.csv,0,1.0919060514424928e-05,0,1
5810,normal,window_typing_10000.csv,0,1.1175640793226194e-05,0,1
5811,normal,window_typing_10000.csv,0,1.247434011020232e-05,0,1
5812,normal,window_typing_10000.csv,0,1.162109947472345e-05,0,1
5813,normal,window_typing_10000.csv,0,1.208968478749739e-05,0,1
5814,normal,window_typing_10000.csv,0,1.2145895198045764e-05,0,1
5815,normal,window_typing_10000.csv,0,1.2449999303498771e-05,0,1
5816,normal,window_typing_10000.csv,0,1.0409709830128122e-05,0,1
5817,normal,window_typing_10000.csv,0,1.925898868648801e-05,0,1
5818,normal,window_typing_10000.csv,0,1.3717020920012146e-05,0,1
5819,normal,window_typing_10000.csv,0,1.3166123608243652e-05,0,1
5820,normal,window_typing_10000.csv,0,1.3465614756569266e-05,0,1
5821,normal,window_typing_10000.csv,0,1.1183017704752274e-05,0,1
5822,normal,window_typing_10000.csv,0,1.026855443342356e-05,0,1
5823,normal,window_typing_10000.csv,0,1.3636871699418407e-05,0,1
5824,normal,window_typing_10000.csv,0,1.5031971088319551e-05,0,1
5825,normal,window_typing_10000.csv,0,1.1666482350847218e-05,0,1
5826,normal,window_typing_10000.csv,0,1.1168778655701317e-05,0,1
5827,normal,window_typing_10000.csv,0,1.2561149560497142e-05,0,1
5828,normal,window_typing_10000.csv,0,1.4637482308899052e-05,0,1
5829,normal,window_typing_10000.csv,0,1.824129867600277e-05,0,1
5830,normal,window_typing_10000.csv,0,1.5036286640679464e-05,0,1
5831,normal,window_typing_10000.csv,0,1.4982166248955764e-05,0,1
5832,normal,window_typing_10000.csv,0,1.3745804608333856e-05,0,1
5833,normal,window_typing_10000.csv,0,1.3989202670927625e-05,0,1
5834,normal,window_typing_10000.csv,0,1.4612322956963908e-05,0,1
5835,normal,window_typing_10000.csv,0,1.4285653378465213e-05,0,1
5836,normal,window_typing_10000.csv,0,1.3980626135889906e-05,0,1
5837,normal,window_typing_10000.csv,0,1.2559174138004892e-05,0,1
5838,normal,window_typing_10000.csv,0,1.49141105794115e-05,0,1
5839,normal,window_typing_10000.csv,0,1.432268982171081e-05,0,1
5840,normal,window_typing_10000.csv,0,1.2911804333270993e-05,0,1
5841,normal,window_typing_10000.csv,0,1.1680866009555757e-05,0,1
5842,normal,window_typing_10000.csv,0,1.289042120333761e-05,0,1
5843,normal,window_typing_10000.csv,0,1.1823954082501587e-05,0,1
5844,normal,window_typing_10000.csv,0,1.1831150914076716e-05,0,1
5845,normal,window_typing_10000.csv,0,1.0183253834838979e-05,0,1
5846,normal,window_typing_10000.csv,0,1.69964405358769e-05,0,1
5847,normal,window_typing_10000.csv,0,1.205637636303436e-05,0,1
5848,normal,window_typing_10000.csv,0,1.0690461749618407e-05,0,1
5849,normal,window_typing_10000.csv,0,1.1651649401756003e-05,0,1
5850,normal,window_typing_10000.csv,0,1.024271477945149e-05,0,1
5851,normal,window_typing_10000.csv,0,1.0522054253669921e-05,0,1
5852,normal,window_typing_10000.csv,0,8.663975677336566e-06,0,1
5853,normal,window_typing_10000.csv,0,1.004781461233506e-05,0,1
5854,normal,window_typing_10000.csv,0,1.2107476322853472e-05,0,1
5855,normal,window_typing_10000.csv,0,1.2962857908860315e-05,0,1
5856,normal,window_typing_10000.csv,0,1.511036043666536e-05,0,1
5857,normal,window_typing_10000.csv,0,1.3918208424001932e-05,0,1
5858,normal,window_typing_10000.csv,0,2.82046075881226e-05,0,1
5859,normal,window_typing_10000.csv,0,2.5612805984565057e-05,0,1
5860,normal,window_typing_10000.csv,0,2.1343874323065393e-05,0,1
5861,normal,window_typing_10000.csv,0,2.582749948487617e-05,0,1
5862,normal,window_typing_10000.csv,0,2.24417290155543e-05,0,1
5863,normal,window_typing_10000.csv,0,1.8477008779882453e-05,0,1
5864,normal,window_typing_10000.csv,0,2.060221231658943e-05,0,1
5865,normal,window_typing_10000.csv,0,1.5383786376332864e-05,0,1
5866,normal,window_typing_10000.csv,0,1.4463959814747795e-05,0,1
5867,normal,window_typing_10000.csv,0,1.404365866619628e-05,0,1
5868,normal,window_typing_10000.csv,0,1.3951511391496751e-05,0,1
5869,normal,window_typing_10000.csv,0,1.43936313179438e-05,0,1
5870,normal,window_typing_10000.csv,0,1.4252288565330673e-05,0,1
5871,normal,window_typing_10000.csv,0,1.2201422578073107e-05,0,1
5872,normal,window_typing_10000.csv,0,1.1890965652128216e-05,0,1
5873,normal,window_typing_10000.csv,0,1.1653805813693907e-05,0,1
5874,normal,window_typing_10000.csv,0,1.2248312486917712e-05,0,1
5875,normal,window_typing_10000.csv,0,1.047689511324279e-05,0,1
5876,normal,window_typing_10000.csv,0,1.1451149475760758e-05,0,1
5877,normal,window_typing_10000.csv,0,1.0867139280890115e-05,0,1
5878,normal,window_typing_10000.csv,0,1.0692195246519987e-05,0,1
5879,normal,window_typing_10000.csv,0,8.592077392677311e-06,0,1
5880,normal,window_typing_10000.csv,0,1.0307004231435712e-05,0,1
5881,normal,window_typing_10000.csv,0,9.88050851447042e-06,0,1
5882,normal,window_typing_10000.csv,0,1.036640696838731e-05,0,1
5883,normal,window_typing_10000.csv,0,9.218590093951207e-06,0,1
5884,normal,window_typing_10000.csv,0,8.089376933639869e-06,0,1
5885,normal,window_typing_10000.csv,0,9.674944521975704e-06,0,1
5886,normal,window_typing_10000.csv,0,1.000284100882709e-05,0,1
5887,normal,window_typing_10000.csv,0,1.2498489013523795e-05,0,1
5888,normal,window_typing_10000.csv,0,1.3407451660896186e-05,0,1
5889,normal,window_typing_10000.csv,0,1.1324704246362671e-05,0,1
5890,normal,window_typing_10000.csv,0,1.2024454008496832e-05,0,1
5891,normal,window_typing_10000.csv,0,1.3067491636320483e-05,0,1
5892,normal,window_typing_10000.csv,0,1.2708609574474394e-05,0,1
5893,normal,window_typing_10000.csv,0,1.3187764125177637e-05,0,1
5894,normal,window_typing_10000.csv,0,1.298315964959329e-05,0,1
5895,normal,window_typing_10000.csv,0,1.4907840522937477e-05,0,1
5896,normal,window_typing_10000.csv,0,1.0541248229856137e-05,0,1
5897,normal,window_typing_10000.csv,0,1.1421168892411515e-05,0,1
5898,normal,window_typing_10000.csv,0,1.2758604498230852e-05,0,1
5899,normal,window_typing_10000.csv,0,1.2476065421651583e-05,0,1
5900,normal,window_typing_10000.csv,0,1.1305701264063828e-05,0,1
5901,normal,window_typing_10000.csv,0,1.1593148883548565e-05,0,1
5902,normal,window_typing_10000.csv,0,1.1354941307217814e-05,0,1
5903,normal,window_typing_10000.csv,0,1.1781789908127394e-05,0,1
5904,normal,window_typing_10000.csv,0,9.975434295483865e-06,0,1
5905,normal,window_typing_10000.csv,0,8.70530402607983e-06,0,1
5906,normal,window_typing_10000.csv,0,9.336858056485653e-06,0,1
5907,normal,window_typing_10000.csv,0,8.708168024895713e-06,0,1
5908,normal,window_typing_10000.csv,0,8.439266821369529e-06,0,1
5909,normal,window_typing_10000.csv,0,8.726291525817942e-06,0,1
5910,normal,window_typing_10000.csv,0,8.600923138146754e-06,0,1
5911,normal,window_typing_10000.csv,0,9.641169526730664e-06,0,1
5912,normal,window_typing_10000.csv,0,1.099636938306503e-05,0,1
5913,normal,window_typing_10000.csv,0,1.0104768989549484e-05,0,1
5914,normal,window_typing_10000.csv,0,1.3860471881343983e-05,0,1
5915,normal,window_typing_10000.csv,0,1.1721283044607844e-05,0,1
5916,normal,window_typing_10000.csv,0,9.566607332089916e-06,0,1
5917,normal,window_typing_10000.csv,0,1.1710579201462679e-05,0,1
5918,normal,window_typing_10000.csv,0,1.025606798066292e-05,0,1
5919,normal,window_typing_10000.csv,0,9.749745913723018e-06,0,1
5920,normal,window_typing_10000.csv,0,8.651838470541406e-06,0,1
5921,normal,window_typing_10000.csv,0,9.014838724397123e-06,0,1
5922,normal,window_typing_10000.csv,0,9.128671990765724e-06,0,1
5923,normal,window_typing_10000.csv,0,8.527474165020976e-06,0,1
5924,normal,window_typing_10000.csv,0,9.636793947720435e-06,0,1
5925,normal,window_typing_10000.csv,0,9.536229299555998e-06,0,1
5926,normal,window_typing_10000.csv,0,8.117614015645813e-06,0,1
5927,normal,window_typing_10000.csv,0,8.274332685687114e-06,0,1
5928,normal,window_typing_10000.csv,0,9.475491424382199e-06,0,1
5929,normal,window_typing_10000.csv,0,1.1543162145244423e-05,0,1
5930,normal,window_typing_10000.csv,0,1.1233866644033697e-05,0,1
5931,normal,window_typing_10000.csv,0,1.1346855899319053e-05,0,1
5932,normal,window_typing_10000.csv,0,1.074306510417955e-05,0,1
5933,normal,window_typing_10000.csv,0,1.0055013262899593e-05,0,1
5934,normal,window_typing_10000.csv,0,1.7030270100804046e-05,0,1
5935,normal,window_typing_10000.csv,0,2.446006146783475e-05,0,1
5936,normal,window_typing_10000.csv,0,1.4921807633072603e-05,0,1
5937,normal,window_typing_10000.csv,0,1.6023193893488497e-05,0,1
5938,normal,window_typing_10000.csv,0,1.5979123418219388e-05,0,1
5939,normal,window_typing_10000.csv,0,1.799370875232853e-05,0,1
5940,normal,window_typing_10000.csv,0,1.6591013263678178e-05,0,1
5941,normal,window_typing_10000.csv,0,1.527349195384886e-05,0,1
5942,normal,window_typing_10000.csv,0,1.6819267329992726e-05,0,1
5943,normal,window_typing_10000.csv,0,1.3486370335158426e-05,0,1
5944,normal,window_typing_10000.csv,0,1.4316449778561946e-05,0,1
5945,normal,window_typing_10000.csv,0,1.3108181519783102e-05,0,1
5946,normal,window_typing_10000.csv,0,1.1479491149657406e-05,0,1
5947,normal,window_typing_10000.csv,0,1.1637323950708378e-05,0,1
5948,normal,window_typing_10000.csv,0,1.1969309525738936e-05,0,1
5949,normal,window_typing_10000.csv,0,1.0413403288112022e-05,0,1
5950,normal,window_typing_10000.csv,0,9.982076335290913e-06,0,1
5951,normal,window_typing_10000.csv,0,9.812784810492303e-06,0,1
5952,normal,window_typing_10000.csv,0,9.147242963081226e-06,0,1
5953,normal,window_typing_10000.csv,0,8.527311365469359e-06,0,1
5954,normal,window_typing_10000.csv,0,8.365953362954315e-06,0,1
5955,normal,window_typing_10000.csv,0,9.053953363036271e-06,0,1
5956,normal,window_typing_10000.csv,0,8.432099093624856e-06,0,1
5957,normal,window_typing_10000.csv,0,8.919862921175081e-06,0,1
5958,normal,window_typing_10000.csv,0,9.208449228026439e-06,0,1
5959,normal,window_typing_10000.csv,0,8.120417987811379e-06,0,1
5960,normal,window_typing_10000.csv,0,8.419499863521196e-06,0,1
5961,normal,window_typing_10000.csv,0,9.730537385621574e-06,0,1
5962,normal,window_typing_10000.csv,0,1.3148783182259649e-05,0,1
5963,normal,window_typing_10000.csv,0,1.2269684702914674e-05,0,1
5964,normal,window_typing_10000.csv,0,9.517149919702206e-06,0,1
5965,normal,window_typing_10000.csv,0,1.0969901268254034e-05,0,1
5966,normal,window_typing_10000.csv,0,8.926176633394789e-06,0,1
5967,normal,window_typing_10000.csv,0,8.969730515673291e-06,0,1
5968,normal,window_typing_10000.csv,0,7.955135515658185e-06,0,1
5969,normal,window_typing_10000.csv,0,8.400755177717656e-06,0,1
5970,normal,window_typing_10000.csv,0,7.3786554821708705e-06,0,1
5971,normal,window_typing_10000.csv,0,8.03227612777846e-06,0,1
5972,normal,window_typing_10000.csv,0,8.934864126786124e-06,0,1
5973,normal,window_typing_10000.csv,0,7.5118323366041295e-06,0,1
5974,normal,window_typing_10000.csv,0,7.580392320960527e-06,0,1
5975,normal,window_typing_10000.csv,0,8.134035851981025e-06,0,1
5976,normal,window_typing_10000.csv,0,8.311972123919986e-06,0,1
5977,normal,window_typing_10000.csv,0,8.43226007418707e-06,0,1
5978,normal,window_typing_10000.csv,0,8.003516995813698e-06,0,1
5979,normal,window_typing_10000.csv,0,7.232442385429749e-06,0,1
5980,normal,window_typing_10000.csv,0,7.744725735392421e-06,0,1
5981,normal,window_typing_10000.csv,0,7.274840299942298e-06,0,1
5982,normal,window_typing_10000.csv,0,8.030398930714e-06,0,1
5983,normal,window_typing_10000.csv,0,9.072736247617286e-06,0,1
5984,normal,window_typing_10000.csv,0,8.5339497672976e-06,0,1
5985,normal,window_typing_10000.csv,0,8.321759196405765e-06,0,1
5986,normal,window_typing_10000.csv,0,8.08504228189122e-06,0,1
5987,normal,window_typing_10000.csv,0,8.036604413064197e-06,0,1
5988,normal,window_typing_10000.csv,0,7.360712970694294e-06,0,1
5989,normal,window_typing_10000.csv,0,7.348046437982703e-06,0,1
5990,normal,window_typing_10000.csv,0,8.768895895627793e-06,0,1
5991,normal,window_typing_10000.csv,0,7.603865924465936e-06,0,1
5992,normal,window_typing_10000.csv,0,7.915798050817102e-06,0,1
5993,normal,window_typing_10000.csv,0,8.42202098283451e-06,0,1
5994,normal,window_typing_10000.csv,0,7.71028771850979e-06,0,1
5995,normal,window_typing_10000.csv,0,8.260314643848687e-06,0,1
5996,normal,window_typing_10000.csv,0,7.264676696649985e-06,0,1
5997,normal,window_typing_10000.csv,0,1.3156397471902892e-05,0,1
5998,normal,window_typing_10000.csv,0,8.938707651395816e-06,0,1
5999,normal,window_typing_10000.csv,0,8.265767974080518e-06,0,1
6000,normal,window_typing_10000.csv,0,7.627659670106368e-06,0,1
6001,normal,window_typing_10000.csv,0,8.402189450862352e-06,0,1
6002,normal,window_typing_10000.csv,0,8.185729711840395e-06,0,1
6003,normal,window_typing_10000.csv,0,7.638738679816015e-06,0,1
6004,normal,window_typing_10000.csv,0,7.179213298513787e-06,0,1
6005,normal,window_typing_10000.csv,0,7.027475476206746e-06,0,1
6006,normal,window_typing_10000.csv,0,7.818825906724669e-06,0,1
6007,normal,window_typing_10000.csv,0,8.914768841350451e-06,0,1
6008,normal,window_typing_10000.csv,0,8.084548426268157e-06,0,1
6009,normal,window_typing_10000.csv,0,9.42221777222585e-06,0,1
6010,normal,window_typing_10000.csv,0,8.702763807377778e-06,0,1
6011,normal,window_typing_10000.csv,0,8.213693945435807e-06,0,1
6012,normal,window_typing_10000.csv,0,9.214238161803223e-06,0,1
6013,normal,window_typing_10000.csv,0,9.26754637475824e-06,0,1
6014,normal,window_typing_10000.csv,0,1.0622686204442289e-05,0,1
6015,normal,window_typing_10000.csv,0,9.833685908233747e-06,0,1
6016,normal,window_typing_10000.csv,0,8.372881893592421e-06,0,1
6017,normal,window_typing_10000.csv,0,8.548481673642527e-06,0,1
6018,normal,window_typing_10000.csv,0,7.739763532299548e-06,0,1
6019,normal,window_typing_10000.csv,0,8.827209057926666e-06,0,1
6020,normal,window_typing_10000.csv,0,9.527830115985125e-06,0,1
6021,normal,window_typing_10000.csv,0,9.092710570257623e-06,0,1
6022,normal,window_typing_10000.csv,0,8.688574780535419e-06,0,1
6023,normal,window_typing_10000.csv,0,8.298151442431845e-06,0,1
6024,normal,window_typing_10000.csv,0,8.706383596290834e-06,0,1
6025,normal,window_typing_10000.csv,0,8.49380830914015e-06,0,1
6026,normal,window_typing_10000.csv,0,8.352050826943014e-06,0,1
6027,normal,window_typing_10000.csv,0,8.875517778506037e-06,0,1
6028,normal,window_typing_10000.csv,0,8.101713319774717e-06,0,1
6029,normal,window_typing_10000.csv,0,8.475198228552472e-06,0,1
6030,normal,window_typing_10000.csv,0,8.641728527436499e-06,0,1
6031,normal,window_typing_10000.csv,0,9.155070983979385e-06,0,1
6032,normal,window_typing_10000.csv,0,8.049912139540538e-06,0,1
6033,normal,window_typing_10000.csv,0,9.820686500461306e-06,0,1
6034,normal,window_typing_10000.csv,0,7.576475127279991e-06,0,1
6035,normal,window_typing_10000.csv,0,7.31853288016282e-06,0,1
6036,normal,window_typing_10000.csv,0,7.695177373534534e-06,0,1
6037,normal,window_typing_10000.csv,0,7.727388037892524e-06,0,1
6038,normal,window_typing_10000.csv,0,9.49942295846995e-06,0,1
6039,normal,window_typing_10000.csv,0,1.2413852346071508e-05,0,1
6040,normal,window_typing_10000.csv,0,1.2898819477413781e-05,0,1
6041,normal,window_typing_10000.csv,0,1.2205484381411225e-05,0,1
6042,normal,window_typing_10000.csv,0,1.0713364645198453e-05,0,1
6043,normal,window_typing_10000.csv,0,1.2663736924878322e-05,0,1
6044,normal,window_typing_10000.csv,0,1.1093864486610983e-05,0,1
6045,normal,window_typing_10000.csv,0,1.0041635505331215e-05,0,1
6046,normal,window_typing_10000.csv,0,1.0054312951979227e-05,0,1
6047,normal,window_typing_10000.csv,0,1.0614857274049427e-05,0,1
6048,normal,window_typing_10000.csv,0,1.0405203283880837e-05,0,1
6049,normal,window_typing_10000.csv,0,1.1588009328988846e-05,0,1
6050,normal,window_typing_10000.csv,0,1.1151727449032478e-05,0,1
6051,normal,window_typing_10000.csv,0,1.123124184232438e-05,0,1
6052,normal,window_typing_10000.csv,0,1.04039527286659e-05,0,1
6053,normal,window_typing_10000.csv,0,1.7968124666367657e-05,0,1
6054,normal,window_typing_10000.csv,0,1.270561642741086e-05,0,1
6055,normal,window_typing_10000.csv,0,1.1399557479307987e-05,0,1
6056,normal,window_typing_10000.csv,0,1.1558870937733445e-05,0,1
6057,normal,window_typing_10000.csv,0,9.26918255572673e-06,0,1
6058,normal,window_typing_10000.csv,0,8.342928595084231e-06,0,1
6059,normal,window_typing_10000.csv,0,8.43829275254393e-06,0,1
6060,normal,window_typing_10000.csv,0,8.641118256491609e-06,0,1
6061,normal,window_typing_10000.csv,0,7.882741556386463e-06,0,1
6062,normal,window_typing_10000.csv,0,9.093681910599116e-06,0,1
6063,normal,window_typing_10000.csv,0,9.377843525726348e-06,0,1
6064,normal,window_typing_10000.csv,0,1.2644874914258253e-05,0,1
6065,normal,window_typing_10000.csv,0,1.698981213849038e-05,0,1
6066,normal,window_typing_10000.csv,0,1.584936399012804e-05,0,1
6067,normal,window_typing_10000.csv,0,1.6504925952176563e-05,0,1
6068,normal,window_typing_10000.csv,0,1.5710886145825498e-05,0,1
6069,normal,window_typing_10000.csv,0,1.8744236513157375e-05,0,1
6070,normal,window_typing_10000.csv,0,2.0112174752284773e-05,0,1
6071,normal,window_typing_10000.csv,0,2.090771340590436e-05,0,1
6072,normal,window_typing_10000.csv,0,2.0990262783016078e-05,0,1
6073,normal,window_typing_10000.csv,0,1.7214737454196438e-05,0,1
6074,normal,window_typing_10000.csv,0,1.6681062334100716e-05,0,1
6075,normal,window_typing_10000.csv,0,1.4153870324662421e-05,0,1
6076,normal,window_typing_10000.csv,0,1.5030912436486688e-05,0,1
6077,normal,window_typing_10000.csv,0,1.3965274774818681e-05,0,1
6078,normal,window_typing_10000.csv,0,1.3101593140163459e-05,0,1
6079,normal,window_typing_10000.csv,0,1.122239791584434e-05,0,1
6080,normal,window_typing_10000.csv,0,1.0542956260906067e-05,0,1
6081,normal,window_typing_10000.csv,0,1.051421986630885e-05,0,1
6082,normal,window_typing_10000.csv,0,1.0561563613009639e-05,0,1
6083,normal,window_typing_10000.csv,0,1.041886571329087e-05,0,1
6084,normal,window_typing_10000.csv,0,1.1197306776011828e-05,0,1
6085,normal,window_typing_10000.csv,0,1.0488341104064602e-05,0,1
6086,normal,window_typing_10000.csv,0,9.282282917411067e-06,0,1
6087,normal,window_typing_10000.csv,0,1.4415309124160558e-05,0,1
6088,normal,window_typing_10000.csv,0,1.1903286576853134e-05,0,1
6089,normal,window_typing_10000.csv,0,8.824001270113513e-06,0,1
6090,normal,window_typing_10000.csv,0,8.615708793513477e-06,0,1
6091,normal,window_typing_10000.csv,0,9.094904271478299e-06,0,1
6092,normal,window_typing_10000.csv,0,8.2539600043674e-06,0,1
6093,normal,window_typing_10000.csv,0,7.669717888347805e-06,0,1
6094,normal,window_typing_10000.csv,0,8.349438758159522e-06,0,1
6095,normal,window_typing_10000.csv,0,8.46225975692505e-06,0,1
6096,normal,window_typing_10000.csv,0,7.645145160495304e-06,0,1
6097,normal,window_typing_10000.csv,0,7.418301265715854e-06,0,1
6098,normal,window_typing_10000.csv,0,9.237096492142882e-06,0,1
6099,normal,window_typing_10000.csv,0,8.044287824304774e-06,0,1
6100,normal,window_typing_10000.csv,0,8.798272574495059e-06,0,1
6101,normal,window_typing_10000.csv,0,8.950317351263948e-06,0,1
6102,normal,window_typing_10000.csv,0,8.081357009359635e-06,0,1
6103,normal,window_typing_10000.csv,0,8.271824299299624e-06,0,1
6104,normal,window_typing_10000.csv,0,8.827233614283614e-06,0,1
6105,normal,window_typing_10000.csv,0,8.421924576396123e-06,0,1
6106,normal,window_typing_10000.csv,0,8.94891763891792e-06,0,1
6107,normal,window_typing_10000.csv,0,9.036615665536374e-06,0,1
6108,normal,window_typing_10000.csv,0,1.0537800335441716e-05,0,1
6109,normal,window_typing_10000.csv,0,9.702432180347387e-06,0,1
6110,normal,window_typing_10000.csv,0,1.0446625310578384e-05,0,1
6111,normal,window_typing_10000.csv,0,8.845916454447433e-06,0,1
6112,normal,window_typing_10000.csv,0,8.458498996333219e-06,0,1
6113,normal,window_typing_10000.csv,0,9.36756441660691e-06,0,1
6114,normal,window_typing_10000.csv,0,9.48130400502123e-06,0,1
6115,normal,window_typing_10000.csv,0,8.884689123078715e-06,0,1
6116,normal,window_typing_10000.csv,0,7.870355148043018e-06,0,1
6117,normal,window_typing_10000.csv,0,9.35679690883262e-06,0,1
6118,normal,window_typing_10000.csv,0,7.941051990201231e-06,0,1
6119,normal,window_typing_10000.csv,0,8.315189916174859e-06,0,1
6120,normal,window_typing_10000.csv,0,8.985621207102668e-06,0,1
6121,normal,window_typing_10000.csv,0,7.749416909064166e-06,0,1
6122,normal,window_typing_10000.csv,0,7.942240699776448e-06,0,1
6123,normal,window_typing_10000.csv,0,8.133198207360692e-06,0,1
6124,normal,window_typing_10000.csv,0,7.993440704012755e-06,0,1
6125,normal,window_typing_10000.csv,0,7.629965693922713e-06,0,1
6126,normal,window_typing_10000.csv,0,7.791619282215834e-06,0,1
6127,normal,window_typing_10000.csv,0,7.378895134024788e-06,0,1
6128,normal,window_typing_10000.csv,0,7.537069450336276e-06,0,1
6129,normal,window_typing_10000.csv,0,7.720014764345251e-06,0,1
6130,normal,window_typing_10000.csv,0,7.752026249363553e-06,0,1
6131,normal,window_typing_10000.csv,0,8.254140993813053e-06,0,1
6132,normal,window_typing_10000.csv,0,7.97079428593861e-06,0,1
6133,normal,window_typing_10000.csv,0,7.159330834838329e-06,0,1
6134,normal,window_typing_10000.csv,0,7.195759735623142e-06,0,1
6135,normal,window_typing_10000.csv,0,9.602053069102112e-06,0,1
6136,normal,window_typing_10000.csv,0,1.1405941222619731e-05,0,1
6137,normal,window_typing_10000.csv,0,1.0709932212193962e-05,0,1
6138,normal,window_typing_10000.csv,0,1.4340621419250965e-05,0,1
6139,normal,window_typing_10000.csv,0,1.555619019200094e-05,0,1
6140,normal,window_typing_10000.csv,0,1.5167821402428672e-05,0,1
6141,normal,window_typing_10000.csv,0,1.5437415640917607e-05,0,1
6142,normal,window_typing_10000.csv,0,1.2915782463096548e-05,0,1
6143,normal,window_typing_10000.csv,0,1.4394331628864165e-05,0,1
6144,normal,window_typing_10000.csv,0,1.4418265891436022e-05,0,1
6145,normal,window_typing_10000.csv,0,2.2095284293754958e-05,0,1
6146,normal,window_typing_10000.csv,0,1.535762203275226e-05,0,1
6147,normal,window_typing_10000.csv,0,1.3775081242783926e-05,0,1
6148,normal,window_typing_10000.csv,0,1.3904876141168643e-05,0,1
6149,normal,window_typing_10000.csv,0,1.1170727702847216e-05,0,1
6150,normal,window_typing_10000.csv,0,1.1611051377258264e-05,0,1
6151,normal,window_typing_10000.csv,0,1.2510532542364672e-05,0,1
6152,normal,window_typing_10000.csv,0,1.2012087609036826e-05,0,1
6153,normal,window_typing_10000.csv,0,1.1744680705305655e-05,0,1
6154,normal,window_typing_10000.csv,0,1.0698548976506572e-05,0,1
6155,normal,window_typing_10000.csv,0,9.907371349981986e-06,0,1
6156,normal,window_typing_10000.csv,0,9.71433019003598e-06,0,1
6157,normal,window_typing_10000.csv,0,1.0502214536245447e-05,0,1
6158,normal,window_typing_10000.csv,0,1.1761224413930904e-05,0,1
6159,normal,window_typing_10000.csv,0,1.2109751878597308e-05,0,1
6160,normal,window_typing_10000.csv,0,1.249316210305551e-05,0,1
6161,normal,window_typing_10000.csv,0,1.407531544828089e-05,0,1
6162,normal,window_typing_10000.csv,0,1.7156015019281767e-05,0,1
6163,normal,window_typing_10000.csv,0,1.8029832062893547e-05,0,1
6164,normal,window_typing_10000.csv,0,1.8640668713487685e-05,0,1
6165,normal,window_typing_10000.csv,0,1.7750682673067786e-05,0,1
6166,normal,window_typing_10000.csv,0,2.3561962734675035e-05,0,1
6167,normal,window_typing_10000.csv,0,2.1708325220970437e-05,0,1
6168,normal,window_typing_10000.csv,0,1.9938599507440813e-05,0,1
6169,normal,window_typing_10000.csv,0,2.142489393008873e-05,0,1
6170,normal,window_typing_10000.csv,0,1.8651728169061244e-05,0,1
6171,normal,window_typing_10000.csv,0,1.8635051674209535e-05,0,1
6172,normal,window_typing_10000.csv,0,1.5563906345050782e-05,0,1
6173,normal,window_typing_10000.csv,0,1.602984411874786e-05,0,1
6174,normal,window_typing_10000.csv,0,1.4417562852031551e-05,0,1
6175,normal,window_typing_10000.csv,0,1.3283845873957034e-05,0,1
6176,normal,window_typing_10000.csv,0,1.669032462814357e-05,0,1
6177,normal,window_typing_10000.csv,0,1.5101140888873488e-05,0,1
6178,normal,window_typing_10000.csv,0,1.0324782124371268e-05,0,1
6179,normal,window_typing_10000.csv,0,1.0284156815032475e-05,0,1
6180,normal,window_typing_10000.csv,0,1.006837010208983e-05,0,1
6181,normal,window_typing_10000.csv,0,9.07377489056671e-06,0,1
6182,normal,window_typing_10000.csv,0,8.550699931220151e-06,0,1
6183,normal,window_typing_10000.csv,0,8.652993528812658e-06,0,1
6184,normal,window_typing_10000.csv,0,8.690803952049464e-06,0,1
6185,normal,window_typing_10000.csv,0,8.246603101724759e-06,0,1
6186,normal,window_typing_10000.csv,0,7.975767402967904e-06,0,1
6187,normal,window_typing_10000.csv,0,8.367222108063288e-06,0,1
6188,normal,window_typing_10000.csv,0,8.559428351873066e-06,0,1
6189,normal,window_typing_10000.csv,0,8.355683348781895e-06,0,1
6190,normal,window_typing_10000.csv,0,7.770922820782289e-06,0,1
6191,normal,window_typing_10000.csv,0,8.472054105368443e-06,0,1
6192,normal,window_typing_10000.csv,0,8.032550795178395e-06,0,1
6193,normal,window_typing_10000.csv,0,9.08451147552114e-06,0,1
6194,normal,window_typing_10000.csv,0,8.358432751265354e-06,0,1
6195,normal,window_typing_10000.csv,0,9.41026519285515e-06,0,1
6196,normal,window_typing_10000.csv,0,8.814110515231732e-06,0,1
6197,normal,window_typing_10000.csv,0,9.008745109895244e-06,0,1
6198,normal,window_typing_10000.csv,0,8.771127795625944e-06,0,1
6199,normal,window_typing_10000.csv,0,8.022269867069554e-06,0,1
6200,normal,window_typing_10000.csv,0,9.893878996081185e-06,0,1
6201,normal,window_typing_10000.csv,0,8.373959644814022e-06,0,1
6202,normal,window_typing_10000.csv,0,9.403689546161331e-06,0,1
6203,normal,window_typing_10000.csv,0,7.819690836186055e-06,0,1
6204,normal,window_typing_10000.csv,0,8.053391866269521e-06,0,1
6205,normal,window_typing_10000.csv,0,9.539239727018867e-06,0,1
6206,normal,window_typing_10000.csv,0,9.044254511536565e-06,0,1
6207,normal,window_typing_10000.csv,0,8.900658031052444e-06,0,1
6208,normal,window_typing_10000.csv,0,8.134942618198693e-06,0,1
6209,normal,window_typing_10000.csv,0,8.543232979718596e-06,0,1
6210,normal,window_typing_10000.csv,0,8.115200216707308e-06,0,1
6211,normal,window_typing_10000.csv,0,8.326077477249783e-06,0,1
6212,normal,window_typing_10000.csv,0,8.400355000048876e-06,0,1
6213,normal,window_typing_10000.csv,0,7.802817890478764e-06,0,1
6214,normal,window_typing_10000.csv,0,7.839470526960213e-06,0,1
6215,normal,window_typing_10000.csv,0,8.580285793868825e-06,0,1
6216,normal,window_typing_10000.csv,0,8.513725333614275e-06,0,1
6217,normal,window_typing_10000.csv,0,1.1440626622061245e-05,0,1
6218,normal,window_typing_10000.csv,0,1.592369153513573e-05,0,1
6219,normal,window_typing_10000.csv,0,1.0909465345321223e-05,0,1
6220,normal,window_typing_10000.csv,0,8.982167855720036e-06,0,1
6221,normal,window_typing_10000.csv,0,9.518892511550803e-06,0,1
6222,normal,window_typing_10000.csv,0,8.94274126039818e-06,0,1
6223,normal,window_typing_10000.csv,0,7.77816694608191e-06,0,1
6224,normal,window_typing_10000.csv,0,8.36869003251195e-06,0,1
6225,normal,window_typing_10000.csv,0,8.969072041509207e-06,0,1
6226,normal,window_typing_10000.csv,0,8.403078936680686e-06,0,1
6227,normal,window_typing_10000.csv,0,7.834545613150112e-06,0,1
6228,normal,window_typing_10000.csv,0,7.879833901824895e-06,0,1
6229,normal,window_typing_10000.csv,0,8.006609277799726e-06,0,1
6230,normal,window_typing_10000.csv,0,7.59375689085573e-06,0,1
6231,normal,window_typing_10000.csv,0,7.4875360951409675e-06,0,1
6232,normal,window_typing_10000.csv,0,7.748322786937933e-06,0,1
6233,normal,window_typing_10000.csv,0,8.1143243733095e-06,0,1
6234,normal,window_typing_10000.csv,0,7.533046300522983e-06,0,1
6235,normal,window_typing_10000.csv,0,8.041196451813448e-06,0,1
6236,normal,window_typing_10000.csv,0,8.052408702496905e-06,0,1
6237,normal,window_typing_10000.csv,0,9.12180621526204e-06,0,1
6238,normal,window_typing_10000.csv,0,7.255212494783336e-06,0,1
6239,normal,window_typing_10000.csv,0,9.366867743665352e-06,0,1
6240,normal,window_typing_10000.csv,0,7.6214419095776975e-06,0,1
6241,normal,window_typing_10000.csv,0,8.473759407934267e-06,0,1
6242,normal,window_typing_10000.csv,0,7.796533282089513e-06,0,1
6243,normal,window_typing_10000.csv,0,7.589933829876827e-06,0,1
6244,normal,window_typing_10000.csv,0,7.679254849790595e-06,0,1
6245,normal,window_typing_10000.csv,0,7.5668936005968135e-06,0,1
6246,normal,window_typing_10000.csv,0,7.88680245022988e-06,0,1
6247,normal,window_typing_10000.csv,0,7.697783075855114e-06,0,1
6248,normal,window_typing_10000.csv,0,8.134291419992223e-06,0,1
6249,normal,window_typing_10000.csv,0,9.896276424115058e-06,0,1
6250,normal,window_typing_10000.csv,0,1.2817814422305673e-05,0,1
6251,normal,window_typing_10000.csv,0,1.068120855052257e-05,0,1
6252,normal,window_typing_10000.csv,0,1.040157258103136e-05,0,1
6253,normal,window_typing_10000.csv,0,9.661546755523887e-06,0,1
6254,normal,window_typing_10000.csv,0,1.0340153494325932e-05,0,1
6255,normal,window_typing_10000.csv,0,9.941765711118933e-06,0,1
6256,normal,window_typing_10000.csv,0,1.0563870091573335e-05,0,1
6257,normal,window_typing_10000.csv,0,8.918390449252911e-06,0,1
6258,normal,window_typing_10000.csv,0,9.388804755872115e-06,0,1
6259,normal,window_typing_10000.csv,0,9.700008376967162e-06,0,1
6260,normal,window_typing_10000.csv,0,9.83463178272359e-06,0,1
6261,normal,window_typing_10000.csv,0,9.861248145170975e-06,0,1
6262,normal,window_typing_10000.csv,0,1.0726082109613344e-05,0,1
6263,normal,window_typing_10000.csv,0,1.1236758837185334e-05,0,1
6264,normal,window_typing_10000.csv,0,1.048584181262413e-05,0,1
6265,normal,window_typing_10000.csv,0,1.0235665286018047e-05,0,1
6266,normal,window_typing_10000.csv,0,9.820236300583929e-06,0,1
6267,normal,window_typing_10000.csv,0,8.982407962321304e-06,0,1
6268,normal,window_typing_10000.csv,0,9.231486728822347e-06,0,1
6269,normal,window_typing_10000.csv,0,8.675005119584966e-06,0,1
6270,normal,window_typing_10000.csv,0,1.0675210432964377e-05,0,1
6271,normal,window_typing_10000.csv,0,9.681949450168759e-06,0,1
6272,normal,window_typing_10000.csv,0,9.422272341907956e-06,0,1
6273,normal,window_typing_10000.csv,0,9.412993676960468e-06,0,1
6274,normal,window_typing_10000.csv,0,1.0291210855939426e-05,0,1
6275,normal,window_typing_10000.csv,0,1.0079582352773286e-05,0,1
6276,normal,window_typing_10000.csv,0,1.1025961612176616e-05,0,1
6277,normal,window_typing_10000.csv,0,9.75506645772839e-06,0,1
6278,normal,window_typing_10000.csv,0,1.0699590347940102e-05,0,1
6279,normal,window_typing_10000.csv,0,9.675894943939056e-06,0,1
6280,normal,window_typing_10000.csv,0,8.808572601992637e-06,0,1
6281,normal,window_typing_10000.csv,0,9.014253919303883e-06,0,1
6282,normal,window_typing_10000.csv,0,9.380545634485316e-06,0,1
6283,normal,window_typing_10000.csv,0,8.705045729584526e-06,0,1
6284,normal,window_typing_10000.csv,0,8.71871361596277e-06,0,1
6285,normal,window_typing_10000.csv,0,8.508109203830827e-06,0,1
6286,normal,window_typing_10000.csv,0,8.96888377610594e-06,0,1
6287,normal,window_typing_10000.csv,0,9.196593055094127e-06,0,1
6288,normal,window_typing_10000.csv,0,8.430634807155002e-06,0,1
6289,normal,window_typing_10000.csv,0,8.27772691991413e-06,0,1
6290,normal,window_typing_10000.csv,0,8.719262041267939e-06,0,1
6291,normal,window_typing_10000.csv,0,7.69029156799661e-06,0,1
6292,normal,window_typing_10000.csv,0,1.359122234134702e-05,0,1
6293,normal,window_typing_10000.csv,0,9.460160072194412e-06,0,1
6294,normal,window_typing_10000.csv,0,8.852913197188172e-06,0,1
6295,normal,window_typing_10000.csv,0,1.2237956980243325e-05,0,1
6296,normal,window_typing_10000.csv,0,1.6853369743330404e-05,0,1
6297,normal,window_typing_10000.csv,0,1.0695386663428508e-05,0,1
6298,normal,window_typing_10000.csv,0,8.63455261423951e-06,0,1
6299,normal,window_typing_10000.csv,0,9.235704055754468e-06,0,1
6300,normal,window_typing_10000.csv,0,7.452017598552629e-06,0,1
6301,normal,window_typing_10000.csv,0,6.787298843846656e-06,0,1
6302,normal,window_typing_10000.csv,0,7.851554073567968e-06,0,1
6303,normal,window_typing_10000.csv,0,7.691839527979027e-06,0,1
6304,normal,window_typing_10000.csv,0,7.964753422129434e-06,0,1
6305,normal,window_typing_10000.csv,0,7.541232662333641e-06,0,1
6306,normal,window_typing_10000.csv,0,8.793633242021315e-06,0,1
6307,normal,window_typing_10000.csv,0,9.757504813023843e-06,0,1
6308,normal,window_typing_10000.csv,0,8.332138349942397e-06,0,1
6309,normal,window_typing_10000.csv,0,9.669621249486227e-06,0,1
6310,normal,window_typing_10000.csv,0,9.678007700131275e-06,0,1
6311,normal,window_typing_10000.csv,0,9.276530363422353e-06,0,1
6312,normal,window_typing_10000.csv,0,1.1475998690002598e-05,0,1
6313,normal,window_typing_10000.csv,0,9.60993111220887e-06,0,1
6314,normal,window_typing_10000.csv,0,1.112135396397207e-05,0,1
6315,normal,window_typing_10000.csv,0,1.095201605494367e-05,0,1
6316,normal,window_typing_10000.csv,0,9.772963494469877e-06,0,1
6317,normal,window_typing_10000.csv,0,9.98931318463292e-06,0,1
6318,normal,window_typing_10000.csv,0,9.419127309229225e-06,0,1
6319,normal,window_typing_10000.csv,0,9.766999937710352e-06,0,1
6320,normal,window_typing_10000.csv,0,9.475680599280167e-06,0,1
6321,normal,window_typing_10000.csv,0,1.0294499588781036e-05,0,1
6322,normal,window_typing_10000.csv,0,9.752982805366628e-06,0,1
6323,normal,window_typing_10000.csv,0,1.0112221389135811e-05,0,1
6324,normal,window_typing_10000.csv,0,1.0045313501905184e-05,0,1
6325,normal,window_typing_10000.csv,0,8.727697604626883e-06,0,1
6326,normal,window_typing_10000.csv,0,8.863793482305482e-06,0,1
6327,normal,window_typing_10000.csv,0,9.191604476654902e-06,0,1
6328,normal,window_typing_10000.csv,0,8.383988642890472e-06,0,1
6329,normal,window_typing_10000.csv,0,1.1884752893820405e-05,0,1
6330,normal,window_typing_10000.csv,0,9.529683666187339e-06,0,1
6331,normal,window_typing_10000.csv,0,9.358974239148665e-06,0,1
6332,normal,window_typing_10000.csv,0,9.226716429111548e-06,0,1
6333,normal,window_typing_10000.csv,0,9.236427104042377e-06,0,1
6334,normal,window_typing_10000.csv,0,8.227051694120746e-06,0,1
6335,normal,window_typing_10000.csv,0,9.343439160147682e-06,0,1
6336,normal,window_typing_10000.csv,0,1.0231878150079865e-05,0,1
6337,normal,window_typing_10000.csv,0,1.0676789315766655e-05,0,1
6338,normal,window_typing_10000.csv,0,1.103418708225945e-05,0,1
6339,normal,window_typing_10000.csv,0,1.298082042922033e-05,0,1
6340,normal,window_typing_10000.csv,0,1.1506936061778106e-05,0,1
6341,normal,window_typing_10000.csv,0,1.1844359505630564e-05,0,1
6342,normal,window_typing_10000.csv,0,1.1999723028566223e-05,0,1
6343,normal,window_typing_10000.csv,0,1.0767907951958477e-05,0,1
6344,normal,window_typing_10000.csv,0,1.1939007890759967e-05,0,1
6345,normal,window_typing_10000.csv,0,1.1371923392289318e-05,0,1
6346,normal,window_typing_10000.csv,0,1.0555743756412994e-05,0,1
6347,normal,window_typing_10000.csv,0,1.0143079634872265e-05,0,1
6348,normal,window_typing_10000.csv,0,1.0481223398528527e-05,0,1
6349,normal,window_typing_10000.csv,0,9.222274456988089e-06,0,1
6350,normal,window_typing_10000.csv,0,1.0682971151254606e-05,0,1
6351,normal,window_typing_10000.csv,0,1.0556507731962483e-05,0,1
6352,normal,window_typing_10000.csv,0,1.1290369911876041e-05,0,1
6353,normal,window_typing_10000.csv,0,1.1456469110271428e-05,0,1
6354,normal,window_typing_10000.csv,0,1.0028227734437678e-05,0,1
6355,normal,window_typing_10000.csv,0,9.248414244211745e-06,0,1
6356,normal,window_typing_10000.csv,0,9.877653610601556e-06,0,1
6357,normal,window_typing_10000.csv,0,8.588816854171455e-06,0,1
6358,normal,window_typing_10000.csv,0,8.691831681062467e-06,0,1
6359,normal,window_typing_10000.csv,0,8.19900378701277e-06,0,1
6360,normal,window_typing_10000.csv,0,9.0444782472332e-06,0,1
6361,normal,window_typing_10000.csv,0,8.724759936740156e-06,0,1
6362,normal,window_typing_10000.csv,0,1.174941826320719e-05,0,1
6363,normal,window_typing_10000.csv,0,1.2056639207003172e-05,0,1
6364,normal,window_typing_10000.csv,0,8.540903763787355e-06,0,1
6365,normal,window_typing_10000.csv,0,9.304182640335057e-06,0,1
6366,normal,window_typing_10000.csv,0,8.807875929051079e-06,0,1
6367,normal,window_typing_10000.csv,0,9.092155778489541e-06,0,1
6368,normal,window_typing_10000.csv,0,9.489996045886073e-06,0,1
6369,normal,window_typing_10000.csv,0,9.157603926723823e-06,0,1
6370,normal,window_typing_10000.csv,0,9.830535418586805e-06,0,1
6371,normal,window_typing_10000.csv,0,1.0473688234924339e-05,0,1
6372,normal,window_typing_10000.csv,0,1.1480869943625294e-05,0,1
6373,normal,window_typing_10000.csv,0,1.1418250323913526e-05,0,1
6374,normal,window_typing_10000.csv,0,1.0865129297599196e-05,0,1
6375,normal,window_typing_10000.csv,0,1.2001736649835948e-05,0,1
6376,normal,window_typing_10000.csv,0,1.1657395589281805e-05,0,1
6377,normal,window_typing_10000.csv,0,9.904660146276001e-06,0,1
6378,normal,window_typing_10000.csv,0,9.799869985727128e-06,0,1
6379,normal,window_typing_10000.csv,0,1.1932565030292608e-05,0,1
6380,normal,window_typing_10000.csv,0,1.1075787369918544e-05,0,1
6381,normal,window_typing_10000.csv,0,1.0543991265876684e-05,0,1
6382,normal,window_typing_10000.csv,0,1.0308656783308834e-05,0,1
6383,normal,window_typing_10000.csv,0,1.1211400305910502e-05,0,1
6384,normal,window_typing_10000.csv,0,1.1015345990017522e-05,0,1
6385,normal,window_typing_10000.csv,0,1.1397393791412469e-05,0,1
6386,normal,window_typing_10000.csv,0,1.1428370271460153e-05,0,1
6387,normal,window_typing_10000.csv,0,1.0077083061332814e-05,0,1
6388,normal,window_typing_10000.csv,0,9.650248102843761e-06,0,1
6389,normal,window_typing_10000.csv,0,9.795384357857984e-06,0,1
6390,normal,window_typing_10000.csv,0,9.135822438111063e-06,0,1
6391,normal,window_typing_10000.csv,0,8.825869372230954e-06,0,1
6392,normal,window_typing_10000.csv,0,9.029698048834689e-06,0,1
6393,normal,window_typing_10000.csv,0,8.044141395657789e-06,0,1
6394,normal,window_typing_10000.csv,0,8.701684237166774e-06,0,1
6395,normal,window_typing_10000.csv,0,1.0041070709121414e-05,0,1
6396,normal,window_typing_10000.csv,0,9.746891919348855e-06,0,1
6397,normal,window_typing_10000.csv,0,8.945452464104164e-06,0,1
6398,normal,window_typing_10000.csv,0,1.4945120710763149e-05,0,1
6399,normal,window_typing_10000.csv,0,1.076235366781475e-05,0,1
6400,normal,window_typing_10000.csv,0,9.457453415961936e-06,0,1
6401,normal,window_typing_10000.csv,0,1.0452015885675792e-05,0,1
6402,normal,window_typing_10000.csv,0,9.395263987244107e-06,0,1
6403,normal,window_typing_10000.csv,0,1.3494718587026e-05,0,1
6404,normal,window_typing_10000.csv,0,1.0213871973974165e-05,0,1
6405,normal,window_typing_10000.csv,0,8.574518687964883e-06,0,1
6406,normal,window_typing_10000.csv,0,8.100987543002702e-06,0,1
6407,normal,window_typing_10000.csv,0,8.98704365681624e-06,0,1
6408,normal,window_typing_10000.csv,0,9.997519555327017e-06,0,1
6409,normal,window_typing_10000.csv,0,9.948888873623218e-06,0,1
6410,normal,window_typing_10000.csv,0,1.150095704360865e-05,0,1
6411,normal,window_typing_10000.csv,0,9.992761988542043e-06,0,1
6412,normal,window_typing_10000.csv,0,9.677832167653833e-06,0,1
6413,normal,window_typing_10000.csv,0,9.927659448294435e-06,0,1
6414,normal,window_typing_10000.csv,0,9.159901310340501e-06,0,1
6415,normal,window_typing_10000.csv,0,9.03223826753674e-06,0,1
6416,normal,window_typing_10000.csv,0,9.435777428734582e-06,0,1
6417,normal,window_typing_10000.csv,0,9.133800631389022e-06,0,1
6418,normal,window_typing_10000.csv,0,9.290085472457577e-06,0,1
6419,normal,window_typing_10000.csv,0,9.293203220295254e-06,0,1
6420,normal,window_typing_10000.csv,0,8.438116310571786e-06,0,1
6421,normal,window_typing_10000.csv,0,9.622329343983438e-06,0,1
6422,normal,window_typing_10000.csv,0,1.0651515367499087e-05,0,1
6423,normal,window_typing_10000.csv,0,1.073217936209403e-05,0,1
6424,normal,window_typing_10000.csv,0,1.1677602742565796e-05,0,1
6425,normal,window_typing_10000.csv,0,9.823084837989882e-06,0,1
6426,normal,window_typing_10000.csv,0,9.751736797625199e-06,0,1
6427,normal,window_typing_10000.csv,0,9.16157841857057e-06,0,1
6428,normal,window_typing_10000.csv,0,8.60117779666325e-06,0,1
6429,normal,window_typing_10000.csv,0,8.479934876959305e-06,0,1
6430,normal,window_typing_10000.csv,0,1.0096725418407004e-05,0,1
6431,normal,window_typing_10000.csv,0,1.0139674486708827e-05,0,1
6432,normal,window_typing_10000.csv,0,1.2733674338960554e-05,0,1
6433,normal,window_typing_10000.csv,0,1.4244596059143078e-05,0,1
6434,normal,window_typing_10000.csv,0,1.511929713160498e-05,0,1
6435,normal,window_typing_10000.csv,0,1.5832263670745306e-05,0,1
6436,normal,window_typing_10000.csv,0,1.948355020431336e-05,0,1
6437,normal,window_typing_10000.csv,0,2.4015538656385615e-05,0,1
6438,normal,window_typing_10000.csv,0,1.9909053662559018e-05,0,1
6439,normal,window_typing_10000.csv,0,1.8503635146771558e-05,0,1
6440,normal,window_typing_10000.csv,0,1.916620385600254e-05,0,1
6441,normal,window_typing_10000.csv,0,1.6850672182044946e-05,0,1
6442,normal,window_typing_10000.csv,0,1.454145422030706e-05,0,1
6443,normal,window_typing_10000.csv,0,1.3226052033132873e-05,0,1
6444,normal,window_typing_10000.csv,0,1.4027609722688794e-05,0,1
6445,normal,window_typing_10000.csv,0,1.1387398444639985e-05,0,1
6446,normal,window_typing_10000.csv,0,1.08018284663558e-05,0,1
6447,normal,window_typing_10000.csv,0,1.2374150173855014e-05,0,1
6448,normal,window_typing_10000.csv,0,1.0410424692963716e-05,0,1
6449,normal,window_typing_10000.csv,0,1.0340902917960193e-05,0,1
6450,normal,window_typing_10000.csv,0,1.0258952897856943e-05,0,1
6451,normal,window_typing_10000.csv,0,1.0534835382713936e-05,0,1
6452,normal,window_typing_10000.csv,0,1.0846110853890423e-05,0,1
6453,normal,window_typing_10000.csv,0,9.307794243795797e-06,0,1
6454,normal,window_typing_10000.csv,0,8.97796326171374e-06,0,1
6455,normal,window_typing_10000.csv,0,1.0628066775097977e-05,0,1
6456,normal,window_typing_10000.csv,0,1.2079832231393084e-05,0,1
6457,normal,window_typing_10000.csv,0,1.1983654076175299e-05,0,1
6458,normal,window_typing_10000.csv,0,1.2136990335420705e-05,0,1
6459,normal,window_typing_10000.csv,0,1.270314442081144e-05,0,1
6460,normal,window_typing_10000.csv,0,1.1564494343474507e-05,0,1
6461,normal,window_typing_10000.csv,0,1.2178812539787032e-05,0,1
6462,normal,window_typing_10000.csv,0,1.5294583135982975e-05,0,1
6463,normal,window_typing_10000.csv,0,1.3477678294293582e-05,0,1
6464,normal,window_typing_10000.csv,0,1.3887980458093807e-05,0,1
6465,normal,window_typing_10000.csv,0,1.1704081771313213e-05,0,1
6466,normal,window_typing_10000.csv,0,1.366004016745137e-05,0,1
6467,normal,window_typing_10000.csv,0,1.4409961295314133e-05,0,1
6468,normal,window_typing_10000.csv,0,1.2441347280400805e-05,0,1
6469,normal,window_typing_10000.csv,0,1.1589125278987922e-05,0,1
6470,normal,window_typing_10000.csv,0,1.1291823284409475e-05,0,1
6471,normal,window_typing_10000.csv,0,1.1062625162594486e-05,0,1
6472,normal,window_typing_10000.csv,0,1.0612773621687666e-05,0,1
6473,normal,window_typing_10000.csv,0,9.846231478150003e-06,0,1
6474,normal,window_typing_10000.csv,0,9.535110621072818e-06,0,1
6475,normal,window_typing_10000.csv,0,9.621209756005555e-06,0,1
6476,normal,window_typing_10000.csv,0,9.709652658784762e-06,0,1
6477,normal,window_typing_10000.csv,0,1.0085215762956068e-05,0,1
6478,normal,window_typing_10000.csv,0,9.165903975372203e-06,0,1
6479,normal,window_typing_10000.csv,0,8.927614544518292e-06,0,1
6480,normal,window_typing_10000.csv,0,8.207507562474348e-06,0,1
6481,normal,window_typing_10000.csv,0,9.315616807725746e-06,0,1
6482,normal,window_typing_10000.csv,0,1.4592173101846129e-05,0,1
6483,normal,window_typing_10000.csv,0,1.5237892512232065e-05,0,1
6484,normal,window_typing_10000.csv,0,1.37851220642915e-05,0,1
6485,normal,window_typing_10000.csv,0,1.4551746971847024e-05,0,1
6486,normal,window_typing_10000.csv,0,1.5155776054598391e-05,0,1
6487,normal,window_typing_10000.csv,0,1.4389459465746768e-05,0,1
6488,normal,window_typing_10000.csv,0,1.5599853213643655e-05,0,1
6489,normal,window_typing_10000.csv,0,1.5708863429608755e-05,0,1
6490,normal,window_typing_10000.csv,0,1.5116916983970441e-05,0,1
6491,normal,window_typing_10000.csv,0,1.534809052827768e-05,0,1
6492,normal,window_typing_10000.csv,0,1.453348249924602e-05,0,1
6493,normal,window_typing_10000.csv,0,1.5379328033304773e-05,0,1
6494,normal,window_typing_10000.csv,0,1.4913372979208361e-05,0,1
6495,normal,window_typing_10000.csv,0,1.5814170183148235e-05,0,1
6496,normal,window_typing_10000.csv,0,1.2744765626848675e-05,0,1
6497,normal,window_typing_10000.csv,0,1.3177378605178092e-05,0,1
6498,normal,window_typing_10000.csv,0,1.2646298273466527e-05,0,1
6499,normal,window_typing_10000.csv,0,1.854861511674244e-05,0,1
6500,normal,window_typing_10000.csv,0,2.2227244699024595e-05,0,1
6501,normal,window_typing_10000.csv,0,1.6019268514355645e-05,0,1
6502,normal,window_typing_10000.csv,0,1.2197792784718331e-05,0,1
6503,normal,window_typing_10000.csv,0,1.1558430742297787e-05,0,1
6504,normal,window_typing_10000.csv,0,1.1563953194126952e-05,0,1
6505,normal,window_typing_10000.csv,0,9.880339348455891e-06,0,1
6506,normal,window_typing_10000.csv,0,9.423476512893103e-06,0,1
6507,normal,window_typing_10000.csv,0,1.0266243407386355e-05,0,1
6508,normal,window_typing_10000.csv,0,1.144861653301632e-05,0,1
6509,normal,window_typing_10000.csv,0,1.0971281881211326e-05,0,1
6510,normal,window_typing_10000.csv,0,1.1037007425329648e-05,0,1
6511,normal,window_typing_10000.csv,0,1.0742020094767213e-05,0,1
6512,normal,window_typing_10000.csv,0,1.005430385703221e-05,0,1
6513,normal,window_typing_10000.csv,0,1.0500361895537935e-05,0,1
6514,normal,window_typing_10000.csv,0,9.781579137779772e-06,0,1
6515,normal,window_typing_10000.csv,0,1.1265911780355964e-05,0,1
6516,normal,window_typing_10000.csv,0,1.2710076589428354e-05,0,1
6517,normal,window_typing_10000.csv,0,1.1724123396561481e-05,0,1
6518,normal,window_typing_10000.csv,0,1.2030212019453757e-05,0,1
6519,normal,window_typing_10000.csv,0,1.350920501863584e-05,0,1
6520,normal,window_typing_10000.csv,0,1.3298003977979533e-05,0,1
6521,normal,window_typing_10000.csv,0,1.1142639777972363e-05,0,1
6522,normal,window_typing_10000.csv,0,1.8462318621459417e-05,0,1
6523,normal,window_typing_10000.csv,0,1.315954614256043e-05,0,1
6524,normal,window_typing_10000.csv,0,1.1760461347876117e-05,0,1
6525,normal,window_typing_10000.csv,0,1.0972224117722362e-05,0,1
6526,normal,window_typing_10000.csv,0,1.0039194421551656e-05,0,1
6527,normal,window_typing_10000.csv,0,8.5641650002799e-06,0,1
6528,normal,window_typing_10000.csv,0,1.6134870747919194e-05,0,1
6529,normal,window_typing_10000.csv,0,1.759983933879994e-05,0,1
6530,normal,window_typing_10000.csv,0,1.2633014193852432e-05,0,1
6531,normal,window_typing_10000.csv,0,1.1281296792731155e-05,0,1
6532,normal,window_typing_10000.csv,0,1.492404226155486e-05,0,1
6533,normal,window_typing_10000.csv,0,1.818531563912984e-05,0,1
6534,normal,window_typing_10000.csv,0,1.8022439689957537e-05,0,1
6535,normal,window_typing_10000.csv,0,1.7227266653208062e-05,0,1
6536,normal,window_typing_10000.csv,0,1.9219081877963617e-05,0,1
6537,normal,window_typing_10000.csv,0,1.7047053916030563e-05,0,1
6538,normal,window_typing_10000.csv,0,1.6276419046334922e-05,0,1
6539,normal,window_typing_10000.csv,0,1.5584595530526713e-05,0,1
6540,normal,window_typing_10000.csv,0,1.3843799024471082e-05,0,1
6541,normal,window_typing_10000.csv,0,1.2866237739217468e-05,0,1
6542,normal,window_typing_10000.csv,0,1.3188769116823096e-05,0,1
6543,normal,window_typing_10000.csv,0,1.189173690363532e-05,0,1
6544,normal,window_typing_10000.csv,0,1.1646817256405484e-05,0,1
6545,normal,window_typing_10000.csv,0,1.1059080861741677e-05,0,1
6546,normal,window_typing_10000.csv,0,1.2540371244540438e-05,0,1
6547,normal,window_typing_10000.csv,0,1.18422231025761e-05,0,1
6548,normal,window_typing_10000.csv,0,1.2336245163169224e-05,0,1
6549,normal,window_typing_10000.csv,0,1.0968416063406039e-05,0,1
6550,normal,window_typing_10000.csv,0,1.0942985682049766e-05,0,1
6551,normal,window_typing_10000.csv,0,9.427467375644483e-06,0,1
6552,normal,window_typing_10000.csv,0,8.849748155626003e-06,0,1
6553,normal,window_typing_10000.csv,0,9.237184713128954e-06,0,1
6554,normal,window_typing_10000.csv,0,8.524050826963503e-06,0,1
6555,normal,window_typing_10000.csv,0,9.398534530191682e-06,0,1
6556,normal,window_typing_10000.csv,0,8.735891242395155e-06,0,1
6557,normal,window_typing_10000.csv,0,1.2892620361526497e-05,0,1
6558,normal,window_typing_10000.csv,0,1.0190696229983587e-05,0,1
6559,normal,window_typing_10000.csv,0,8.197580427804496e-06,0,1
6560,normal,window_typing_10000.csv,0,8.582594091421925e-06,0,1
6561,normal,window_typing_10000.csv,0,7.6273167906038e-06,0,1
6562,normal,window_typing_10000.csv,0,8.352855729754083e-06,0,1
6563,normal,window_typing_10000.csv,0,9.253981261281297e-06,0,1
6564,normal,window_typing_10000.csv,0,9.23123207030585e-06,0,1
6565,normal,window_typing_10000.csv,0,8.383483873330988e-06,0,1
6566,normal,window_typing_10000.csv,0,7.699347406742163e-06,0,1
6567,normal,window_typing_10000.csv,0,9.518384104012512e-06,0,1
6568,normal,window_typing_10000.csv,0,1.0658669452823233e-05,0,1
6569,normal,window_typing_10000.csv,0,1.068558958650101e-05,0,1
6570,normal,window_typing_10000.csv,0,1.1497831110318657e-05,0,1
6571,normal,window_typing_10000.csv,0,1.0456213203724474e-05,0,1
6572,normal,window_typing_10000.csv,0,1.0266008757753298e-05,0,1
6573,normal,window_typing_10000.csv,0,1.104584225686267e-05,0,1
6574,normal,window_typing_10000.csv,0,1.0788239706016611e-05,0,1
6575,normal,window_typing_10000.csv,0,1.0282058610755485e-05,0,1
6576,normal,window_typing_10000.csv,0,1.0573435247351881e-05,0,1
6577,normal,window_typing_10000.csv,0,1.0884377843467519e-05,0,1
6578,normal,window_typing_10000.csv,0,1.3022891835134942e-05,0,1
6579,normal,window_typing_10000.csv,0,1.1393101885914803e-05,0,1
6580,normal,window_typing_10000.csv,0,9.907078492688015e-06,0,1
6581,normal,window_typing_10000.csv,0,1.1430408449086826e-05,0,1
6582,normal,window_typing_10000.csv,0,2.6329027605243027e-05,0,1
6583,normal,window_typing_10000.csv,0,3.136548912152648e-05,0,1
6584,normal,window_typing_10000.csv,0,1.9533539671101607e-05,0,1
6585,normal,window_typing_10000.csv,0,1.840279765019659e-05,0,1
6586,normal,window_typing_10000.csv,0,1.7735268556862138e-05,0,1
6587,normal,window_typing_10000.csv,0,1.9112248992314562e-05,0,1
6588,normal,window_typing_10000.csv,0,1.8253706002724357e-05,0,1
6589,normal,window_typing_10000.csv,0,2.0533874703687616e-05,0,1
6590,normal,window_typing_10000.csv,0,2.3389957277686335e-05,0,1
6591,normal,window_typing_10000.csv,0,2.2391810489352793e-05,0,1
6592,normal,window_typing_10000.csv,0,2.3525028154836036e-05,0,1
6593,normal,window_typing_10000.csv,0,1.8669630662770942e-05,0,1
6594,normal,window_typing_10000.csv,0,1.8010377971222624e-05,0,1
6595,normal,window_typing_10000.csv,0,1.6084602975752205e-05,0,1
6596,normal,window_typing_10000.csv,0,1.608690399734769e-05,0,1
6597,normal,window_typing_10000.csv,0,1.5634628653060645e-05,0,1
6598,normal,window_typing_10000.csv,0,1.6640498870401643e-05,0,1
6599,normal,window_typing_10000.csv,0,1.4349088814924471e-05,0,1
6600,normal,window_typing_10000.csv,0,1.5146891200856771e-05,0,1
6601,normal,window_typing_10000.csv,0,1.259316377399955e-05,0,1
6602,normal,window_typing_10000.csv,0,1.2520821655925829e-05,0,1
6603,normal,window_typing_10000.csv,0,1.288806197408121e-05,0,1
6604,normal,window_typing_10000.csv,0,1.3383255463850219e-05,0,1
6605,normal,window_typing_10000.csv,0,1.2629702723643277e-05,0,1
6606,normal,window_typing_10000.csv,0,1.1323571015964262e-05,0,1
6607,normal,window_typing_10000.csv,0,1.1477684893179685e-05,0,1
6608,normal,window_typing_10000.csv,0,1.1909543900401331e-05,0,1
6609,normal,window_typing_10000.csv,0,1.1072937013523187e-05,0,1
6610,normal,window_typing_10000.csv,0,1.0970435141643975e-05,0,1
6611,normal,window_typing_10000.csv,0,1.2918406355311163e-05,0,1
6612,normal,window_typing_10000.csv,0,1.1578011253732257e-05,0,1
6613,normal,window_typing_10000.csv,0,1.2022127521049697e-05,0,1
6614,normal,window_typing_10000.csv,0,1.1048085070797242e-05,0,1
6615,normal,window_typing_10000.csv,0,1.2132465599279385e-05,0,1
6616,normal,window_typing_10000.csv,0,1.2986887668375857e-05,0,1
6617,normal,window_typing_10000.csv,0,1.060845170286484e-05,0,1
6618,normal,window_typing_10000.csv,0,9.858907105808612e-06,0,1
6619,normal,window_typing_10000.csv,0,1.1859062396979425e-05,0,1
6620,normal,window_typing_10000.csv,0,9.368368409923278e-06,0,1
6621,normal,window_typing_10000.csv,0,1.0911545359704178e-05,0,1
6622,normal,window_typing_10000.csv,0,9.497819519310724e-06,0,1
6623,normal,window_typing_10000.csv,0,9.614422197046224e-06,0,1
6624,normal,window_typing_10000.csv,0,8.64751564222388e-06,0,1
6625,normal,window_typing_10000.csv,0,9.084276825888082e-06,0,1
6626,normal,window_typing_10000.csv,0,1.040306051436346e-05,0,1
6627,normal,window_typing_10000.csv,0,1.0192814443144016e-05,0,1
6628,normal,window_typing_10000.csv,0,1.118510863307165e-05,0,1
6629,normal,window_typing_10000.csv,0,1.3027960449107923e-05,0,1
6630,normal,window_typing_10000.csv,0,1.1524408364493866e-05,0,1
6631,normal,window_typing_10000.csv,0,1.4907684089848772e-05,0,1
6632,normal,window_typing_10000.csv,0,1.79616836248897e-05,0,1
6633,normal,window_typing_10000.csv,0,1.713103301881347e-05,0,1
6634,normal,window_typing_10000.csv,0,1.6869966202648357e-05,0,1
6635,normal,window_typing_10000.csv,0,1.8214266674476676e-05,0,1
6636,normal,window_typing_10000.csv,0,1.5862549844314344e-05,0,1
6637,normal,window_typing_10000.csv,0,1.6241237972280942e-05,0,1
6638,normal,window_typing_10000.csv,0,1.3462455171975307e-05,0,1
6639,normal,window_typing_10000.csv,0,1.3160876733309124e-05,0,1
6640,normal,window_typing_10000.csv,0,1.6007859812816605e-05,0,1
6641,normal,window_typing_10000.csv,0,1.2786267689079978e-05,0,1
6642,normal,window_typing_10000.csv,0,1.4118415492703207e-05,0,1
6643,normal,window_typing_10000.csv,0,1.2990244613320101e-05,0,1
6644,normal,window_typing_10000.csv,0,1.1817359336419031e-05,0,1
6645,normal,window_typing_10000.csv,0,1.0961211046378594e-05,0,1
6646,normal,window_typing_10000.csv,0,1.1066381375712808e-05,0,1
6647,normal,window_typing_10000.csv,0,1.0235782610834576e-05,0,1
6648,normal,window_typing_10000.csv,0,9.531756404612679e-06,0,1
6649,normal,window_typing_10000.csv,0,9.532709555060137e-06,0,1
6650,normal,window_typing_10000.csv,0,9.302140824729577e-06,0,1
6651,normal,window_typing_10000.csv,0,8.55280268297065e-06,0,1
6652,normal,window_typing_10000.csv,0,9.634469279262703e-06,0,1
6653,normal,window_typing_10000.csv,0,1.0086312613566406e-05,0,1
6654,normal,window_typing_10000.csv,0,8.999513738672249e-06,0,1
6655,normal,window_typing_10000.csv,0,9.019576282298658e-06,0,1
6656,normal,window_typing_10000.csv,0,9.93123740045121e-06,0,1
6657,normal,window_typing_10000.csv,0,9.718518413137645e-06,0,1
6658,normal,window_typing_10000.csv,0,9.684009455668274e-06,0,1
6659,normal,window_typing_10000.csv,0,1.026653808366973e-05,0,1
6660,normal,window_typing_10000.csv,0,8.783936209511012e-06,0,1
6661,normal,window_typing_10000.csv,0,8.718039680388756e-06,0,1
6662,normal,window_typing_10000.csv,0,8.611182238382753e-06,0,1
6663,normal,window_typing_10000.csv,0,8.375947800232098e-06,0,1
6664,normal,window_typing_10000.csv,0,8.44004716782365e-06,0,1
6665,normal,window_typing_10000.csv,0,8.770324711804278e-06,0,1
6666,normal,window_typing_10000.csv,0,9.522452273813542e-06,0,1
6667,normal,window_typing_10000.csv,0,9.662901902629528e-06,0,1
6668,normal,window_typing_10000.csv,0,8.580400390201248e-06,0,1
6669,normal,window_typing_10000.csv,0,8.685435204824898e-06,0,1
6670,normal,window_typing_10000.csv,0,8.891732250049245e-06,0,1
6671,normal,window_typing_10000.csv,0,7.759022992104292e-06,0,1
6672,normal,window_typing_10000.csv,0,9.065851372724865e-06,0,1
6673,normal,window_typing_10000.csv,0,7.808259397279471e-06,0,1
6674,normal,window_typing_10000.csv,0,1.3136977031535935e-05,0,1
6675,normal,window_typing_10000.csv,0,1.044839882524684e-05,0,1
6676,normal,window_typing_10000.csv,0,7.546491815446643e-06,0,1
6677,normal,window_typing_10000.csv,0,7.791047210048418e-06,0,1
6678,normal,window_typing_10000.csv,0,7.988151992321946e-06,0,1
6679,normal,window_typing_10000.csv,0,8.129033631121274e-06,0,1
6680,normal,window_typing_10000.csv,0,7.515013749070931e-06,0,1
6681,normal,window_typing_10000.csv,0,7.290453140740283e-06,0,1
6682,normal,window_typing_10000.csv,0,7.376636403932935e-06,0,1
6683,normal,window_typing_10000.csv,0,7.147466931201052e-06,0,1
6684,normal,window_typing_10000.csv,0,7.0534197220695205e-06,0,1
6685,normal,window_typing_10000.csv,0,8.152441296260804e-06,0,1
6686,normal,window_typing_10000.csv,0,8.058047569647897e-06,0,1
6687,normal,window_typing_10000.csv,0,8.565137250116095e-06,0,1
6688,normal,window_typing_10000.csv,0,7.535927124990849e-06,0,1
6689,normal,window_typing_10000.csv,0,8.024771886994131e-06,0,1
6690,normal,window_typing_10000.csv,0,6.927954473212594e-06,0,1
6691,normal,window_typing_10000.csv,0,7.589557753817644e-06,0,1
6692,normal,window_typing_10000.csv,0,7.16629801900126e-06,0,1
6693,normal,window_typing_10000.csv,0,8.601316949352622e-06,0,1
6694,normal,window_typing_10000.csv,0,7.5456855483935215e-06,0,1
6695,normal,window_typing_10000.csv,0,1.3674220099346712e-05,0,1
6696,normal,window_typing_10000.csv,0,9.27067594602704e-06,0,1
6697,normal,window_typing_10000.csv,0,8.559070010960568e-06,0,1
6698,normal,window_typing_10000.csv,0,9.041253179020714e-06,0,1
6699,normal,window_typing_10000.csv,0,7.798830665706191e-06,0,1
6700,normal,window_typing_10000.csv,0,7.571109108539531e-06,0,1
6701,normal,window_typing_10000.csv,0,7.84922576713143e-06,0,1
6702,normal,window_typing_10000.csv,0,8.543786861991975e-06,0,1
6703,normal,window_typing_10000.csv,0,8.924754183681216e-06,0,1
6704,normal,window_typing_10000.csv,0,7.481997727154521e-06,0,1
6705,normal,window_typing_10000.csv,0,8.402261300943792e-06,0,1
6706,normal,window_typing_10000.csv,0,7.600038316013524e-06,0,1
6707,normal,window_typing_10000.csv,0,7.73468036641134e-06,0,1
6708,normal,window_typing_10000.csv,0,8.724701729079243e-06,0,1
6709,normal,window_typing_10000.csv,0,9.063344805326778e-06,0,1
6710,normal,window_typing_10000.csv,0,9.667122867540456e-06,0,1
6711,normal,window_typing_10000.csv,0,1.1821090083685704e-05,0,1
6712,normal,window_typing_10000.csv,0,1.2701872947218362e-05,0,1
6713,normal,window_typing_10000.csv,0,1.3703044714930002e-05,0,1
6714,normal,window_typing_10000.csv,0,1.205290300276829e-05,0,1
6715,normal,window_typing_10000.csv,0,1.282730318052927e-05,0,1
6716,normal,window_typing_10000.csv,0,1.4513745554722846e-05,0,1
6717,normal,window_typing_10000.csv,0,1.377037915517576e-05,0,1
6718,normal,window_typing_10000.csv,0,1.833176975196693e-05,0,1
6719,normal,window_typing_10000.csv,0,1.5540976164629683e-05,0,1
6720,normal,window_typing_10000.csv,0,1.2405354937072843e-05,0,1
6721,normal,window_typing_10000.csv,0,1.288514795305673e-05,0,1
6722,normal,window_typing_10000.csv,0,1.4444055523199495e-05,0,1
6723,normal,window_typing_10000.csv,0,1.1793615158239845e-05,0,1
6724,normal,window_typing_10000.csv,0,1.1390820873202756e-05,0,1
6725,normal,window_typing_10000.csv,0,1.1478155101940501e-05,0,1
6726,normal,window_typing_10000.csv,0,1.2330104254942853e-05,0,1
6727,normal,window_typing_10000.csv,0,1.0386405847384594e-05,0,1
6728,normal,window_typing_10000.csv,0,9.357645467389375e-06,0,1
6729,normal,window_typing_10000.csv,0,1.0081254913529847e-05,0,1
6730,normal,window_typing_10000.csv,0,9.092328582482878e-06,0,1
6731,normal,window_typing_10000.csv,0,1.003338456939673e-05,0,1
6732,normal,window_typing_10000.csv,0,9.384373697685078e-06,0,1
6733,normal,window_typing_10000.csv,0,8.546793651476037e-06,0,1
6734,normal,window_typing_10000.csv,0,8.086113666649908e-06,0,1
6735,normal,window_typing_10000.csv,0,7.930539140943438e-06,0,1
6736,normal,window_typing_10000.csv,0,7.51047809899319e-06,0,1
6737,normal,window_typing_10000.csv,0,7.310643923119642e-06,0,1
6738,normal,window_typing_10000.csv,0,7.663612450414803e-06,0,1
6739,normal,window_typing_10000.csv,0,8.986092325358186e-06,0,1
6740,normal,window_typing_10000.csv,0,8.355086720257532e-06,0,1
6741,normal,window_typing_10000.csv,0,9.053616849996615e-06,0,1
6742,normal,window_typing_10000.csv,0,8.924610483518336e-06,0,1
6743,normal,window_typing_10000.csv,0,9.600340490578674e-06,0,1
6744,normal,window_typing_10000.csv,0,9.753075573826209e-06,0,1
6745,normal,window_typing_10000.csv,0,1.040743609337369e-05,0,1
6746,normal,window_typing_10000.csv,0,1.1673148037516512e-05,0,1
6747,normal,window_typing_10000.csv,0,1.1979358532698825e-05,0,1
6748,normal,window_typing_10000.csv,0,1.2146009794378188e-05,0,1
6749,normal,window_typing_10000.csv,0,1.2128462913096882e-05,0,1
6750,normal,window_typing_10000.csv,0,1.1393971362849697e-05,0,1
6751,normal,window_typing_10000.csv,0,1.2036283806082793e-05,0,1
6752,normal,window_typing_10000.csv,0,1.1563302905415185e-05,0,1
6753,normal,window_typing_10000.csv,0,1.2393140423228033e-05,0,1
6754,normal,window_typing_10000.csv,0,1.2972850527148694e-05,0,1
6755,normal,window_typing_10000.csv,0,1.1442886716395151e-05,0,1
6756,normal,window_typing_10000.csv,0,1.318295926466817e-05,0,1
6757,normal,window_typing_10000.csv,0,1.2326154319453053e-05,0,1
6758,normal,window_typing_10000.csv,0,1.1470932804513723e-05,0,1
6759,normal,window_typing_10000.csv,0,1.1407779311412014e-05,0,1
6760,normal,window_typing_10000.csv,0,1.1040565368602984e-05,0,1
6761,normal,window_typing_10000.csv,0,1.0884097719099373e-05,0,1
6762,normal,window_typing_10000.csv,0,1.0486372048035264e-05,0,1
6763,normal,window_typing_10000.csv,0,9.957070687960368e-06,0,1
6764,normal,window_typing_10000.csv,0,8.567228178435471e-06,0,1
6765,normal,window_typing_10000.csv,0,8.747880201553926e-06,0,1
6766,normal,window_typing_10000.csv,0,8.793440429144539e-06,0,1
6767,normal,window_typing_10000.csv,0,8.324314876517747e-06,0,1
6768,normal,window_typing_10000.csv,0,8.75332989380695e-06,0,1
6769,normal,window_typing_10000.csv,0,1.0311900950910058e-05,0,1
6770,normal,window_typing_10000.csv,0,8.635574886284303e-06,0,1
6771,normal,window_typing_10000.csv,0,9.21275386644993e-06,0,1
6772,normal,window_typing_10000.csv,0,8.60150612425059e-06,0,1
6773,normal,window_typing_10000.csv,0,8.740183147892822e-06,0,1
6774,normal,window_typing_10000.csv,0,8.492560482409317e-06,0,1
6775,normal,window_typing_10000.csv,0,9.068930012290366e-06,0,1
6776,normal,window_typing_10000.csv,0,7.873673894209787e-06,0,1
6777,normal,window_typing_10000.csv,0,7.907113285909873e-06,0,1
6778,normal,window_typing_10000.csv,0,8.810329745756462e-06,0,1
6779,normal,window_typing_10000.csv,0,8.084263754426502e-06,0,1
6780,normal,window_typing_10000.csv,0,8.156469448294956e-06,0,1
6781,normal,window_typing_10000.csv,0,8.008205441001337e-06,0,1
6782,normal,window_typing_10000.csv,0,8.241006071330048e-06,0,1
6783,normal,window_typing_10000.csv,0,8.449283996014856e-06,0,1
6784,normal,window_typing_10000.csv,0,7.967359124450013e-06,0,1
6785,normal,window_typing_10000.csv,0,8.000243724382017e-06,0,1
6786,normal,window_typing_10000.csv,0,8.727938620722853e-06,0,1
6787,normal,window_typing_10000.csv,0,9.70294149738038e-06,0,1
6788,normal,window_typing_10000.csv,0,8.81091818882851e-06,0,1
6789,normal,window_typing_10000.csv,0,8.115540367725771e-06,0,1
6790,normal,window_typing_10000.csv,0,8.021061148610897e-06,0,1
6791,normal,window_typing_10000.csv,0,8.709763278602622e-06,0,1
6792,normal,window_typing_10000.csv,0,8.979059202829376e-06,0,1
6793,normal,window_typing_10000.csv,0,8.884595445124432e-06,0,1
6794,normal,window_typing_10000.csv,0,8.516259185853414e-06,0,1
6795,normal,window_typing_10000.csv,0,9.467307791055646e-06,0,1
6796,normal,window_typing_10000.csv,0,8.849376172292978e-06,0,1
6797,normal,window_typing_10000.csv,0,8.987215551314875e-06,0,1
6798,normal,window_typing_10000.csv,0,9.104329365072772e-06,0,1
6799,normal,window_typing_10000.csv,0,9.549097740091383e-06,0,1
6800,normal,window_typing_10000.csv,0,8.641332897241227e-06,0,1
6801,normal,window_typing_10000.csv,0,8.380183317058254e-06,0,1
6802,normal,window_typing_10000.csv,0,8.140010322676972e-06,0,1
6803,normal,window_typing_10000.csv,0,9.7254724096274e-06,0,1
6804,normal,window_typing_10000.csv,0,1.263013564312132e-05,0,1
6805,normal,window_typing_10000.csv,0,1.1029578672605567e-05,0,1
6806,normal,window_typing_10000.csv,0,9.731354111863766e-06,0,1
6807,normal,window_typing_10000.csv,0,1.1461003850854468e-05,0,1
6808,normal,window_typing_10000.csv,0,1.1209498552489094e-05,0,1
6809,normal,window_typing_10000.csv,0,1.1398786227800883e-05,0,1
6810,normal,window_typing_10000.csv,0,1.076312310033245e-05,0,1
6811,normal,window_typing_10000.csv,0,1.0802868928294629e-05,0,1
6812,normal,window_typing_10000.csv,0,1.1594554052862804e-05,0,1
6813,normal,window_typing_10000.csv,0,1.2587496712512802e-05,0,1
6814,normal,window_typing_10000.csv,0,1.4790234672545921e-05,0,1
6815,normal,window_typing_10000.csv,0,1.7419879441149533e-05,0,1
6816,normal,window_typing_10000.csv,0,1.7336504242848605e-05,0,1
6817,normal,window_typing_10000.csv,0,1.628390236874111e-05,0,1
6818,normal,window_typing_10000.csv,0,1.4633170394517947e-05,0,1
6819,normal,window_typing_10000.csv,0,1.369245092064375e-05,0,1
6820,normal,window_typing_10000.csv,0,1.4048641787667293e-05,0,1
6821,normal,window_typing_10000.csv,0,1.3287468391354196e-05,0,1
6822,normal,window_typing_10000.csv,0,1.3219898391980678e-05,0,1
6823,normal,window_typing_10000.csv,0,1.6318555935868062e-05,0,1
6824,normal,window_typing_10000.csv,0,1.5147611520660575e-05,0,1
6825,normal,window_typing_10000.csv,0,1.3126656995154917e-05,0,1
6826,normal,window_typing_10000.csv,0,1.3404025594354607e-05,0,1
6827,normal,window_typing_10000.csv,0,1.2034595783916302e-05,0,1
6828,normal,window_typing_10000.csv,0,1.1753934813896194e-05,0,1
6829,normal,window_typing_10000.csv,0,1.1770884157158434e-05,0,1
6830,normal,window_typing_10000.csv,0,1.1093485227320343e-05,0,1
6831,normal,window_typing_10000.csv,0,1.058002180798212e-05,0,1
6832,normal,window_typing_10000.csv,0,1.0126301276613958e-05,0,1
6833,normal,window_typing_10000.csv,0,8.937002348829992e-06,0,1
6834,normal,window_typing_10000.csv,0,9.561818842485081e-06,0,1
6835,normal,window_typing_10000.csv,0,1.0159798875974957e-05,0,1
6836,normal,window_typing_10000.csv,0,1.0730951544246636e-05,0,1
6837,normal,window_typing_10000.csv,0,1.0498849405848887e-05,0,1
6838,normal,window_typing_10000.csv,0,9.128037163463887e-06,0,1
6839,normal,window_typing_10000.csv,0,9.468445568927564e-06,0,1
6840,normal,window_typing_10000.csv,0,1.0915905477304477e-05,0,1
6841,normal,window_typing_10000.csv,0,1.1397612070140895e-05,0,1
6842,normal,window_typing_10000.csv,0,1.3183740520616993e-05,0,1
6843,normal,window_typing_10000.csv,0,1.3609677807835396e-05,0,1
6844,normal,window_typing_10000.csv,0,1.589236308063846e-05,0,1
6845,normal,window_typing_10000.csv,0,1.3101431250106543e-05,0,1
6846,normal,window_typing_10000.csv,0,1.3655806469614618e-05,0,1
6847,normal,window_typing_10000.csv,0,1.2912012607557699e-05,0,1
6848,normal,window_typing_10000.csv,0,1.558102849230636e-05,0,1
6849,normal,window_typing_10000.csv,0,1.4515087968902662e-05,0,1
6850,normal,window_typing_10000.csv,0,1.4756521522940602e-05,0,1
6851,normal,window_typing_10000.csv,0,1.4207952517608646e-05,0,1
6852,normal,window_typing_10000.csv,0,1.5890211216174066e-05,0,1
6853,normal,window_typing_10000.csv,0,1.5668527339585125e-05,0,1
6854,normal,window_typing_10000.csv,0,1.0815352652571164e-05,0,1
6855,normal,window_typing_10000.csv,0,1.042829990183236e-05,0,1
6856,normal,window_typing_10000.csv,0,1.1188437383680139e-05,0,1
6857,normal,window_typing_10000.csv,0,1.3304624189913739e-05,0,1
6858,normal,window_typing_10000.csv,0,1.2014482308586594e-05,0,1
6859,normal,window_typing_10000.csv,0,1.1192961210326757e-05,0,1
6860,normal,window_typing_10000.csv,0,1.1488647032820154e-05,0,1
6861,normal,window_typing_10000.csv,0,9.813084943743888e-06,0,1
6862,normal,window_typing_10000.csv,0,9.65778872341616e-06,0,1
6863,normal,window_typing_10000.csv,0,1.0055108759843279e-05,0,1
6864,normal,window_typing_10000.csv,0,8.105384040391073e-06,0,1
6865,normal,window_typing_10000.csv,0,1.4313118299469352e-05,0,1
6866,normal,window_typing_10000.csv,0,9.920617230818607e-06,0,1
6867,normal,window_typing_10000.csv,0,7.953792191983666e-06,0,1
6868,normal,window_typing_10000.csv,0,8.024702765396796e-06,0,1
6869,normal,window_typing_10000.csv,0,8.278887435153592e-06,0,1
6870,normal,window_typing_10000.csv,0,7.44720091461204e-06,0,1
6871,normal,window_typing_10000.csv,0,7.87358294473961e-06,0,1
6872,normal,window_typing_10000.csv,0,8.212517968786415e-06,0,1
6873,normal,window_typing_10000.csv,0,8.927828275773209e-06,0,1
6874,normal,window_typing_10000.csv,0,1.1723038369382266e-05,0,1
6875,normal,window_typing_10000.csv,0,1.0100829058501404e-05,0,1
6876,normal,window_typing_10000.csv,0,1.888119732029736e-05,0,1
6877,normal,window_typing_10000.csv,0,2.376193879172206e-05,0,1
6878,normal,window_typing_10000.csv,0,1.61790940182982e-05,0,1
6879,normal,window_typing_10000.csv,0,1.560756027174648e-05,0,1
6880,normal,window_typing_10000.csv,0,1.7308486349065788e-05,0,1
6881,normal,window_typing_10000.csv,0,2.5804431061260402e-05,0,1
6882,normal,window_typing_10000.csv,0,3.242993261665106e-05,0,1
6883,normal,window_typing_10000.csv,0,3.269244552939199e-05,0,1
6884,normal,window_typing_10000.csv,0,2.3906406568130478e-05,0,1
6885,normal,window_typing_10000.csv,0,1.94447366084205e-05,0,1
6886,normal,window_typing_10000.csv,0,2.582153865660075e-05,0,1
6887,normal,window_typing_10000.csv,0,3.3121359592769295e-05,0,1
6888,normal,window_typing_10000.csv,0,2.573385245341342e-05,0,1
6889,normal,window_typing_10000.csv,0,2.3733513444312848e-05,0,1
6890,normal,window_typing_10000.csv,0,2.3047243303153664e-05,0,1
6891,normal,window_typing_10000.csv,0,1.904389682749752e-05,0,1
6892,normal,window_typing_10000.csv,0,1.6070296624093316e-05,0,1
6893,normal,window_typing_10000.csv,0,1.7852833479992114e-05,0,1
6894,normal,window_typing_10000.csv,0,1.528169377706945e-05,0,1
6895,normal,window_typing_10000.csv,0,1.3375256457948126e-05,0,1
6896,normal,window_typing_10000.csv,0,1.1877546967298258e-05,0,1
6897,normal,window_typing_10000.csv,0,1.4868342987028882e-05,0,1
6898,normal,window_typing_10000.csv,0,1.3764287359663285e-05,0,1
6899,normal,window_typing_10000.csv,0,1.3880194273951929e-05,0,1
6900,normal,window_typing_10000.csv,0,1.341599545412464e-05,0,1
6901,normal,window_typing_10000.csv,0,1.0897579159063753e-05,0,1
6902,normal,window_typing_10000.csv,0,1.161367617896758e-05,0,1
6903,normal,window_typing_10000.csv,0,9.766497896634974e-06,0,1
6904,normal,window_typing_10000.csv,0,9.43801842367975e-06,0,1
6905,normal,window_typing_10000.csv,0,1.0350177035434172e-05,0,1
6906,normal,window_typing_10000.csv,0,9.048430001712404e-06,0,1
6907,normal,window_typing_10000.csv,0,8.941044143284671e-06,0,1
6908,normal,window_typing_10000.csv,0,8.745928425923921e-06,0,1
6909,normal,window_typing_10000.csv,0,8.30056524137035e-06,0,1
6910,normal,window_typing_10000.csv,0,8.10870187706314e-06,0,1
6911,normal,window_typing_10000.csv,0,8.466166946163867e-06,0,1
6912,normal,window_typing_10000.csv,0,7.909768100944348e-06,0,1
6913,normal,window_typing_10000.csv,0,8.767640792939346e-06,0,1
6914,normal,window_typing_10000.csv,0,9.011390829982702e-06,0,1
6915,normal,window_typing_10000.csv,0,8.395557415497024e-06,0,1
6916,normal,window_typing_10000.csv,0,7.891979294072371e-06,0,1
6917,normal,window_typing_10000.csv,0,9.525149835099e-06,0,1
6918,normal,window_typing_10000.csv,0,7.85359134169994e-06,0,1
6919,normal,window_typing_10000.csv,0,7.858901881263591e-06,0,1
6920,normal,window_typing_10000.csv,0,9.36105425353162e-06,0,1
6921,normal,window_typing_10000.csv,0,1.1172677659487817e-05,0,1
6922,normal,window_typing_10000.csv,0,1.0945761459879577e-05,0,1
6923,normal,window_typing_10000.csv,0,1.0672706594050396e-05,0,1
6924,normal,window_typing_10000.csv,0,1.0484922313480638e-05,0,1
6925,normal,window_typing_10000.csv,0,1.007333594316151e-05,0,1
6926,normal,window_typing_10000.csv,0,1.0118211321241688e-05,0,1
6927,normal,window_typing_10000.csv,0,9.981324183172546e-06,0,1
6928,normal,window_typing_10000.csv,0,9.770446922630072e-06,0,1
6929,normal,window_typing_10000.csv,0,9.522896107228007e-06,0,1
6930,normal,window_typing_10000.csv,0,9.181748282571789e-06,0,1
6931,normal,window_typing_10000.csv,0,1.0451875823491719e-05,0,1
6932,normal,window_typing_10000.csv,0,9.357118869957048e-06,0,1
6933,normal,window_typing_10000.csv,0,9.356101145385765e-06,0,1
6934,normal,window_typing_10000.csv,0,9.563925232214388e-06,0,1
6935,normal,window_typing_10000.csv,0,8.473703019262757e-06,0,1
6936,normal,window_typing_10000.csv,0,1.0073316843772773e-05,0,1
6937,normal,window_typing_10000.csv,0,8.474768947053235e-06,0,1
6938,normal,window_typing_10000.csv,0,8.749865628487896e-06,0,1
6939,normal,window_typing_10000.csv,0,8.457765034108888e-06,0,1
6940,normal,window_typing_10000.csv,0,8.122826329781674e-06,0,1
6941,normal,window_typing_10000.csv,0,7.71843951952178e-06,0,1
6942,normal,window_typing_10000.csv,0,7.581628779007588e-06,0,1
6943,normal,window_typing_10000.csv,0,7.507592727051815e-06,0,1
6944,normal,window_typing_10000.csv,0,7.87290082371328e-06,0,1
6945,normal,window_typing_10000.csv,0,9.629783562559169e-06,0,1
6946,normal,window_typing_10000.csv,0,8.871768841345329e-06,0,1
6947,normal,window_typing_10000.csv,0,8.306891686515883e-06,0,1
6948,normal,window_typing_10000.csv,0,1.0718208613980096e-05,0,1
6949,normal,window_typing_10000.csv,0,1.535551382403355e-05,0,1
6950,normal,window_typing_10000.csv,0,2.2527219698531553e-05,0,1
6951,normal,window_typing_10000.csv,0,2.4267610569950193e-05,0,1
6952,normal,window_typing_10000.csv,0,2.3540627807960846e-05,0,1
6953,normal,window_typing_10000.csv,0,2.380182922934182e-05,0,1
6954,normal,window_typing_10000.csv,0,2.3890041120466776e-05,0,1
6955,normal,window_typing_10000.csv,0,2.3723850972601213e-05,0,1
6956,normal,window_typing_10000.csv,0,2.3292108380701393e-05,0,1
6957,normal,window_typing_10000.csv,0,1.8498411009204574e-05,0,1
6958,normal,window_typing_10000.csv,0,1.8148397430195473e-05,0,1
6959,normal,window_typing_10000.csv,0,1.8302773241885006e-05,0,1
6960,normal,window_typing_10000.csv,0,1.5846417227294296e-05,0,1
6961,normal,window_typing_10000.csv,0,1.648076795390807e-05,0,1
6962,normal,window_typing_10000.csv,0,1.771652023307979e-05,0,1
6963,normal,window_typing_10000.csv,0,1.5477067790925503e-05,0,1
6964,normal,window_typing_10000.csv,0,1.3195538485888392e-05,0,1
6965,normal,window_typing_10000.csv,0,1.153670200437773e-05,0,1
6966,normal,window_typing_10000.csv,0,1.2734209121845197e-05,0,1
6967,normal,window_typing_10000.csv,0,1.1351477041898761e-05,0,1
6968,normal,window_typing_10000.csv,0,1.1870356502186041e-05,0,1
6969,normal,window_typing_10000.csv,0,1.1228906259930227e-05,0,1
6970,normal,window_typing_10000.csv,0,1.0567840035946574e-05,0,1
6971,normal,window_typing_10000.csv,0,9.530891475151293e-06,0,1
6972,normal,window_typing_10000.csv,0,9.471452358411625e-06,0,1
6973,normal,window_typing_10000.csv,0,8.913985766412225e-06,0,1
6974,normal,window_typing_10000.csv,0,9.09263235371327e-06,0,1
6975,normal,window_typing_10000.csv,0,8.325577255163807e-06,0,1
6976,normal,window_typing_10000.csv,0,8.962325409811456e-06,0,1
6977,normal,window_typing_10000.csv,0,8.563666597183328e-06,0,1
6978,normal,window_typing_10000.csv,0,9.222098015015945e-06,0,1
6979,normal,window_typing_10000.csv,0,8.378008715226315e-06,0,1
6980,normal,window_typing_10000.csv,0,8.160429388226476e-06,0,1
6981,normal,window_typing_10000.csv,0,9.871128895611037e-06,0,1
6982,normal,window_typing_10000.csv,0,8.734567018109374e-06,0,1
6983,normal,window_typing_10000.csv,0,8.082975909928791e-06,0,1
6984,normal,window_typing_10000.csv,0,8.236362191382796e-06,0,1
6985,normal,window_typing_10000.csv,0,7.902718607510906e-06,0,1
6986,normal,window_typing_10000.csv,0,8.022131623874884e-06,0,1
6987,normal,window_typing_10000.csv,0,9.22084927879041e-06,0,1
6988,normal,window_typing_10000.csv,0,9.070988198800478e-06,0,1
6989,normal,window_typing_10000.csv,0,1.2039198736601975e-05,0,1
6990,normal,window_typing_10000.csv,0,1.706178954918869e-05,0,1
6991,normal,window_typing_10000.csv,0,1.1298868230369408e-05,0,1
6992,normal,window_typing_10000.csv,0,1.013605924526928e-05,0,1
6993,normal,window_typing_10000.csv,0,9.41262533160625e-06,0,1
6994,normal,window_typing_10000.csv,0,8.869764315022621e-06,0,1
6995,normal,window_typing_10000.csv,0,8.044709829846397e-06,0,1
6996,normal,window_typing_10000.csv,0,8.613424142822623e-06,0,1
6997,normal,window_typing_10000.csv,0,8.628428076917771e-06,0,1
6998,normal,window_typing_10000.csv,0,8.165146937244572e-06,0,1
6999,normal,window_typing_10000.csv,0,8.750032975513022e-06,0,1
7000,normal,window_typing_10000.csv,0,8.739991244510747e-06,0,1
7001,normal,window_typing_10000.csv,0,9.274062904296443e-06,0,1
7002,normal,window_typing_10000.csv,0,1.11103399831336e-05,0,1
7003,normal,window_typing_10000.csv,0,9.877334377961233e-06,0,1
7004,normal,window_typing_10000.csv,0,9.726084499561694e-06,0,1
7005,normal,window_typing_10000.csv,0,8.704756510269362e-06,0,1
7006,normal,window_typing_10000.csv,0,9.346666047349572e-06,0,1
7007,normal,window_typing_10000.csv,0,9.849696652963758e-06,0,1
7008,normal,window_typing_10000.csv,0,9.76459796220297e-06,0,1
7009,normal,window_typing_10000.csv,0,9.773466445039958e-06,0,1
7010,normal,window_typing_10000.csv,0,1.0348154319217429e-05,0,1
7011,normal,window_typing_10000.csv,0,1.0398626727692317e-05,0,1
7012,normal,window_typing_10000.csv,0,1.0899823791987728e-05,0,1
7013,normal,window_typing_10000.csv,0,1.0200905308010988e-05,0,1
7014,normal,window_typing_10000.csv,0,9.426172255189158e-06,0,1
7015,normal,window_typing_10000.csv,0,9.71782355918549e-06,0,1
7016,normal,window_typing_10000.csv,0,1.0062082765216473e-05,0,1
7017,normal,window_typing_10000.csv,0,1.0955223842756823e-05,0,1
7018,normal,window_typing_10000.csv,0,9.3721755547449e-06,0,1
7019,normal,window_typing_10000.csv,0,8.947031346906442e-06,0,1
7020,normal,window_typing_10000.csv,0,1.066510594682768e-05,0,1
7021,normal,window_typing_10000.csv,0,1.040198822011007e-05,0,1
7022,normal,window_typing_10000.csv,0,1.0788846338982694e-05,0,1
7023,normal,window_typing_10000.csv,0,1.0308027412975207e-05,0,1
7024,normal,window_typing_10000.csv,0,9.58717555477051e-06,0,1
7025,normal,window_typing_10000.csv,0,9.275664524466265e-06,0,1
7026,normal,window_typing_10000.csv,0,9.917675924953073e-06,0,1
7027,normal,window_typing_10000.csv,0,9.838000551098958e-06,0,1
7028,normal,window_typing_10000.csv,0,9.724340998218395e-06,0,1
7029,normal,window_typing_10000.csv,0,1.0826507605088409e-05,0,1
7030,normal,window_typing_10000.csv,0,1.0046550414699595e-05,0,1
7031,normal,window_typing_10000.csv,0,1.3193725862947758e-05,0,1
7032,normal,window_typing_10000.csv,0,1.3683013094123453e-05,0,1
7033,normal,window_typing_10000.csv,0,1.4682192158943508e-05,0,1
7034,normal,window_typing_10000.csv,0,1.1865115084219724e-05,0,1
7035,normal,window_typing_10000.csv,0,1.123235506383935e-05,0,1
7036,normal,window_typing_10000.csv,0,1.3105767720844597e-05,0,1
7037,normal,window_typing_10000.csv,0,1.4972069948271383e-05,0,1
7038,normal,window_typing_10000.csv,0,1.2369912838039454e-05,0,1
7039,normal,window_typing_10000.csv,0,1.3003568710701074e-05,0,1
7040,normal,window_typing_10000.csv,0,1.19450778583996e-05,0,1
7041,normal,window_typing_10000.csv,0,1.3053666407358833e-05,0,1
7042,normal,window_typing_10000.csv,0,1.2492542737163603e-05,0,1
7043,normal,window_typing_10000.csv,0,1.328351572738029e-05,0,1
7044,normal,window_typing_10000.csv,0,1.2135717952332925e-05,0,1
7045,normal,window_typing_10000.csv,0,1.1633984286163468e-05,0,1
7046,normal,window_typing_10000.csv,0,1.1477280168037396e-05,0,1
7047,normal,window_typing_10000.csv,0,1.0288552402926143e-05,0,1
7048,normal,window_typing_10000.csv,0,9.893332389765419e-06,0,1
7049,normal,window_typing_10000.csv,0,9.49044078879524e-06,0,1
7050,normal,window_typing_10000.csv,0,9.854009476839565e-06,0,1
7051,normal,window_typing_10000.csv,0,9.094062988879159e-06,0,1
7052,normal,window_typing_10000.csv,0,1.0176642717851792e-05,0,1
7053,normal,window_typing_10000.csv,0,9.675976798462216e-06,0,1
7054,normal,window_typing_10000.csv,0,8.445860657957383e-06,0,1
7055,normal,window_typing_10000.csv,0,8.474679816572461e-06,0,1
7056,normal,window_typing_10000.csv,0,8.668472219142132e-06,0,1
7057,normal,window_typing_10000.csv,0,8.050158612604719e-06,0,1
7058,normal,window_typing_10000.csv,0,7.988868674146943e-06,0,1
7059,normal,window_typing_10000.csv,0,8.081279702309985e-06,0,1
7060,normal,window_typing_10000.csv,0,8.195470400096383e-06,0,1
7061,normal,window_typing_10000.csv,0,8.093674296105746e-06,0,1
7062,normal,window_typing_10000.csv,0,7.6514534157468e-06,0,1
7063,normal,window_typing_10000.csv,0,7.364350040006684e-06,0,1
7064,normal,window_typing_10000.csv,0,8.16270949144382e-06,0,1
7065,normal,window_typing_10000.csv,0,7.242844731081277e-06,0,1
7066,normal,window_typing_10000.csv,0,7.436066425725585e-06,0,1
7067,normal,window_typing_10000.csv,0,7.470440323231742e-06,0,1
7068,normal,window_typing_10000.csv,0,7.399309197353432e-06,0,1
7069,normal,window_typing_10000.csv,0,7.460017059202073e-06,0,1
7070,normal,window_typing_10000.csv,0,7.600675871799467e-06,0,1
7071,normal,window_typing_10000.csv,0,8.437648830295075e-06,0,1
7072,normal,window_typing_10000.csv,0,7.501559139200253e-06,0,1
7073,normal,window_typing_10000.csv,0,8.41559813125059e-06,0,1
7074,normal,window_typing_10000.csv,0,7.356831702054478e-06,0,1
7075,normal,window_typing_10000.csv,0,7.594169346702984e-06,0,1
7076,normal,window_typing_10000.csv,0,7.093103249644628e-06,0,1
7077,normal,window_typing_10000.csv,0,7.290369921975071e-06,0,1
7078,normal,window_typing_10000.csv,0,6.781139290978899e-06,0,1
7079,normal,window_typing_10000.csv,0,6.898016636114335e-06,0,1
7080,normal,window_typing_10000.csv,0,7.263548013725085e-06,0,1
7081,normal,window_typing_10000.csv,0,7.777692189847585e-06,0,1
7082,normal,window_typing_10000.csv,0,7.803904736647382e-06,0,1
7083,normal,window_typing_10000.csv,0,7.779621228110045e-06,0,1
7084,normal,window_typing_10000.csv,0,7.01790531820734e-06,0,1
7085,normal,window_typing_10000.csv,0,7.51978905100259e-06,0,1
7086,normal,window_typing_10000.csv,0,7.271407866937807e-06,0,1
7087,normal,window_typing_10000.csv,0,6.2690623963135295e-06,0,1
7088,normal,window_typing_10000.csv,0,8.458498996333219e-06,0,1
7089,normal,window_typing_10000.csv,0,9.304164450441021e-06,0,1
7090,normal,window_typing_10000.csv,0,1.015777434076881e-05,0,1
7091,normal,window_typing_10000.csv,0,8.576792424719315e-06,0,1
7092,normal,window_typing_10000.csv,0,8.979761332739145e-06,0,1
7093,normal,window_typing_10000.csv,0,9.750881872605532e-06,0,1
7094,normal,window_typing_10000.csv,0,1.0261496754537802e-05,0,1
7095,normal,window_typing_10000.csv,0,1.0378989827586338e-05,0,1
7096,normal,window_typing_10000.csv,0,1.0738599485193845e-05,0,1
7097,normal,window_typing_10000.csv,0,1.0918843145191204e-05,0,1
7098,normal,window_typing_10000.csv,0,9.242867236025631e-06,0,1
7099,normal,window_typing_10000.csv,0,1.1274026292085182e-05,0,1
7100,normal,window_typing_10000.csv,0,1.3665109690919053e-05,0,1
7101,normal,window_typing_10000.csv,0,1.3824682355334517e-05,0,1
7102,normal,window_typing_10000.csv,0,1.7542361092637293e-05,0,1
7103,normal,window_typing_10000.csv,0,1.9243345377617516e-05,0,1
7104,normal,window_typing_10000.csv,0,1.8965349227073602e-05,0,1
7105,normal,window_typing_10000.csv,0,1.623530624783598e-05,0,1
7106,normal,window_typing_10000.csv,0,1.9494218577165157e-05,0,1
7107,normal,window_typing_10000.csv,0,1.671770769462455e-05,0,1
7108,normal,window_typing_10000.csv,0,1.8497161363484338e-05,0,1
7109,normal,window_typing_10000.csv,0,2.0052802938153036e-05,0,1
7110,normal,window_typing_10000.csv,0,1.724294816085603e-05,0,1
7111,normal,window_typing_10000.csv,0,1.5097368304850534e-05,0,1
7112,normal,window_typing_10000.csv,0,1.4350484889291693e-05,0,1
7113,normal,window_typing_10000.csv,0,1.542483369121328e-05,0,1
7114,normal,window_typing_10000.csv,0,1.483637242927216e-05,0,1
7115,normal,window_typing_10000.csv,0,1.4241771168599371e-05,0,1
7116,normal,window_typing_10000.csv,0,1.4247993931348901e-05,0,1
7117,normal,window_typing_10000.csv,0,1.4083357200433966e-05,0,1
7118,normal,window_typing_10000.csv,0,1.4483631275652442e-05,0,1
7119,normal,window_typing_10000.csv,0,1.250799232366262e-05,0,1
7120,normal,window_typing_10000.csv,0,1.1346444807713851e-05,0,1
7121,normal,window_typing_10000.csv,0,1.1682748663588427e-05,0,1
7122,normal,window_typing_10000.csv,0,1.1189739780093078e-05,0,1
7123,normal,window_typing_10000.csv,0,9.858981684374157e-06,0,1
7124,normal,window_typing_10000.csv,0,1.1169278877787292e-05,0,1
7125,normal,window_typing_10000.csv,0,9.679207323642913e-06,0,1
7126,normal,window_typing_10000.csv,0,1.1011796232196502e-05,0,1
7127,normal,window_typing_10000.csv,0,1.0220088370260783e-05,0,1
7128,normal,window_typing_10000.csv,0,9.868407687463332e-06,0,1
7129,normal,window_typing_10000.csv,0,1.085211169993272e-05,0,1
7130,normal,window_typing_10000.csv,0,1.1736484339053277e-05,0,1
7131,normal,window_typing_10000.csv,0,1.1516169251990505e-05,0,1
7132,normal,window_typing_10000.csv,0,9.838890946411993e-06,0,1
7133,normal,window_typing_10000.csv,0,8.94230561243603e-06,0,1
7134,normal,window_typing_10000.csv,0,9.426154065295123e-06,0,1
7135,normal,window_typing_10000.csv,0,9.356458576803561e-06,0,1
7136,normal,window_typing_10000.csv,0,1.0011830454459414e-05,0,1
7137,normal,window_typing_10000.csv,0,9.728997611091472e-06,0,1
7138,normal,window_typing_10000.csv,0,1.0767969797598198e-05,0,1
7139,normal,window_typing_10000.csv,0,8.987189175968524e-06,0,1
7140,normal,window_typing_10000.csv,0,9.040588338393718e-06,0,1
7141,normal,window_typing_10000.csv,0,9.519628292764537e-06,0,1
7142,normal,window_typing_10000.csv,0,1.1515388905536383e-05,0,1
7143,normal,window_typing_10000.csv,0,1.0654402103682514e-05,0,1
7144,normal,window_typing_10000.csv,0,1.06056604636251e-05,0,1
7145,normal,window_typing_10000.csv,0,9.716099157230929e-06,0,1
7146,normal,window_typing_10000.csv,0,1.0020131412602495e-05,0,1
7147,normal,window_typing_10000.csv,0,9.232507181877736e-06,0,1
7148,normal,window_typing_10000.csv,0,1.036314461089205e-05,0,1
7149,normal,window_typing_10000.csv,0,1.2087172763131093e-05,0,1
7150,normal,window_typing_10000.csv,0,1.3940513781562913e-05,0,1
7151,normal,window_typing_10000.csv,0,1.2260128642083146e-05,0,1
7152,normal,window_typing_10000.csv,0,1.1380438991182018e-05,0,1
7153,normal,window_typing_10000.csv,0,1.1893380360561423e-05,0,1
7154,normal,window_typing_10000.csv,0,1.168173457699595e-05,0,1
7155,normal,window_typing_10000.csv,0,1.193132447951939e-05,0,1
7156,normal,window_typing_10000.csv,0,1.4224750884750392e-05,0,1
7157,normal,window_typing_10000.csv,0,1.3560642400989309e-05,0,1
7158,normal,window_typing_10000.csv,0,1.3561702871811576e-05,0,1
7159,normal,window_typing_10000.csv,0,1.2615497325896285e-05,0,1
7160,normal,window_typing_10000.csv,0,1.288629209739156e-05,0,1
7161,normal,window_typing_10000.csv,0,1.3282729923957959e-05,0,1
7162,normal,window_typing_10000.csv,0,1.255927054444328e-05,0,1
7163,normal,window_typing_10000.csv,0,1.0505049431230873e-05,0,1
7164,normal,window_typing_10000.csv,0,1.1312906281091273e-05,0,1
7165,normal,window_typing_10000.csv,0,1.1280103535682429e-05,0,1
7166,normal,window_typing_10000.csv,0,9.685024451755453e-06,0,1
7167,normal,window_typing_10000.csv,0,8.924133908294607e-06,0,1
7168,normal,window_typing_10000.csv,0,1.0112906238646246e-05,0,1
7169,normal,window_typing_10000.csv,0,1.0346022463636473e-05,0,1
7170,normal,window_typing_10000.csv,0,8.913068086258136e-06,0,1
7171,normal,window_typing_10000.csv,0,1.5864909073570743e-05,0,1
7172,normal,window_typing_10000.csv,0,1.0618421583785675e-05,0,1
7173,normal,window_typing_10000.csv,0,1.0751971785794012e-05,0,1
7174,normal,window_typing_10000.csv,0,1.0173275768465828e-05,0,1
7175,normal,window_typing_10000.csv,0,8.978537152870558e-06,0,1
7176,normal,window_typing_10000.csv,0,8.283017450594343e-06,0,1
7177,normal,window_typing_10000.csv,0,8.55379767017439e-06,0,1
7178,normal,window_typing_10000.csv,0,7.905500751803629e-06,0,1
7179,normal,window_typing_10000.csv,0,8.24728067527758e-06,0,1
7180,normal,window_typing_10000.csv,0,7.689257472520694e-06,0,1
7181,normal,window_typing_10000.csv,0,8.833945685182698e-06,0,1
7182,normal,window_typing_10000.csv,0,9.746260730025824e-06,0,1
7183,normal,window_typing_10000.csv,0,9.520063940726686e-06,0,1
7184,normal,window_typing_10000.csv,0,1.0186819054069929e-05,0,1
7185,normal,window_typing_10000.csv,0,1.0160119018109981e-05,0,1
7186,normal,window_typing_10000.csv,0,9.73036094364943e-06,0,1
7187,normal,window_typing_10000.csv,0,1.0745422514446545e-05,0,1
7188,normal,window_typing_10000.csv,0,1.0642692359397188e-05,0,1
7189,normal,window_typing_10000.csv,0,9.433681043446995e-06,0,1
7190,normal,window_typing_10000.csv,0,1.0680668310669716e-05,0,1
7191,normal,window_typing_10000.csv,0,9.963615411834326e-06,0,1
7192,normal,window_typing_10000.csv,0,9.46952059166506e-06,0,1
7193,normal,window_typing_10000.csv,0,1.2296836757741403e-05,0,1
7194,normal,window_typing_10000.csv,0,1.3997008863952942e-05,0,1
7195,normal,window_typing_10000.csv,0,1.3154853149899282e-05,0,1
7196,normal,window_typing_10000.csv,0,1.2703388165391516e-05,0,1
7197,normal,window_typing_10000.csv,0,1.3427362318907399e-05,0,1
7198,normal,window_typing_10000.csv,0,1.0510981155675836e-05,0,1
7199,normal,window_typing_10000.csv,0,1.0001876944443211e-05,0,1
7200,normal,window_typing_10000.csv,0,1.0905438102781773e-05,0,1
7201,normal,window_typing_10000.csv,0,9.684877113613766e-06,0,1
7202,normal,window_typing_10000.csv,0,1.163043543783715e-05,0,1
7203,normal,window_typing_10000.csv,0,1.3112218766764272e-05,0,1
7204,normal,window_typing_10000.csv,0,1.1127634934382513e-05,0,1
7205,normal,window_typing_10000.csv,0,1.0667007700249087e-05,0,1
7206,normal,window_typing_10000.csv,0,1.029548093356425e-05,0,1
7207,normal,window_typing_10000.csv,0,1.002820863504894e-05,0,1
7208,normal,window_typing_10000.csv,0,1.0100174222316127e-05,0,1
7209,normal,window_typing_10000.csv,0,9.998062523663975e-06,0,1
7210,normal,window_typing_10000.csv,0,9.997223060054239e-06,0,1
7211,normal,window_typing_10000.csv,0,1.1205800547031686e-05,0,1
7212,normal,window_typing_10000.csv,0,9.83671452559065e-06,0,1
7213,normal,window_typing_10000.csv,0,9.53274684434291e-06,0,1
7214,normal,window_typing_10000.csv,0,9.146379852609243e-06,0,1
7215,normal,window_typing_10000.csv,0,1.0475926501385402e-05,0,1
7216,normal,window_typing_10000.csv,0,1.0689685950637795e-05,0,1
7217,normal,window_typing_10000.csv,0,9.766999937710352e-06,0,1
7218,normal,window_typing_10000.csv,0,8.983128282125108e-06,0,1
7219,normal,window_typing_10000.csv,0,9.806629350350704e-06,0,1
7220,normal,window_typing_10000.csv,0,9.402497198607307e-06,0,1
7221,normal,window_typing_10000.csv,0,8.801167496130802e-06,0,1
7222,normal,window_typing_10000.csv,0,9.917259376379661e-06,0,1
7223,normal,window_typing_10000.csv,0,9.78984735411359e-06,0,1
7224,normal,window_typing_10000.csv,0,1.0650276635715272e-05,0,1
7225,normal,window_typing_10000.csv,0,1.0034734259534162e-05,0,1
7226,normal,window_typing_10000.csv,0,1.0347343959438149e-05,0,1
7227,normal,window_typing_10000.csv,0,9.038839380082209e-06,0,1
7228,normal,window_typing_10000.csv,0,9.08737911231583e-06,0,1
7229,normal,window_typing_10000.csv,0,9.531637260806747e-06,0,1
7230,normal,window_typing_10000.csv,0,8.8586730271345e-06,0,1
7231,normal,window_typing_10000.csv,0,1.1250193892919924e-05,0,1
7232,normal,window_typing_10000.csv,0,9.664155186328571e-06,0,1
7233,normal,window_typing_10000.csv,0,9.156110536423512e-06,0,1
7234,normal,window_typing_10000.csv,0,8.096916644717567e-06,0,1
7235,normal,window_typing_10000.csv,0,7.960849870869424e-06,0,1
7236,normal,window_typing_10000.csv,0,7.828144589439034e-06,0,1
7237,normal,window_typing_10000.csv,0,8.474794412904885e-06,0,1
7238,normal,window_typing_10000.csv,0,8.318625077663455e-06,0,1
7239,normal,window_typing_10000.csv,0,7.995682608452626e-06,0,1
7240,normal,window_typing_10000.csv,0,8.304230505018495e-06,0,1
7241,normal,window_typing_10000.csv,0,9.236973710358143e-06,0,1
7242,normal,window_typing_10000.csv,0,1.052184325089911e-05,0,1
7243,normal,window_typing_10000.csv,0,1.1309951332805213e-05,0,1
7244,normal,window_typing_10000.csv,0,1.2569034879561514e-05,0,1
7245,normal,window_typing_10000.csv,0,1.3748478522757068e-05,0,1
7246,normal,window_typing_10000.csv,0,1.6606303688604385e-05,0,1
7247,normal,window_typing_10000.csv,0,1.52222637552768e-05,0,1
7248,normal,window_typing_10000.csv,0,1.5246032489812933e-05,0,1
7249,normal,window_typing_10000.csv,0,1.770496783137787e-05,0,1
7250,normal,window_typing_10000.csv,0,2.3297905499930494e-05,0,1
7251,normal,window_typing_10000.csv,0,2.587779272289481e-05,0,1
7252,normal,window_typing_10000.csv,0,3.016338450834155e-05,0,1
7253,normal,window_typing_10000.csv,0,3.0448522011283785e-05,0,1
7254,normal,window_typing_10000.csv,0,2.565849899838213e-05,0,1
7255,normal,window_typing_10000.csv,0,2.264054819534067e-05,0,1
7256,normal,window_typing_10000.csv,0,1.9704770238604397e-05,0,1
7257,normal,window_typing_10000.csv,0,1.808202432584949e-05,0,1
7258,normal,window_typing_10000.csv,0,1.8155858924728818e-05,0,1
7259,normal,window_typing_10000.csv,0,1.4295807886810508e-05,0,1
7260,normal,window_typing_10000.csv,0,1.3854722965334076e-05,0,1
7261,normal,window_typing_10000.csv,0,1.2929424883623142e-05,0,1
7262,normal,window_typing_10000.csv,0,1.553862057335209e-05,0,1
7263,normal,window_typing_10000.csv,0,1.4638097127317451e-05,0,1
7264,normal,window_typing_10000.csv,0,1.3310133908817079e-05,0,1
7265,normal,window_typing_10000.csv,0,1.3738662346440833e-05,0,1
7266,normal,window_typing_10000.csv,0,1.1799453204730526e-05,0,1
7267,normal,window_typing_10000.csv,0,1.1506826922413893e-05,0,1
7268,normal,window_typing_10000.csv,0,9.992267223424278e-06,0,1
7269,normal,window_typing_10000.csv,0,9.762549780134577e-06,0,1
7270,normal,window_typing_10000.csv,0,9.369529834657442e-06,0,1
7271,normal,window_typing_10000.csv,0,8.13402766652871e-06,0,1
7272,normal,window_typing_10000.csv,0,8.967789653979708e-06,0,1
7273,normal,window_typing_10000.csv,0,9.8551563496585e-06,0,1
7274,normal,window_typing_10000.csv,0,1.2346084076853003e-05,0,1
7275,normal,window_typing_10000.csv,0,1.0985962035192642e-05,0,1
7276,normal,window_typing_10000.csv,0,1.0025713891081978e-05,0,1
7277,normal,window_typing_10000.csv,0,9.837145626079291e-06,0,1
7278,normal,window_typing_10000.csv,0,1.0018985449278262e-05,0,1
7279,normal,window_typing_10000.csv,0,1.0298043889633846e-05,0,1
7280,normal,window_typing_10000.csv,0,9.392665560881142e-06,0,1
7281,normal,window_typing_10000.csv,0,9.837090146902483e-06,0,1
7282,normal,window_typing_10000.csv,0,1.0733419003372546e-05,0,1
7283,normal,window_typing_10000.csv,0,1.0392311196483206e-05,0,1
7284,normal,window_typing_10000.csv,0,9.857966688286979e-06,0,1
7285,normal,window_typing_10000.csv,0,9.646531907492317e-06,0,1
7286,normal,window_typing_10000.csv,0,9.493264769844245e-06,0,1
7287,normal,window_typing_10000.csv,0,9.505104571871925e-06,0,1
7288,normal,window_typing_10000.csv,0,9.530801435175817e-06,0,1
7289,normal,window_typing_10000.csv,0,1.0483341611688957e-05,0,1
7290,normal,window_typing_10000.csv,0,9.516360478301067e-06,0,1
7291,normal,window_typing_10000.csv,0,9.902978490572423e-06,0,1
7292,normal,window_typing_10000.csv,0,9.828519068832975e-06,0,1
7293,normal,window_typing_10000.csv,0,8.388066817133222e-06,0,1
7294,normal,window_typing_10000.csv,0,8.641414751764387e-06,0,1
7295,normal,window_typing_10000.csv,0,8.267084922408685e-06,0,1
7296,normal,window_typing_10000.csv,0,8.110086127999239e-06,0,1
7297,normal,window_typing_10000.csv,0,8.051102668105159e-06,0,1
7298,normal,window_typing_10000.csv,0,7.081586318236077e-06,0,1
7299,normal,window_typing_10000.csv,0,7.457228548446437e-06,0,1
7300,normal,window_typing_10000.csv,0,7.727115189481992e-06,0,1
7301,normal,window_typing_10000.csv,0,7.388844551314833e-06,0,1
7302,normal,window_typing_10000.csv,0,7.048826773825567e-06,0,1
7303,normal,window_typing_10000.csv,0,7.382210696960101e-06,0,1
7304,normal,window_typing_10000.csv,0,7.269292382261483e-06,0,1
7305,normal,window_typing_10000.csv,0,7.471109711332247e-06,0,1
7306,normal,window_typing_10000.csv,0,8.848262041283306e-06,0,1
7307,normal,window_typing_10000.csv,0,7.741719855403062e-06,0,1
7308,normal,window_typing_10000.csv,0,7.775214726279955e-06,0,1
7309,normal,window_typing_10000.csv,0,7.3645887823658995e-06,0,1
7310,normal,window_typing_10000.csv,0,7.234918939502677e-06,0,1
7311,normal,window_typing_10000.csv,0,6.8639919845736586e-06,0,1
7312,normal,window_typing_10000.csv,0,7.462564553861739e-06,0,1
7313,normal,window_typing_10000.csv,0,7.3857167990354355e-06,0,1
7314,normal,window_typing_10000.csv,0,1.304474426433444e-05,0,1
7315,normal,window_typing_10000.csv,0,9.846888133324683e-06,0,1
7316,normal,window_typing_10000.csv,0,8.930586773203686e-06,0,1
7317,normal,window_typing_10000.csv,0,7.886027560743969e-06,0,1
7318,normal,window_typing_10000.csv,0,8.142176739056595e-06,0,1
7319,normal,window_typing_10000.csv,0,7.660529263375793e-06,0,1
7320,normal,window_typing_10000.csv,0,8.014546438062098e-06,0,1
7321,normal,window_typing_10000.csv,0,8.63574769027764e-06,0,1
7322,normal,window_typing_10000.csv,0,8.000015441211872e-06,0,1
7323,normal,window_typing_10000.csv,0,7.951351108204108e-06,0,1
7324,normal,window_typing_10000.csv,0,8.637493010610342e-06,0,1
7325,normal,window_typing_10000.csv,0,8.31818124424899e-06,0,1
7326,normal,window_typing_10000.csv,0,7.933988854347263e-06,0,1
7327,normal,window_typing_10000.csv,0,8.20183504401939e-06,0,1
7328,normal,window_typing_10000.csv,0,7.747754352749325e-06,0,1
7329,normal,window_typing_10000.csv,0,7.842065315344371e-06,0,1
7330,normal,window_typing_10000.csv,0,8.729546607355587e-06,0,1
7331,normal,window_typing_10000.csv,0,8.255795364675578e-06,0,1
7332,normal,window_typing_10000.csv,0,8.820416951493826e-06,0,1
7333,normal,window_typing_10000.csv,0,8.662645086587872e-06,0,1
7334,normal,window_typing_10000.csv,0,8.551751307095401e-06,0,1
7335,normal,window_typing_10000.csv,0,8.619842446933035e-06,0,1
7336,normal,window_typing_10000.csv,0,8.40319898998132e-06,0,1
7337,normal,window_typing_10000.csv,0,8.463937774649821e-06,0,1
7338,normal,window_typing_10000.csv,0,8.487548257107846e-06,0,1
7339,normal,window_typing_10000.csv,0,9.14454722078517e-06,0,1
7340,normal,window_typing_10000.csv,0,8.560832611692604e-06,0,1
7341,normal,window_typing_10000.csv,0,8.619744221505243e-06,0,1
7342,normal,window_typing_10000.csv,0,9.770176802703645e-06,0,1
7343,normal,window_typing_10000.csv,0,8.881301255314611e-06,0,1
7344,normal,window_typing_10000.csv,0,8.812799933366477e-06,0,1
7345,normal,window_typing_10000.csv,0,9.56132589635672e-06,0,1
7346,normal,window_typing_10000.csv,0,9.374016372021288e-06,0,1
7347,normal,window_typing_10000.csv,0,1.0188558007939719e-05,0,1
7348,normal,window_typing_10000.csv,0,1.0433263923914637e-05,0,1
7349,normal,window_typing_10000.csv,0,9.595233677828219e-06,0,1
7350,normal,window_typing_10000.csv,0,9.411531209480017e-06,0,1
7351,normal,window_typing_10000.csv,0,8.70545318321092e-06,0,1
7352,normal,window_typing_10000.csv,0,8.702190825715661e-06,0,1
7353,normal,window_typing_10000.csv,0,8.314024853461888e-06,0,1
7354,normal,window_typing_10000.csv,0,8.27618805487873e-06,0,1
7355,normal,window_typing_10000.csv,0,8.32843579701148e-06,0,1
7356,normal,window_typing_10000.csv,0,9.993429557653144e-06,0,1
7357,normal,window_typing_10000.csv,0,8.636842721898574e-06,0,1
7358,normal,window_typing_10000.csv,0,8.473339221382048e-06,0,1
7359,normal,window_typing_10000.csv,0,7.748492862447165e-06,0,1
7360,normal,window_typing_10000.csv,0,7.939272109069861e-06,0,1
7361,normal,window_typing_10000.csv,0,7.638599527126644e-06,0,1
7362,normal,window_typing_10000.csv,0,8.008197255549021e-06,0,1
7363,normal,window_typing_10000.csv,0,7.71444319980219e-06,0,1
7364,normal,window_typing_10000.csv,0,8.561870345147327e-06,0,1
7365,normal,window_typing_10000.csv,0,7.811253453837708e-06,0,1
7366,normal,window_typing_10000.csv,0,1.0264129741699435e-05,0,1
7367,normal,window_typing_10000.csv,0,9.641123142500874e-06,0,1
7368,normal,window_typing_10000.csv,0,7.212612672446994e-06,0,1
7369,normal,window_typing_10000.csv,0,7.660280971322209e-06,0,1
7370,normal,window_typing_10000.csv,0,7.723696398898028e-06,0,1
7371,normal,window_typing_10000.csv,0,7.475941856682766e-06,0,1
7372,normal,window_typing_10000.csv,0,8.408946996496525e-06,0,1
7373,normal,window_typing_10000.csv,0,8.136471478792373e-06,0,1
7374,normal,window_typing_10000.csv,0,8.176593837561086e-06,0,1
7375,normal,window_typing_10000.csv,0,8.777412404015195e-06,0,1
7376,normal,window_typing_10000.csv,0,9.980077265936416e-06,0,1
7377,normal,window_typing_10000.csv,0,1.2238563613209408e-05,0,1
7378,normal,window_typing_10000.csv,0,1.1620712029980496e-05,0,1
7379,normal,window_typing_10000.csv,0,1.1828047718154266e-05,0,1
7380,normal,window_typing_10000.csv,0,1.1594509487622418e-05,0,1
7381,normal,window_typing_10000.csv,0,1.1503447240102105e-05,0,1
7382,normal,window_typing_10000.csv,0,1.1774859558499884e-05,0,1
7383,normal,window_typing_10000.csv,0,1.153958510258235e-05,0,1
7384,normal,window_typing_10000.csv,0,1.370478275930509e-05,0,1
7385,normal,window_typing_10000.csv,0,1.2568760212161578e-05,0,1
7386,normal,window_typing_10000.csv,0,1.4446011846303008e-05,0,1
7387,normal,window_typing_10000.csv,0,1.6887350284378044e-05,0,1
7388,normal,window_typing_10000.csv,0,1.538012111268472e-05,0,1
7389,normal,window_typing_10000.csv,0,1.616550434846431e-05,0,1
7390,normal,window_typing_10000.csv,0,1.5094834452611394e-05,0,1
7391,normal,window_typing_10000.csv,0,1.4196682059264276e-05,0,1
7392,normal,window_typing_10000.csv,0,1.398334643454291e-05,0,1
7393,normal,window_typing_10000.csv,0,1.2513516594481189e-05,0,1
7394,normal,window_typing_10000.csv,0,1.3518420018954203e-05,0,1
7395,normal,window_typing_10000.csv,0,1.47531864058692e-05,0,1
7396,normal,window_typing_10000.csv,0,1.2613584658538457e-05,0,1
7397,normal,window_typing_10000.csv,0,1.3783294889435638e-05,0,1
7398,normal,window_typing_10000.csv,0,1.3457294699037448e-05,0,1
7399,normal,window_typing_10000.csv,0,1.3121300980856176e-05,0,1
7400,normal,window_typing_10000.csv,0,1.198430618387647e-05,0,1
7401,normal,window_typing_10000.csv,0,1.3325514373718761e-05,0,1
7402,normal,window_typing_10000.csv,0,1.122673256759299e-05,0,1
7403,normal,window_typing_10000.csv,0,1.748877730278764e-05,0,1
7404,normal,window_typing_10000.csv,0,2.295702142873779e-05,0,1
7405,normal,window_typing_10000.csv,0,1.893079752335325e-05,0,1
7406,normal,window_typing_10000.csv,0,1.7252948964596726e-05,0,1
7407,normal,window_typing_10000.csv,0,1.879535921034403e-05,0,1
7408,normal,window_typing_10000.csv,0,2.295752528880257e-05,0,1
7409,normal,window_typing_10000.csv,0,2.0553346985252574e-05,0,1
7410,normal,window_typing_10000.csv,0,1.8390832337900065e-05,0,1
7411,normal,window_typing_10000.csv,0,1.779222111508716e-05,0,1
7412,normal,window_typing_10000.csv,0,1.7003849279717542e-05,0,1
7413,normal,window_typing_10000.csv,0,1.59946739586303e-05,0,1
7414,normal,window_typing_10000.csv,0,1.5495543266297318e-05,0,1
7415,normal,window_typing_10000.csv,0,1.3517477782443166e-05,0,1
7416,normal,window_typing_10000.csv,0,1.5765201169415377e-05,0,1
7417,normal,window_typing_10000.csv,0,1.743869506753981e-05,0,1
7418,normal,window_typing_10000.csv,0,2.0019118892378174e-05,0,1
7419,normal,window_typing_10000.csv,0,1.6809775843285024e-05,0,1
7420,normal,window_typing_10000.csv,0,1.544373299111612e-05,0,1
7421,normal,window_typing_10000.csv,0,1.4154923519527074e-05,0,1
7422,normal,window_typing_10000.csv,0,1.4322293282020837e-05,0,1
7423,normal,window_typing_10000.csv,0,1.889661689347122e-05,0,1
7424,normal,window_typing_10000.csv,0,1.6601568859186955e-05,0,1
7425,normal,window_typing_10000.csv,0,1.3581543498730753e-05,0,1
7426,normal,window_typing_10000.csv,0,1.388803320878651e-05,0,1
7427,normal,window_typing_10000.csv,0,1.1867718058056198e-05,0,1
7428,normal,window_typing_10000.csv,0,1.1917678421013989e-05,0,1
7429,normal,window_typing_10000.csv,0,1.1748220458684955e-05,0,1
7430,normal,window_typing_10000.csv,0,1.1624933904386126e-05,0,1
7431,normal,window_typing_10000.csv,0,1.0114737960975617e-05,0,1
7432,normal,window_typing_10000.csv,0,1.1514235666254535e-05,0,1
7433,normal,window_typing_10000.csv,0,9.816463716560975e-06,0,1
7434,normal,window_typing_10000.csv,0,9.827112990024034e-06,0,1
7435,normal,window_typing_10000.csv,0,9.21811442822218e-06,0,1
7436,normal,window_typing_10000.csv,0,9.03970158105949e-06,0,1
7437,normal,window_typing_10000.csv,0,8.285387593787163e-06,0,1
7438,normal,window_typing_10000.csv,0,8.155224350048229e-06,0,1
7439,normal,window_typing_10000.csv,0,8.688740308571141e-06,0,1
7440,normal,window_typing_10000.csv,0,7.314409231184982e-06,0,1
7441,normal,window_typing_10000.csv,0,7.517945505242096e-06,0,1
7442,normal,window_typing_10000.csv,0,1.0942338121822104e-05,0,1
7443,normal,window_typing_10000.csv,0,1.282418361370219e-05,0,1
7444,normal,window_typing_10000.csv,0,1.1336580428178422e-05,0,1
7445,normal,window_typing_10000.csv,0,1.1519628969836049e-05,0,1
7446,normal,window_typing_10000.csv,0,1.259507280337857e-05,0,1
7447,normal,window_typing_10000.csv,0,1.175584111479111e-05,0,1
7448,normal,window_typing_10000.csv,0,1.2133148629800417e-05,0,1
7449,normal,window_typing_10000.csv,0,1.2985165994905401e-05,0,1
7450,normal,window_typing_10000.csv,0,1.2757363947457634e-05,0,1
7451,normal,window_typing_10000.csv,0,1.2339173736108933e-05,0,1
7452,normal,window_typing_10000.csv,0,1.3116184163664002e-05,0,1
7453,normal,window_typing_10000.csv,0,1.2040967703796923e-05,0,1
7454,normal,window_typing_10000.csv,0,1.9216295186197385e-05,0,1
7455,normal,window_typing_10000.csv,0,1.3277107427711599e-05,0,1
7456,normal,window_typing_10000.csv,0,1.1814869139925577e-05,0,1
7457,normal,window_typing_10000.csv,0,1.1548876500455663e-05,0,1
7458,normal,window_typing_10000.csv,0,1.012876418826636e-05,0,1
7459,normal,window_typing_10000.csv,0,9.384069926454686e-06,0,1
7460,normal,window_typing_10000.csv,0,9.316559953731485e-06,0,1
7461,normal,window_typing_10000.csv,0,9.753941412782297e-06,0,1
7462,normal,window_typing_10000.csv,0,8.828218597045634e-06,0,1
7463,normal,window_typing_10000.csv,0,7.970657861733343e-06,0,1
7464,normal,window_typing_10000.csv,0,8.037631232582498e-06,0,1
7465,normal,window_typing_10000.csv,0,8.185666956705973e-06,0,1
7466,normal,window_typing_10000.csv,0,8.728597094886936e-06,0,1
7467,normal,window_typing_10000.csv,0,8.79713934409665e-06,0,1
7468,normal,window_typing_10000.csv,0,9.715933629195206e-06,0,1
7469,normal,window_typing_10000.csv,0,1.0374170415161643e-05,0,1
7470,normal,window_typing_10000.csv,0,1.1148016710649244e-05,0,1
7471,normal,window_typing_10000.csv,0,1.0821232535818126e-05,0,1
7472,normal,window_typing_10000.csv,0,1.0580838534224313e-05,0,1
7473,normal,window_typing_10000.csv,0,1.2706645975413267e-05,0,1
7474,normal,window_typing_10000.csv,0,1.2150933798693586e-05,0,1
7475,normal,window_typing_10000.csv,0,1.134475678554736e-05,0,1
7476,normal,window_typing_10000.csv,0,1.1956007256230805e-05,0,1
7477,normal,window_typing_10000.csv,0,1.2781610166712198e-05,0,1
7478,normal,window_typing_10000.csv,0,1.0813443623192143e-05,0,1
7479,normal,window_typing_10000.csv,0,1.2294621228647884e-05,0,1
7480,normal,window_typing_10000.csv,0,1.1918348718609195e-05,0,1
7481,normal,window_typing_10000.csv,0,1.3653774658450857e-05,0,1
7482,normal,window_typing_10000.csv,0,1.2401947969920002e-05,0,1
7483,normal,window_typing_10000.csv,0,1.087283089873381e-05,0,1
7484,normal,window_typing_10000.csv,0,1.1657917639240623e-05,0,1
7485,normal,window_typing_10000.csv,0,1.150940533989342e-05,0,1
7486,normal,window_typing_10000.csv,0,1.1551112947927322e-05,0,1
7487,normal,window_typing_10000.csv,0,1.1899189303221647e-05,0,1
7488,normal,window_typing_10000.csv,0,1.3795984159514774e-05,0,1
7489,normal,window_typing_10000.csv,0,1.6491349015268497e-05,0,1
7490,normal,window_typing_10000.csv,0,1.5836762031540275e-05,0,1
7491,normal,window_typing_10000.csv,0,1.4545906196872238e-05,0,1
7492,normal,window_typing_10000.csv,0,1.4636045307270251e-05,0,1
7493,normal,window_typing_10000.csv,0,1.7162692529382184e-05,0,1
7494,normal,window_typing_10000.csv,0,1.64109133038437e-05,0,1
7495,normal,window_typing_10000.csv,0,1.9007373339263722e-05,0,1
7496,normal,window_typing_10000.csv,0,2.1375019059632905e-05,0,1
7497,normal,window_typing_10000.csv,0,1.8270822693011723e-05,0,1
7498,normal,window_typing_10000.csv,0,1.668540426180698e-05,0,1
7499,normal,window_typing_10000.csv,0,1.5837533283047378e-05,0,1
7500,normal,window_typing_10000.csv,0,1.5458585039596073e-05,0,1
7501,normal,window_typing_10000.csv,0,1.3760480214841664e-05,0,1
7502,normal,window_typing_10000.csv,0,1.1863566214742605e-05,0,1
7503,normal,window_typing_10000.csv,0,1.1968499165959656e-05,0,1
7504,normal,window_typing_10000.csv,0,1.084269842976937e-05,0,1
7505,normal,window_typing_10000.csv,0,1.3231690900283866e-05,0,1
7506,normal,window_typing_10000.csv,0,1.0631513760017697e-05,0,1
7507,normal,window_typing_10000.csv,0,1.0775786904559936e-05,0,1
7508,normal,window_typing_10000.csv,0,1.0216755072178785e-05,0,1
7509,normal,window_typing_10000.csv,0,9.792554919840768e-06,0,1
7510,normal,window_typing_10000.csv,0,9.777111699804664e-06,0,1
7511,normal,window_typing_10000.csv,0,9.150340702035464e-06,0,1
7512,normal,window_typing_10000.csv,0,1.1276736586296465e-05,0,1
7513,normal,window_typing_10000.csv,0,9.531756404612679e-06,0,1
7514,normal,window_typing_10000.csv,0,9.521308129478712e-06,0,1
7515,normal,window_typing_10000.csv,0,9.093569133256096e-06,0,1
7516,normal,window_typing_10000.csv,0,8.932256605476141e-06,0,1
7517,normal,window_typing_10000.csv,0,8.455063834844623e-06,0,1
7518,normal,window_typing_10000.csv,0,7.350471150857629e-06,0,1
7519,normal,window_typing_10000.csv,0,7.86511827755021e-06,0,1
7520,normal,window_typing_10000.csv,0,8.437109499936923e-06,0,1
7521,normal,window_typing_10000.csv,0,8.138038538163528e-06,0,1
7522,normal,window_typing_10000.csv,0,8.943235116021242e-06,0,1
7523,normal,window_typing_10000.csv,0,7.86641612648964e-06,0,1
7524,normal,window_typing_10000.csv,0,8.443621482001618e-06,0,1
7525,normal,window_typing_10000.csv,0,8.37401512399083e-06,0,1
7526,normal,window_typing_10000.csv,0,8.28176962386351e-06,0,1
7527,normal,window_typing_10000.csv,0,9.495464837527834e-06,0,1
7528,normal,window_typing_10000.csv,0,9.656434485805221e-06,0,1
7529,normal,window_typing_10000.csv,0,1.0643941095622722e-05,0,1
7530,normal,window_typing_10000.csv,0,1.1120007002318744e-05,0,1
7531,normal,window_typing_10000.csv,0,1.0472639587533195e-05,0,1
7532,normal,window_typing_10000.csv,0,1.1435587111918721e-05,0,1
7533,normal,window_typing_10000.csv,0,1.2707604582828935e-05,0,1
7534,normal,window_typing_10000.csv,0,1.0314783139619976e-05,0,1
7535,normal,window_typing_10000.csv,0,9.663491255196277e-06,0,1
7536,normal,window_typing_10000.csv,0,9.7997017292073e-06,0,1
7537,normal,window_typing_10000.csv,0,1.0962487067445181e-05,0,1
7538,normal,window_typing_10000.csv,0,9.209986274072435e-06,0,1
7539,normal,window_typing_10000.csv,0,8.65924266690854e-06,0,1
7540,normal,window_typing_10000.csv,0,9.965297067537904e-06,0,1
7541,normal,window_typing_10000.csv,0,9.654178938944824e-06,0,1
7542,normal,window_typing_10000.csv,0,9.419055459147785e-06,0,1
7543,normal,window_typing_10000.csv,0,1.1634937436610926e-05,0,1
7544,normal,window_typing_10000.csv,0,9.824039807426743e-06,0,1
7545,normal,window_typing_10000.csv,0,9.514618795947172e-06,0,1
7546,normal,window_typing_10000.csv,0,8.150676876539364e-06,0,1
7547,normal,window_typing_10000.csv,0,8.509293365932535e-06,0,1
7548,normal,window_typing_10000.csv,0,8.94222830538638e-06,0,1
7549,normal,window_typing_10000.csv,0,8.615749720775057e-06,0,1
7550,normal,window_typing_10000.csv,0,8.118992809613701e-06,0,1
7551,normal,window_typing_10000.csv,0,1.696421531960368e-05,0,1
7552,normal,window_typing_10000.csv,0,1.428701671102317e-05,0,1
7553,normal,window_typing_10000.csv,0,9.934913578035776e-06,0,1
7554,normal,window_typing_10000.csv,0,1.4035652384336572e-05,0,1
7555,normal,window_typing_10000.csv,0,1.130823693529237e-05,0,1
7556,normal,window_typing_10000.csv,0,1.3468452380038798e-05,0,1
7557,normal,window_typing_10000.csv,0,1.1868035471707117e-05,0,1
7558,normal,window_typing_10000.csv,0,1.256042014574632e-05,0,1
7559,normal,window_typing_10000.csv,0,1.2482992133300286e-05,0,1
7560,normal,window_typing_10000.csv,0,1.2518685252871364e-05,0,1
7561,normal,window_typing_10000.csv,0,1.2690092262346298e-05,0,1
7562,normal,window_typing_10000.csv,0,1.3017788660363294e-05,0,1
7563,normal,window_typing_10000.csv,0,1.1942264791287016e-05,0,1
7564,normal,window_typing_10000.csv,0,1.3372935427469201e-05,0,1
7565,normal,window_typing_10000.csv,0,1.0459026270837057e-05,0,1
7566,normal,window_typing_10000.csv,0,1.0145789019588847e-05,0,1
7567,normal,window_typing_10000.csv,0,1.0121715604327619e-05,0,1
7568,normal,window_typing_10000.csv,0,1.0229966392216738e-05,0,1
7569,normal,window_typing_10000.csv,0,9.753541235113516e-06,0,1
7570,normal,window_typing_10000.csv,0,8.354081728612073e-06,0,1
7571,normal,window_typing_10000.csv,0,1.0676188139768783e-05,0,1
7572,normal,window_typing_10000.csv,0,1.109769527829485e-05,0,1
7573,normal,window_typing_10000.csv,0,9.610370398149826e-06,0,1
7574,normal,window_typing_10000.csv,0,1.0009911420638673e-05,0,1
7575,normal,window_typing_10000.csv,0,1.0262133400829043e-05,0,1
7576,normal,window_typing_10000.csv,0,1.4463188563240692e-05,0,1
7577,normal,window_typing_10000.csv,0,1.1864945918205194e-05,0,1
7578,normal,window_typing_10000.csv,0,9.948595106834546e-06,0,1
7579,normal,window_typing_10000.csv,0,1.091666581487516e-05,0,1
7580,normal,window_typing_10000.csv,0,8.783324119576719e-06,0,1
7581,normal,window_typing_10000.csv,0,9.96726521407254e-06,0,1
7582,normal,window_typing_10000.csv,0,1.0633744750521146e-05,0,1
7583,normal,window_typing_10000.csv,0,9.433600098418538e-06,0,1
7584,normal,window_typing_10000.csv,0,9.216286343871616e-06,0,1
7585,normal,window_typing_10000.csv,0,9.530583156447392e-06,0,1
7586,normal,window_typing_10000.csv,0,1.0076266335090622e-05,0,1
7587,normal,window_typing_10000.csv,0,9.83508289209567e-06,0,1
7588,normal,window_typing_10000.csv,0,9.271012459066696e-06,0,1
7589,normal,window_typing_10000.csv,0,1.0067324183182791e-05,0,1
7590,normal,window_typing_10000.csv,0,1.079464072972769e-05,0,1
7591,normal,window_typing_10000.csv,0,1.0823709999385756e-05,0,1
7592,normal,window_typing_10000.csv,0,1.0519123861740809e-05,0,1
7593,normal,window_typing_10000.csv,0,1.2442403203749564e-05,0,1
7594,normal,window_typing_10000.csv,0,1.1911258297914173e-05,0,1
7595,normal,window_typing_10000.csv,0,1.0697600373532623e-05,0,1
7596,normal,window_typing_10000.csv,0,9.97408278635703e-06,0,1
7597,normal,window_typing_10000.csv,0,1.1622340025496669e-05,0,1
7598,normal,window_typing_10000.csv,0,1.0179913260799367e-05,0,1
7599,normal,window_typing_10000.csv,0,1.1590727808652446e-05,0,1
7600,normal,window_typing_10000.csv,0,1.0440230653330218e-05,0,1
7601,normal,window_typing_10000.csv,0,1.7918500816449523e-05,0,1
7602,normal,window_typing_10000.csv,0,1.3150024642527569e-05,0,1
7603,normal,window_typing_10000.csv,0,1.2627690921362955e-05,0,1
7604,normal,window_typing_10000.csv,0,1.2427118235791568e-05,0,1
7605,normal,window_typing_10000.csv,0,1.0137471690541133e-05,0,1
7606,normal,window_typing_10000.csv,0,9.893822607409675e-06,0,1
7607,normal,window_typing_10000.csv,0,9.428339581063483e-06,0,1
7608,normal,window_typing_10000.csv,0,9.627516192267649e-06,0,1
7609,normal,window_typing_10000.csv,0,8.92465322976932e-06,0,1
7610,normal,window_typing_10000.csv,0,8.397815690841526e-06,0,1
7611,normal,window_typing_10000.csv,0,9.765920367499348e-06,0,1
7612,normal,window_typing_10000.csv,0,1.0845284123206511e-05,0,1
7613,normal,window_typing_10000.csv,0,1.1090904081356712e-05,0,1
7614,normal,window_typing_10000.csv,0,1.63827498909086e-05,0,1
7615,normal,window_typing_10000.csv,0,1.9273962607258e-05,0,1
7616,normal,window_typing_10000.csv,0,1.95401535165729e-05,0,1
7617,normal,window_typing_10000.csv,0,2.072106690320652e-05,0,1
7618,normal,window_typing_10000.csv,0,1.9332188458065502e-05,0,1
7619,normal,window_typing_10000.csv,0,1.931350379891228e-05,0,1
7620,normal,window_typing_10000.csv,0,2.171122469007969e-05,0,1
7621,normal,window_typing_10000.csv,0,1.9948356566601433e-05,0,1
7622,normal,window_typing_10000.csv,0,1.9141527445754036e-05,0,1
7623,normal,window_typing_10000.csv,0,1.6202702681766823e-05,0,1
7624,normal,window_typing_10000.csv,0,1.5493858882109635e-05,0,1
7625,normal,window_typing_10000.csv,0,1.4364382877829485e-05,0,1
7626,normal,window_typing_10000.csv,0,1.3670661246578675e-05,0,1
7627,normal,window_typing_10000.csv,0,1.2478647477109917e-05,0,1
7628,normal,window_typing_10000.csv,0,1.0884232324315235e-05,0,1
7629,normal,window_typing_10000.csv,0,1.0565663615125231e-05,0,1
7630,normal,window_typing_10000.csv,0,1.0427325833006762e-05,0,1
7631,normal,window_typing_10000.csv,0,9.287471584684681e-06,0,1
7632,normal,window_typing_10000.csv,0,8.485145372105762e-06,0,1
7633,normal,window_typing_10000.csv,0,8.431833521171939e-06,0,1
7634,normal,window_typing_10000.csv,0,8.744068509258796e-06,0,1
7635,normal,window_typing_10000.csv,0,8.719120160094462e-06,0,1
7636,normal,window_typing_10000.csv,0,8.886934665497392e-06,0,1
7637,normal,window_typing_10000.csv,0,7.989889127202332e-06,0,1
7638,normal,window_typing_10000.csv,0,8.087718015303835e-06,0,1
7639,normal,window_typing_10000.csv,0,8.375301149499137e-06,0,1
7640,normal,window_typing_10000.csv,0,1.0024279617937282e-05,0,1
7641,normal,window_typing_10000.csv,0,8.929165232984815e-06,0,1
7642,normal,window_typing_10000.csv,0,8.66921527631348e-06,0,1
7643,normal,window_typing_10000.csv,0,7.637252565473318e-06,0,1
7644,normal,window_typing_10000.csv,0,8.188118954421952e-06,0,1
7645,normal,window_typing_10000.csv,0,8.8708302428131e-06,0,1
7646,normal,window_typing_10000.csv,0,7.838999408704694e-06,0,1
7647,normal,window_typing_10000.csv,0,7.456169441866223e-06,0,1
7648,normal,window_typing_10000.csv,0,9.090941603062674e-06,0,1
7649,normal,window_typing_10000.csv,0,9.330919056083076e-06,0,1
7650,normal,window_typing_10000.csv,0,9.112206498684827e-06,0,1
7651,normal,window_typing_10000.csv,0,9.060112461156677e-06,0,1
7652,normal,window_typing_10000.csv,0,9.956899702956434e-06,0,1
7653,normal,window_typing_10000.csv,0,8.7379657998099e-06,0,1
7654,normal,window_typing_10000.csv,0,8.700540092831943e-06,0,1
7655,normal,window_typing_10000.csv,0,1.0411178664071485e-05,0,1
7656,normal,window_typing_10000.csv,0,8.70026633492671e-06,0,1
7657,normal,window_typing_10000.csv,0,8.446811079920735e-06,0,1
7658,normal,window_typing_10000.csv,0,8.699022146174684e-06,0,1
7659,normal,window_typing_10000.csv,0,8.217180038627703e-06,0,1
7660,normal,window_typing_10000.csv,0,8.069120667641982e-06,0,1
7661,normal,window_typing_10000.csv,0,8.57886243466055e-06,0,1
7662,normal,window_typing_10000.csv,0,1.4665359231003094e-05,0,1
7663,normal,window_typing_10000.csv,0,1.0192299669142812e-05,0,1
7664,normal,window_typing_10000.csv,0,1.0089015631820075e-05,0,1
7665,normal,window_typing_10000.csv,0,9.606870662537403e-06,0,1
7666,normal,window_typing_10000.csv,0,9.09965001483215e-06,0,1
7667,normal,window_typing_10000.csv,0,8.189344953279942e-06,0,1
7668,normal,window_typing_10000.csv,0,8.904699825507123e-06,0,1
7669,normal,window_typing_10000.csv,0,9.28146891965298e-06,0,1
7670,normal,window_typing_10000.csv,0,9.405259334016591e-06,0,1
7671,normal,window_typing_10000.csv,0,9.135987966146786e-06,0,1
7672,normal,window_typing_10000.csv,0,9.118865818891209e-06,0,1
7673,normal,window_typing_10000.csv,0,9.96242761175381e-06,0,1
7674,normal,window_typing_10000.csv,0,1.2230139873281587e-05,0,1
7675,normal,window_typing_10000.csv,0,1.2015078027616255e-05,0,1
7676,normal,window_typing_10000.csv,0,1.4697560800414067e-05,0,1
7677,normal,window_typing_10000.csv,0,1.2210665772727225e-05,0,1
7678,normal,window_typing_10000.csv,0,1.2040990441164467e-05,0,1
7679,normal,window_typing_10000.csv,0,1.1513971912791021e-05,0,1
7680,normal,window_typing_10000.csv,0,1.068782148649916e-05,0,1
7681,normal,window_typing_10000.csv,0,1.145064743468538e-05,0,1
7682,normal,window_typing_10000.csv,0,1.1374352652637754e-05,0,1
7683,normal,window_typing_10000.csv,0,1.2975152458238881e-05,0,1
7684,normal,window_typing_10000.csv,0,1.3566772395279258e-05,0,1
7685,normal,window_typing_10000.csv,0,1.5420419003930874e-05,0,1
7686,normal,window_typing_10000.csv,0,1.2973122466064524e-05,0,1
7687,normal,window_typing_10000.csv,0,1.2257358321221545e-05,0,1
7688,normal,window_typing_10000.csv,0,1.2949650226801168e-05,0,1
7689,normal,window_typing_10000.csv,0,1.2776844414474908e-05,0,1
7690,normal,window_typing_10000.csv,0,1.2945180060341954e-05,0,1
7691,normal,window_typing_10000.csv,0,1.2328117918514181e-05,0,1
7692,normal,window_typing_10000.csv,0,1.2321687790972646e-05,0,1
7693,normal,window_typing_10000.csv,0,1.5306432032957673e-05,0,1
7694,normal,window_typing_10000.csv,0,1.2590066035045311e-05,0,1
7695,normal,window_typing_10000.csv,0,1.2353385500318836e-05,0,1
7696,normal,window_typing_10000.csv,0,1.1286590961390175e-05,0,1
7697,normal,window_typing_10000.csv,0,1.152081495092716e-05,0,1
7698,normal,window_typing_10000.csv,0,1.0591843420115765e-05,0,1
7699,normal,window_typing_10000.csv,0,1.0169473171117716e-05,0,1
7700,normal,window_typing_10000.csv,0,1.0052347533928696e-05,0,1
7701,normal,window_typing_10000.csv,0,9.825014785747044e-06,0,1
7702,normal,window_typing_10000.csv,0,8.49866137286881e-06,0,1
7703,normal,window_typing_10000.csv,0,8.429131412412971e-06,0,1
7704,normal,window_typing_10000.csv,0,9.036063602252398e-06,0,1
7705,normal,window_typing_10000.csv,0,7.827009540051222e-06,0,1
7706,normal,window_typing_10000.csv,0,1.424031870556064e-05,0,1
7707,normal,window_typing_10000.csv,0,9.439594577997923e-06,0,1
7708,normal,window_typing_10000.csv,0,9.329629392595962e-06,0,1
7709,normal,window_typing_10000.csv,0,9.358662282465957e-06,0,1
7710,normal,window_typing_10000.csv,0,7.898115654825233e-06,0,1
7711,normal,window_typing_10000.csv,0,8.028806405491196e-06,0,1
7712,normal,window_typing_10000.csv,0,1.0089122042700183e-05,0,1
7713,normal,window_typing_10000.csv,0,1.123234505939763e-05,0,1
7714,normal,window_typing_10000.csv,0,1.0397842743259389e-05,0,1
7715,normal,window_typing_10000.csv,0,1.0554605978541076e-05,0,1
7716,normal,window_typing_10000.csv,0,9.889935427054297e-06,0,1
7717,normal,window_typing_10000.csv,0,1.0991054296027869e-05,0,1
7718,normal,window_typing_10000.csv,0,1.050678201863775e-05,0,1
7719,normal,window_typing_10000.csv,0,1.1577062650758307e-05,0,1
7720,normal,window_typing_10000.csv,0,1.0062668479804415e-05,0,1
7721,normal,window_typing_10000.csv,0,9.79192009253893e-06,0,1
7722,normal,window_typing_10000.csv,0,1.0289719284628518e-05,0,1
7723,normal,window_typing_10000.csv,0,9.217464139510412e-06,0,1
7724,normal,window_typing_10000.csv,0,1.0138795005332213e-05,0,1
7725,normal,window_typing_10000.csv,0,9.6961803137674e-06,0,1
7726,normal,window_typing_10000.csv,0,9.03695217857603e-06,0,1
7727,normal,window_typing_10000.csv,0,9.567428605805617e-06,0,1
7728,normal,window_typing_10000.csv,0,8.766671271587256e-06,0,1
7729,normal,window_typing_10000.csv,0,8.847790013533086e-06,0,1
7730,normal,window_typing_10000.csv,0,1.0179584023717325e-05,0,1
7731,normal,window_typing_10000.csv,0,9.989761565520894e-06,0,1
7732,normal,window_typing_10000.csv,0,1.1139292837469839e-05,0,1
7733,normal,window_typing_10000.csv,0,1.2007369150524028e-05,0,1
7734,normal,window_typing_10000.csv,0,9.92243440123275e-06,0,1
7735,normal,window_typing_10000.csv,0,1.219260593643412e-05,0,1
7736,normal,window_typing_10000.csv,0,1.4030432794243097e-05,0,1
7737,normal,window_typing_10000.csv,0,1.311358209932223e-05,0,1
7738,normal,window_typing_10000.csv,0,1.4352443940879311e-05,0,1
7739,normal,window_typing_10000.csv,0,1.4939179891371168e-05,0,1
7740,normal,window_typing_10000.csv,0,1.370981499349e-05,0,1
7741,normal,window_typing_10000.csv,0,1.3867517736798618e-05,0,1
7742,normal,window_typing_10000.csv,0,1.4275713510869537e-05,0,1
7743,normal,window_typing_10000.csv,0,1.182943469757447e-05,0,1
7744,normal,window_typing_10000.csv,0,1.1513313438626938e-05,0,1
7745,normal,window_typing_10000.csv,0,1.1345514394633938e-05,0,1
7746,normal,window_typing_10000.csv,0,1.1249142517044675e-05,0,1
7747,normal,window_typing_10000.csv,0,9.720261004986241e-06,0,1
7748,normal,window_typing_10000.csv,0,9.00909708434483e-06,0,1
7749,normal,window_typing_10000.csv,0,1.0017704880738165e-05,0,1
7750,normal,window_typing_10000.csv,0,9.38534958550008e-06,0,1
7751,normal,window_typing_10000.csv,0,1.0528919119678903e-05,0,1
7752,normal,window_typing_10000.csv,0,9.483555004408117e-06,0,1
7753,normal,window_typing_10000.csv,0,8.798045200819615e-06,0,1
7754,normal,window_typing_10000.csv,0,8.371556759811938e-06,0,1
7755,normal,window_typing_10000.csv,0,8.478043127979618e-06,0,1
7756,normal,window_typing_10000.csv,0,7.86458531365497e-06,0,1
7757,normal,window_typing_10000.csv,0,9.844438864092808e-06,0,1
7758,normal,window_typing_10000.csv,0,1.018761486193398e-05,0,1
7759,normal,window_typing_10000.csv,0,1.588039413036313e-05,0,1
7760,normal,window_typing_10000.csv,0,1.1109555998700671e-05,0,1
7761,normal,window_typing_10000.csv,0,8.991990398499183e-06,0,1
7762,normal,window_typing_10000.csv,0,1.0295461834175512e-05,0,1
7763,normal,window_typing_10000.csv,0,1.1095145055151079e-05,0,1
7764,normal,window_typing_10000.csv,0,1.0247209502267651e-05,0,1
7765,normal,window_typing_10000.csv,0,1.0644620488164946e-05,0,1
7766,normal,window_typing_10000.csv,0,8.51175263960613e-06,0,1
7767,normal,window_typing_10000.csv,0,8.367262125830166e-06,0,1
7768,normal,window_typing_10000.csv,0,9.894511094898917e-06,0,1
7769,normal,window_typing_10000.csv,0,1.092220645659836e-05,0,1
7770,normal,window_typing_10000.csv,0,1.1509109754115343e-05,0,1
7771,normal,window_typing_10000.csv,0,1.0764190847112332e-05,0,1
7772,normal,window_typing_10000.csv,0,1.1932063898711931e-05,0,1
7773,normal,window_typing_10000.csv,0,1.0687832400435582e-05,0,1
7774,normal,window_typing_10000.csv,0,1.0961242878693156e-05,0,1
7775,normal,window_typing_10000.csv,0,9.794450306799263e-06,0,1
7776,normal,window_typing_10000.csv,0,9.76172032096656e-06,0,1
7777,normal,window_typing_10000.csv,0,9.22369054023875e-06,0,1
7778,normal,window_typing_10000.csv,0,8.723270184418652e-06,0,1
7779,normal,window_typing_10000.csv,0,1.0030907105829101e-05,0,1
7780,normal,window_typing_10000.csv,0,8.56540646054782e-06,0,1
7781,normal,window_typing_10000.csv,0,8.595757208240684e-06,0,1
7782,normal,window_typing_10000.csv,0,8.185519618564285e-06,0,1
7783,normal,window_typing_10000.csv,0,8.095442353805993e-06,0,1
7784,normal,window_typing_10000.csv,0,7.515572633565171e-06,0,1
7785,normal,window_typing_10000.csv,0,8.204135156120174e-06,0,1
7786,normal,window_typing_10000.csv,0,8.944881301431451e-06,0,1
7787,normal,window_typing_10000.csv,0,7.730195648036897e-06,0,1
7788,normal,window_typing_10000.csv,0,7.642905984539539e-06,0,1
7789,normal,window_typing_10000.csv,0,7.75681110098958e-06,0,1
7790,normal,window_typing_10000.csv,0,7.699090019741561e-06,0,1
7791,normal,window_typing_10000.csv,0,7.495159934478579e-06,0,1
7792,normal,window_typing_10000.csv,0,7.811618161213119e-06,0,1
7793,normal,window_typing_10000.csv,0,8.156080184562597e-06,0,1
7794,normal,window_typing_10000.csv,0,1.0379563718743157e-05,0,1
7795,normal,window_typing_10000.csv,0,1.2116474863432813e-05,0,1
7796,normal,window_typing_10000.csv,0,1.1178251043020282e-05,0,1
7797,normal,window_typing_10000.csv,0,1.1157515473314561e-05,0,1
7798,normal,window_typing_10000.csv,0,1.4414401448448189e-05,0,1
7799,normal,window_typing_10000.csv,0,1.1588660527195316e-05,0,1
7800,normal,window_typing_10000.csv,0,1.4630337318521924e-05,0,1
7801,normal,window_typing_10000.csv,0,1.3700888302992098e-05,0,1
7802,normal,window_typing_10000.csv,0,1.2857516594522167e-05,0,1
7803,normal,window_typing_10000.csv,0,1.2161089216533583e-05,0,1
7804,normal,window_typing_10000.csv,0,1.2520941709226463e-05,0,1
7805,normal,window_typing_10000.csv,0,1.2045319635944907e-05,0,1
7806,normal,window_typing_10000.csv,0,1.1592706869123504e-05,0,1
7807,normal,window_typing_10000.csv,0,1.2316248103161342e-05,0,1
7808,normal,window_typing_10000.csv,0,1.08663107312168e-05,0,1
7809,normal,window_typing_10000.csv,0,1.0435910553496797e-05,0,1
7810,normal,window_typing_10000.csv,0,1.024960420181742e-05,0,1
7811,normal,window_typing_10000.csv,0,9.224182576872408e-06,0,1
7812,normal,window_typing_10000.csv,0,1.1140949936816469e-05,0,1
7813,normal,window_typing_10000.csv,0,9.205367859976832e-06,0,1
7814,normal,window_typing_10000.csv,0,8.931575393944513e-06,0,1
7815,normal,window_typing_10000.csv,0,8.01142869022442e-06,0,1
7816,normal,window_typing_10000.csv,0,8.355994395969901e-06,0,1
7817,normal,window_typing_10000.csv,0,8.125080967147369e-06,0,1
7818,normal,window_typing_10000.csv,0,7.5035695772385225e-06,0,1
7819,normal,window_typing_10000.csv,0,7.70502447267063e-06,0,1
7820,normal,window_typing_10000.csv,0,8.04989758762531e-06,0,1
7821,normal,window_typing_10000.csv,0,7.481775810447289e-06,0,1
7822,normal,window_typing_10000.csv,0,8.986554348666687e-06,0,1
7823,normal,window_typing_10000.csv,0,8.834965228743386e-06,0,1
7824,normal,window_typing_10000.csv,0,8.206545317079872e-06,0,1
7825,normal,window_typing_10000.csv,0,8.468105079373345e-06,0,1
7826,normal,window_typing_10000.csv,0,8.502876880811527e-06,0,1
7827,normal,window_typing_10000.csv,0,1.2451294423954096e-05,0,1
7828,normal,window_typing_10000.csv,0,1.4783451661060099e-05,0,1
7829,normal,window_typing_10000.csv,0,1.133846217271639e-05,0,1
7830,normal,window_typing_10000.csv,0,1.1750225894502364e-05,0,1
7831,normal,window_typing_10000.csv,0,1.2410407180141192e-05,0,1
7832,normal,window_typing_10000.csv,0,1.2992177289561369e-05,0,1
7833,normal,window_typing_10000.csv,0,1.1926387742278166e-05,0,1
7834,normal,window_typing_10000.csv,0,1.1880140846187714e-05,0,1
7835,normal,window_typing_10000.csv,0,1.046534271154087e-05,0,1
7836,normal,window_typing_10000.csv,0,1.2080511623935308e-05,0,1
7837,normal,window_typing_10000.csv,0,1.1410934348532464e-05,0,1
7838,normal,window_typing_10000.csv,0,1.0531822226766963e-05,0,1
7839,normal,window_typing_10000.csv,0,1.0106802619702648e-05,0,1
7840,normal,window_typing_10000.csv,0,1.0453361937834416e-05,0,1
7841,normal,window_typing_10000.csv,0,1.0051696335722227e-05,0,1
7842,normal,window_typing_10000.csv,0,1.1544560038601048e-05,0,1
7843,normal,window_typing_10000.csv,0,1.1001928214682266e-05,0,1
7844,normal,window_typing_10000.csv,0,1.0122940693690907e-05,0,1
7845,normal,window_typing_10000.csv,0,9.501932254352141e-06,0,1
7846,normal,window_typing_10000.csv,0,9.137556844507344e-06,0,1
7847,normal,window_typing_10000.csv,0,8.341536158695817e-06,0,1
7848,normal,window_typing_10000.csv,0,8.375381185032893e-06,0,1
7849,normal,window_typing_10000.csv,0,8.410592272412032e-06,0,1
7850,normal,window_typing_10000.csv,0,8.177054041880183e-06,0,1
7851,normal,window_typing_10000.csv,0,7.856055162847042e-06,0,1
7852,normal,window_typing_10000.csv,0,7.091432962624822e-06,0,1
7853,normal,window_typing_10000.csv,0,6.98509438734618e-06,0,1
7854,normal,window_typing_10000.csv,0,7.0354358285840135e-06,0,1
7855,normal,window_typing_10000.csv,0,7.826920409570448e-06,0,1
7856,normal,window_typing_10000.csv,0,7.665198609174695e-06,0,1
7857,normal,window_typing_10000.csv,0,6.582455625903094e-06,0,1
7858,normal,window_typing_10000.csv,0,6.989938356127823e-06,0,1
7859,normal,window_typing_10000.csv,0,1.241932204720797e-05,0,1
7860,normal,window_typing_10000.csv,0,1.253838672710117e-05,0,1
7861,normal,window_typing_10000.csv,0,1.1155770152981859e-05,0,1
7862,normal,window_typing_10000.csv,0,1.2180705198261421e-05,0,1
7863,normal,window_typing_10000.csv,0,1.6154763216036372e-05,0,1
7864,normal,window_typing_10000.csv,0,1.9384433471714146e-05,0,1
7865,normal,window_typing_10000.csv,0,2.093622606480494e-05,0,1
7866,normal,window_typing_10000.csv,0,1.6553809473407455e-05,0,1
7867,normal,window_typing_10000.csv,0,1.7039512385963462e-05,0,1
7868,normal,window_typing_10000.csv,0,1.438384879293153e-05,0,1
7869,normal,window_typing_10000.csv,0,1.5466901459149085e-05,0,1
7870,normal,window_typing_10000.csv,0,1.3306324035511352e-05,0,1
7871,normal,window_typing_10000.csv,0,1.3610288078780286e-05,0,1
7872,normal,window_typing_10000.csv,0,1.3485996532835998e-05,0,1
7873,normal,window_typing_10000.csv,0,1.1681722753564827e-05,0,1
7874,normal,window_typing_10000.csv,0,1.0939426829281729e-05,0,1
7875,normal,window_typing_10000.csv,0,1.1382014236005489e-05,0,1
7876,normal,window_typing_10000.csv,0,1.2154944670328405e-05,0,1
7877,normal,window_typing_10000.csv,0,1.0035193554358557e-05,0,1
7878,normal,window_typing_10000.csv,0,1.7628108253120445e-05,0,1
7879,normal,window_typing_10000.csv,0,1.2698154023382813e-05,0,1
7880,normal,window_typing_10000.csv,0,1.1377770533727016e-05,0,1
7881,normal,window_typing_10000.csv,0,1.1226037713640835e-05,0,1
7882,normal,window_typing_10000.csv,0,9.381627933180425e-06,0,1
7883,normal,window_typing_10000.csv,0,8.543689546058886e-06,0,1
7884,normal,window_typing_10000.csv,0,8.388634341827128e-06,0,1
7885,normal,window_typing_10000.csv,0,9.018587661557831e-06,0,1
7886,normal,window_typing_10000.csv,0,8.239238013629802e-06,0,1
7887,normal,window_typing_10000.csv,0,8.55694725032663e-06,0,1
7888,normal,window_typing_10000.csv,0,9.612799658498261e-06,0,1
7889,normal,window_typing_10000.csv,0,1.0608370757836383e-05,0,1
7890,normal,window_typing_10000.csv,0,9.622898687666748e-06,0,1
7891,normal,window_typing_10000.csv,0,9.74692011368461e-06,0,1
7892,normal,window_typing_10000.csv,0,1.0748568456619978e-05,0,1
7893,normal,window_typing_10000.csv,0,1.1774814083764795e-05,0,1
7894,normal,window_typing_10000.csv,0,1.2858890841016546e-05,0,1
7895,normal,window_typing_10000.csv,0,1.7881542589748278e-05,0,1
7896,normal,window_typing_10000.csv,0,2.111479807354044e-05,0,1
7897,normal,window_typing_10000.csv,0,2.171462074329611e-05,0,1
7898,normal,window_typing_10000.csv,0,2.0553543436108157e-05,0,1
7899,normal,window_typing_10000.csv,0,1.930527105287183e-05,0,1
7900,normal,window_typing_10000.csv,0,2.0529703760985285e-05,0,1
7901,normal,window_typing_10000.csv,0,1.7301488696830347e-05,0,1
7902,normal,window_typing_10000.csv,0,1.651530146773439e-05,0,1
7903,normal,window_typing_10000.csv,0,1.699663516774308e-05,0,1
7904,normal,window_typing_10000.csv,0,1.7354319425066933e-05,0,1
7905,normal,window_typing_10000.csv,0,1.5540947060799226e-05,0,1
7906,normal,window_typing_10000.csv,0,1.623885145818349e-05,0,1
7907,normal,window_typing_10000.csv,0,1.4656059647677466e-05,0,1
7908,normal,window_typing_10000.csv,0,2.109899651259184e-05,0,1
7909,normal,window_typing_10000.csv,0,1.4812480003456585e-05,0,1
7910,normal,window_typing_10000.csv,0,1.3045725609117653e-05,0,1
7911,normal,window_typing_10000.csv,0,1.2736977623717394e-05,0,1
7912,normal,window_typing_10000.csv,0,1.2036478437948972e-05,0,1
7913,normal,window_typing_10000.csv,0,9.738873814058024e-06,0,1
7914,normal,window_typing_10000.csv,0,1.0285922144248616e-05,0,1
7915,normal,window_typing_10000.csv,0,1.025730944093084e-05,0,1
7916,normal,window_typing_10000.csv,0,9.45412648434285e-06,0,1
7917,normal,window_typing_10000.csv,0,1.0390765055490192e-05,0,1
7918,normal,window_typing_10000.csv,0,8.852448445395567e-06,0,1
7919,normal,window_typing_10000.csv,0,8.966668247012421e-06,0,1
7920,normal,window_typing_10000.csv,0,8.264672942459583e-06,0,1
7921,normal,window_typing_10000.csv,0,7.996124622877687e-06,0,1
7922,normal,window_typing_10000.csv,0,8.02170416136505e-06,0,1
7923,normal,window_typing_10000.csv,0,7.809867383912206e-06,0,1
7924,normal,window_typing_10000.csv,0,7.810851457179524e-06,0,1
7925,normal,window_typing_10000.csv,0,8.260196409537457e-06,0,1
7926,normal,window_typing_10000.csv,0,7.86400050856173e-06,0,1
7927,normal,window_typing_10000.csv,0,7.801523679518141e-06,0,1
7928,normal,window_typing_10000.csv,0,8.384499778912868e-06,0,1
7929,normal,window_typing_10000.csv,0,8.985390195448417e-06,0,1
7930,normal,window_typing_10000.csv,0,8.215299203584436e-06,0,1
7931,normal,window_typing_10000.csv,0,8.78352511790581e-06,0,1
7932,normal,window_typing_10000.csv,0,8.431648893747479e-06,0,1
7933,normal,window_typing_10000.csv,0,1.1306531632726546e-05,0,1
7934,normal,window_typing_10000.csv,0,9.555883480061311e-06,0,1
7935,normal,window_typing_10000.csv,0,8.13985570857767e-06,0,1
7936,normal,window_typing_10000.csv,0,8.096785677480511e-06,0,1
7937,normal,window_typing_10000.csv,0,9.616798706701957e-06,0,1
7938,normal,window_typing_10000.csv,0,8.578232154832222e-06,0,1
7939,normal,window_typing_10000.csv,0,9.956862413673662e-06,0,1
7940,normal,window_typing_10000.csv,0,9.341746590507682e-06,0,1
7941,normal,window_typing_10000.csv,0,8.780209100223146e-06,0,1
7942,normal,window_typing_10000.csv,0,7.876339623180684e-06,0,1
7943,normal,window_typing_10000.csv,0,7.740368346276227e-06,0,1
7944,normal,window_typing_10000.csv,0,8.354583769687451e-06,0,1
7945,normal,window_typing_10000.csv,0,7.878067663114052e-06,0,1
7946,normal,window_typing_10000.csv,0,7.301119694602676e-06,0,1
7947,normal,window_typing_10000.csv,0,8.379343853448518e-06,0,1
7948,normal,window_typing_10000.csv,0,9.157516615232453e-06,0,1
7949,normal,window_typing_10000.csv,0,9.376270099892281e-06,0,1
7950,normal,window_typing_10000.csv,0,8.729928595130332e-06,0,1
7951,normal,window_typing_10000.csv,0,9.673283784650266e-06,0,1
7952,normal,window_typing_10000.csv,0,1.1101305972260889e-05,0,1
7953,normal,window_typing_10000.csv,0,1.3545053661800921e-05,0,1
7954,normal,window_typing_10000.csv,0,1.2853851330874022e-05,0,1
7955,normal,window_typing_10000.csv,0,1.264496040676022e-05,0,1
7956,normal,window_typing_10000.csv,0,1.1990183338639326e-05,0,1
7957,normal,window_typing_10000.csv,0,1.1739741239580326e-05,0,1
7958,normal,window_typing_10000.csv,0,1.2756815522152465e-05,0,1
7959,normal,window_typing_10000.csv,0,1.3585920896730386e-05,0,1
7960,normal,window_typing_10000.csv,0,1.251439971383661e-05,0,1
7961,normal,window_typing_10000.csv,0,1.2753593182424083e-05,0,1
7962,normal,window_typing_10000.csv,0,1.4120124433247838e-05,0,1
7963,normal,window_typing_10000.csv,0,1.2252974556759e-05,0,1
7964,normal,window_typing_10000.csv,0,1.5442714357050136e-05,0,1
7965,normal,window_typing_10000.csv,0,1.3663245226780418e-05,0,1
7966,normal,window_typing_10000.csv,0,1.3957487681182101e-05,0,1
7967,normal,window_typing_10000.csv,0,1.3467527423927095e-05,0,1
7968,normal,window_typing_10000.csv,0,1.4689588169858325e-05,0,1
7969,normal,window_typing_10000.csv,0,1.8606673620524816e-05,0,1
7970,normal,window_typing_10000.csv,0,2.6348716346547008e-05,0,1
7971,normal,window_typing_10000.csv,0,1.7679911252344027e-05,0,1
7972,normal,window_typing_10000.csv,0,1.4292003470472991e-05,0,1
7973,normal,window_typing_10000.csv,0,1.3258203580335248e-05,0,1
7974,normal,window_typing_10000.csv,0,1.0704336091293953e-05,0,1
7975,normal,window_typing_10000.csv,0,9.488874638918787e-06,0,1
7976,normal,window_typing_10000.csv,0,1.08015201476519e-05,0,1
7977,normal,window_typing_10000.csv,0,1.0700701750465669e-05,0,1
7978,normal,window_typing_10000.csv,0,1.0051168828795198e-05,0,1
7979,normal,window_typing_10000.csv,0,1.0266185199725442e-05,0,1
7980,normal,window_typing_10000.csv,0,1.0205157195741776e-05,0,1
7981,normal,window_typing_10000.csv,0,9.71256031334633e-06,0,1
7982,normal,window_typing_10000.csv,0,9.538821359456051e-06,0,1
7983,normal,window_typing_10000.csv,0,9.467659765505232e-06,0,1
7984,normal,window_typing_10000.csv,0,8.958642865763977e-06,0,1
7985,normal,window_typing_10000.csv,0,8.891927791410126e-06,0,1
7986,normal,window_typing_10000.csv,0,9.119257811107673e-06,0,1
7987,normal,window_typing_10000.csv,0,8.146534128172789e-06,0,1
7988,normal,window_typing_10000.csv,0,8.038766281970311e-06,0,1
7989,normal,window_typing_10000.csv,0,7.2514490057074e-06,0,1
7990,normal,window_typing_10000.csv,0,6.732245765306288e-06,0,1
7991,normal,window_typing_10000.csv,0,7.734510290902108e-06,0,1
7992,normal,window_typing_10000.csv,0,7.884945262048859e-06,0,1
7993,normal,window_typing_10000.csv,0,8.565831194573548e-06,0,1
7994,normal,window_typing_10000.csv,0,8.285766853077803e-06,0,1
7995,normal,window_typing_10000.csv,0,9.078466064238455e-06,0,1
7996,normal,window_typing_10000.csv,0,9.407895959157031e-06,0,1
7997,normal,window_typing_10000.csv,0,8.136036740324926e-06,0,1
7998,normal,window_typing_10000.csv,0,7.965163604239933e-06,0,1
7999,normal,window_typing_10000.csv,0,8.989110028778668e-06,0,1
8000,normal,window_typing_10000.csv,0,8.519134098605718e-06,0,1
8001,normal,window_typing_10000.csv,0,8.503541721438523e-06,0,1
8002,normal,window_typing_10000.csv,0,1.1668151273624972e-05,0,1
8003,normal,window_typing_10000.csv,0,1.0352783647249453e-05,0,1
8004,normal,window_typing_10000.csv,0,9.252604286302812e-06,0,1
8005,normal,window_typing_10000.csv,0,8.652893484395463e-06,0,1
8006,normal,window_typing_10000.csv,0,9.024274731928017e-06,0,1
8007,normal,window_typing_10000.csv,0,9.400802809977904e-06,0,1
8008,normal,window_typing_10000.csv,0,9.188790500047617e-06,0,1
8009,normal,window_typing_10000.csv,0,1.0268309779348783e-05,0,1
8010,normal,window_typing_10000.csv,0,9.841885912464932e-06,0,1
8011,normal,window_typing_10000.csv,0,8.879911547410302e-06,0,1
8012,normal,window_typing_10000.csv,0,8.311932106153108e-06,0,1
8013,normal,window_typing_10000.csv,0,8.459500349999871e-06,0,1
8014,normal,window_typing_10000.csv,0,8.496020200254861e-06,0,1
8015,normal,window_typing_10000.csv,0,8.689743481227197e-06,0,1
8016,normal,window_typing_10000.csv,0,8.269599675259087e-06,0,1
8017,normal,window_typing_10000.csv,0,8.878895641828422e-06,0,1
8018,normal,window_typing_10000.csv,0,8.58929161040578e-06,0,1
8019,normal,window_typing_10000.csv,0,8.956225428846665e-06,0,1
8020,normal,window_typing_10000.csv,0,8.764129233895801e-06,0,1
8021,normal,window_typing_10000.csv,0,8.883774171408731e-06,0,1
8022,normal,window_typing_10000.csv,0,9.689717444416601e-06,0,1
8023,normal,window_typing_10000.csv,0,8.790154424787033e-06,0,1
8024,normal,window_typing_10000.csv,0,8.412813258473761e-06,0,1
8025,normal,window_typing_10000.csv,0,8.727214662940241e-06,0,1
8026,normal,window_typing_10000.csv,0,8.730886293051299e-06,0,1
8027,normal,window_typing_10000.csv,0,1.2563617929117754e-05,0,1
8028,normal,window_typing_10000.csv,0,1.006152706395369e-05,0,1
8029,normal,window_typing_10000.csv,0,8.083175998763181e-06,0,1
8030,normal,window_typing_10000.csv,0,8.296275154862087e-06,0,1
8031,normal,window_typing_10000.csv,0,8.088080903689843e-06,0,1
8032,normal,window_typing_10000.csv,0,8.544992851966526e-06,0,1
8033,normal,window_typing_10000.csv,0,8.229530976677779e-06,0,1
8034,normal,window_typing_10000.csv,0,7.919815288914833e-06,0,1
8035,normal,window_typing_10000.csv,0,8.072954187809955e-06,0,1
8036,normal,window_typing_10000.csv,0,9.007833796204068e-06,0,1
8037,normal,window_typing_10000.csv,0,9.157106433121953e-06,0,1
8038,normal,window_typing_10000.csv,0,8.015555977181066e-06,0,1
8039,normal,window_typing_10000.csv,0,7.998343789950013e-06,0,1
8040,normal,window_typing_10000.csv,0,7.241145794978365e-06,0,1
8041,normal,window_typing_10000.csv,0,7.167521289375145e-06,0,1
8042,normal,window_typing_10000.csv,0,7.76039178163046e-06,0,1
8043,normal,window_typing_10000.csv,0,7.374379038083134e-06,0,1
8044,normal,window_typing_10000.csv,0,7.387513505818788e-06,0,1
8045,normal,window_typing_10000.csv,0,7.359000846918207e-06,0,1
8046,normal,window_typing_10000.csv,0,7.255717719090171e-06,0,1
8047,normal,window_typing_10000.csv,0,7.939923307276331e-06,0,1
8048,normal,window_typing_10000.csv,0,7.893341717135627e-06,0,1
8049,normal,window_typing_10000.csv,0,1.0247835234622471e-05,0,1
8050,normal,window_typing_10000.csv,0,8.410213922616094e-06,0,1
8051,normal,window_typing_10000.csv,0,8.63478362589376e-06,0,1
8052,normal,window_typing_10000.csv,0,8.792047992756125e-06,0,1
8053,normal,window_typing_10000.csv,0,8.759984666539822e-06,0,1
8054,normal,window_typing_10000.csv,0,9.934837180480827e-06,0,1
8055,normal,window_typing_10000.csv,0,1.0272795407217927e-05,0,1
8056,normal,window_typing_10000.csv,0,9.704810508992523e-06,0,1
8057,normal,window_typing_10000.csv,0,8.837914720061235e-06,0,1
8058,normal,window_typing_10000.csv,0,9.339823009213433e-06,0,1
8059,normal,window_typing_10000.csv,0,9.204454727296252e-06,0,1
8060,normal,window_typing_10000.csv,0,9.235405741492286e-06,0,1
8061,normal,window_typing_10000.csv,0,8.87333408172708e-06,0,1
8062,normal,window_typing_10000.csv,0,9.861155376711395e-06,0,1
8063,normal,window_typing_10000.csv,0,8.52016637509223e-06,0,1
8064,normal,window_typing_10000.csv,0,8.562155926483683e-06,0,1
8065,normal,window_typing_10000.csv,0,9.89803174888948e-06,0,1
8066,normal,window_typing_10000.csv,0,1.0120546903635841e-05,0,1
8067,normal,window_typing_10000.csv,0,9.020780453283805e-06,0,1
8068,normal,window_typing_10000.csv,0,9.701970157038886e-06,0,1
8069,normal,window_typing_10000.csv,0,8.90825867827516e-06,0,1
8070,normal,window_typing_10000.csv,0,9.891058653010987e-06,0,1
8071,normal,window_typing_10000.csv,0,8.796543625066988e-06,0,1
8072,normal,window_typing_10000.csv,0,8.781013093539514e-06,0,1
8073,normal,window_typing_10000.csv,0,8.291814083349891e-06,0,1
8074,normal,window_typing_10000.csv,0,8.377210178878158e-06,0,1
8075,normal,window_typing_10000.csv,0,8.022866495593917e-06,0,1
8076,normal,window_typing_10000.csv,0,8.296354280901141e-06,0,1
8077,normal,window_typing_10000.csv,0,9.144827345153317e-06,0,1
8078,normal,window_typing_10000.csv,0,8.398144927923568e-06,0,1
8079,normal,window_typing_10000.csv,0,8.738050382817164e-06,0,1
8080,normal,window_typing_10000.csv,0,9.607108950149268e-06,0,1
8081,normal,window_typing_10000.csv,0,1.0563568139332347e-05,0,1
8082,normal,window_typing_10000.csv,0,9.957583642972168e-06,0,1
8083,normal,window_typing_10000.csv,0,1.1151653779961634e-05,0,1
8084,normal,window_typing_10000.csv,0,1.071001315722242e-05,0,1
8085,normal,window_typing_10000.csv,0,1.0341888810216915e-05,0,1
8086,normal,window_typing_10000.csv,0,1.2691968549916055e-05,0,1
8087,normal,window_typing_10000.csv,0,1.105477804230759e-05,0,1
8088,normal,window_typing_10000.csv,0,1.1065916623920202e-05,0,1
8089,normal,window_typing_10000.csv,0,1.1509054274938535e-05,0,1
8090,normal,window_typing_10000.csv,0,1.0221248885500245e-05,0,1
8091,normal,window_typing_10000.csv,0,1.078224249795312e-05,0,1
8092,normal,window_typing_10000.csv,0,1.1108920261904132e-05,0,1
8093,normal,window_typing_10000.csv,0,1.0009014658862725e-05,0,1
8094,normal,window_typing_10000.csv,0,1.014202553051291e-05,0,1
8095,normal,window_typing_10000.csv,0,1.1700298273353837e-05,0,1
8096,normal,window_typing_10000.csv,0,1.0716909855545964e-05,0,1
8097,normal,window_typing_10000.csv,0,9.596999916539062e-06,0,1
8098,normal,window_typing_10000.csv,0,1.5769217498018406e-05,0,1
8099,normal,window_typing_10000.csv,0,1.0369441952207126e-05,0,1
8100,normal,window_typing_10000.csv,0,9.674603461462539e-06,0,1
8101,normal,window_typing_10000.csv,0,9.229127499565948e-06,0,1
8102,normal,window_typing_10000.csv,0,8.472434274153784e-06,0,1
8103,normal,window_typing_10000.csv,0,7.893567271821667e-06,0,1
8104,normal,window_typing_10000.csv,0,7.790200470481068e-06,0,1
8105,normal,window_typing_10000.csv,0,8.877354048308916e-06,0,1
8106,normal,window_typing_10000.csv,0,9.373033208248671e-06,0,1
8107,normal,window_typing_10000.csv,0,1.15810598799726e-05,0,1
8108,normal,window_typing_10000.csv,0,1.1028516382793896e-05,0,1
8109,normal,window_typing_10000.csv,0,1.1301368431304581e-05,0,1
8110,normal,window_typing_10000.csv,0,1.0473928341525607e-05,0,1
8111,normal,window_typing_10000.csv,0,1.1474521670606919e-05,0,1
8112,normal,window_typing_10000.csv,0,1.2071160199411679e-05,0,1
8113,normal,window_typing_10000.csv,0,1.1084644029324409e-05,0,1
8114,normal,window_typing_10000.csv,0,1.2361269000393804e-05,0,1
8115,normal,window_typing_10000.csv,0,1.2716695891867857e-05,0,1
8116,normal,window_typing_10000.csv,0,1.56943697220413e-05,0,1
8117,normal,window_typing_10000.csv,0,1.338905258307932e-05,0,1
8118,normal,window_typing_10000.csv,0,1.3100045180181041e-05,0,1
8119,normal,window_typing_10000.csv,0,1.277859973924933e-05,0,1
8120,normal,window_typing_10000.csv,0,1.3805829439661466e-05,0,1
8121,normal,window_typing_10000.csv,0,1.32299128381419e-05,0,1
8122,normal,window_typing_10000.csv,0,1.0855736036319286e-05,0,1
8123,normal,window_typing_10000.csv,0,1.148667524830671e-05,0,1
8124,normal,window_typing_10000.csv,0,1.0689054761314765e-05,0,1
8125,normal,window_typing_10000.csv,0,1.0069686140923295e-05,0,1
8126,normal,window_typing_10000.csv,0,1.0601786925690249e-05,0,1
8127,normal,window_typing_10000.csv,0,8.909762073017191e-06,0,1
8128,normal,window_typing_10000.csv,0,9.100908755499404e-06,0,1
8129,normal,window_typing_10000.csv,0,8.901014552975539e-06,0,1
8130,normal,window_typing_10000.csv,0,9.514926205156371e-06,0,1
8131,normal,window_typing_10000.csv,0,9.29491488932399e-06,0,1
8132,normal,window_typing_10000.csv,0,1.0571368875389453e-05,0,1
8133,normal,window_typing_10000.csv,0,1.1223970432183705e-05,0,1
8134,normal,window_typing_10000.csv,0,1.1621409612416755e-05,0,1
8135,normal,window_typing_10000.csv,0,1.0984756045218091e-05,0,1
8136,normal,window_typing_10000.csv,0,1.1901742254849523e-05,0,1
8137,normal,window_typing_10000.csv,0,1.1960887604800519e-05,0,1
8138,normal,window_typing_10000.csv,0,1.146368322224589e-05,0,1
8139,normal,window_typing_10000.csv,0,1.2696568774117623e-05,0,1
8140,normal,window_typing_10000.csv,0,1.3109442988934461e-05,0,1
8141,normal,window_typing_10000.csv,0,1.6614525520708412e-05,0,1
8142,normal,window_typing_10000.csv,0,1.498086658102693e-05,0,1
8143,normal,window_typing_10000.csv,0,1.4697336155222729e-05,0,1
8144,normal,window_typing_10000.csv,0,1.2486586456361692e-05,0,1
8145,normal,window_typing_10000.csv,0,1.34578349388903e-05,0,1
8146,normal,window_typing_10000.csv,0,1.168665949080605e-05,0,1
8147,normal,window_typing_10000.csv,0,1.2461166079447139e-05,0,1
8148,normal,window_typing_10000.csv,0,1.6307742043863982e-05,0,1
8149,normal,window_typing_10000.csv,0,2.0245901396265253e-05,0,1
8150,normal,window_typing_10000.csv,0,1.7875046978588216e-05,0,1
8151,normal,window_typing_10000.csv,0,2.4580980607424863e-05,0,1
8152,normal,window_typing_10000.csv,0,1.752997013682034e-05,0,1
8153,normal,window_typing_10000.csv,0,1.7030008166329935e-05,0,1
8154,normal,window_typing_10000.csv,0,1.716542465146631e-05,0,1
8155,normal,window_typing_10000.csv,0,1.4628538338001817e-05,0,1
8156,normal,window_typing_10000.csv,0,1.5569385141134262e-05,0,1
8157,normal,window_typing_10000.csv,0,1.8314751287107356e-05,0,1
8158,normal,window_typing_10000.csv,0,1.9658673409139737e-05,0,1
8159,normal,window_typing_10000.csv,0,2.170066727558151e-05,0,1
8160,normal,window_typing_10000.csv,0,2.0710536773549393e-05,0,1
8161,normal,window_typing_10000.csv,0,1.95572865777649e-05,0,1
8162,normal,window_typing_10000.csv,0,2.144672725989949e-05,0,1
8163,normal,window_typing_10000.csv,0,1.5754574633319862e-05,0,1
8164,normal,window_typing_10000.csv,0,2.4442459107376635e-05,0,1
8165,normal,window_typing_10000.csv,0,1.810435060178861e-05,0,1
8166,normal,window_typing_10000.csv,0,1.4861550880596042e-05,0,1
8167,normal,window_typing_10000.csv,0,1.48634790093638e-05,0,1
8168,normal,window_typing_10000.csv,0,1.1804541827586945e-05,0,1
8169,normal,window_typing_10000.csv,0,1.1674183951981831e-05,0,1
8170,normal,window_typing_10000.csv,0,1.2936306120536756e-05,0,1
8171,normal,window_typing_10000.csv,0,1.3022693565289956e-05,0,1
8172,normal,window_typing_10000.csv,0,1.2176198652014136e-05,0,1
8173,normal,window_typing_10000.csv,0,1.1800073480117135e-05,0,1
8174,normal,window_typing_10000.csv,0,1.2857799447374418e-05,0,1
8175,normal,window_typing_10000.csv,0,1.252852689503925e-05,0,1
8176,normal,window_typing_10000.csv,0,1.2404349945427384e-05,0,1
8177,normal,window_typing_10000.csv,0,1.2848850929003675e-05,0,1
8178,normal,window_typing_10000.csv,0,1.4773684597457759e-05,0,1
8179,normal,window_typing_10000.csv,0,1.3618157026940025e-05,0,1
8180,normal,window_typing_10000.csv,0,1.4324574294732884e-05,0,1
8181,normal,window_typing_10000.csv,0,1.4491061847365927e-05,0,1
8182,normal,window_typing_10000.csv,0,1.84772379725473e-05,0,1
8183,normal,window_typing_10000.csv,0,1.6609217709628865e-05,0,1
8184,normal,window_typing_10000.csv,0,1.5768284356454387e-05,0,1
8185,normal,window_typing_10000.csv,0,1.7261967514059506e-05,0,1
8186,normal,window_typing_10000.csv,0,1.567286017234437e-05,0,1
8187,normal,window_typing_10000.csv,0,1.6410818716394715e-05,0,1
8188,normal,window_typing_10000.csv,0,1.670817619014997e-05,0,1
8189,normal,window_typing_10000.csv,0,1.6027061064960435e-05,0,1
8190,normal,window_typing_10000.csv,0,1.6791975212981924e-05,0,1
8191,normal,window_typing_10000.csv,0,1.2679169230978005e-05,0,1
8192,normal,window_typing_10000.csv,0,1.419890486431541e-05,0,1
8193,normal,window_typing_10000.csv,0,1.2739357771351933e-05,0,1
8194,normal,window_typing_10000.csv,0,1.1327004358463455e-05,0,1
8195,normal,window_typing_10000.csv,0,1.1822194210253656e-05,0,1
8196,normal,window_typing_10000.csv,0,1.0982577805407345e-05,0,1
8197,normal,window_typing_10000.csv,0,1.0748895874712616e-05,0,1
8198,normal,window_typing_10000.csv,0,1.0810350431711413e-05,0,1
8199,normal,window_typing_10000.csv,0,1.0371894859417807e-05,0,1
8200,normal,window_typing_10000.csv,0,9.77703803073382e-06,0,1
8201,normal,window_typing_10000.csv,0,1.0416472832730506e-05,0,1
8202,normal,window_typing_10000.csv,0,1.0862559975066688e-05,0,1
8203,normal,window_typing_10000.csv,0,9.50679986999603e-06,0,1
8204,normal,window_typing_10000.csv,0,8.689229616720695e-06,0,1
8205,normal,window_typing_10000.csv,0,9.507714821666013e-06,0,1
8206,normal,window_typing_10000.csv,0,1.007258742902195e-05,0,1
8207,normal,window_typing_10000.csv,0,9.937984032148961e-06,0,1
8208,normal,window_typing_10000.csv,0,9.331712135463022e-06,0,1
8209,normal,window_typing_10000.csv,0,8.413495379500091e-06,0,1
8210,normal,window_typing_10000.csv,0,7.5429297794471495e-06,0,1
8211,normal,window_typing_10000.csv,0,8.238130249083042e-06,0,1
8212,normal,window_typing_10000.csv,0,7.79790116212098e-06,0,1
8213,normal,window_typing_10000.csv,0,8.149610948748887e-06,0,1
8214,normal,window_typing_10000.csv,0,7.492043096135603e-06,0,1
8215,normal,window_typing_10000.csv,0,8.630075171822682e-06,0,1
8216,normal,window_typing_10000.csv,0,7.71489976614248e-06,0,1
8217,normal,window_typing_10000.csv,0,8.362801963812672e-06,0,1
8218,normal,window_typing_10000.csv,0,8.003723451111e-06,0,1
8219,normal,window_typing_10000.csv,0,9.201812645187601e-06,0,1
8220,normal,window_typing_10000.csv,0,9.457571650273167e-06,0,1
8221,normal,window_typing_10000.csv,0,9.408937330590561e-06,0,1
8222,normal,window_typing_10000.csv,0,7.709191777394153e-06,0,1
8223,normal,window_typing_10000.csv,0,8.034772690734826e-06,0,1
8224,normal,window_typing_10000.csv,0,7.6216742854740005e-06,0,1
8225,normal,window_typing_10000.csv,0,7.711420039413497e-06,0,1
8226,normal,window_typing_10000.csv,0,7.685826858505607e-06,0,1
8227,normal,window_typing_10000.csv,0,7.162389920267742e-06,0,1
8228,normal,window_typing_10000.csv,0,7.908177394710947e-06,0,1
8229,normal,window_typing_10000.csv,0,8.939518011175096e-06,0,1
8230,normal,window_typing_10000.csv,0,7.512649062846322e-06,0,1
8231,normal,window_typing_10000.csv,0,8.099103069980629e-06,0,1
8232,normal,window_typing_10000.csv,0,7.581946647405857e-06,0,1
8233,normal,window_typing_10000.csv,0,7.5222419582132716e-06,0,1
8234,normal,window_typing_10000.csv,0,8.222165888582822e-06,0,1
8235,normal,window_typing_10000.csv,0,7.1835547714727e-06,0,1
8236,normal,window_typing_10000.csv,0,1.3197627595218364e-05,0,1
8237,normal,window_typing_10000.csv,0,9.048671017808374e-06,0,1
8238,normal,window_typing_10000.csv,0,8.36202161735855e-06,0,1
8239,normal,window_typing_10000.csv,0,8.05360650701914e-06,0,1
8240,normal,window_typing_10000.csv,0,8.305355549964588e-06,0,1
8241,normal,window_typing_10000.csv,0,8.465859536954667e-06,0,1
8242,normal,window_typing_10000.csv,0,8.19367323856568e-06,0,1
8243,normal,window_typing_10000.csv,0,1.0861441296583507e-05,0,1
8244,normal,window_typing_10000.csv,0,1.0090931027662009e-05,0,1
8245,normal,window_typing_10000.csv,0,9.635892638470978e-06,0,1
8246,normal,window_typing_10000.csv,0,9.883826351142488e-06,0,1
8247,normal,window_typing_10000.csv,0,9.814900295168627e-06,0,1
8248,normal,window_typing_10000.csv,0,1.113434336730279e-05,0,1
8249,normal,window_typing_10000.csv,0,9.453576240048278e-06,0,1
8250,normal,window_typing_10000.csv,0,1.0091065632877871e-05,0,1
8251,normal,window_typing_10000.csv,0,1.1825409274024423e-05,0,1
8252,normal,window_typing_10000.csv,0,1.043957490765024e-05,0,1
8253,normal,window_typing_10000.csv,0,9.809725270315539e-06,0,1
8254,normal,window_typing_10000.csv,0,1.2130371942475904e-05,0,1
8255,normal,window_typing_10000.csv,0,1.117273041018052e-05,0,1
8256,normal,window_typing_10000.csv,0,1.0693398508010432e-05,0,1
8257,normal,window_typing_10000.csv,0,1.415368024026975e-05,0,1
8258,normal,window_typing_10000.csv,0,1.3645131730299909e-05,0,1
8259,normal,window_typing_10000.csv,0,1.0921663488261402e-05,0,1
8260,normal,window_typing_10000.csv,0,1.2206904102640692e-05,0,1
8261,normal,window_typing_10000.csv,0,8.925188922148664e-06,0,1
8262,normal,window_typing_10000.csv,0,1.0569442565611098e-05,0,1
8263,normal,window_typing_10000.csv,0,1.054016229318222e-05,0,1
8264,normal,window_typing_10000.csv,0,1.2570209946716204e-05,0,1
8265,normal,window_typing_10000.csv,0,1.1358809388184454e-05,0,1
8266,normal,window_typing_10000.csv,0,1.0185546670982148e-05,0,1
8267,normal,window_typing_10000.csv,0,1.2113344382669311e-05,0,1
8268,normal,window_typing_10000.csv,0,1.062713454302866e-05,0,1
8269,normal,window_typing_10000.csv,0,1.037954461935442e-05,0,1
8270,normal,window_typing_10000.csv,0,1.1703702512022574e-05,0,1
8271,normal,window_typing_10000.csv,0,1.0648022907844279e-05,0,1
8272,normal,window_typing_10000.csv,0,1.2821666132367682e-05,0,1
8273,normal,window_typing_10000.csv,0,1.6628284356556833e-05,0,1
8274,normal,window_typing_10000.csv,0,1.276493367186049e-05,0,1
8275,normal,window_typing_10000.csv,0,1.2212656656629406e-05,0,1
8276,normal,window_typing_10000.csv,0,1.2047571544826496e-05,0,1
8277,normal,window_typing_10000.csv,0,1.2448099369066767e-05,0,1
8278,normal,window_typing_10000.csv,0,1.1613764399953652e-05,0,1
8279,normal,window_typing_10000.csv,0,1.0091162948810961e-05,0,1
8280,normal,window_typing_10000.csv,0,9.679927643446717e-06,0,1
8281,normal,window_typing_10000.csv,0,1.032597356243059e-05,0,1
8282,normal,window_typing_10000.csv,0,9.17100169317564e-06,0,1
8283,normal,window_typing_10000.csv,0,8.702830200491007e-06,0,1
8284,normal,window_typing_10000.csv,0,9.753484846442007e-06,0,1
8285,normal,window_typing_10000.csv,0,1.0412797564640641e-05,0,1
8286,normal,window_typing_10000.csv,0,1.1290628208371345e-05,0,1
8287,normal,window_typing_10000.csv,0,1.3227048839326017e-05,0,1
8288,normal,window_typing_10000.csv,0,1.1277403245912865e-05,0,1
8289,normal,window_typing_10000.csv,0,1.067381617758656e-05,0,1
8290,normal,window_typing_10000.csv,0,1.1543899745447561e-05,0,1
8291,normal,window_typing_10000.csv,0,1.22334295156179e-05,0,1
8292,normal,window_typing_10000.csv,0,1.1879314115503803e-05,0,1
8293,normal,window_typing_10000.csv,0,1.113237885874696e-05,0,1
8294,normal,window_typing_10000.csv,0,1.2374928701319732e-05,0,1
8295,normal,window_typing_10000.csv,0,1.1198396350664552e-05,0,1
8296,normal,window_typing_10000.csv,0,1.1584142157516908e-05,0,1
8297,normal,window_typing_10000.csv,0,1.181552215712145e-05,0,1
8298,normal,window_typing_10000.csv,0,1.1784710295614786e-05,0,1
8299,normal,window_typing_10000.csv,0,1.029799477691995e-05,0,1
8300,normal,window_typing_10000.csv,0,9.784462235984392e-06,0,1
8301,normal,window_typing_10000.csv,0,1.1863226063724142e-05,0,1
8302,normal,window_typing_10000.csv,0,9.550272807246074e-06,0,1
8303,normal,window_typing_10000.csv,0,9.046859304362442e-06,0,1
8304,normal,window_typing_10000.csv,0,9.102825970330741e-06,0,1
8305,normal,window_typing_10000.csv,0,9.274274816561956e-06,0,1
8306,normal,window_typing_10000.csv,0,8.506632184435148e-06,0,1
8307,normal,window_typing_10000.csv,0,8.63680998008931e-06,0,1
8308,normal,window_typing_10000.csv,0,8.366871043108404e-06,0,1
8309,normal,window_typing_10000.csv,0,9.165457413473632e-06,0,1
8310,normal,window_typing_10000.csv,0,8.523969881935045e-06,0,1
8311,normal,window_typing_10000.csv,0,9.792182027013041e-06,0,1
8312,normal,window_typing_10000.csv,0,8.932188393373508e-06,0,1
8313,normal,window_typing_10000.csv,0,9.343537385575473e-06,0,1
8314,normal,window_typing_10000.csv,0,9.014373972604517e-06,0,1
8315,normal,window_typing_10000.csv,0,8.00086127128452e-06,0,1
8316,normal,window_typing_10000.csv,0,8.051394615904428e-06,0,1
8317,normal,window_typing_10000.csv,0,8.51473305374384e-06,0,1
8318,normal,window_typing_10000.csv,0,7.932347216410562e-06,0,1
8319,normal,window_typing_10000.csv,0,8.08398544904776e-06,0,1
8320,normal,window_typing_10000.csv,0,8.89784951141337e-06,0,1
8321,normal,window_typing_10000.csv,0,9.302975740865804e-06,0,1
8322,normal,window_typing_10000.csv,0,9.866525942925364e-06,0,1
8323,normal,window_typing_10000.csv,0,1.0028554243035614e-05,0,1
8324,normal,window_typing_10000.csv,0,1.0682817446650006e-05,0,1
8325,normal,window_typing_10000.csv,0,2.3391630747937597e-05,0,1
8326,normal,window_typing_10000.csv,0,3.439729698584415e-05,0,1
8327,normal,window_typing_10000.csv,0,2.8910804758197628e-05,0,1
8328,normal,window_typing_10000.csv,0,3.113138518529013e-05,0,1
8329,normal,window_typing_10000.csv,0,3.1829891668166965e-05,0,1
8330,normal,window_typing_10000.csv,0,2.7385218345443718e-05,0,1
8331,normal,window_typing_10000.csv,0,2.5666498913778923e-05,0,1
8332,normal,window_typing_10000.csv,0,2.234967723779846e-05,0,1
8333,normal,window_typing_10000.csv,0,2.042734922724776e-05,0,1
8334,normal,window_typing_10000.csv,0,1.8710465155891143e-05,0,1
8335,normal,window_typing_10000.csv,0,1.531367342977319e-05,0,1
8336,normal,window_typing_10000.csv,0,1.5449506463482976e-05,0,1
8337,normal,window_typing_10000.csv,0,1.4047796867089346e-05,0,1
8338,normal,window_typing_10000.csv,0,1.1641009223239962e-05,0,1
8339,normal,window_typing_10000.csv,0,1.1514126526890323e-05,0,1
8340,normal,window_typing_10000.csv,0,1.1499488209665287e-05,0,1
8341,normal,window_typing_10000.csv,0,1.033942407957511e-05,0,1
8342,normal,window_typing_10000.csv,0,1.0313995517208241e-05,0,1
8343,normal,window_typing_10000.csv,0,1.0640642358339392e-05,0,1
8344,normal,window_typing_10000.csv,0,9.379086804983672e-06,0,1
8345,normal,window_typing_10000.csv,0,8.559257366869133e-06,0,1
8346,normal,window_typing_10000.csv,0,8.54136760608526e-06,0,1
8347,normal,window_typing_10000.csv,0,8.226604222727474e-06,0,1
8348,normal,window_typing_10000.csv,0,7.691017344768625e-06,0,1
8349,normal,window_typing_10000.csv,0,7.279705187102081e-06,0,1
8350,normal,window_typing_10000.csv,0,8.324656846525613e-06,0,1
8351,normal,window_typing_10000.csv,0,8.598471140430775e-06,0,1
8352,normal,window_typing_10000.csv,0,8.363527740584686e-06,0,1
8353,normal,window_typing_10000.csv,0,1.0034063961938955e-05,0,1
8354,normal,window_typing_10000.csv,0,8.375899597012904e-06,0,1
8355,normal,window_typing_10000.csv,0,8.931038792070467e-06,0,1
8356,normal,window_typing_10000.csv,0,9.067382052307948e-06,0,1
8357,normal,window_typing_10000.csv,0,9.24255891732173e-06,0,1
8358,normal,window_typing_10000.csv,0,8.883155715011526e-06,0,1
8359,normal,window_typing_10000.csv,0,9.143649549514521e-06,0,1
8360,normal,window_typing_10000.csv,0,8.422527571383398e-06,0,1
8361,normal,window_typing_10000.csv,0,9.64065475272946e-06,0,1
8362,normal,window_typing_10000.csv,0,8.347909897565842e-06,0,1
8363,normal,window_typing_10000.csv,0,1.5560255633317865e-05,0,1
8364,normal,window_typing_10000.csv,0,1.2620359484571964e-05,0,1
8365,normal,window_typing_10000.csv,0,1.1253552656853572e-05,0,1
8366,normal,window_typing_10000.csv,0,9.586654414306395e-06,0,1
8367,normal,window_typing_10000.csv,0,9.197084182233084e-06,0,1
8368,normal,window_typing_10000.csv,0,8.267147677543107e-06,0,1
8369,normal,window_typing_10000.csv,0,9.171902092930395e-06,0,1
8370,normal,window_typing_10000.csv,0,1.96422388398787e-05,0,1
8371,normal,window_typing_10000.csv,0,2.4860104531398974e-05,0,1
8372,normal,window_typing_10000.csv,0,1.4077289051783737e-05,0,1
8373,normal,window_typing_10000.csv,0,1.652169885346666e-05,0,1
8374,normal,window_typing_10000.csv,0,2.1869383999728598e-05,0,1
8375,normal,window_typing_10000.csv,0,1.7857362763606943e-05,0,1
8376,normal,window_typing_10000.csv,0,1.822187732614111e-05,0,1
8377,normal,window_typing_10000.csv,0,1.6693300494807772e-05,0,1
8378,normal,window_typing_10000.csv,0,1.765211345627904e-05,0,1
8379,normal,window_typing_10000.csv,0,1.556896859256085e-05,0,1
8380,normal,window_typing_10000.csv,0,1.317429996561259e-05,0,1
8381,normal,window_typing_10000.csv,0,1.4087871022638865e-05,0,1
8382,normal,window_typing_10000.csv,0,1.3369633052207064e-05,0,1
8383,normal,window_typing_10000.csv,0,1.158603117801249e-05,0,1
8384,normal,window_typing_10000.csv,0,1.1001152415701654e-05,0,1
8385,normal,window_typing_10000.csv,0,1.1616910342127085e-05,0,1
8386,normal,window_typing_10000.csv,0,1.1239545528951567e-05,0,1
8387,normal,window_typing_10000.csv,0,1.0787437531689648e-05,0,1
8388,normal,window_typing_10000.csv,0,1.134485410148045e-05,0,1
8389,normal,window_typing_10000.csv,0,9.908504580380395e-06,0,1
8390,normal,window_typing_10000.csv,0,9.583262908563484e-06,0,1
8391,normal,window_typing_10000.csv,0,9.835889613896143e-06,0,1
8392,normal,window_typing_10000.csv,0,8.708857421879657e-06,0,1
8393,normal,window_typing_10000.csv,0,8.374814569833688e-06,0,1
8394,normal,window_typing_10000.csv,0,9.524550478090532e-06,0,1
8395,normal,window_typing_10000.csv,0,1.0152873983315658e-05,0,1
8396,normal,window_typing_10000.csv,0,9.8423824965721e-06,0,1
8397,normal,window_typing_10000.csv,0,8.729713044886012e-06,0,1
8398,normal,window_typing_10000.csv,0,9.214703823090531e-06,0,1
8399,normal,window_typing_10000.csv,0,9.430650607100688e-06,0,1
8400,normal,window_typing_10000.csv,0,1.0621673027344514e-05,0,1
8401,normal,window_typing_10000.csv,0,9.818804755923338e-06,0,1
8402,normal,window_typing_10000.csv,0,1.013834207697073e-05,0,1
8403,normal,window_typing_10000.csv,0,1.000093288894277e-05,0,1
8404,normal,window_typing_10000.csv,0,1.1059439202654175e-05,0,1
8405,normal,window_typing_10000.csv,0,1.2960151252627838e-05,0,1
8406,normal,window_typing_10000.csv,0,1.4090423974266741e-05,0,1
8407,normal,window_typing_10000.csv,0,1.4624019058828708e-05,0,1
8408,normal,window_typing_10000.csv,0,1.852235072874464e-05,0,1
8409,normal,window_typing_10000.csv,0,2.146043516404461e-05,0,1
8410,normal,window_typing_10000.csv,0,3.288791413069703e-05,0,1
8411,normal,window_typing_10000.csv,0,3.0164479539962485e-05,0,1
8412,normal,window_typing_10000.csv,0,2.6672576495911926e-05,0,1
8413,normal,window_typing_10000.csv,0,2.381879312451929e-05,0,1
8414,normal,window_typing_10000.csv,0,2.4734510589041747e-05,0,1
8415,normal,window_typing_10000.csv,0,2.0176395992166363e-05,0,1
8416,normal,window_typing_10000.csv,0,1.8644224837771617e-05,0,1
8417,normal,window_typing_10000.csv,0,1.751922354742419e-05,0,1
8418,normal,window_typing_10000.csv,0,1.609054015716538e-05,0,1
8419,normal,window_typing_10000.csv,0,1.716422957542818e-05,0,1
8420,normal,window_typing_10000.csv,0,1.468726168241119e-05,0,1
8421,normal,window_typing_10000.csv,0,1.3886283340980299e-05,0,1
8422,normal,window_typing_10000.csv,0,1.1488448762975167e-05,0,1
8423,normal,window_typing_10000.csv,0,1.2024615898553748e-05,0,1
8424,normal,window_typing_10000.csv,0,1.3232361197879072e-05,0,1
8425,normal,window_typing_10000.csv,0,1.1740144145733211e-05,0,1
8426,normal,window_typing_10000.csv,0,1.0748588465503417e-05,0,1
8427,normal,window_typing_10000.csv,0,1.0287963050359394e-05,0,1
8428,normal,window_typing_10000.csv,0,1.057727695297217e-05,0,1
8429,normal,window_typing_10000.csv,0,9.33484534471063e-06,0,1
8430,normal,window_typing_10000.csv,0,9.894077265926171e-06,0,1
8431,normal,window_typing_10000.csv,0,1.0008384379034396e-05,0,1
8432,normal,window_typing_10000.csv,0,8.937744496506639e-06,0,1
8433,normal,window_typing_10000.csv,0,1.02823232737137e-05,0,1
8434,normal,window_typing_10000.csv,0,1.0620083230605815e-05,0,1
8435,normal,window_typing_10000.csv,0,9.009527275338769e-06,0,1
8436,normal,window_typing_10000.csv,0,9.064700861927122e-06,0,1
8437,normal,window_typing_10000.csv,0,8.97289555723546e-06,0,1
8438,normal,window_typing_10000.csv,0,8.476693437842187e-06,0,1
8439,normal,window_typing_10000.csv,0,8.933056960813701e-06,0,1
8440,normal,window_typing_10000.csv,0,1.0733295312093105e-05,0,1
8441,normal,window_typing_10000.csv,0,1.0325135917810258e-05,0,1
8442,normal,window_typing_10000.csv,0,9.314542694482952e-06,0,1
8443,normal,window_typing_10000.csv,0,8.747730134928133e-06,0,1
8444,normal,window_typing_10000.csv,0,9.075029993255157e-06,0,1
8445,normal,window_typing_10000.csv,0,1.0126223969564307e-05,0,1
8446,normal,window_typing_10000.csv,0,9.069889529200736e-06,0,1
8447,normal,window_typing_10000.csv,0,9.669594874139875e-06,0,1
8448,normal,window_typing_10000.csv,0,1.3903098079026677e-05,0,1
8449,normal,window_typing_10000.csv,0,1.118645286624087e-05,0,1
8450,normal,window_typing_10000.csv,0,1.05391254692222e-05,0,1
8451,normal,window_typing_10000.csv,0,1.4425719200517051e-05,0,1
8452,normal,window_typing_10000.csv,0,1.5800331311766058e-05,0,1
8453,normal,window_typing_10000.csv,0,1.4518257557938341e-05,0,1
8454,normal,window_typing_10000.csv,0,1.5341081962105818e-05,0,1
8455,normal,window_typing_10000.csv,0,1.5752457329654135e-05,0,1
8456,normal,window_typing_10000.csv,0,1.3631123692903202e-05,0,1
8457,normal,window_typing_10000.csv,0,1.425446225766791e-05,0,1
8458,normal,window_typing_10000.csv,0,1.314646488026483e-05,0,1
8459,normal,window_typing_10000.csv,0,1.3302087609190494e-05,0,1
8460,normal,window_typing_10000.csv,0,1.2350582437647972e-05,0,1
8461,normal,window_typing_10000.csv,0,1.1612269190663937e-05,0,1
8462,normal,window_typing_10000.csv,0,1.201259237859631e-05,0,1
8463,normal,window_typing_10000.csv,0,1.3083514204481617e-05,0,1
8464,normal,window_typing_10000.csv,0,1.196485845866846e-05,0,1
8465,normal,window_typing_10000.csv,0,1.0515142093936447e-05,0,1
8466,normal,window_typing_10000.csv,0,1.0107458365382627e-05,0,1
8467,normal,window_typing_10000.csv,0,1.0799274605233222e-05,0,1
8468,normal,window_typing_10000.csv,0,1.072023223969154e-05,0,1
8469,normal,window_typing_10000.csv,0,1.1334213013469707e-05,0,1
8470,normal,window_typing_10000.csv,0,1.3517722436517943e-05,0,1
8471,normal,window_typing_10000.csv,0,1.4129689589026384e-05,0,1
8472,normal,window_typing_10000.csv,0,1.2546532161650248e-05,0,1
8473,normal,window_typing_10000.csv,0,1.3555689292843454e-05,0,1
8474,normal,window_typing_10000.csv,0,1.433459146937821e-05,0,1
8475,normal,window_typing_10000.csv,0,1.1956520211242605e-05,0,1
8476,normal,window_typing_10000.csv,0,1.2173459253972396e-05,0,1
8477,normal,window_typing_10000.csv,0,1.3279639460961334e-05,0,1
8478,normal,window_typing_10000.csv,0,1.336263358098222e-05,0,1
8479,normal,window_typing_10000.csv,0,1.2216443792567588e-05,0,1
8480,normal,window_typing_10000.csv,0,1.2369760042929556e-05,0,1
8481,normal,window_typing_10000.csv,0,1.2485504157666583e-05,0,1
8482,normal,window_typing_10000.csv,0,1.3875084732717369e-05,0,1
8483,normal,window_typing_10000.csv,0,1.3101269360049628e-05,0,1
8484,normal,window_typing_10000.csv,0,1.1724010619218461e-05,0,1
8485,normal,window_typing_10000.csv,0,1.153334687842289e-05,0,1
8486,normal,window_typing_10000.csv,0,1.0990477676386945e-05,0,1
8487,normal,window_typing_10000.csv,0,1.0289719284628518e-05,0,1
8488,normal,window_typing_10000.csv,0,9.03932232176885e-06,0,1
8489,normal,window_typing_10000.csv,0,9.237360245606396e-06,0,1
8490,normal,window_typing_10000.csv,0,9.422963557881303e-06,0,1
8491,normal,window_typing_10000.csv,0,8.5249212133931e-06,0,1
8492,normal,window_typing_10000.csv,0,8.170981345756445e-06,0,1
8493,normal,window_typing_10000.csv,0,8.065442671068013e-06,0,1
8494,normal,window_typing_10000.csv,0,8.781958968029357e-06,0,1
8495,normal,window_typing_10000.csv,0,9.389064871356823e-06,0,1
8496,normal,window_typing_10000.csv,0,1.17218760351534e-05,0,1
8497,normal,window_typing_10000.csv,0,1.0872758139157668e-05,0,1
8498,normal,window_typing_10000.csv,0,1.157329825218767e-05,0,1
8499,normal,window_typing_10000.csv,0,1.15710572572425e-05,0,1
8500,normal,window_typing_10000.csv,0,1.2300907656026538e-05,0,1
8501,normal,window_typing_10000.csv,0,1.1388626262487378e-05,0,1
8502,normal,window_typing_10000.csv,0,1.3416864931059536e-05,0,1
8503,normal,window_typing_10000.csv,0,1.1245249879721086e-05,0,1
8504,normal,window_typing_10000.csv,0,1.0894222214119509e-05,0,1
8505,normal,window_typing_10000.csv,0,1.1329771041346248e-05,0,1
8506,normal,window_typing_10000.csv,0,1.0928738447546493e-05,0,1
8507,normal,window_typing_10000.csv,0,1.88202739082044e-05,0,1
8508,normal,window_typing_10000.csv,0,1.4361466128320899e-05,0,1
8509,normal,window_typing_10000.csv,0,1.3078873962513171e-05,0,1
8510,normal,window_typing_10000.csv,0,1.0918843145191204e-05,0,1
8511,normal,window_typing_10000.csv,0,1.0993842806783505e-05,0,1
8512,normal,window_typing_10000.csv,0,9.763144589669537e-06,0,1
8513,normal,window_typing_10000.csv,0,1.731418160488829e-05,0,1
8514,normal,window_typing_10000.csv,0,1.7665401173871942e-05,0,1
8515,normal,window_typing_10000.csv,0,1.3394414963840973e-05,0,1
8516,normal,window_typing_10000.csv,0,1.1326854291837662e-05,0,1
8517,normal,window_typing_10000.csv,0,1.4391833246918395e-05,0,1
8518,normal,window_typing_10000.csv,0,1.952419006556738e-05,0,1
8519,normal,window_typing_10000.csv,0,1.8373442799202166e-05,0,1
8520,normal,window_typing_10000.csv,0,1.9256802261224948e-05,0,1
8521,normal,window_typing_10000.csv,0,1.7166341422125697e-05,0,1
8522,normal,window_typing_10000.csv,0,1.5804429494892247e-05,0,1
8523,normal,window_typing_10000.csv,0,1.454439370718319e-05,0,1
8524,normal,window_typing_10000.csv,0,1.5097671166586224e-05,0,1
8525,normal,window_typing_10000.csv,0,1.5789606550242752e-05,0,1
8526,normal,window_typing_10000.csv,0,1.8350556274526753e-05,0,1
8527,normal,window_typing_10000.csv,0,2.2394267944036983e-05,0,1
8528,normal,window_typing_10000.csv,0,1.8464590539224446e-05,0,1
8529,normal,window_typing_10000.csv,0,1.6115203834488057e-05,0,1
8530,normal,window_typing_10000.csv,0,2.045899054792244e-05,0,1
8531,normal,window_typing_10000.csv,0,1.6166939531103708e-05,0,1
8532,normal,window_typing_10000.csv,0,1.4790981367696077e-05,0,1
8533,normal,window_typing_10000.csv,0,1.8436472601024434e-05,0,1
8534,normal,window_typing_10000.csv,0,1.8628727048053406e-05,0,1
8535,normal,window_typing_10000.csv,0,1.587977385497652e-05,0,1
8536,normal,window_typing_10000.csv,0,1.4332268619909883e-05,0,1
8537,normal,window_typing_10000.csv,0,1.4540207303070929e-05,0,1
8538,normal,window_typing_10000.csv,0,1.414941743860254e-05,0,1
8539,normal,window_typing_10000.csv,0,1.1822849955933634e-05,0,1
8540,normal,window_typing_10000.csv,0,1.1131041901535355e-05,0,1
8541,normal,window_typing_10000.csv,0,1.4004966033098754e-05,0,1
8542,normal,window_typing_10000.csv,0,1.1772198377002496e-05,0,1
8543,normal,window_typing_10000.csv,0,9.634459274820983e-06,0,1
8544,normal,window_typing_10000.csv,0,2.023532215389423e-05,0,1
8545,normal,window_typing_10000.csv,0,2.3336308004218154e-05,0,1
8546,normal,window_typing_10000.csv,0,1.6611340470262803e-05,0,1
8547,normal,window_typing_10000.csv,0,1.5400755728478543e-05,0,1
8548,normal,window_typing_10000.csv,0,1.7401202057953924e-05,0,1
8549,normal,window_typing_10000.csv,0,1.5920122677925974e-05,0,1
8550,normal,window_typing_10000.csv,0,1.4786342944717035e-05,0,1
8551,normal,window_typing_10000.csv,0,1.427474580850685e-05,0,1
8552,normal,window_typing_10000.csv,0,1.3516240869648755e-05,0,1
8553,normal,window_typing_10000.csv,0,1.2661430446314625e-05,0,1
8554,normal,window_typing_10000.csv,0,1.3681642485607881e-05,0,1
8555,normal,window_typing_10000.csv,0,1.183812491944991e-05,0,1
8556,normal,window_typing_10000.csv,0,1.173491637018742e-05,0,1
8557,normal,window_typing_10000.csv,0,1.116504063247703e-05,0,1
8558,normal,window_typing_10000.csv,0,1.063312629412394e-05,0,1
8559,normal,window_typing_10000.csv,0,1.0939937965304125e-05,0,1
8560,normal,window_typing_10000.csv,0,1.0829729035322089e-05,0,1
8561,normal,window_typing_10000.csv,0,1.0037136235041544e-05,0,1
8562,normal,window_typing_10000.csv,0,9.814638360694516e-06,0,1
8563,normal,window_typing_10000.csv,0,8.991612958197948e-06,0,1
8564,normal,window_typing_10000.csv,0,9.576574484526645e-06,0,1
8565,normal,window_typing_10000.csv,0,8.099805199890397e-06,0,1
8566,normal,window_typing_10000.csv,0,7.785454727127217e-06,0,1
8567,normal,window_typing_10000.csv,0,8.186729246517643e-06,0,1
8568,normal,window_typing_10000.csv,0,8.9077148004435e-06,0,1
8569,normal,window_typing_10000.csv,0,7.776172424200922e-06,0,1
8570,normal,window_typing_10000.csv,0,8.611707926320378e-06,0,1
8571,normal,window_typing_10000.csv,0,8.054244062805083e-06,0,1
8572,normal,window_typing_10000.csv,0,7.964472388266586e-06,0,1
8573,normal,window_typing_10000.csv,0,7.883681973908097e-06,0,1
8574,normal,window_typing_10000.csv,0,8.685294233146124e-06,0,1
8575,normal,window_typing_10000.csv,0,7.296699550352059e-06,0,1
8576,normal,window_typing_10000.csv,0,8.398224053962622e-06,0,1
8577,normal,window_typing_10000.csv,0,8.695114956935868e-06,0,1
8578,normal,window_typing_10000.csv,0,7.9428318713326e-06,0,1
8579,normal,window_typing_10000.csv,0,8.224486919061746e-06,0,1
8580,normal,window_typing_10000.csv,0,7.66952052799752e-06,0,1
8581,normal,window_typing_10000.csv,0,7.838528290449176e-06,0,1
8582,normal,window_typing_10000.csv,0,8.758231160754804e-06,0,1
8583,normal,window_typing_10000.csv,0,9.139630492427386e-06,0,1
8584,normal,window_typing_10000.csv,0,8.940770385379437e-06,0,1
8585,normal,window_typing_10000.csv,0,1.099684141081525e-05,0,1
8586,normal,window_typing_10000.csv,0,1.0488562111277133e-05,0,1
8587,normal,window_typing_10000.csv,0,9.019465323945042e-06,0,1
8588,normal,window_typing_10000.csv,0,9.840195161814336e-06,0,1
8589,normal,window_typing_10000.csv,0,1.0795207344926894e-05,0,1
8590,normal,window_typing_10000.csv,0,1.1993967746093404e-05,0,1
8591,normal,window_typing_10000.csv,0,1.413045720255468e-05,0,1
8592,normal,window_typing_10000.csv,0,1.6153067917912267e-05,0,1
8593,normal,window_typing_10000.csv,0,1.6179154044948518e-05,0,1
8594,normal,window_typing_10000.csv,0,1.490299473516643e-05,0,1
8595,normal,window_typing_10000.csv,0,1.9010616597370245e-05,0,1
8596,normal,window_typing_10000.csv,0,1.556214010633994e-05,0,1
8597,normal,window_typing_10000.csv,0,1.4706814909004606e-05,0,1
8598,normal,window_typing_10000.csv,0,1.4458264558925293e-05,0,1
8599,normal,window_typing_10000.csv,0,1.3769893485005014e-05,0,1
8600,normal,window_typing_10000.csv,0,1.2119016901124269e-05,0,1
8601,normal,window_typing_10000.csv,0,1.1696191904775333e-05,0,1
8602,normal,window_typing_10000.csv,0,1.2666791917581577e-05,0,1
8603,normal,window_typing_10000.csv,0,1.5420537238242105e-05,0,1
8604,normal,window_typing_10000.csv,0,1.2435297321644612e-05,0,1
8605,normal,window_typing_10000.csv,0,1.2428042282408569e-05,0,1
8606,normal,window_typing_10000.csv,0,1.0206364095211029e-05,0,1
8607,normal,window_typing_10000.csv,0,1.0798830771818757e-05,0,1
8608,normal,window_typing_10000.csv,0,1.054644599207677e-05,0,1
8609,normal,window_typing_10000.csv,0,9.611526365915779e-06,0,1
8610,normal,window_typing_10000.csv,0,8.678381163917948e-06,0,1
8611,normal,window_typing_10000.csv,0,8.927785529522225e-06,0,1
8612,normal,window_typing_10000.csv,0,8.28831980470568e-06,0,1
8613,normal,window_typing_10000.csv,0,7.590983386762673e-06,0,1
8614,normal,window_typing_10000.csv,0,8.089692528301384e-06,0,1
8615,normal,window_typing_10000.csv,0,7.704525160079356e-06,0,1
8616,normal,window_typing_10000.csv,0,7.857584023440722e-06,0,1
8617,normal,window_typing_10000.csv,0,8.853411600284744e-06,0,1
8618,normal,window_typing_10000.csv,0,7.97333359514596e-06,0,1
8619,normal,window_typing_10000.csv,0,7.728472155577037e-06,0,1
8620,normal,window_typing_10000.csv,0,7.355667548836209e-06,0,1
8621,normal,window_typing_10000.csv,0,8.57182931213174e-06,0,1
8622,normal,window_typing_10000.csv,0,7.658338290639222e-06,0,1
8623,normal,window_typing_10000.csv,0,8.055918442551047e-06,0,1
8624,normal,window_typing_10000.csv,0,8.055611033341847e-06,0,1
8625,normal,window_typing_10000.csv,0,8.310220437124372e-06,0,1
8626,normal,window_typing_10000.csv,0,7.745537914161105e-06,0,1
8627,normal,window_typing_10000.csv,0,8.237925612775143e-06,0,1
8628,normal,window_typing_10000.csv,0,8.322917892655823e-06,0,1
8629,normal,window_typing_10000.csv,0,8.260441063612234e-06,0,1
8630,normal,window_typing_10000.csv,0,7.873733920860104e-06,0,1
8631,normal,window_typing_10000.csv,0,7.899259799160063e-06,0,1
8632,normal,window_typing_10000.csv,0,7.989591722434852e-06,0,1
8633,normal,window_typing_10000.csv,0,7.678793735976797e-06,0,1
8634,normal,window_typing_10000.csv,0,8.346373761014547e-06,0,1
8635,normal,window_typing_10000.csv,0,8.232947038777638e-06,0,1
8636,normal,window_typing_10000.csv,0,7.549636848125374e-06,0,1
8637,normal,window_typing_10000.csv,0,7.439485216309549e-06,0,1
8638,normal,window_typing_10000.csv,0,8.335872735187877e-06,0,1
8639,normal,window_typing_10000.csv,0,8.408265784964897e-06,0,1
8640,normal,window_typing_10000.csv,0,8.126204193104059e-06,0,1
8641,normal,window_typing_10000.csv,0,7.801575520716142e-06,0,1
8642,normal,window_typing_10000.csv,0,8.989066373032983e-06,0,1
8643,normal,window_typing_10000.csv,0,9.024033715832047e-06,0,1
8644,normal,window_typing_10000.csv,0,8.378376151085831e-06,0,1
8645,normal,window_typing_10000.csv,0,8.773019544605631e-06,0,1
8646,normal,window_typing_10000.csv,0,7.928952072688844e-06,0,1
8647,normal,window_typing_10000.csv,0,1.2699742001132108e-05,0,1
8648,normal,window_typing_10000.csv,0,1.0370015843363944e-05,0,1
8649,normal,window_typing_10000.csv,0,8.695753422216512e-06,0,1
8650,normal,window_typing_10000.csv,0,8.986906323116273e-06,0,1
8651,normal,window_typing_10000.csv,0,8.567431905248668e-06,0,1
8652,normal,window_typing_10000.csv,0,8.004860319488216e-06,0,1
8653,normal,window_typing_10000.csv,0,8.580940630054101e-06,0,1
8654,normal,window_typing_10000.csv,0,8.422037353739142e-06,0,1
8655,normal,window_typing_10000.csv,0,7.566351541754557e-06,0,1
8656,normal,window_typing_10000.csv,0,8.396541488764342e-06,0,1
8657,normal,window_typing_10000.csv,0,9.157472049992066e-06,0,1
8658,normal,window_typing_10000.csv,0,9.338298696093261e-06,0,1
8659,normal,window_typing_10000.csv,0,9.720057278173044e-06,0,1
8660,normal,window_typing_10000.csv,0,1.3009857866563834e-05,0,1
8661,normal,window_typing_10000.csv,0,1.5634197552572004e-05,0,1
8662,normal,window_typing_10000.csv,0,1.5195750165730715e-05,0,1
8663,normal,window_typing_10000.csv,0,1.591538602951914e-05,0,1
8664,normal,window_typing_10000.csv,0,1.4490398825728334e-05,0,1
8665,normal,window_typing_10000.csv,0,1.3918912372901104e-05,0,1
8666,normal,window_typing_10000.csv,0,1.6871059415279888e-05,0,1
8667,normal,window_typing_10000.csv,0,1.4851703781459946e-05,0,1
8668,normal,window_typing_10000.csv,0,1.4962291970732622e-05,0,1
8669,normal,window_typing_10000.csv,0,1.3332452908798587e-05,0,1
8670,normal,window_typing_10000.csv,0,1.4637119420513045e-05,0,1
8671,normal,window_typing_10000.csv,0,1.3574938748206478e-05,0,1
8672,normal,window_typing_10000.csv,0,1.222729406435974e-05,0,1
8673,normal,window_typing_10000.csv,0,1.7649033907218836e-05,0,1
8674,normal,window_typing_10000.csv,0,2.5720015401020646e-05,0,1
8675,normal,window_typing_10000.csv,0,2.5154913600999862e-05,0,1
8676,normal,window_typing_10000.csv,0,3.3485321182524785e-05,0,1
8677,normal,window_typing_10000.csv,0,7.791337702656165e-05,0,1
8678,normal,window_typing_10000.csv,0,0.0001002871576929465,0,1
8679,normal,window_typing_10000.csv,0,9.616915485821664e-05,0,1
8680,normal,window_typing_10000.csv,0,8.354151214007288e-05,0,1
8681,normal,window_typing_10000.csv,0,5.993100057821721e-05,0,1
8682,normal,window_typing_10000.csv,0,4.910384814138524e-05,0,1
8683,normal,window_typing_10000.csv,0,3.992745405412279e-05,0,1
8684,normal,window_typing_10000.csv,0,3.234203904867172e-05,0,1
8685,normal,window_typing_10000.csv,0,2.589811265352182e-05,0,1
8686,normal,window_typing_10000.csv,0,2.0512226910796016e-05,0,1
8687,normal,window_typing_10000.csv,0,1.8354021449340507e-05,0,1
8688,normal,window_typing_10000.csv,0,1.6517084077349864e-05,0,1
8689,normal,window_typing_10000.csv,0,1.4650904631707817e-05,0,1
8690,normal,window_typing_10000.csv,0,1.2685494766628835e-05,0,1
8691,normal,window_typing_10000.csv,0,1.2727057765005156e-05,0,1
8692,normal,window_typing_10000.csv,0,1.0956267942674458e-05,0,1
8693,normal,window_typing_10000.csv,0,1.1345005077600945e-05,0,1
8694,normal,window_typing_10000.csv,0,1.0096033292938955e-05,0,1
8695,normal,window_typing_10000.csv,0,9.767232768354006e-06,0,1
8696,normal,window_typing_10000.csv,0,9.366778613184579e-06,0,1
8697,normal,window_typing_10000.csv,0,8.877998880052473e-06,0,1
8698,normal,window_typing_10000.csv,0,8.964419976109639e-06,0,1
8699,normal,window_typing_10000.csv,0,8.224800694733858e-06,0,1
8700,normal,window_typing_10000.csv,0,9.4621545940754e-06,0,1
8701,normal,window_typing_10000.csv,0,8.749948392505758e-06,0,1
8702,normal,window_typing_10000.csv,0,8.50635660754051e-06,0,1
8703,normal,window_typing_10000.csv,0,7.306462521228241e-06,0,1
8704,normal,window_typing_10000.csv,0,7.410940270347055e-06,0,1
8705,normal,window_typing_10000.csv,0,7.739003194728866e-06,0,1
8706,normal,window_typing_10000.csv,0,7.0120449890964665e-06,0,1
8707,normal,window_typing_10000.csv,0,7.76657361711841e-06,0,1
8708,normal,window_typing_10000.csv,0,8.148555025400128e-06,0,1
8709,normal,window_typing_10000.csv,0,7.380908755294513e-06,0,1
8710,normal,window_typing_10000.csv,0,7.405535598081769e-06,0,1
8711,normal,window_typing_10000.csv,0,8.014982086024247e-06,0,1
8712,normal,window_typing_10000.csv,0,6.963717169128358e-06,0,1
8713,normal,window_typing_10000.csv,0,1.2795074326277245e-05,0,1
8714,normal,window_typing_10000.csv,0,9.047765161085408e-06,0,1
8715,normal,window_typing_10000.csv,0,8.247538971772883e-06,0,1
8716,normal,window_typing_10000.csv,0,1.2095069905626588e-05,0,1
8717,normal,window_typing_10000.csv,0,1.726420669001527e-05,0,1
8718,normal,window_typing_10000.csv,0,1.0826270226971246e-05,0,1
8719,normal,window_typing_10000.csv,0,7.831452421669383e-06,0,1
8720,normal,window_typing_10000.csv,0,7.979647307365667e-06,0,1
8721,normal,window_typing_10000.csv,0,7.880043995101005e-06,0,1
8722,normal,window_typing_10000.csv,0,7.871376510593109e-06,0,1
8723,normal,window_typing_10000.csv,0,9.101350769924466e-06,0,1
8724,normal,window_typing_10000.csv,0,8.683156920596957e-06,0,1
8725,normal,window_typing_10000.csv,0,9.154381586995441e-06,0,1
8726,normal,window_typing_10000.csv,0,1.0076046237372793e-05,0,1
8727,normal,window_typing_10000.csv,0,1.1691329746099655e-05,0,1
8728,normal,window_typing_10000.csv,0,1.2743185834551696e-05,0,1
8729,normal,window_typing_10000.csv,0,1.6386704373871908e-05,0,1
8730,normal,window_typing_10000.csv,0,2.270203549414873e-05,0,1
8731,normal,window_typing_10000.csv,0,2.4673065126989968e-05,0,1
8732,normal,window_typing_10000.csv,0,3.771096089622006e-05,0,1
8733,normal,window_typing_10000.csv,0,2.9421824365272187e-05,0,1
8734,normal,window_typing_10000.csv,0,2.144973404938355e-05,0,1
8735,normal,window_typing_10000.csv,0,2.2150665245135315e-05,0,1
8736,normal,window_typing_10000.csv,0,2.2675032596453093e-05,0,1
8737,normal,window_typing_10000.csv,0,1.9894536308129318e-05,0,1
8738,normal,window_typing_10000.csv,0,1.8271068256581202e-05,0,1
8739,normal,window_typing_10000.csv,0,1.5488303688471206e-05,0,1
8740,normal,window_typing_10000.csv,0,1.537101525173057e-05,0,1
8741,normal,window_typing_10000.csv,0,1.5139597962843254e-05,0,1
8742,normal,window_typing_10000.csv,0,1.328081725660013e-05,0,1
8743,normal,window_typing_10000.csv,0,1.3589989976026118e-05,0,1
8744,normal,window_typing_10000.csv,0,1.1532973985595163e-05,0,1
8745,normal,window_typing_10000.csv,0,1.0129034308192786e-05,0,1
8746,normal,window_typing_10000.csv,0,1.1011355127266143e-05,0,1
8747,normal,window_typing_10000.csv,0,1.1501944754854776e-05,0,1
8748,normal,window_typing_10000.csv,0,1.3100831893098075e-05,0,1
8749,normal,window_typing_10000.csv,0,1.8893879314418882e-05,0,1
8750,normal,window_typing_10000.csv,0,2.1563359041465446e-05,0,1
8751,normal,window_typing_10000.csv,0,1.9832648831652477e-05,0,1
8752,normal,window_typing_10000.csv,0,1.7924277926795185e-05,0,1
8753,normal,window_typing_10000.csv,0,1.6243173377006315e-05,0,1
8754,normal,window_typing_10000.csv,0,1.998792686208617e-05,0,1
8755,normal,window_typing_10000.csv,0,1.6963278540060855e-05,0,1
8756,normal,window_typing_10000.csv,0,1.674017039476894e-05,0,1
8757,normal,window_typing_10000.csv,0,1.5587731468258426e-05,0,1
8758,normal,window_typing_10000.csv,0,1.834347131079994e-05,0,1
8759,normal,window_typing_10000.csv,0,1.7094314898713492e-05,0,1
8760,normal,window_typing_10000.csv,0,1.4143873158900533e-05,0,1
8761,normal,window_typing_10000.csv,0,1.3504980415746104e-05,0,1
8762,normal,window_typing_10000.csv,0,1.2907900782010984e-05,0,1
8763,normal,window_typing_10000.csv,0,1.3299740203365218e-05,0,1
8764,normal,window_typing_10000.csv,0,1.1074467693106271e-05,0,1
8765,normal,window_typing_10000.csv,0,9.80285130935954e-06,0,1
8766,normal,window_typing_10000.csv,0,1.045050157699734e-05,0,1
8767,normal,window_typing_10000.csv,0,1.0864040632441174e-05,0,1
8768,normal,window_typing_10000.csv,0,8.89228431333322e-06,0,1
8769,normal,window_typing_10000.csv,0,1.1148526937176939e-05,0,1
8770,normal,window_typing_10000.csv,0,1.737960883474443e-05,0,1
8771,normal,window_typing_10000.csv,0,2.0966916054021567e-05,0,1
8772,normal,window_typing_10000.csv,0,1.6815451090224087e-05,0,1
8773,normal,window_typing_10000.csv,0,1.620988768991083e-05,0,1
8774,normal,window_typing_10000.csv,0,1.842917663452681e-05,0,1
8775,normal,window_typing_10000.csv,0,2.2386067939805798e-05,0,1
8776,normal,window_typing_10000.csv,0,2.3492366381105967e-05,0,1
8777,normal,window_typing_10000.csv,0,2.425890852464363e-05,0,1
8778,normal,window_typing_10000.csv,0,2.2456781152868643e-05,0,1
8779,normal,window_typing_10000.csv,0,2.3530639737145975e-05,0,1
8780,normal,window_typing_10000.csv,0,1.952396814886015e-05,0,1
8781,normal,window_typing_10000.csv,0,1.7191259757964872e-05,0,1
8782,normal,window_typing_10000.csv,0,1.890784733404871e-05,0,1
8783,normal,window_typing_10000.csv,0,1.5531199096585624e-05,0,1
8784,normal,window_typing_10000.csv,0,1.4049218407308217e-05,0,1
8785,normal,window_typing_10000.csv,0,1.2573195817822125e-05,0,1
8786,normal,window_typing_10000.csv,0,1.3519128515326884e-05,0,1
8787,normal,window_typing_10000.csv,0,1.1064755199186038e-05,0,1
8788,normal,window_typing_10000.csv,0,1.0742327503976412e-05,0,1
8789,normal,window_typing_10000.csv,0,1.1093928151240107e-05,0,1
8790,normal,window_typing_10000.csv,0,1.0586047210381366e-05,0,1
8791,normal,window_typing_10000.csv,0,1.0462058526172768e-05,0,1
8792,normal,window_typing_10000.csv,0,1.0554455002420582e-05,0,1
8793,normal,window_typing_10000.csv,0,9.228326234733686e-06,0,1
8794,normal,window_typing_10000.csv,0,1.1467203876236454e-05,0,1
8795,normal,window_typing_10000.csv,0,9.26502798392903e-06,0,1
8796,normal,window_typing_10000.csv,0,9.164986295218114e-06,0,1
8797,normal,window_typing_10000.csv,0,8.302297828777228e-06,0,1
8798,normal,window_typing_10000.csv,0,8.535585948266089e-06,0,1
8799,normal,window_typing_10000.csv,0,9.492657227383461e-06,0,1
8800,normal,window_typing_10000.csv,0,8.269371392088942e-06,0,1
8801,normal,window_typing_10000.csv,0,8.15593284642091e-06,0,1
8802,normal,window_typing_10000.csv,0,7.915064998087473e-06,0,1
8803,normal,window_typing_10000.csv,0,8.75285331858322e-06,0,1
8804,normal,window_typing_10000.csv,0,8.729679393582046e-06,0,1
8805,normal,window_typing_10000.csv,0,8.682652151037473e-06,0,1
8806,normal,window_typing_10000.csv,0,8.653629265609197e-06,0,1
8807,normal,window_typing_10000.csv,0,1.0060749445983674e-05,0,1
8808,normal,window_typing_10000.csv,0,8.412950592173729e-06,0,1
8809,normal,window_typing_10000.csv,0,8.407471796090249e-06,0,1
8810,normal,window_typing_10000.csv,0,8.232616892200895e-06,0,1
8811,normal,window_typing_10000.csv,0,8.272779268736485e-06,0,1
8812,normal,window_typing_10000.csv,0,9.183586371364072e-06,0,1
8813,normal,window_typing_10000.csv,0,8.795403118710965e-06,0,1
8814,normal,window_typing_10000.csv,0,7.816827746864874e-06,0,1
8815,normal,window_typing_10000.csv,0,7.998031833267305e-06,0,1
8816,normal,window_typing_10000.csv,0,7.551077032985631e-06,0,1
8817,normal,window_typing_10000.csv,0,7.651862688362598e-06,0,1
8818,normal,window_typing_10000.csv,0,1.1105192243121564e-05,0,1
8819,normal,window_typing_10000.csv,0,9.578200661053415e-06,0,1
8820,normal,window_typing_10000.csv,0,7.606251983816037e-06,0,1
8821,normal,window_typing_10000.csv,0,9.534946912026498e-06,0,1
8822,normal,window_typing_10000.csv,0,7.853890565456823e-06,0,1
8823,normal,window_typing_10000.csv,0,7.839619684091303e-06,0,1
8824,normal,window_typing_10000.csv,0,7.86909458838636e-06,0,1
8825,normal,window_typing_10000.csv,0,7.522844043705845e-06,0,1
8826,normal,window_typing_10000.csv,0,7.301266123249661e-06,0,1
8827,normal,window_typing_10000.csv,0,7.14056614015135e-06,0,1
8828,normal,window_typing_10000.csv,0,1.0292771548847668e-05,0,1
8829,normal,window_typing_10000.csv,0,1.450877698516706e-05,0,1
8830,normal,window_typing_10000.csv,0,9.85086262517143e-06,0,1
8831,normal,window_typing_10000.csv,0,8.470858119835611e-06,0,1
8832,normal,window_typing_10000.csv,0,8.226785212173127e-06,0,1
8833,normal,window_typing_10000.csv,0,8.159083336067852e-06,0,1
8834,normal,window_typing_10000.csv,0,7.37021673558047e-06,0,1
8835,normal,window_typing_10000.csv,0,7.671254024899099e-06,0,1
8836,normal,window_typing_10000.csv,0,7.999518857104704e-06,0,1
8837,normal,window_typing_10000.csv,0,7.891565473983064e-06,0,1
8838,normal,window_typing_10000.csv,0,8.035063729039393e-06,0,1
8839,normal,window_typing_10000.csv,0,7.384400305454619e-06,0,1
8840,normal,window_typing_10000.csv,0,7.641827323823236e-06,0,1
8841,normal,window_typing_10000.csv,0,7.565644864371279e-06,0,1
8842,normal,window_typing_10000.csv,0,7.735668077657465e-06,0,1
8843,normal,window_typing_10000.csv,0,7.605954579048557e-06,0,1
8844,normal,window_typing_10000.csv,0,7.4477475209278055e-06,0,1
8845,normal,window_typing_10000.csv,0,8.909117241273634e-06,0,1
8846,normal,window_typing_10000.csv,0,7.98465589468833e-06,0,1
8847,normal,window_typing_10000.csv,0,8.215205525630154e-06,0,1
8848,normal,window_typing_10000.csv,0,9.225308531313203e-06,0,1
8849,normal,window_typing_10000.csv,0,7.873215508880094e-06,0,1
8850,normal,window_typing_10000.csv,0,7.803056178090628e-06,0,1
8851,normal,window_typing_10000.csv,0,8.141664693539497e-06,0,1
8852,normal,window_typing_10000.csv,0,7.6032420111005194e-06,0,1
8853,normal,window_typing_10000.csv,0,8.585435352870263e-06,0,1
8854,normal,window_typing_10000.csv,0,7.984412150108255e-06,0,1
8855,normal,window_typing_10000.csv,0,8.240322131314315e-06,0,1
8856,normal,window_typing_10000.csv,0,1.000658085104078e-05,0,1
8857,normal,window_typing_10000.csv,0,9.531682735541835e-06,0,1
8858,normal,window_typing_10000.csv,0,9.143649549514521e-06,0,1
8859,normal,window_typing_10000.csv,0,9.833319381868932e-06,0,1
8860,normal,window_typing_10000.csv,0,8.875543244357686e-06,0,1
8861,normal,window_typing_10000.csv,0,8.921700100472663e-06,0,1
8862,normal,window_typing_10000.csv,0,1.0440550795465242e-05,0,1
8863,normal,window_typing_10000.csv,0,1.074295232683653e-05,0,1
8864,normal,window_typing_10000.csv,0,1.0589621524559334e-05,0,1
8865,normal,window_typing_10000.csv,0,1.1287582310615107e-05,0,1
8866,normal,window_typing_10000.csv,0,1.1262431144132279e-05,0,1
8867,normal,window_typing_10000.csv,0,1.0368769835622516e-05,0,1
8868,normal,window_typing_10000.csv,0,1.1765509043470956e-05,0,1
8869,normal,window_typing_10000.csv,0,1.0293036211805884e-05,0,1
8870,normal,window_typing_10000.csv,0,1.0426778317196295e-05,0,1
8871,normal,window_typing_10000.csv,0,9.75626699073473e-06,0,1
8872,normal,window_typing_10000.csv,0,9.342192242911551e-06,0,1
8873,normal,window_typing_10000.csv,0,1.1275058568571694e-05,0,1
8874,normal,window_typing_10000.csv,0,1.0427614142827224e-05,0,1
8875,normal,window_typing_10000.csv,0,1.0764479156932794e-05,0,1
8876,normal,window_typing_10000.csv,0,1.2304461961321067e-05,0,1
8877,normal,window_typing_10000.csv,0,1.0166457286686637e-05,0,1
8878,normal,window_typing_10000.csv,0,1.702554254734423e-05,0,1
8879,normal,window_typing_10000.csv,0,1.1563887710508425e-05,0,1
8880,normal,window_typing_10000.csv,0,1.1108559192507528e-05,0,1
8881,normal,window_typing_10000.csv,0,1.077690740203252e-05,0,1
8882,normal,window_typing_10000.csv,0,9.420978130947333e-06,0,1
8883,normal,window_typing_10000.csv,0,8.664182132633869e-06,0,1
8884,normal,window_typing_10000.csv,0,1.0915407074207906e-05,0,1
8885,normal,window_typing_10000.csv,0,1.0006742741097696e-05,0,1
8886,normal,window_typing_10000.csv,0,9.047963430930395e-06,0,1
8887,normal,window_typing_10000.csv,0,1.0235245099465828e-05,0,1
8888,normal,window_typing_10000.csv,0,1.0372341421316378e-05,0,1
8889,normal,window_typing_10000.csv,0,1.0506731996429153e-05,0,1
8890,normal,window_typing_10000.csv,0,1.1190891200385522e-05,0,1
8891,normal,window_typing_10000.csv,0,1.383607741445303e-05,0,1
8892,normal,window_typing_10000.csv,0,1.2873835657956079e-05,0,1
8893,normal,window_typing_10000.csv,0,1.311812229687348e-05,0,1
8894,normal,window_typing_10000.csv,0,1.2940045053255744e-05,0,1
8895,normal,window_typing_10000.csv,0,1.6664431313984096e-05,0,1
8896,normal,window_typing_10000.csv,0,1.5006045941845514e-05,0,1
8897,normal,window_typing_10000.csv,0,1.618344322196208e-05,0,1
8898,normal,window_typing_10000.csv,0,1.3710025086766109e-05,0,1
8899,normal,window_typing_10000.csv,0,1.4630700206907932e-05,0,1
8900,normal,window_typing_10000.csv,0,1.5642815924366005e-05,0,1
8901,normal,window_typing_10000.csv,0,1.602464726602193e-05,0,1
8902,normal,window_typing_10000.csv,0,1.577554940013215e-05,0,1
8903,normal,window_typing_10000.csv,0,1.5956207789713517e-05,0,1
8904,normal,window_typing_10000.csv,0,1.3739067981077824e-05,0,1
8905,normal,window_typing_10000.csv,0,1.2981997315364424e-05,0,1
8906,normal,window_typing_10000.csv,0,1.4056065083423164e-05,0,1
8907,normal,window_typing_10000.csv,0,1.221925049321726e-05,0,1
8908,normal,window_typing_10000.csv,0,1.0875008229049854e-05,0,1
8909,normal,window_typing_10000.csv,0,1.2844208868045826e-05,0,1
8910,normal,window_typing_10000.csv,0,1.4675390048068948e-05,0,1
8911,normal,window_typing_10000.csv,0,1.5589799659210257e-05,0,1
8912,normal,window_typing_10000.csv,0,1.7797907275962643e-05,0,1
8913,normal,window_typing_10000.csv,0,1.95941192941973e-05,0,1
8914,normal,window_typing_10000.csv,0,1.6689034964656457e-05,0,1
8915,normal,window_typing_10000.csv,0,1.8261522200191393e-05,0,1
8916,normal,window_typing_10000.csv,0,1.8095806808560155e-05,0,1
8917,normal,window_typing_10000.csv,0,1.6902899005799554e-05,0,1
8918,normal,window_typing_10000.csv,0,1.4402117813006043e-05,0,1
8919,normal,window_typing_10000.csv,0,1.813244671211578e-05,0,1
8920,normal,window_typing_10000.csv,0,2.0345269149402156e-05,0,1
8921,normal,window_typing_10000.csv,0,1.9916669771191664e-05,0,1
8922,normal,window_typing_10000.csv,0,2.0510251488303766e-05,0,1
8923,normal,window_typing_10000.csv,0,2.0075000065844506e-05,0,1
8924,normal,window_typing_10000.csv,0,1.6785441403044388e-05,0,1
8925,normal,window_typing_10000.csv,0,1.624605465622153e-05,0,1
8926,normal,window_typing_10000.csv,0,1.7989865227718838e-05,0,1
8927,normal,window_typing_10000.csv,0,1.6076368410722353e-05,0,1
8928,normal,window_typing_10000.csv,0,1.3878737263439689e-05,0,1
8929,normal,window_typing_10000.csv,0,1.6955142200458795e-05,0,1
8930,normal,window_typing_10000.csv,0,1.6141273590619676e-05,0,1
8931,normal,window_typing_10000.csv,0,1.4679883861390408e-05,0,1
8932,normal,window_typing_10000.csv,0,1.4103733519732486e-05,0,1
8933,normal,window_typing_10000.csv,0,1.403019268764183e-05,0,1
8934,normal,window_typing_10000.csv,0,1.3150324775779154e-05,0,1
8935,normal,window_typing_10000.csv,0,1.1674818779283669e-05,0,1
8936,normal,window_typing_10000.csv,0,1.2311867976677604e-05,0,1
8937,normal,window_typing_10000.csv,0,1.0746826774266083e-05,0,1
8938,normal,window_typing_10000.csv,0,9.762018635228742e-06,0,1
8939,normal,window_typing_10000.csv,0,8.72964574227808e-06,0,1
8940,normal,window_typing_10000.csv,0,9.058316209120676e-06,0,1
8941,normal,window_typing_10000.csv,0,8.41566998133203e-06,0,1
8942,normal,window_typing_10000.csv,0,9.777250852494035e-06,0,1
8943,normal,window_typing_10000.csv,0,8.932495802582707e-06,0,1
8944,normal,window_typing_10000.csv,0,9.277345270675141e-06,0,1
8945,normal,window_typing_10000.csv,0,8.450710993201938e-06,0,1
8946,normal,window_typing_10000.csv,0,8.458620868623257e-06,0,1
8947,normal,window_typing_10000.csv,0,8.645090929348953e-06,0,1
8948,normal,window_typing_10000.csv,0,8.84326800587587e-06,0,1
8949,normal,window_typing_10000.csv,0,7.923925295472145e-06,0,1
8950,normal,window_typing_10000.csv,0,8.042132321861573e-06,0,1
8951,normal,window_typing_10000.csv,0,9.079660230781883e-06,0,1
8952,normal,window_typing_10000.csv,0,9.182710527966265e-06,0,1
8953,normal,window_typing_10000.csv,0,9.305637831857894e-06,0,1
8954,normal,window_typing_10000.csv,0,8.287798664241564e-06,0,1
8955,normal,window_typing_10000.csv,0,8.541293937014416e-06,0,1
8956,normal,window_typing_10000.csv,0,9.721882634039503e-06,0,1
8957,normal,window_typing_10000.csv,0,8.730853551242035e-06,0,1
8958,normal,window_typing_10000.csv,0,8.744302249397151e-06,0,1
8959,normal,window_typing_10000.csv,0,9.24758569453843e-06,0,1
8960,normal,window_typing_10000.csv,0,8.343135050381534e-06,0,1
8961,normal,window_typing_10000.csv,0,8.469372914987616e-06,0,1
8962,normal,window_typing_10000.csv,0,9.488041541771963e-06,0,1
8963,normal,window_typing_10000.csv,0,8.729370165383443e-06,0,1
8964,normal,window_typing_10000.csv,0,7.838147212169133e-06,0,1
8965,normal,window_typing_10000.csv,0,8.58677776705008e-06,0,1
8966,normal,window_typing_10000.csv,0,9.158712600765284e-06,0,1
8967,normal,window_typing_10000.csv,0,8.610796612629201e-06,0,1
8968,normal,window_typing_10000.csv,0,8.656707905174699e-06,0,1
8969,normal,window_typing_10000.csv,0,9.632420187699609e-06,0,1
8970,normal,window_typing_10000.csv,0,8.28053816803731e-06,0,1
8971,normal,window_typing_10000.csv,0,8.757930118008517e-06,0,1
8972,normal,window_typing_10000.csv,0,8.69428549776785e-06,0,1
8973,normal,window_typing_10000.csv,0,8.478504241793416e-06,0,1
8974,normal,window_typing_10000.csv,0,8.93499054654967e-06,0,1
8975,normal,window_typing_10000.csv,0,8.509139661327936e-06,0,1
8976,normal,window_typing_10000.csv,0,8.910756150726229e-06,0,1
8977,normal,window_typing_10000.csv,0,8.172352863766719e-06,0,1
8978,normal,window_typing_10000.csv,0,8.484238605888095e-06,0,1
8979,normal,window_typing_10000.csv,0,8.841168892104179e-06,0,1
8980,normal,window_typing_10000.csv,0,8.746178536966909e-06,0,1
8981,normal,window_typing_10000.csv,0,8.412043825956061e-06,0,1
8982,normal,window_typing_10000.csv,0,7.789933079038747e-06,0,1
8983,normal,window_typing_10000.csv,0,9.058203431777656e-06,0,1
8984,normal,window_typing_10000.csv,0,7.990666745172348e-06,0,1
8985,normal,window_typing_10000.csv,0,8.927691851567943e-06,0,1
8986,normal,window_typing_10000.csv,0,8.15353723737644e-06,0,1
8987,normal,window_typing_10000.csv,0,9.063327524927445e-06,0,1
8988,normal,window_typing_10000.csv,0,7.735115104878787e-06,0,1
8989,normal,window_typing_10000.csv,0,8.373232958547305e-06,0,1
8990,normal,window_typing_10000.csv,0,8.181445082300343e-06,0,1
8991,normal,window_typing_10000.csv,0,8.128188710543327e-06,0,1
8992,normal,window_typing_10000.csv,0,8.804735443845857e-06,0,1
8993,normal,window_typing_10000.csv,0,9.195733582600951e-06,0,1
8994,normal,window_typing_10000.csv,0,1.0121058949152939e-05,0,1
8995,normal,window_typing_10000.csv,0,1.289874671783764e-05,0,1
8996,normal,window_typing_10000.csv,0,1.6130024960148148e-05,0,1
8997,normal,window_typing_10000.csv,0,1.40555703183054e-05,0,1
8998,normal,window_typing_10000.csv,0,1.358479494228959e-05,0,1
8999,normal,window_typing_10000.csv,0,1.324400000157766e-05,0,1
9000,normal,window_typing_10000.csv,0,1.4383655980054755e-05,0,1
9001,normal,window_typing_10000.csv,0,1.3909664630773477e-05,0,1
9002,normal,window_typing_10000.csv,0,1.3809831216349266e-05,0,1
9003,normal,window_typing_10000.csv,0,1.4343549082695972e-05,0,1
9004,normal,window_typing_10000.csv,0,1.4485148312815e-05,0,1
9005,normal,window_typing_10000.csv,0,1.4273656233854126e-05,0,1
9006,normal,window_typing_10000.csv,0,1.223326580657158e-05,0,1
9007,normal,window_typing_10000.csv,0,2.098067670885939e-05,0,1
9008,normal,window_typing_10000.csv,0,1.561419958306942e-05,0,1
9009,normal,window_typing_10000.csv,0,1.3609626876132097e-05,0,1
9010,normal,window_typing_10000.csv,0,1.31061797219445e-05,0,1
9011,normal,window_typing_10000.csv,0,1.0698069672798738e-05,0,1
9012,normal,window_typing_10000.csv,0,9.95941627479624e-06,0,1
9013,normal,window_typing_10000.csv,0,1.8835553419194184e-05,0,1
9014,normal,window_typing_10000.csv,0,2.550587487348821e-05,0,1
9015,normal,window_typing_10000.csv,0,1.3764824871032033e-05,0,1
9016,normal,window_typing_10000.csv,0,1.7810267308959737e-05,0,1
9017,normal,window_typing_10000.csv,0,2.231613325420767e-05,0,1
9018,normal,window_typing_10000.csv,0,1.877943032013718e-05,0,1
9019,normal,window_typing_10000.csv,0,1.607406920811627e-05,0,1
9020,normal,window_typing_10000.csv,0,1.6977179257082753e-05,0,1
9021,normal,window_typing_10000.csv,0,1.9061320926994085e-05,0,1
9022,normal,window_typing_10000.csv,0,1.5477524357265793e-05,0,1
9023,normal,window_typing_10000.csv,0,1.4473190276476089e-05,0,1
9024,normal,window_typing_10000.csv,0,1.3177995242585894e-05,0,1
9025,normal,window_typing_10000.csv,0,1.3153373402019497e-05,0,1
9026,normal,window_typing_10000.csv,0,1.3250266420072876e-05,0,1
9027,normal,window_typing_10000.csv,0,1.1282297236903105e-05,0,1
9028,normal,window_typing_10000.csv,0,1.0467657375556882e-05,0,1
9029,normal,window_typing_10000.csv,0,1.0001618647947907e-05,0,1
9030,normal,window_typing_10000.csv,0,1.0999232472386211e-05,0,1
9031,normal,window_typing_10000.csv,0,1.02627782325726e-05,0,1
9032,normal,window_typing_10000.csv,0,9.880282959784381e-06,0,1
9033,normal,window_typing_10000.csv,0,9.904914804792497e-06,0,1
9034,normal,window_typing_10000.csv,0,9.092554137168918e-06,0,1
9035,normal,window_typing_10000.csv,0,8.695205906406045e-06,0,1
9036,normal,window_typing_10000.csv,0,1.0253016625938471e-05,0,1
9037,normal,window_typing_10000.csv,0,8.405580047110561e-06,0,1
9038,normal,window_typing_10000.csv,0,7.519895916630048e-06,0,1
9039,normal,window_typing_10000.csv,0,8.228574188251514e-06,0,1
9040,normal,window_typing_10000.csv,0,9.017245247378014e-06,0,1
9041,normal,window_typing_10000.csv,0,9.515661986370105e-06,0,1
9042,normal,window_typing_10000.csv,0,1.033904936775798e-05,0,1
9043,normal,window_typing_10000.csv,0,1.1791905308200512e-05,0,1
9044,normal,window_typing_10000.csv,0,1.079477442544885e-05,0,1
9045,normal,window_typing_10000.csv,0,1.0846939403563738e-05,0,1
9046,normal,window_typing_10000.csv,0,1.1677847396640573e-05,0,1
9047,normal,window_typing_10000.csv,0,1.1526001799211372e-05,0,1
9048,normal,window_typing_10000.csv,0,1.063975923898397e-05,0,1
9049,normal,window_typing_10000.csv,0,1.036170306178974e-05,0,1
9050,normal,window_typing_10000.csv,0,1.2058123502356466e-05,0,1
9051,normal,window_typing_10000.csv,0,1.2376593076623976e-05,0,1
9052,normal,window_typing_10000.csv,0,1.2584219803102314e-05,0,1
9053,normal,window_typing_10000.csv,0,1.3030073205300141e-05,0,1
9054,normal,window_typing_10000.csv,0,1.103644899558276e-05,0,1
9055,normal,window_typing_10000.csv,0,1.10958226287039e-05,0,1
9056,normal,window_typing_10000.csv,0,1.2275899280211888e-05,0,1
9057,normal,window_typing_10000.csv,0,1.1146581528009847e-05,0,1
9058,normal,window_typing_10000.csv,0,1.0286344149790239e-05,0,1
9059,normal,window_typing_10000.csv,0,9.762354238773696e-06,0,1
9060,normal,window_typing_10000.csv,0,1.0351539458497427e-05,0,1
9061,normal,window_typing_10000.csv,0,8.462251571472734e-06,0,1
9062,normal,window_typing_10000.csv,0,8.089152288448531e-06,0,1
9063,normal,window_typing_10000.csv,0,7.178535270213615e-06,0,1
9064,normal,window_typing_10000.csv,0,9.543225132802036e-06,0,1
9065,normal,window_typing_10000.csv,0,9.99399162537884e-06,0,1
9066,normal,window_typing_10000.csv,0,9.94423135125544e-06,0,1
9067,normal,window_typing_10000.csv,0,1.031855026667472e-05,0,1
9068,normal,window_typing_10000.csv,0,9.987636985897552e-06,0,1
9069,normal,window_typing_10000.csv,0,9.004622370412108e-06,0,1
9070,normal,window_typing_10000.csv,0,8.94002823770279e-06,0,1
9071,normal,window_typing_10000.csv,0,8.943499778979458e-06,0,1
9072,normal,window_typing_10000.csv,0,1.072831128112739e-05,0,1
9073,normal,window_typing_10000.csv,0,8.832698767946567e-06,0,1
9074,normal,window_typing_10000.csv,0,8.70939766173251e-06,0,1
9075,normal,window_typing_10000.csv,0,9.526757821731735e-06,0,1
9076,normal,window_typing_10000.csv,0,1.0483521691639908e-05,0,1
9077,normal,window_typing_10000.csv,0,9.748407137522008e-06,0,1
9078,normal,window_typing_10000.csv,0,9.014159331854898e-06,0,1
9079,normal,window_typing_10000.csv,0,8.813261956674978e-06,0,1
9080,normal,window_typing_10000.csv,0,8.830154911265709e-06,0,1
9081,normal,window_typing_10000.csv,0,9.139752364717424e-06,0,1
9082,normal,window_typing_10000.csv,0,9.601530109648593e-06,0,1
9083,normal,window_typing_10000.csv,0,9.058609066414647e-06,0,1
9084,normal,window_typing_10000.csv,0,9.83980226010317e-06,0,1
9085,normal,window_typing_10000.csv,0,9.427745681023225e-06,0,1
9086,normal,window_typing_10000.csv,0,8.921615517465398e-06,0,1
9087,normal,window_typing_10000.csv,0,1.3021898666920606e-05,0,1
9088,normal,window_typing_10000.csv,0,9.296759344579186e-06,0,1
9089,normal,window_typing_10000.csv,0,7.917738003015984e-06,0,1
9090,normal,window_typing_10000.csv,0,8.326451279572211e-06,0,1
9091,normal,window_typing_10000.csv,0,8.03319471742725e-06,0,1
9092,normal,window_typing_10000.csv,0,7.6142641773913056e-06,0,1
9093,normal,window_typing_10000.csv,0,8.157146112353075e-06,0,1
9094,normal,window_typing_10000.csv,0,9.590796253178269e-06,0,1
9095,normal,window_typing_10000.csv,0,8.756243005336728e-06,0,1
9096,normal,window_typing_10000.csv,0,9.46050295169698e-06,0,1
9097,normal,window_typing_10000.csv,0,1.5245872418745421e-05,0,1
9098,normal,window_typing_10000.csv,0,1.9461749616311863e-05,0,1
9099,normal,window_typing_10000.csv,0,1.9502473151078448e-05,0,1
9100,normal,window_typing_10000.csv,0,1.752998650772497e-05,0,1
9101,normal,window_typing_10000.csv,0,1.6468544345116243e-05,0,1
9102,normal,window_typing_10000.csv,0,1.89947422768455e-05,0,1
9103,normal,window_typing_10000.csv,0,1.6191193935810588e-05,0,1
9104,normal,window_typing_10000.csv,0,1.6482810679008253e-05,0,1
9105,normal,window_typing_10000.csv,0,1.6619913367321715e-05,0,1
9106,normal,window_typing_10000.csv,0,1.501944825577084e-05,0,1
9107,normal,window_typing_10000.csv,0,1.4602682313125115e-05,0,1
9108,normal,window_typing_10000.csv,0,1.3279070117278025e-05,0,1
9109,normal,window_typing_10000.csv,0,1.1693326086970046e-05,0,1
9110,normal,window_typing_10000.csv,0,1.1438739420555066e-05,0,1
9111,normal,window_typing_10000.csv,0,1.1746282325475477e-05,0,1
9112,normal,window_typing_10000.csv,0,1.0261056559102144e-05,0,1
9113,normal,window_typing_10000.csv,0,9.99032363324659e-06,0,1
9114,normal,window_typing_10000.csv,0,1.0336633749830071e-05,0,1
9115,normal,window_typing_10000.csv,0,8.928722309065051e-06,0,1
9116,normal,window_typing_10000.csv,0,9.318007869296707e-06,0,1
9117,normal,window_typing_10000.csv,0,8.793675078777596e-06,0,1
9118,normal,window_typing_10000.csv,0,1.118266663979739e-05,0,1
9119,normal,window_typing_10000.csv,0,9.349883839604445e-06,0,1
9120,normal,window_typing_10000.csv,0,9.170861630991567e-06,0,1
9121,normal,window_typing_10000.csv,0,8.14573468232993e-06,0,1
9122,normal,window_typing_10000.csv,0,8.153544513334054e-06,0,1
9123,normal,window_typing_10000.csv,0,7.753489626338705e-06,0,1
9124,normal,window_typing_10000.csv,0,7.75237367633963e-06,0,1
9125,normal,window_typing_10000.csv,0,8.425081432505976e-06,0,1
9126,normal,window_typing_10000.csv,0,8.47373485157732e-06,0,1
9127,normal,window_typing_10000.csv,0,8.646600690553896e-06,0,1
9128,normal,window_typing_10000.csv,0,7.872705282352399e-06,0,1
9129,normal,window_typing_10000.csv,0,8.011810677999165e-06,0,1
9130,normal,window_typing_10000.csv,0,8.278555469587445e-06,0,1
9131,normal,window_typing_10000.csv,0,8.250166501966305e-06,0,1
9132,normal,window_typing_10000.csv,0,1.1420133887440898e-05,0,1
9133,normal,window_typing_10000.csv,0,9.174483238894027e-06,0,1
9134,normal,window_typing_10000.csv,0,9.277237950300332e-06,0,1
9135,normal,window_typing_10000.csv,0,8.218159564421512e-06,0,1
9136,normal,window_typing_10000.csv,0,9.511913958704099e-06,0,1
9137,normal,window_typing_10000.csv,0,8.644720765005331e-06,0,1
9138,normal,window_typing_10000.csv,0,8.679779966769274e-06,0,1
9139,normal,window_typing_10000.csv,0,9.43817212828435e-06,0,1
9140,normal,window_typing_10000.csv,0,9.137906090472825e-06,0,1
9141,normal,window_typing_10000.csv,0,1.145724490925204e-05,0,1
9142,normal,window_typing_10000.csv,0,9.567565030010883e-06,0,1
9143,normal,window_typing_10000.csv,0,9.365036930830684e-06,0,1
9144,normal,window_typing_10000.csv,0,8.571976650273427e-06,0,1
9145,normal,window_typing_10000.csv,0,9.435111678612884e-06,0,1
9146,normal,window_typing_10000.csv,0,9.512838914815802e-06,0,1
9147,normal,window_typing_10000.csv,0,8.746303137741052e-06,0,1
9148,normal,window_typing_10000.csv,0,9.902714737108909e-06,0,1
9149,normal,window_typing_10000.csv,0,9.647477781982161e-06,0,1
9150,normal,window_typing_10000.csv,0,9.634881280362606e-06,0,1
9151,normal,window_typing_10000.csv,0,9.568933819537051e-06,0,1
9152,normal,window_typing_10000.csv,0,9.746994692250155e-06,0,1
9153,normal,window_typing_10000.csv,0,9.169461918645538e-06,0,1
9154,normal,window_typing_10000.csv,0,8.98952112038387e-06,0,1
9155,normal,window_typing_10000.csv,0,8.502431228407659e-06,0,1
9156,normal,window_typing_10000.csv,0,7.349567113124067e-06,0,1
9157,normal,window_typing_10000.csv,0,1.2940588021592703e-05,0,1
9158,normal,window_typing_10000.csv,0,8.473985872115009e-06,0,1
9159,normal,window_typing_10000.csv,0,8.433248694927897e-06,0,1
9160,normal,window_typing_10000.csv,0,8.34974071040051e-06,0,1
9161,normal,window_typing_10000.csv,0,7.514081971748965e-06,0,1
9162,normal,window_typing_10000.csv,0,7.215660389192635e-06,0,1
9163,normal,window_typing_10000.csv,0,7.576099051220808e-06,0,1
9164,normal,window_typing_10000.csv,0,8.619760592409875e-06,0,1
9165,normal,window_typing_10000.csv,0,9.386003512190655e-06,0,1
9166,normal,window_typing_10000.csv,0,8.91936997504672e-06,0,1
9167,normal,window_typing_10000.csv,0,9.744123417476658e-06,0,1
9168,normal,window_typing_10000.csv,0,1.0427972483739723e-05,0,1
9169,normal,window_typing_10000.csv,0,1.1520320185809396e-05,0,1
9170,normal,window_typing_10000.csv,0,1.3394747838901822e-05,0,1
9171,normal,window_typing_10000.csv,0,2.595084697532002e-05,0,1
9172,normal,window_typing_10000.csv,0,2.936856253654696e-05,0,1
9173,normal,window_typing_10000.csv,0,3.868308704113588e-05,0,1
9174,normal,window_typing_10000.csv,0,2.996884359163232e-05,0,1
9175,normal,window_typing_10000.csv,0,2.4169590687961318e-05,0,1
9176,normal,window_typing_10000.csv,0,2.102494181599468e-05,0,1
9177,normal,window_typing_10000.csv,0,1.721935041132383e-05,0,1
9178,normal,window_typing_10000.csv,0,1.5439991329913028e-05,0,1
9179,normal,window_typing_10000.csv,0,1.733595854602754e-05,0,1
9180,normal,window_typing_10000.csv,0,1.7332122297375463e-05,0,1
9181,normal,window_typing_10000.csv,0,1.706424700387288e-05,0,1
9182,normal,window_typing_10000.csv,0,1.6072030120994896e-05,0,1
9183,normal,window_typing_10000.csv,0,1.4527066014125012e-05,0,1
9184,normal,window_typing_10000.csv,0,1.3420295545074623e-05,0,1
9185,normal,window_typing_10000.csv,0,1.2054363651259337e-05,0,1
9186,normal,window_typing_10000.csv,0,1.1567052752070595e-05,0,1
9187,normal,window_typing_10000.csv,0,1.1042639926017728e-05,0,1
9188,normal,window_typing_10000.csv,0,1.0570017366262618e-05,0,1
9189,normal,window_typing_10000.csv,0,9.285213309340179e-06,0,1
9190,normal,window_typing_10000.csv,0,8.877270374796353e-06,0,1
9191,normal,window_typing_10000.csv,0,9.790537660592236e-06,0,1
9192,normal,window_typing_10000.csv,0,1.0771092092909385e-05,0,1
9193,normal,window_typing_10000.csv,0,1.077913839253597e-05,0,1
9194,normal,window_typing_10000.csv,0,9.767745723365806e-06,0,1
9195,normal,window_typing_10000.csv,0,1.0790657142933924e-05,0,1
9196,normal,window_typing_10000.csv,0,1.7071457477868535e-05,0,1
9197,normal,window_typing_10000.csv,0,1.8776046999846585e-05,0,1
9198,normal,window_typing_10000.csv,0,1.7549287804285996e-05,0,1
9199,normal,window_typing_10000.csv,0,1.653686376812402e-05,0,1
9200,normal,window_typing_10000.csv,0,1.4630728401243687e-05,0,1
9201,normal,window_typing_10000.csv,0,1.3405201571004e-05,0,1
9202,normal,window_typing_10000.csv,0,1.2588997378770728e-05,0,1
9203,normal,window_typing_10000.csv,0,1.4987082977313548e-05,0,1
9204,normal,window_typing_10000.csv,0,1.5785541108925827e-05,0,1
9205,normal,window_typing_10000.csv,0,1.3585247870651074e-05,0,1
9206,normal,window_typing_10000.csv,0,1.5421066564158536e-05,0,1
9207,normal,window_typing_10000.csv,0,1.3040290468779858e-05,0,1
9208,normal,window_typing_10000.csv,0,1.159133535111323e-05,0,1
9209,normal,window_typing_10000.csv,0,1.121401055570459e-05,0,1
9210,normal,window_typing_10000.csv,0,1.068047549779294e-05,0,1
9211,normal,window_typing_10000.csv,0,9.899126780510414e-06,0,1
9212,normal,window_typing_10000.csv,0,1.034474917105399e-05,0,1
9213,normal,window_typing_10000.csv,0,8.980181519291364e-06,0,1
9214,normal,window_typing_10000.csv,0,8.2342103269184e-06,0,1
9215,normal,window_typing_10000.csv,0,8.758005606068764e-06,0,1
9216,normal,window_typing_10000.csv,0,8.518143658875488e-06,0,1
9217,normal,window_typing_10000.csv,0,8.182561032299418e-06,0,1
9218,normal,window_typing_10000.csv,0,8.34803722682409e-06,0,1
9219,normal,window_typing_10000.csv,0,7.321305020013824e-06,0,1
9220,normal,window_typing_10000.csv,0,6.8143581302138045e-06,0,1
9221,normal,window_typing_10000.csv,0,7.043860932753887e-06,0,1
9222,normal,window_typing_10000.csv,0,7.313503374462016e-06,0,1
9223,normal,window_typing_10000.csv,0,7.635431757080369e-06,0,1
9224,normal,window_typing_10000.csv,0,8.184606485883705e-06,0,1
9225,normal,window_typing_10000.csv,0,8.930995136324782e-06,0,1
9226,normal,window_typing_10000.csv,0,9.707301614980679e-06,0,1
9227,normal,window_typing_10000.csv,0,1.1364540114300326e-05,0,1
9228,normal,window_typing_10000.csv,0,2.1464855308295228e-05,0,1
9229,normal,window_typing_10000.csv,0,2.416281495243311e-05,0,1
9230,normal,window_typing_10000.csv,0,2.551738180045504e-05,0,1
9231,normal,window_typing_10000.csv,0,2.553157537477091e-05,0,1
9232,normal,window_typing_10000.csv,0,2.2747371986042708e-05,0,1
9233,normal,window_typing_10000.csv,0,2.400587618467398e-05,0,1
9234,normal,window_typing_10000.csv,0,2.491908526280895e-05,0,1
9235,normal,window_typing_10000.csv,0,2.0504445274127647e-05,0,1
9236,normal,window_typing_10000.csv,0,2.053062416962348e-05,0,1
9237,normal,window_typing_10000.csv,0,1.66128775163088e-05,0,1
9238,normal,window_typing_10000.csv,0,1.5094849004526623e-05,0,1
9239,normal,window_typing_10000.csv,0,1.413867994415341e-05,0,1
9240,normal,window_typing_10000.csv,0,1.3391082575253677e-05,0,1
9241,normal,window_typing_10000.csv,0,1.2369559954095166e-05,0,1
9242,normal,window_typing_10000.csv,0,1.195002278109314e-05,0,1
9243,normal,window_typing_10000.csv,0,1.0903680959017947e-05,0,1
9244,normal,window_typing_10000.csv,0,1.0675963494577445e-05,0,1
9245,normal,window_typing_10000.csv,0,9.48403339862125e-06,0,1
9246,normal,window_typing_10000.csv,0,9.571152077114675e-06,0,1
9247,normal,window_typing_10000.csv,0,8.220134986913763e-06,0,1
9248,normal,window_typing_10000.csv,0,1.383210747007979e-05,0,1
9249,normal,window_typing_10000.csv,0,9.157752174360212e-06,0,1
9250,normal,window_typing_10000.csv,0,8.442373655270785e-06,0,1
9251,normal,window_typing_10000.csv,0,8.450396308035124e-06,0,1
9252,normal,window_typing_10000.csv,0,7.1072149694373365e-06,0,1
9253,normal,window_typing_10000.csv,0,6.812798346800264e-06,0,1
9254,normal,window_typing_10000.csv,0,6.7886521719628945e-06,0,1
9255,normal,window_typing_10000.csv,0,7.325991191464709e-06,0,1
9256,normal,window_typing_10000.csv,0,7.898619514890015e-06,0,1
9257,normal,window_typing_10000.csv,0,9.460755791224074e-06,0,1
9258,normal,window_typing_10000.csv,0,9.601284546079114e-06,0,1
9259,normal,window_typing_10000.csv,0,9.229575880453922e-06,0,1
9260,normal,window_typing_10000.csv,0,8.636710845166817e-06,0,1
9261,normal,window_typing_10000.csv,0,8.48601121106185e-06,0,1
9262,normal,window_typing_10000.csv,0,1.0163064871449023e-05,0,1
9263,normal,window_typing_10000.csv,0,1.0123847459908575e-05,0,1
9264,normal,window_typing_10000.csv,0,1.0262103387503885e-05,0,1
9265,normal,window_typing_10000.csv,0,9.520082130620722e-06,0,1
9266,normal,window_typing_10000.csv,0,9.700452210381627e-06,0,1
9267,normal,window_typing_10000.csv,0,1.104941293306183e-05,0,1
9268,normal,window_typing_10000.csv,0,1.0757264135463629e-05,0,1
9269,normal,window_typing_10000.csv,0,9.437370863452088e-06,0,1
9270,normal,window_typing_10000.csv,0,9.240144208888523e-06,0,1
9271,normal,window_typing_10000.csv,0,9.050129847310018e-06,0,1
9272,normal,window_typing_10000.csv,0,9.071680324268527e-06,0,1
9273,normal,window_typing_10000.csv,0,9.900675649987534e-06,0,1
9274,normal,window_typing_10000.csv,0,9.967217920348048e-06,0,1
9275,normal,window_typing_10000.csv,0,1.1105710655101575e-05,0,1
9276,normal,window_typing_10000.csv,0,1.3166249118512496e-05,0,1
9277,normal,window_typing_10000.csv,0,1.7881253370433114e-05,0,1
9278,normal,window_typing_10000.csv,0,1.4147798538033385e-05,0,1
9279,normal,window_typing_10000.csv,0,1.4137088328425307e-05,0,1
9280,normal,window_typing_10000.csv,0,1.1904853636224288e-05,0,1
9281,normal,window_typing_10000.csv,0,1.323701781075215e-05,0,1
9282,normal,window_typing_10000.csv,0,1.1266675755905453e-05,0,1
9283,normal,window_typing_10000.csv,0,1.3004239008296281e-05,0,1
9284,normal,window_typing_10000.csv,0,1.161901673185639e-05,0,1
9285,normal,window_typing_10000.csv,0,2.0052268155268393e-05,0,1
9286,normal,window_typing_10000.csv,0,1.6429577954113483e-05,0,1
9287,normal,window_typing_10000.csv,0,1.4161201761453412e-05,0,1
9288,normal,window_typing_10000.csv,0,1.4551983440469485e-05,0,1
9289,normal,window_typing_10000.csv,0,1.2142523701186292e-05,0,1
9290,normal,window_typing_10000.csv,0,1.1579149031604175e-05,0,1
9291,normal,window_typing_10000.csv,0,1.1515037840581499e-05,0,1
9292,normal,window_typing_10000.csv,0,1.1330138477205765e-05,0,1
9293,normal,window_typing_10000.csv,0,1.01492532849079e-05,0,1
9294,normal,window_typing_10000.csv,0,1.0711442882893607e-05,0,1
9295,normal,window_typing_10000.csv,0,1.0593469596642535e-05,0,1
9296,normal,window_typing_10000.csv,0,1.2316202628426254e-05,0,1
9297,normal,window_typing_10000.csv,0,1.2845677701989189e-05,0,1
9298,normal,window_typing_10000.csv,0,1.4652790923719294e-05,0,1
9299,normal,window_typing_10000.csv,0,1.5468465790036134e-05,0,1
9300,normal,window_typing_10000.csv,0,1.462029558751965e-05,0,1
9301,normal,window_typing_10000.csv,0,1.4713169548485894e-05,0,1
9302,normal,window_typing_10000.csv,0,1.6563504686928354e-05,0,1
9303,normal,window_typing_10000.csv,0,1.65278761414811e-05,0,1
9304,normal,window_typing_10000.csv,0,1.5645442545064725e-05,0,1
9305,normal,window_typing_10000.csv,0,1.65508572536055e-05,0,1
9306,normal,window_typing_10000.csv,0,1.5147223166422918e-05,0,1
9307,normal,window_typing_10000.csv,0,1.733372664602939e-05,0,1
9308,normal,window_typing_10000.csv,0,1.6475409211125225e-05,0,1
9309,normal,window_typing_10000.csv,0,1.3730528735322878e-05,0,1
9310,normal,window_typing_10000.csv,0,1.2652560144488234e-05,0,1
9311,normal,window_typing_10000.csv,0,1.3092925655655563e-05,0,1
9312,normal,window_typing_10000.csv,0,1.1540410014276858e-05,0,1
9313,normal,window_typing_10000.csv,0,1.1273779819021001e-05,0,1
9314,normal,window_typing_10000.csv,0,1.1359999916749075e-05,0,1
9315,normal,window_typing_10000.csv,0,9.629618944018148e-06,0,1
9316,normal,window_typing_10000.csv,0,9.301662430516444e-06,0,1
9317,normal,window_typing_10000.csv,0,9.44029579841299e-06,0,1
9318,normal,window_typing_10000.csv,0,9.22244907997083e-06,0,1
9319,normal,window_typing_10000.csv,0,9.887068699754309e-06,0,1
9320,normal,window_typing_10000.csv,0,9.176636012853123e-06,0,1
9321,normal,window_typing_10000.csv,0,9.030515684571583e-06,0,1
9322,normal,window_typing_10000.csv,0,7.75161970523186e-06,0,1
9323,normal,window_typing_10000.csv,0,8.422936843999196e-06,0,1
9324,normal,window_typing_10000.csv,0,8.160740435414482e-06,0,1
9325,normal,window_typing_10000.csv,0,9.052149835042655e-06,0,1
9326,normal,window_typing_10000.csv,0,9.564600077283103e-06,0,1
9327,normal,window_typing_10000.csv,0,8.552567123842891e-06,0,1
9328,normal,window_typing_10000.csv,0,8.579033419664484e-06,0,1
9329,normal,window_typing_10000.csv,0,9.709568985272199e-06,0,1
9330,normal,window_typing_10000.csv,0,8.992042239697184e-06,0,1
9331,normal,window_typing_10000.csv,0,9.187239811581094e-06,0,1
9332,normal,window_typing_10000.csv,0,9.676982699602377e-06,0,1
9333,normal,window_typing_10000.csv,0,8.884561793820467e-06,0,1
9334,normal,window_typing_10000.csv,0,8.881927897164132e-06,0,1
9335,normal,window_typing_10000.csv,0,8.219436494982801e-06,0,1
9336,normal,window_typing_10000.csv,0,8.735633855394553e-06,0,1
9337,normal,window_typing_10000.csv,0,1.2326507203397341e-05,0,1
9338,normal,window_typing_10000.csv,0,1.0876357009692583e-05,0,1
9339,normal,window_typing_10000.csv,0,8.108863767120056e-06,0,1
9340,normal,window_typing_10000.csv,0,9.713885447126813e-06,0,1
9341,normal,window_typing_10000.csv,0,8.55904545460362e-06,0,1
9342,normal,window_typing_10000.csv,0,8.696632903593127e-06,0,1
9343,normal,window_typing_10000.csv,0,9.127331395575311e-06,0,1
9344,normal,window_typing_10000.csv,0,9.306791071139742e-06,0,1
9345,normal,window_typing_10000.csv,0,7.847803317417856e-06,0,1
9346,normal,window_typing_10000.csv,0,1.3807817595079541e-05,0,1
9347,normal,window_typing_10000.csv,0,9.279503501602449e-06,0,1
9348,normal,window_typing_10000.csv,0,8.927445378503762e-06,0,1
9349,normal,window_typing_10000.csv,0,8.297581189253833e-06,0,1
9350,normal,window_typing_10000.csv,0,8.316038474731613e-06,0,1
9351,normal,window_typing_10000.csv,0,9.428518751519732e-06,0,1
9352,normal,window_typing_10000.csv,0,1.7810623830882832e-05,0,1
9353,normal,window_typing_10000.csv,0,1.714072459435556e-05,0,1
9354,normal,window_typing_10000.csv,0,1.3239188774605282e-05,0,1
9355,normal,window_typing_10000.csv,0,1.2717496247205418e-05,0,1
9356,normal,window_typing_10000.csv,0,1.4617799024563283e-05,0,1
9357,normal,window_typing_10000.csv,0,1.4859099792374764e-05,0,1
9358,normal,window_typing_10000.csv,0,1.3381469216255937e-05,0,1
9359,normal,window_typing_10000.csv,0,1.4738912796019576e-05,0,1
9360,normal,window_typing_10000.csv,0,1.2760502613673452e-05,0,1
9361,normal,window_typing_10000.csv,0,1.378154684061883e-05,0,1
9362,normal,window_typing_10000.csv,0,1.1841805644507986e-05,0,1
9363,normal,window_typing_10000.csv,0,1.202930616273079e-05,0,1
9364,normal,window_typing_10000.csv,0,1.1493895726744086e-05,0,1
9365,normal,window_typing_10000.csv,0,1.0835163266165182e-05,0,1
9366,normal,window_typing_10000.csv,0,1.1339586308167782e-05,0,1
9367,normal,window_typing_10000.csv,0,1.0935150385193992e-05,0,1
9368,normal,window_typing_10000.csv,0,9.823496839089785e-06,0,1
9369,normal,window_typing_10000.csv,0,9.492521712672897e-06,0,1
9370,normal,window_typing_10000.csv,0,1.0315156032447703e-05,0,1
9371,normal,window_typing_10000.csv,0,1.0655824553396087e-05,0,1
9372,normal,window_typing_10000.csv,0,1.0378216757089831e-05,0,1
9373,normal,window_typing_10000.csv,0,1.1938255738641601e-05,0,1
9374,normal,window_typing_10000.csv,0,1.3129123544786125e-05,0,1
9375,normal,window_typing_10000.csv,0,1.2675107427639887e-05,0,1
9376,normal,window_typing_10000.csv,0,1.2181983947812114e-05,0,1
9377,normal,window_typing_10000.csv,0,1.2191361747682095e-05,0,1
9378,normal,window_typing_10000.csv,0,1.2035077816108242e-05,0,1
9379,normal,window_typing_10000.csv,0,1.202131352329161e-05,0,1
9380,normal,window_typing_10000.csv,0,1.3013953321205918e-05,0,1
9381,normal,window_typing_10000.csv,0,1.1712500054272823e-05,0,1
9382,normal,window_typing_10000.csv,0,1.0880640729737934e-05,0,1
9383,normal,window_typing_10000.csv,0,1.1161974725837354e-05,0,1
9384,normal,window_typing_10000.csv,0,1.264946968149161e-05,0,1
9385,normal,window_typing_10000.csv,0,1.2695236364379525e-05,0,1
9386,normal,window_typing_10000.csv,0,1.484101539972471e-05,0,1
9387,normal,window_typing_10000.csv,0,1.5086415260157082e-05,0,1
9388,normal,window_typing_10000.csv,0,1.3324724932317622e-05,0,1
9389,normal,window_typing_10000.csv,0,1.2027413504256401e-05,0,1
9390,normal,window_typing_10000.csv,0,1.5659339624107815e-05,0,1
9391,normal,window_typing_10000.csv,0,1.8574104615254328e-05,0,1
9392,normal,window_typing_10000.csv,0,1.6665511793689802e-05,0,1
9393,normal,window_typing_10000.csv,0,1.556758797960356e-05,0,1
9394,normal,window_typing_10000.csv,0,1.4450517483055592e-05,0,1
9395,normal,window_typing_10000.csv,0,1.653046092542354e-05,0,1
9396,normal,window_typing_10000.csv,0,1.4181433471094351e-05,0,1
9397,normal,window_typing_10000.csv,0,2.2551144866156392e-05,0,1
9398,normal,window_typing_10000.csv,0,1.6016518202377483e-05,0,1
9399,normal,window_typing_10000.csv,0,1.2153263014624827e-05,0,1
9400,normal,window_typing_10000.csv,0,1.1468417142168619e-05,0,1
9401,normal,window_typing_10000.csv,0,1.0547994861553889e-05,0,1
9402,normal,window_typing_10000.csv,0,1.0146814020117745e-05,0,1
9403,normal,window_typing_10000.csv,0,1.0400322025816422e-05,0,1
9404,normal,window_typing_10000.csv,0,1.095547395379981e-05,0,1
9405,normal,window_typing_10000.csv,0,1.1389907740522176e-05,0,1
9406,normal,window_typing_10000.csv,0,9.857158147497103e-06,0,1
9407,normal,window_typing_10000.csv,0,1.0537919479247648e-05,0,1
9408,normal,window_typing_10000.csv,0,9.133487765211612e-06,0,1
9409,normal,window_typing_10000.csv,0,9.208264600601979e-06,0,1
9410,normal,window_typing_10000.csv,0,9.10862763703335e-06,0,1
9411,normal,window_typing_10000.csv,0,8.796686415735167e-06,0,1
9412,normal,window_typing_10000.csv,0,8.275217624031939e-06,0,1
9413,normal,window_typing_10000.csv,0,8.200974662031513e-06,0,1
9414,normal,window_typing_10000.csv,0,7.410608304780908e-06,0,1
9415,normal,window_typing_10000.csv,0,8.680524842930026e-06,0,1
9416,normal,window_typing_10000.csv,0,7.0648106884618755e-06,0,1
9417,normal,window_typing_10000.csv,0,7.374758752121124e-06,0,1
9418,normal,window_typing_10000.csv,0,6.822407158324495e-06,0,1
9419,normal,window_typing_10000.csv,0,8.596633961133193e-06,0,1
9420,normal,window_typing_10000.csv,0,9.961639079847373e-06,0,1
9421,normal,window_typing_10000.csv,0,1.001083819573978e-05,0,1
9422,normal,window_typing_10000.csv,0,9.887105989037082e-06,0,1
9423,normal,window_typing_10000.csv,0,1.083052484318614e-05,0,1
9424,normal,window_typing_10000.csv,0,1.530589179310482e-05,0,1
9425,normal,window_typing_10000.csv,0,1.8510660083848052e-05,0,1
9426,normal,window_typing_10000.csv,0,1.87205496331444e-05,0,1
9427,normal,window_typing_10000.csv,0,1.896435242088046e-05,0,1
9428,normal,window_typing_10000.csv,0,1.855578193499241e-05,0,1
9429,normal,window_typing_10000.csv,0,1.7073232811526395e-05,0,1
9430,normal,window_typing_10000.csv,0,1.8336333596380427e-05,0,1
9431,normal,window_typing_10000.csv,0,1.5888605048530735e-05,0,1
9432,normal,window_typing_10000.csv,0,1.517776217951905e-05,0,1
9433,normal,window_typing_10000.csv,0,1.4129514056548942e-05,0,1
9434,normal,window_typing_10000.csv,0,1.267936204385478e-05,0,1
9435,normal,window_typing_10000.csv,0,1.291966145799961e-05,0,1
9436,normal,window_typing_10000.csv,0,1.1324435035930946e-05,0,1
9437,normal,window_typing_10000.csv,0,1.0275990462105256e-05,0,1
9438,normal,window_typing_10000.csv,0,9.975786269933451e-06,0,1
9439,normal,window_typing_10000.csv,0,9.40597692533629e-06,0,1
9440,normal,window_typing_10000.csv,0,1.0017073691415135e-05,0,1
9441,normal,window_typing_10000.csv,0,9.242039595847018e-06,0,1
9442,normal,window_typing_10000.csv,0,1.0038102118414827e-05,0,1
9443,normal,window_typing_10000.csv,0,8.798087037575897e-06,0,1
9444,normal,window_typing_10000.csv,0,8.351309588761069e-06,0,1
9445,normal,window_typing_10000.csv,0,9.268094800063409e-06,0,1
9446,normal,window_typing_10000.csv,0,7.871075467846822e-06,0,1
9447,normal,window_typing_10000.csv,0,7.603815447509987e-06,0,1
9448,normal,window_typing_10000.csv,0,7.763056601106655e-06,0,1
9449,normal,window_typing_10000.csv,0,7.605910923302872e-06,0,1
9450,normal,window_typing_10000.csv,0,7.800802450219635e-06,0,1
9451,normal,window_typing_10000.csv,0,7.490342795790639e-06,0,1
9452,normal,window_typing_10000.csv,0,9.518411388853565e-06,0,1
9453,normal,window_typing_10000.csv,0,1.1078683201048989e-05,0,1
9454,normal,window_typing_10000.csv,0,1.0516085239942186e-05,0,1
9455,normal,window_typing_10000.csv,0,1.069632617145544e-05,0,1
9456,normal,window_typing_10000.csv,0,1.0156766620639246e-05,0,1
9457,normal,window_typing_10000.csv,0,1.1815782272606157e-05,0,1
9458,normal,window_typing_10000.csv,0,1.4203928913048003e-05,0,1
9459,normal,window_typing_10000.csv,0,1.2741181308228988e-05,0,1
9460,normal,window_typing_10000.csv,0,1.3665382539329585e-05,0,1
9461,normal,window_typing_10000.csv,0,1.5101169083209243e-05,0,1
9462,normal,window_typing_10000.csv,0,1.3476006643031724e-05,0,1
9463,normal,window_typing_10000.csv,0,1.221348429680802e-05,0,1
9464,normal,window_typing_10000.csv,0,1.2492601854319219e-05,0,1
9465,normal,window_typing_10000.csv,0,1.2574658285302576e-05,0,1
9466,normal,window_typing_10000.csv,0,1.1607718988670968e-05,0,1
9467,normal,window_typing_10000.csv,0,1.0848511010408401e-05,0,1
9468,normal,window_typing_10000.csv,0,1.0142277460545301e-05,0,1
9469,normal,window_typing_10000.csv,0,9.913382200466003e-06,0,1
9470,normal,window_typing_10000.csv,0,9.839885933615733e-06,0,1
9471,normal,window_typing_10000.csv,0,1.046880515787052e-05,0,1
9472,normal,window_typing_10000.csv,0,1.2975041499885265e-05,0,1
9473,normal,window_typing_10000.csv,0,1.021700882120058e-05,0,1
9474,normal,window_typing_10000.csv,0,9.599279110261705e-06,0,1
9475,normal,window_typing_10000.csv,0,9.368020073452499e-06,0,1
9476,normal,window_typing_10000.csv,0,1.0278440640831832e-05,0,1
9477,normal,window_typing_10000.csv,0,8.69334144226741e-06,0,1
9478,normal,window_typing_10000.csv,0,9.17596207727911e-06,0,1
9479,normal,window_typing_10000.csv,0,1.0165342246182263e-05,0,1
9480,normal,window_typing_10000.csv,0,1.2359960237517953e-05,0,1
9481,normal,window_typing_10000.csv,0,1.2318927474552765e-05,0,1
9482,normal,window_typing_10000.csv,0,1.1967506907240022e-05,0,1
9483,normal,window_typing_10000.csv,0,1.3120624316798057e-05,0,1
9484,normal,window_typing_10000.csv,0,1.2441193575796206e-05,0,1
9485,normal,window_typing_10000.csv,0,1.2443731975508854e-05,0,1
9486,normal,window_typing_10000.csv,0,1.12070392788155e-05,0,1
9487,normal,window_typing_10000.csv,0,1.056427299772622e-05,0,1
9488,normal,window_typing_10000.csv,0,1.0665085937944241e-05,0,1
9489,normal,window_typing_10000.csv,0,9.997653251048177e-06,0,1
9490,normal,window_typing_10000.csv,0,1.257485018868465e-05,0,1
9491,normal,window_typing_10000.csv,0,1.2106402209610678e-05,0,1
9492,normal,window_typing_10000.csv,0,1.0466289495525416e-05,0,1
9493,normal,window_typing_10000.csv,0,1.1356403774698265e-05,0,1
9494,normal,window_typing_10000.csv,0,1.6124533431138843e-05,0,1
9495,normal,window_typing_10000.csv,0,1.6843392586451955e-05,0,1
9496,normal,window_typing_10000.csv,0,1.6488880646647885e-05,0,1
9497,normal,window_typing_10000.csv,0,1.6686757589923218e-05,0,1
9498,normal,window_typing_10000.csv,0,1.4967813513067085e-05,0,1
9499,normal,window_typing_10000.csv,0,1.5475679902010597e-05,0,1
9500,normal,window_typing_10000.csv,0,1.290680665988475e-05,0,1
9501,normal,window_typing_10000.csv,0,1.2661141226999462e-05,0,1
9502,normal,window_typing_10000.csv,0,1.3715688510274049e-05,0,1
9503,normal,window_typing_10000.csv,0,1.331626481260173e-05,0,1
9504,normal,window_typing_10000.csv,0,1.3462480637826957e-05,0,1
9505,normal,window_typing_10000.csv,0,1.2011802027700469e-05,0,1
9506,normal,window_typing_10000.csv,0,1.048155263561057e-05,0,1
9507,normal,window_typing_10000.csv,0,1.0731514521467034e-05,0,1
9508,normal,window_typing_10000.csv,0,9.792638593353331e-06,0,1
9509,normal,window_typing_10000.csv,0,9.573872375767678e-06,0,1
9510,normal,window_typing_10000.csv,0,1.0540070434217341e-05,0,1
9511,normal,window_typing_10000.csv,0,9.27204564504791e-06,0,1
9512,normal,window_typing_10000.csv,0,1.1319802069920115e-05,0,1
9513,normal,window_typing_10000.csv,0,8.968798283603974e-06,0,1
9514,normal,window_typing_10000.csv,0,8.844112016959116e-06,0,1
9515,normal,window_typing_10000.csv,0,7.77535569795873e-06,0,1
9516,normal,window_typing_10000.csv,0,7.934897439554334e-06,0,1
9517,normal,window_typing_10000.csv,0,7.28064333088696e-06,0,1
9518,normal,window_typing_10000.csv,0,7.20371008355869e-06,0,1
9519,normal,window_typing_10000.csv,0,7.408495548588689e-06,0,1
9520,normal,window_typing_10000.csv,0,7.487728908017743e-06,0,1
9521,normal,window_typing_10000.csv,0,7.223592092486797e-06,0,1
9522,normal,window_typing_10000.csv,0,7.323895715671824e-06,0,1
9523,normal,window_typing_10000.csv,0,8.285593139589764e-06,0,1
9524,normal,window_typing_10000.csv,0,7.332477707677754e-06,0,1
9525,normal,window_typing_10000.csv,0,7.677167559450027e-06,0,1
9526,normal,window_typing_10000.csv,0,7.318812549783615e-06,0,1
9527,normal,window_typing_10000.csv,0,7.213589015009347e-06,0,1
9528,normal,window_typing_10000.csv,0,7.506325800932245e-06,0,1
9529,normal,window_typing_10000.csv,0,7.867369276937097e-06,0,1
9530,normal,window_typing_10000.csv,0,7.868869033700321e-06,0,1
9531,normal,window_typing_10000.csv,0,8.072483979049139e-06,0,1
9532,normal,window_typing_10000.csv,0,7.340047886827961e-06,0,1
9533,normal,window_typing_10000.csv,0,7.735284270893317e-06,0,1
9534,normal,window_typing_10000.csv,0,7.4479116847214755e-06,0,1
9535,normal,window_typing_10000.csv,0,7.414581887132954e-06,0,1
9536,normal,window_typing_10000.csv,0,7.663481483177748e-06,0,1
9537,normal,window_typing_10000.csv,0,8.180618351616431e-06,0,1
9538,normal,window_typing_10000.csv,0,8.24791732156882e-06,0,1
9539,normal,window_typing_10000.csv,0,9.332975423603784e-06,0,1
9540,normal,window_typing_10000.csv,0,9.959017006622162e-06,0,1
9541,normal,window_typing_10000.csv,0,9.598720680514816e-06,0,1
9542,normal,window_typing_10000.csv,0,9.326409781351686e-06,0,1
9543,normal,window_typing_10000.csv,0,8.728879038244486e-06,0,1
9544,normal,window_typing_10000.csv,0,1.0763934369606432e-05,0,1
9545,normal,window_typing_10000.csv,0,1.132200486608781e-05,0,1
9546,normal,window_typing_10000.csv,0,1.1009475201717578e-05,0,1
9547,normal,window_typing_10000.csv,0,1.3231489901954774e-05,0,1
9548,normal,window_typing_10000.csv,0,1.2129145034123212e-05,0,1
9549,normal,window_typing_10000.csv,0,1.1272241863480303e-05,0,1
9550,normal,window_typing_10000.csv,0,1.1899927812919486e-05,0,1
9551,normal,window_typing_10000.csv,0,1.3304839740158059e-05,0,1
9552,normal,window_typing_10000.csv,0,1.124578557210043e-05,0,1
9553,normal,window_typing_10000.csv,0,1.0876492524403147e-05,0,1
9554,normal,window_typing_10000.csv,0,1.1100268238806166e-05,0,1
9555,normal,window_typing_10000.csv,0,1.0566752280283254e-05,0,1
9556,normal,window_typing_10000.csv,0,1.0052904144686181e-05,0,1
9557,normal,window_typing_10000.csv,0,1.0794136869662907e-05,0,1
9558,normal,window_typing_10000.csv,0,1.1736662600014824e-05,0,1
9559,normal,window_typing_10000.csv,0,1.1828251444967464e-05,0,1
9560,normal,window_typing_10000.csv,0,1.2448456800484564e-05,0,1
9561,normal,window_typing_10000.csv,0,1.3622169717564248e-05,0,1
9562,normal,window_typing_10000.csv,0,1.3648671483679209e-05,0,1
9563,normal,window_typing_10000.csv,0,1.3069437045487575e-05,0,1
9564,normal,window_typing_10000.csv,0,1.3486087482306175e-05,0,1
9565,normal,window_typing_10000.csv,0,1.3349133041629102e-05,0,1
9566,normal,window_typing_10000.csv,0,1.1973932487308048e-05,0,1
9567,normal,window_typing_10000.csv,0,1.1333067050145473e-05,0,1
9568,normal,window_typing_10000.csv,0,1.1420916962379124e-05,0,1
9569,normal,window_typing_10000.csv,0,1.0541972187638748e-05,0,1
9570,normal,window_typing_10000.csv,0,1.433512443327345e-05,0,1
9571,normal,window_typing_10000.csv,0,1.491375678597251e-05,0,1
9572,normal,window_typing_10000.csv,0,1.2384019100863952e-05,0,1
9573,normal,window_typing_10000.csv,0,1.1525717127369717e-05,0,1
9574,normal,window_typing_10000.csv,0,1.17761501314817e-05,0,1
9575,normal,window_typing_10000.csv,0,1.0522495358600281e-05,0,1
9576,normal,window_typing_10000.csv,0,1.0509708772588056e-05,0,1
9577,normal,window_typing_10000.csv,0,9.810015399125405e-06,0,1
9578,normal,window_typing_10000.csv,0,1.0551838386163581e-05,0,1
9579,normal,window_typing_10000.csv,0,9.767802112037316e-06,0,1
9580,normal,window_typing_10000.csv,0,1.0686781934055034e-05,0,1
9581,normal,window_typing_10000.csv,0,9.31257181946421e-06,0,1
9582,normal,window_typing_10000.csv,0,1.1452470971562434e-05,0,1
9583,normal,window_typing_10000.csv,0,1.0718586963776033e-05,0,1
9584,normal,window_typing_10000.csv,0,9.764159585756715e-06,0,1
9585,normal,window_typing_10000.csv,0,9.568139830662403e-06,0,1
9586,normal,window_typing_10000.csv,0,1.0056087376142386e-05,0,1
9587,normal,window_typing_10000.csv,0,1.377696025883779e-05,0,1
9588,normal,window_typing_10000.csv,0,1.5119067029445432e-05,0,1
9589,normal,window_typing_10000.csv,0,1.50171708810376e-05,0,1
9590,normal,window_typing_10000.csv,0,1.4158744306769222e-05,0,1
9591,normal,window_typing_10000.csv,0,1.3567264431912918e-05,0,1
9592,normal,window_typing_10000.csv,0,1.2757923286699224e-05,0,1
9593,normal,window_typing_10000.csv,0,1.4199350516719278e-05,0,1
9594,normal,window_typing_10000.csv,0,1.4939761967980303e-05,0,1
9595,normal,window_typing_10000.csv,0,1.388393957313383e-05,0,1
9596,normal,window_typing_10000.csv,0,1.2391094969643746e-05,0,1
9597,normal,window_typing_10000.csv,0,1.4278530215960927e-05,0,1
9598,normal,window_typing_10000.csv,0,1.3294858945300803e-05,0,1
9599,normal,window_typing_10000.csv,0,1.4114942132437136e-05,0,1
9600,normal,window_typing_10000.csv,0,1.2390883057378232e-05,0,1
9601,normal,window_typing_10000.csv,0,1.2831977073801681e-05,0,1
9602,normal,window_typing_10000.csv,0,1.0638187632139307e-05,0,1
9603,normal,window_typing_10000.csv,0,1.0282637049385812e-05,0,1
9604,normal,window_typing_10000.csv,0,9.123972631641664e-06,0,1
9605,normal,window_typing_10000.csv,0,9.599095392331947e-06,0,1
9606,normal,window_typing_10000.csv,0,9.63403726927936e-06,0,1
9607,normal,window_typing_10000.csv,0,8.91735362529289e-06,0,1
9608,normal,window_typing_10000.csv,0,8.25472397991689e-06,0,1
9609,normal,window_typing_10000.csv,0,7.828756679373328e-06,0,1
9610,normal,window_typing_10000.csv,0,8.030115168367047e-06,0,1
9611,normal,window_typing_10000.csv,0,7.724182069068775e-06,0,1
9612,normal,window_typing_10000.csv,0,9.149250217888039e-06,0,1
9613,normal,window_typing_10000.csv,0,8.101265848381445e-06,0,1
9614,normal,window_typing_10000.csv,0,7.92849823483266e-06,0,1
9615,normal,window_typing_10000.csv,0,7.667363206564914e-06,0,1
9616,normal,window_typing_10000.csv,0,7.351565272983862e-06,0,1
9617,normal,window_typing_10000.csv,0,7.4108702392550185e-06,0,1
9618,normal,window_typing_10000.csv,0,7.354117315117037e-06,0,1
9619,normal,window_typing_10000.csv,0,7.153481874411227e-06,0,1
9620,normal,window_typing_10000.csv,0,7.422080670949072e-06,0,1
9621,normal,window_typing_10000.csv,0,8.649445589981042e-06,0,1
9622,normal,window_typing_10000.csv,0,8.750291272008326e-06,0,1
9623,normal,window_typing_10000.csv,0,1.128630083258031e-05,0,1
9624,normal,window_typing_10000.csv,0,1.622159470571205e-05,0,1
9625,normal,window_typing_10000.csv,0,1.0896373169089202e-05,0,1
9626,normal,window_typing_10000.csv,0,9.143126590061001e-06,0,1
9627,normal,window_typing_10000.csv,0,8.317704669025261e-06,0,1
9628,normal,window_typing_10000.csv,0,7.90924059401732e-06,0,1
9629,normal,window_typing_10000.csv,0,9.265559128834866e-06,0,1
9630,normal,window_typing_10000.csv,0,1.1625034858298022e-05,0,1
9631,normal,window_typing_10000.csv,0,1.3321548976819031e-05,0,1
9632,normal,window_typing_10000.csv,0,1.4088691386859864e-05,0,1
9633,normal,window_typing_10000.csv,0,1.3171173122827895e-05,0,1
9634,normal,window_typing_10000.csv,0,1.3848592971044127e-05,0,1
9635,normal,window_typing_10000.csv,0,1.4051173820917029e-05,0,1
9636,normal,window_typing_10000.csv,0,1.3656236660608556e-05,0,1
9637,normal,window_typing_10000.csv,0,1.65068940987112e-05,0,1
9638,normal,window_typing_10000.csv,0,1.4295753317128401e-05,0,1
9639,normal,window_typing_10000.csv,0,1.282261928281514e-05,0,1
9640,normal,window_typing_10000.csv,0,1.210695700137876e-05,0,1
9641,normal,window_typing_10000.csv,0,1.3472384125634562e-05,0,1
9642,normal,window_typing_10000.csv,0,1.1357595212757587e-05,0,1
9643,normal,window_typing_10000.csv,0,1.1279543286946137e-05,0,1
9644,normal,window_typing_10000.csv,0,1.1827055459434632e-05,0,1
9645,normal,window_typing_10000.csv,0,1.0390526767878328e-05,0,1
9646,normal,window_typing_10000.csv,0,9.963444426830392e-06,0,1
9647,normal,window_typing_10000.csv,0,1.0349179319746327e-05,0,1
9648,normal,window_typing_10000.csv,0,9.468814823776484e-06,0,1
9649,normal,window_typing_10000.csv,0,1.0214874237135518e-05,0,1
9650,normal,window_typing_10000.csv,0,9.454631253902335e-06,0,1
9651,normal,window_typing_10000.csv,0,8.577062544645742e-06,0,1
9652,normal,window_typing_10000.csv,0,8.579992027080152e-06,0,1
9653,normal,window_typing_10000.csv,0,9.395308552484494e-06,0,1
9654,normal,window_typing_10000.csv,0,9.664302524470259e-06,0,1
9655,normal,window_typing_10000.csv,0,9.446222975384444e-06,0,1
9656,normal,window_typing_10000.csv,0,8.520734809280839e-06,0,1
9657,normal,window_typing_10000.csv,0,8.461750439892057e-06,0,1
9658,normal,window_typing_10000.csv,0,9.82002165983431e-06,0,1
9659,normal,window_typing_10000.csv,0,8.670001079735812e-06,0,1
9660,normal,window_typing_10000.csv,0,8.693821655469947e-06,0,1
9661,normal,window_typing_10000.csv,0,8.697321391082369e-06,0,1
9662,normal,window_typing_10000.csv,0,7.77419154474046e-06,0,1
9663,normal,window_typing_10000.csv,0,8.85996541910572e-06,0,1
9664,normal,window_typing_10000.csv,0,8.066880582191516e-06,0,1
9665,normal,window_typing_10000.csv,0,8.93298965820577e-06,0,1
9666,normal,window_typing_10000.csv,0,9.807517926674336e-06,0,1
9667,normal,window_typing_10000.csv,0,9.649844287196174e-06,0,1
9668,normal,window_typing_10000.csv,0,8.976859135145787e-06,0,1
9669,normal,window_typing_10000.csv,0,8.823202733765356e-06,0,1
9670,normal,window_typing_10000.csv,0,9.436506843485404e-06,0,1
9671,normal,window_typing_10000.csv,0,9.464012691751122e-06,0,1
9672,normal,window_typing_10000.csv,0,9.23380230233306e-06,0,1
9673,normal,window_typing_10000.csv,0,9.428518751519732e-06,0,1
9674,normal,window_typing_10000.csv,0,9.624054655432701e-06,0,1
9675,normal,window_typing_10000.csv,0,9.374267392558977e-06,0,1
9676,normal,window_typing_10000.csv,0,1.0333706086385064e-05,0,1
9677,normal,window_typing_10000.csv,0,1.1043386621167883e-05,0,1
9678,normal,window_typing_10000.csv,0,1.3416238289210014e-05,0,1
9679,normal,window_typing_10000.csv,0,1.3636285984830465e-05,0,1
9680,normal,window_typing_10000.csv,0,1.1141990398755297e-05,0,1
9681,normal,window_typing_10000.csv,0,1.0972788004437461e-05,0,1
9682,normal,window_typing_10000.csv,0,1.1573089068406262e-05,0,1
9683,normal,window_typing_10000.csv,0,1.1069874744862318e-05,0,1
9684,normal,window_typing_10000.csv,0,1.1211059245397337e-05,0,1
9685,normal,window_typing_10000.csv,0,1.0393887350801378e-05,0,1
9686,normal,window_typing_10000.csv,0,1.0986936104018241e-05,0,1
9687,normal,window_typing_10000.csv,0,1.0909215234278236e-05,0,1
9688,normal,window_typing_10000.csv,0,1.041463383444352e-05,0,1
9689,normal,window_typing_10000.csv,0,1.1503459063533228e-05,0,1
9690,normal,window_typing_10000.csv,0,1.3460618902172428e-05,0,1
9691,normal,window_typing_10000.csv,0,1.165569483418949e-05,0,1
9692,normal,window_typing_10000.csv,0,1.2307103133935016e-05,0,1
9693,normal,window_typing_10000.csv,0,1.1530521078384481e-05,0,1
9694,normal,window_typing_10000.csv,0,1.1939177966269199e-05,0,1
9695,normal,window_typing_10000.csv,0,1.191230330732651e-05,0,1
9696,normal,window_typing_10000.csv,0,1.2098244042135775e-05,0,1
9697,normal,window_typing_10000.csv,0,1.1730553524103016e-05,0,1
9698,normal,window_typing_10000.csv,0,1.3565671906690113e-05,0,1
9699,normal,window_typing_10000.csv,0,1.2157552191638388e-05,0,1
9700,normal,window_typing_10000.csv,0,1.2415781384333968e-05,0,1
9701,normal,window_typing_10000.csv,0,1.3240918633528054e-05,0,1
9702,normal,window_typing_10000.csv,0,1.2916767445858568e-05,0,1
9703,normal,window_typing_10000.csv,0,1.569686719449237e-05,0,1
9704,normal,window_typing_10000.csv,0,1.3152921383152716e-05,0,1
9705,normal,window_typing_10000.csv,0,1.2979136954527348e-05,0,1
9706,normal,window_typing_10000.csv,0,1.1307081877021119e-05,0,1
9707,normal,window_typing_10000.csv,0,1.1601012374740094e-05,0,1
9708,normal,window_typing_10000.csv,0,1.0318836757505778e-05,0,1
9709,normal,window_typing_10000.csv,0,9.672498890722636e-06,0,1
9710,normal,window_typing_10000.csv,0,1.02483627415495e-05,0,1
9711,normal,window_typing_10000.csv,0,9.664219760452397e-06,0,1
9712,normal,window_typing_10000.csv,0,9.167782991426066e-06,0,1
9713,normal,window_typing_10000.csv,0,8.801150215731468e-06,0,1
9714,normal,window_typing_10000.csv,0,8.06383559392998e-06,0,1
9715,normal,window_typing_10000.csv,0,8.688384696142748e-06,0,1
9716,normal,window_typing_10000.csv,0,9.623953701520804e-06,0,1
9717,normal,window_typing_10000.csv,0,9.290758498536889e-06,0,1
9718,normal,window_typing_10000.csv,0,8.301435627799947e-06,0,1
9719,normal,window_typing_10000.csv,0,8.246674951806199e-06,0,1
9720,normal,window_typing_10000.csv,0,7.749676115054172e-06,0,1
9721,normal,window_typing_10000.csv,0,7.946438927319832e-06,0,1
9722,normal,window_typing_10000.csv,0,7.896661372797098e-06,0,1
9723,normal,window_typing_10000.csv,0,8.447616892226506e-06,0,1
9724,normal,window_typing_10000.csv,0,7.678258043597452e-06,0,1
9725,normal,window_typing_10000.csv,0,8.038751730055083e-06,0,1
9726,normal,window_typing_10000.csv,0,8.208322469727136e-06,0,1
9727,normal,window_typing_10000.csv,0,7.784801709931344e-06,0,1
9728,normal,window_typing_10000.csv,0,7.883967555244453e-06,0,1
9729,normal,window_typing_10000.csv,0,1.0759438737295568e-05,0,1
9730,normal,window_typing_10000.csv,0,9.724860319693107e-06,0,1
9731,normal,window_typing_10000.csv,0,8.74280885909684e-06,0,1
9732,normal,window_typing_10000.csv,0,8.06400475994451e-06,0,1
9733,normal,window_typing_10000.csv,0,7.867466592870187e-06,0,1
9734,normal,window_typing_10000.csv,0,7.882291356509086e-06,0,1
9735,normal,window_typing_10000.csv,0,8.355253157787956e-06,0,1
9736,normal,window_typing_10000.csv,0,7.4149838837911375e-06,0,1
9737,normal,window_typing_10000.csv,0,7.369450486294227e-06,0,1
9738,normal,window_typing_10000.csv,0,8.114232514344621e-06,0,1
9739,normal,window_typing_10000.csv,0,7.528829883085564e-06,0,1
9740,normal,window_typing_10000.csv,0,1.2835758752771653e-05,0,1
9741,normal,window_typing_10000.csv,0,8.332749530381989e-06,0,1
9742,normal,window_typing_10000.csv,0,8.608079042460304e-06,0,1
9743,normal,window_typing_10000.csv,0,7.950114195409697e-06,0,1
9744,normal,window_typing_10000.csv,0,8.051587428781204e-06,0,1
9745,normal,window_typing_10000.csv,0,8.899495696823578e-06,0,1
9746,normal,window_typing_10000.csv,0,9.069967745745089e-06,0,1
9747,normal,window_typing_10000.csv,0,9.731056707096286e-06,0,1
9748,normal,window_typing_10000.csv,0,1.0288414159731474e-05,0,1
9749,normal,window_typing_10000.csv,0,1.4211800589691848e-05,0,1
9750,normal,window_typing_10000.csv,0,1.7429700164939277e-05,0,1
9751,normal,window_typing_10000.csv,0,1.7980328266276047e-05,0,1
9752,normal,window_typing_10000.csv,0,1.8563889170764014e-05,0,1
9753,normal,window_typing_10000.csv,0,1.7168813428725116e-05,0,1
9754,normal,window_typing_10000.csv,0,1.620750845177099e-05,0,1
9755,normal,window_typing_10000.csv,0,1.7946700609172694e-05,0,1
9756,normal,window_typing_10000.csv,0,1.6940177374635823e-05,0,1
9757,normal,window_typing_10000.csv,0,2.6855426767724566e-05,0,1
9758,normal,window_typing_10000.csv,0,2.3068374503054656e-05,0,1
9759,normal,window_typing_10000.csv,0,1.5525452909059823e-05,0,1
9760,normal,window_typing_10000.csv,0,1.5325536878663115e-05,0,1
9761,normal,window_typing_10000.csv,0,1.2306328244449105e-05,0,1
9762,normal,window_typing_10000.csv,0,1.1289518624835182e-05,0,1
9763,normal,window_typing_10000.csv,0,1.1219882253499236e-05,0,1
9764,normal,window_typing_10000.csv,0,1.192981108033564e-05,0,1
9765,normal,window_typing_10000.csv,0,1.0996316632372327e-05,0,1
9766,normal,window_typing_10000.csv,0,1.1821032785519492e-05,0,1
9767,normal,window_typing_10000.csv,0,9.90866647043731e-06,0,1
9768,normal,window_typing_10000.csv,0,9.777410014066845e-06,0,1
9769,normal,window_typing_10000.csv,0,1.0062428373203147e-05,0,1
9770,normal,window_typing_10000.csv,0,1.1850765986309852e-05,0,1
9771,normal,window_typing_10000.csv,0,1.3140748706064187e-05,0,1
9772,normal,window_typing_10000.csv,0,1.2303676157898735e-05,0,1
9773,normal,window_typing_10000.csv,0,1.1504006579343695e-05,0,1
9774,normal,window_typing_10000.csv,0,1.1687395272019785e-05,0,1
9775,normal,window_typing_10000.csv,0,1.0011887752625626e-05,0,1
9776,normal,window_typing_10000.csv,0,1.0324299182684626e-05,0,1
9777,normal,window_typing_10000.csv,0,1.0928050869551953e-05,0,1
9778,normal,window_typing_10000.csv,0,1.0670813026081305e-05,0,1
9779,normal,window_typing_10000.csv,0,1.0954261597362347e-05,0,1
9780,normal,window_typing_10000.csv,0,1.1361365068296436e-05,0,1
9781,normal,window_typing_10000.csv,0,1.0858208952413406e-05,0,1
9782,normal,window_typing_10000.csv,0,1.0189130989601836e-05,0,1
9783,normal,window_typing_10000.csv,0,9.653783308749553e-06,0,1
9784,normal,window_typing_10000.csv,0,1.0538252354308497e-05,0,1
9785,normal,window_typing_10000.csv,0,1.001530654320959e-05,0,1
9786,normal,window_typing_10000.csv,0,9.635240530769806e-06,0,1
9787,normal,window_typing_10000.csv,0,9.386075362272095e-06,0,1
9788,normal,window_typing_10000.csv,0,8.969576811068691e-06,0,1
9789,normal,window_typing_10000.csv,0,8.37102925288491e-06,0,1
9790,normal,window_typing_10000.csv,0,8.7311946117552e-06,0,1
9791,normal,window_typing_10000.csv,0,8.414739568252116e-06,0,1
9792,normal,window_typing_10000.csv,0,7.91453021520283e-06,0,1
9793,normal,window_typing_10000.csv,0,7.976284905453213e-06,0,1
9794,normal,window_typing_10000.csv,0,8.79488288774155e-06,0,1
9795,normal,window_typing_10000.csv,0,8.22487891127821e-06,0,1
9796,normal,window_typing_10000.csv,0,7.312498837563908e-06,0,1
9797,normal,window_typing_10000.csv,0,7.33808792574564e-06,0,1
9798,normal,window_typing_10000.csv,0,7.5088523772137705e-06,0,1
9799,normal,window_typing_10000.csv,0,8.12291182228364e-06,0,1
9800,normal,window_typing_10000.csv,0,7.050124622764997e-06,0,1
9801,normal,window_typing_10000.csv,0,7.073217602737714e-06,0,1
9802,normal,window_typing_10000.csv,0,6.78938340570312e-06,0,1
9803,normal,window_typing_10000.csv,0,7.5722646215581335e-06,0,1
9804,normal,window_typing_10000.csv,0,7.896473107393831e-06,0,1
9805,normal,window_typing_10000.csv,0,7.376728262897814e-06,0,1
9806,normal,window_typing_10000.csv,0,8.22659694676986e-06,0,1
9807,normal,window_typing_10000.csv,0,8.351246833626647e-06,0,1
9808,normal,window_typing_10000.csv,0,8.010817509784829e-06,0,1
9809,normal,window_typing_10000.csv,0,7.68998415878741e-06,0,1
9810,normal,window_typing_10000.csv,0,7.996170097612776e-06,0,1
9811,normal,window_typing_10000.csv,0,7.636553164047655e-06,0,1
9812,normal,window_typing_10000.csv,0,7.707671102252789e-06,0,1
9813,normal,window_typing_10000.csv,0,8.196790986403357e-06,0,1
9814,normal,window_typing_10000.csv,0,8.492738743370865e-06,0,1
9815,normal,window_typing_10000.csv,0,8.15454768599011e-06,0,1
9816,normal,window_typing_10000.csv,0,8.78903938428266e-06,0,1
9817,normal,window_typing_10000.csv,0,9.317110198026057e-06,0,1
9818,normal,window_typing_10000.csv,0,8.750124834477901e-06,0,1
9819,normal,window_typing_10000.csv,0,8.639602128823753e-06,0,1
9820,normal,window_typing_10000.csv,0,9.32202601688914e-06,0,1
9821,normal,window_typing_10000.csv,0,1.043045904225437e-05,0,1
9822,normal,window_typing_10000.csv,0,1.0902776011789683e-05,0,1
9823,normal,window_typing_10000.csv,0,1.2283089745324105e-05,0,1
9824,normal,window_typing_10000.csv,0,1.3760428373643663e-05,0,1
9825,normal,window_typing_10000.csv,0,1.2429275557224173e-05,0,1
9826,normal,window_typing_10000.csv,0,1.4368190022651106e-05,0,1
9827,normal,window_typing_10000.csv,0,1.342295672657201e-05,0,1
9828,normal,window_typing_10000.csv,0,1.1569160051294602e-05,0,1
9829,normal,window_typing_10000.csv,0,1.1860160157084465e-05,0,1
9830,normal,window_typing_10000.csv,0,1.1628870197455399e-05,0,1
9831,normal,window_typing_10000.csv,0,1.3156096429156605e-05,0,1
9832,normal,window_typing_10000.csv,0,1.204604450322222e-05,0,1
9833,normal,window_typing_10000.csv,0,1.2879829228040762e-05,0,1
9834,normal,window_typing_10000.csv,0,1.5239986169035546e-05,0,1
9835,normal,window_typing_10000.csv,0,1.574960333527997e-05,0,1
9836,normal,window_typing_10000.csv,0,1.86895649676444e-05,0,1
9837,normal,window_typing_10000.csv,0,1.9536575564416125e-05,0,1
9838,normal,window_typing_10000.csv,0,2.1706960978917778e-05,0,1
9839,normal,window_typing_10000.csv,0,1.865052036009729e-05,0,1
9840,normal,window_typing_10000.csv,0,2.0121768102399074e-05,0,1
9841,normal,window_typing_10000.csv,0,1.9492395949782804e-05,0,1
9842,normal,window_typing_10000.csv,0,2.030704308708664e-05,0,1
9843,normal,window_typing_10000.csv,0,1.771662209648639e-05,0,1
9844,normal,window_typing_10000.csv,0,1.7229205695912242e-05,0,1
9845,normal,window_typing_10000.csv,0,1.757912104949355e-05,0,1
9846,normal,window_typing_10000.csv,0,1.6026251614675857e-05,0,1
9847,normal,window_typing_10000.csv,0,1.3403245247900486e-05,0,1
9848,normal,window_typing_10000.csv,0,1.4131050193100236e-05,0,1
9849,normal,window_typing_10000.csv,0,1.3830246643919963e-05,0,1
9850,normal,window_typing_10000.csv,0,1.4107056813372765e-05,0,1
9851,normal,window_typing_10000.csv,0,1.4503090824291576e-05,0,1
9852,normal,window_typing_10000.csv,0,2.2656724468106404e-05,0,1
9853,normal,window_typing_10000.csv,0,2.284226138726808e-05,0,1
9854,normal,window_typing_10000.csv,0,2.0175164536340162e-05,0,1
9855,normal,window_typing_10000.csv,0,2.0674186089308932e-05,0,1
9856,normal,window_typing_10000.csv,0,2.040001709247008e-05,0,1
9857,normal,window_typing_10000.csv,0,2.1148814994376153e-05,0,1
9858,normal,window_typing_10000.csv,0,1.8576851289253682e-05,0,1
9859,normal,window_typing_10000.csv,0,1.8820470359059982e-05,0,1
9860,normal,window_typing_10000.csv,0,2.058508835034445e-05,0,1
9861,normal,window_typing_10000.csv,0,1.906471879919991e-05,0,1
9862,normal,window_typing_10000.csv,0,1.5919440556899644e-05,0,1
9863,normal,window_typing_10000.csv,0,1.4595930224459153e-05,0,1
9864,normal,window_typing_10000.csv,0,1.27350831462536e-05,0,1
9865,normal,window_typing_10000.csv,0,1.2428552508936264e-05,0,1
9866,normal,window_typing_10000.csv,0,1.5302986867027357e-05,0,1
9867,normal,window_typing_10000.csv,0,2.2321537471725605e-05,0,1
9868,normal,window_typing_10000.csv,0,1.4082350389799103e-05,0,1
9869,normal,window_typing_10000.csv,0,1.013263772620121e-05,0,1
9870,normal,window_typing_10000.csv,0,9.910243534250185e-06,0,1
9871,normal,window_typing_10000.csv,0,9.986903023673221e-06,0,1
9872,normal,window_typing_10000.csv,0,8.608915777585935e-06,0,1
9873,normal,window_typing_10000.csv,0,7.77598688728176e-06,0,1
9874,normal,window_typing_10000.csv,0,7.453481885022484e-06,0,1
9875,normal,window_typing_10000.csv,0,7.47252715882496e-06,0,1
9876,normal,window_typing_10000.csv,0,6.882115030748537e-06,0,1
9877,normal,window_typing_10000.csv,0,7.0022556428739335e-06,0,1
9878,normal,window_typing_10000.csv,0,8.40825759951258e-06,0,1
9879,normal,window_typing_10000.csv,0,1.305738896917319e-05,0,1
9880,normal,window_typing_10000.csv,0,1.1687796359183267e-05,0,1
9881,normal,window_typing_10000.csv,0,9.373918146593496e-06,0,1
9882,normal,window_typing_10000.csv,0,1.030834209814202e-05,0,1
9883,normal,window_typing_10000.csv,0,1.0714723430282902e-05,0,1
9884,normal,window_typing_10000.csv,0,1.1200607332284562e-05,0,1
9885,normal,window_typing_10000.csv,0,9.663242963142693e-06,0,1
9886,normal,window_typing_10000.csv,0,9.573142051522154e-06,0,1
9887,normal,window_typing_10000.csv,0,9.556650184094906e-06,0,1
9888,normal,window_typing_10000.csv,0,9.295215932070278e-06,0,1
9889,normal,window_typing_10000.csv,0,9.197311555908527e-06,0,1
9890,normal,window_typing_10000.csv,0,9.050164408108685e-06,0,1
9891,normal,window_typing_10000.csv,0,1.0465861123520881e-05,0,1
9892,normal,window_typing_10000.csv,0,9.909516847983468e-06,0,1
9893,normal,window_typing_10000.csv,0,8.455063834844623e-06,0,1
9894,normal,window_typing_10000.csv,0,8.22874699224485e-06,0,1
9895,normal,window_typing_10000.csv,0,8.873579645296559e-06,0,1
9896,normal,window_typing_10000.csv,0,8.854829502524808e-06,0,1
9897,normal,window_typing_10000.csv,0,8.759325282881036e-06,0,1
9898,normal,window_typing_10000.csv,0,7.812199328327551e-06,0,1
9899,normal,window_typing_10000.csv,0,7.763412213535048e-06,0,1
9900,normal,window_typing_10000.csv,0,7.774792720738333e-06,0,1
9901,normal,window_typing_10000.csv,0,8.092091775324661e-06,0,1
9902,normal,window_typing_10000.csv,0,9.245291948900558e-06,0,1
9903,normal,window_typing_10000.csv,0,8.640137821203098e-06,0,1
9904,normal,window_typing_10000.csv,0,8.43292673380347e-06,0,1
9905,normal,window_typing_10000.csv,0,8.114186130114831e-06,0,1
9906,normal,window_typing_10000.csv,0,8.193454050342552e-06,0,1
9907,normal,window_typing_10000.csv,0,7.44651879358571e-06,0,1
9908,normal,window_typing_10000.csv,0,7.672183528484311e-06,0,1
9909,normal,window_typing_10000.csv,0,7.908885891083628e-06,0,1
9910,normal,window_typing_10000.csv,0,7.960531547723804e-06,0,1
9911,normal,window_typing_10000.csv,0,1.018098191707395e-05,0,1
9912,normal,window_typing_10000.csv,0,9.010333997139242e-06,0,1
9913,normal,window_typing_10000.csv,0,8.815413821139373e-06,0,1
9914,normal,window_typing_10000.csv,0,8.17678028397495e-06,0,1
9915,normal,window_typing_10000.csv,0,9.300420970248524e-06,0,1
9916,normal,window_typing_10000.csv,0,9.292813956562895e-06,0,1
9917,normal,window_typing_10000.csv,0,8.85970348463161e-06,0,1
9918,normal,window_typing_10000.csv,0,8.6796389950905e-06,0,1
9919,normal,window_typing_10000.csv,0,8.114704542094842e-06,0,1
9920,normal,window_typing_10000.csv,0,8.360147148778196e-06,0,1
9921,normal,window_typing_10000.csv,0,9.01084149518283e-06,0,1
9922,normal,window_typing_10000.csv,0,7.680814633204136e-06,0,1
9923,normal,window_typing_10000.csv,0,8.116120625345502e-06,0,1
9924,normal,window_typing_10000.csv,0,1.4598713278246578e-05,0,1
9925,normal,window_typing_10000.csv,0,1.1842665117001161e-05,0,1
9926,normal,window_typing_10000.csv,0,8.666677786095534e-06,0,1
9927,normal,window_typing_10000.csv,0,1.5582025298499502e-05,0,1
9928,normal,window_typing_10000.csv,0,1.1253477168793324e-05,0,1
9929,normal,window_typing_10000.csv,0,9.189877346216235e-06,0,1
9930,normal,window_typing_10000.csv,0,1.0079495950776618e-05,0,1
9931,normal,window_typing_10000.csv,0,9.855466487351805e-06,0,1
9932,normal,window_typing_10000.csv,0,1.042075382429175e-05,0,1
9933,normal,window_typing_10000.csv,0,9.157106433121953e-06,0,1
9934,normal,window_typing_10000.csv,0,8.820636139716953e-06,0,1
9935,normal,window_typing_10000.csv,0,9.067883183888625e-06,0,1
9936,normal,window_typing_10000.csv,0,7.980302143550944e-06,0,1
9937,normal,window_typing_10000.csv,0,8.487395461997949e-06,0,1
9938,normal,window_typing_10000.csv,0,8.351397809747141e-06,0,1
9939,normal,window_typing_10000.csv,0,8.287664059025701e-06,0,1
9940,normal,window_typing_10000.csv,0,9.656426300352905e-06,0,1
9941,normal,window_typing_10000.csv,0,8.80833795235958e-06,0,1
9942,normal,window_typing_10000.csv,0,8.336342034453992e-06,0,1
9943,normal,window_typing_10000.csv,0,7.971265404194128e-06,0,1
9944,normal,window_typing_10000.csv,0,8.666256690048613e-06,0,1
9945,normal,window_typing_10000.csv,0,7.968612408149056e-06,0,1
9946,normal,window_typing_10000.csv,0,8.040559805522207e-06,0,1
9947,normal,window_typing_10000.csv,0,8.0174204413197e-06,0,1
9948,normal,window_typing_10000.csv,0,7.92443097452633e-06,0,1
9949,normal,window_typing_10000.csv,0,8.921053449739702e-06,0,1
9950,normal,window_typing_10000.csv,0,8.648390576126985e-06,0,1
9951,normal,window_typing_10000.csv,0,8.363671440747567e-06,0,1
9952,normal,window_typing_10000.csv,0,1.481717117712833e-05,0,1
9953,normal,window_typing_10000.csv,0,1.0928873962257057e-05,0,1
9954,normal,window_typing_10000.csv,0,8.748815162107348e-06,0,1
9955,normal,window_typing_10000.csv,0,9.58508189796703e-06,0,1
9956,normal,window_typing_10000.csv,0,1.0410464710730594e-05,0,1
9957,normal,window_typing_10000.csv,0,9.959748240362387e-06,0,1
9958,normal,window_typing_10000.csv,0,1.243681526830187e-05,0,1
9959,normal,window_typing_10000.csv,0,1.2700310435320716e-05,0,1
9960,normal,window_typing_10000.csv,0,1.2035800864396151e-05,0,1
9961,normal,window_typing_10000.csv,0,1.2869257261627354e-05,0,1
9962,normal,window_typing_10000.csv,0,1.4106867638474796e-05,0,1
9963,normal,window_typing_10000.csv,0,1.4281527001003269e-05,0,1
9964,normal,window_typing_10000.csv,0,1.2804485777451191e-05,0,1
9965,normal,window_typing_10000.csv,0,1.3338520147954114e-05,0,1
9966,normal,window_typing_10000.csv,0,1.3354952898225747e-05,0,1
9967,normal,window_typing_10000.csv,0,1.4156447832647245e-05,0,1
9968,normal,window_typing_10000.csv,0,1.2911164049000945e-05,0,1
9969,normal,window_typing_10000.csv,0,1.2471818081394304e-05,0,1
9970,normal,window_typing_10000.csv,0,1.1950432963203639e-05,0,1
9971,normal,window_typing_10000.csv,0,1.3168610166758299e-05,0,1
9972,normal,window_typing_10000.csv,0,1.2841232091886923e-05,0,1
9973,normal,window_typing_10000.csv,0,1.3273372132971417e-05,0,1
9974,normal,window_typing_10000.csv,0,1.1578530575206969e-05,0,1
9975,normal,window_typing_10000.csv,0,1.1371272194082849e-05,0,1
9976,normal,window_typing_10000.csv,0,1.0926602044492029e-05,0,1
9977,normal,window_typing_10000.csv,0,9.326783583674114e-06,0,1
9978,normal,window_typing_10000.csv,0,9.605010745872278e-06,0,1
9979,normal,window_typing_10000.csv,0,9.183455404127017e-06,0,1
9980,normal,window_typing_10000.csv,0,8.646327842143364e-06,0,1
9981,normal,window_typing_10000.csv,0,8.662860636832193e-06,0,1
9982,normal,window_typing_10000.csv,0,8.420454832958058e-06,0,1
9983,normal,window_typing_10000.csv,0,8.799438546702731e-06,0,1
9984,normal,window_typing_10000.csv,0,8.681170584168285e-06,0,1
9985,normal,window_typing_10000.csv,0,8.873088518157601e-06,0,1
9986,normal,window_typing_10000.csv,0,9.831987881625537e-06,0,1
9987,normal,window_typing_10000.csv,0,9.481059350946452e-06,0,1
9988,normal,window_typing_10000.csv,0,8.915090802474879e-06,0,1
9989,normal,window_typing_10000.csv,0,8.16138617665274e-06,0,1
9990,normal,window_typing_10000.csv,0,1.0248939361190423e-05,0,1
9991,normal,window_typing_10000.csv,0,9.01174371392699e-06,0,1
9992,normal,window_typing_10000.csv,0,8.497372618876398e-06,0,1
9993,normal,window_typing_10000.csv,0,8.790379979473073e-06,0,1
9994,normal,window_typing_10000.csv,0,8.589939170633443e-06,0,1
9995,normal,window_typing_10000.csv,0,8.258802154159639e-06,0,1
9996,normal,window_typing_10000.csv,0,9.439702807867434e-06,0,1
9997,normal,window_typing_10000.csv,0,8.588325727032498e-06,0,1
9998,normal,window_typing_10000.csv,0,8.98545840755105e-06,0,1
9999,normal,window_typing_10000.csv,0,8.42023018776672e-06,0,1
10000,normal,window_typing_10000.csv,0,9.529310773359612e-06,0,1
10001,normal,window_typing_10000.csv,0,8.887071089702658e-06,0,1
10002,normal,window_typing_10000.csv,0,8.082806743914261e-06,0,1
10003,normal,window_typing_10000.csv,0,8.143187187670264e-06,0,1
10004,normal,window_typing_10000.csv,0,9.168710676021874e-06,0,1
10005,normal,window_typing_10000.csv,0,7.690658094361424e-06,0,1
10006,normal,window_typing_10000.csv,0,8.03639068180928e-06,0,1
10007,normal,window_typing_10000.csv,0,8.080000952759292e-06,0,1
10008,normal,window_typing_10000.csv,0,9.873820999928284e-06,0,1
10009,normal,window_typing_10000.csv,0,8.301538400701247e-06,0,1
10010,normal,window_typing_10000.csv,0,1.1651116437860765e-05,0,1
10011,normal,window_typing_10000.csv,0,1.7492695405962877e-05,0,1
10012,normal,window_typing_10000.csv,0,9.501396561972797e-05,0,1
10013,FeatureGuideHumanMimic_v4,window1.csv,1,1.253269783774158e-05,0,0
10014,FeatureGuideHumanMimic_v4,window1.csv,1,0.9999833106994629,1,1
10015,FeatureGuideHumanMimic_v4,window1.csv,1,1.3534801837522537e-05,0,0
10016,FeatureGuideHumanMimic_v4,window1.csv,1,1.345563941868022e-05,0,0
10017,FeatureGuideHumanMimic_v4,window1.csv,1,0.999984622001648,1,1
10018,FeatureGuideHumanMimic_v4,window1.csv,1,0.9999823570251465,1,1
10019,FeatureGuideHumanMimic_v4,window1.csv,1,1.6323363524861634e-05,0,0
10020,FeatureGuideHumanMimic_v4,window1.csv,1,1.6249201507889666e-05,0,0
10021,FeatureGuideHumanMimic_v4,window1.csv,1,1.5963543773978017e-05,0,0
10022,FeatureGuideHumanMimic_v4,window1.csv,1,1.6323363524861634e-05,0,0
10023,FeatureGuideHumanMimic_v4,window1.csv,1,1.4928014024917502e-05,0,0
10024,FeatureGuideHumanMimic_v4,window1.csv,1,1.5717465430498123e-05,0,0
10025,FeatureGuideHumanMimic_v4,window1.csv,1,1.4393878700502682e-05,0,0
10026,FeatureGuideHumanMimic_v4,window1.csv,1,1.3952296285424381e-05,0,0
10027,FeatureGuideHumanMimic_v4,window1.csv,1,1.4288679267338011e-05,0,0
10028,FeatureGuideHumanMimic_v4,window1.csv,1,1.3435277651296929e-05,0,0
10029,FeatureGuideHumanMimic_v4,window1.csv,1,1.1898100638063625e-05,0,0
10030,FeatureGuideHumanMimic_v4,window1.csv,1,1.1235633792239241e-05,0,0
10031,FeatureGuideHumanMimic_v4,window1.csv,1,1.05290200735908e-05,0,0
10032,FeatureGuideHumanMimic_v4,window1.csv,1,1.1804563655459788e-05,0,0
10033,FeatureGuideHumanMimic_v4,window1.csv,1,1.1739528417820111e-05,0,0
10034,FeatureGuideHumanMimic_v4,window1.csv,1,1.4526664017466828e-05,0,0
10035,FeatureGuideHumanMimic_v4,window1.csv,1,1.2582395356730558e-05,0,0
10036,FeatureGuideHumanMimic_v4,window1.csv,1,1.551427885715384e-05,0,0
10037,FeatureGuideHumanMimic_v4,window1.csv,1,1.4183801795297768e-05,0,0
10038,FeatureGuideHumanMimic_v4,window1.csv,1,1.519131546956487e-05,0,0
10039,FeatureGuideHumanMimic_v4,window1.csv,1,1.7483656847616658e-05,0,0
10040,FeatureGuideHumanMimic_v4,window1.csv,1,1.925696778926067e-05,0,0
10041,FeatureGuideHumanMimic_v4,window1.csv,1,1.9554658138076775e-05,0,0
10042,FeatureGuideHumanMimic_v4,window1.csv,1,1.894065826490987e-05,0,0
10043,FeatureGuideHumanMimic_v4,window1.csv,1,1.775703094608616e-05,0,0
10044,FeatureGuideHumanMimic_v4,window1.csv,1,1.9184053599019535e-05,0,0
10045,FeatureGuideHumanMimic_v4,window1.csv,1,1.7077840311685577e-05,0,0
10046,FeatureGuideHumanMimic_v4,window1.csv,1,1.7758504327503033e-05,0,0
10047,FeatureGuideHumanMimic_v4,window1.csv,1,1.718847306619864e-05,0,0
10048,FeatureGuideHumanMimic_v4,window1.csv,1,1.4610691323468927e-05,0,0
10049,FeatureGuideHumanMimic_v4,window1.csv,1,1.5838168110349216e-05,0,0
10050,FeatureGuideHumanMimic_v4,window1.csv,1,1.344494285149267e-05,0,0
10051,FeatureGuideHumanMimic_v4,window1.csv,1,1.4337503671413288e-05,0,0
10052,FeatureGuideHumanMimic_v4,window1.csv,1,1.1551223906280939e-05,0,0
10053,FeatureGuideHumanMimic_v4,window1.csv,1,1.3658997886523139e-05,0,0
10054,FeatureGuideHumanMimic_v4,window1.csv,1,1.5490888472413644e-05,0,0
10055,FeatureGuideHumanMimic_v4,window1.csv,1,1.4376413673744537e-05,0,0
10056,FeatureGuideHumanMimic_v4,window2.csv,1,1.615004839550238e-05,0,0
10057,FeatureGuideHumanMimic_v4,window2.csv,1,0.9999728202819824,1,1
10058,FeatureGuideHumanMimic_v4,window2.csv,1,1.673879705776926e-05,0,0
10059,FeatureGuideHumanMimic_v4,window2.csv,1,1.5770119716762565e-05,0,0
10060,FeatureGuideHumanMimic_v4,window2.csv,1,0.9999655485153198,1,1
10061,FeatureGuideHumanMimic_v4,window2.csv,1,0.9999589920043945,1,1
10062,FeatureGuideHumanMimic_v4,window2.csv,1,2.1079045836813748e-05,0,0
10063,FeatureGuideHumanMimic_v4,window2.csv,1,2.1433888832689263e-05,0,0
10064,FeatureGuideHumanMimic_v4,window2.csv,1,2.181349918828346e-05,0,0
10065,FeatureGuideHumanMimic_v4,window2.csv,1,2.233906343462877e-05,0,0
10066,FeatureGuideHumanMimic_v4,window2.csv,1,2.2639360395260155e-05,0,0
10067,FeatureGuideHumanMimic_v4,window2.csv,1,2.0015530026284978e-05,0,0
10068,FeatureGuideHumanMimic_v4,window2.csv,1,1.86755605682265e-05,0,0
10069,FeatureGuideHumanMimic_v4,window2.csv,1,1.817947304516565e-05,0,0
10070,FeatureGuideHumanMimic_v4,window2.csv,1,1.6948950360529125e-05,0,0
10071,FeatureGuideHumanMimic_v4,window2.csv,1,1.9586048438213766e-05,0,0
10072,FeatureGuideHumanMimic_v4,window2.csv,1,0.9999649524688721,1,1
10073,FeatureGuideHumanMimic_v4,window2.csv,1,1.7838910935097374e-05,0,0
10074,FeatureGuideHumanMimic_v4,window2.csv,1,1.95927350432612e-05,0,0
10075,FeatureGuideHumanMimic_v4,window2.csv,1,1.610429353604559e-05,0,0
10076,FeatureGuideHumanMimic_v4,window2.csv,1,1.5969815649441443e-05,0,0
10077,FeatureGuideHumanMimic_v4,window2.csv,1,1.4661303794127889e-05,0,0
10078,FeatureGuideHumanMimic_v4,window2.csv,1,1.5778183296788484e-05,0,0
10079,FeatureGuideHumanMimic_v4,window2.csv,1,1.8194336007582024e-05,0,0
10080,FeatureGuideHumanMimic_v4,window2.csv,1,1.6389376469305716e-05,0,0
10081,FeatureGuideHumanMimic_v4,window2.csv,1,1.6254376532742754e-05,0,0
10082,FeatureGuideHumanMimic_v4,window2.csv,1,1.5268860806827433e-05,0,0
10083,FeatureGuideHumanMimic_v4,window2.csv,1,1.399500706611434e-05,0,0
10084,FeatureGuideHumanMimic_v4,window2.csv,1,1.325317225564504e-05,0,0
10085,FeatureGuideHumanMimic_v4,window2.csv,1,1.2870803402620368e-05,0,0
10086,FeatureGuideHumanMimic_v4,window2.csv,1,1.2061252164130565e-05,0,0
10087,FeatureGuideHumanMimic_v4,window2.csv,1,1.1132262443425134e-05,0,0
10088,FeatureGuideHumanMimic_v4,window2.csv,1,1.1351324246788863e-05,0,0
10089,FeatureGuideHumanMimic_v4,window2.csv,1,1.2323239388933871e-05,0,0
10090,FeatureGuideHumanMimic_v4,window2.csv,1,1.2297505236347206e-05,0,0
10091,FeatureGuideHumanMimic_v4,window2.csv,1,1.3189800483814906e-05,0,0
10092,FeatureGuideHumanMimic_v4,window2.csv,1,1.2063276699336711e-05,0,0
10093,FeatureGuideHumanMimic_v4,window2.csv,1,1.2729837180813774e-05,0,0
10094,FeatureGuideHumanMimic_v4,window2.csv,1,1.256381074199453e-05,0,0
10095,FeatureGuideHumanMimic_v4,window2.csv,1,1.2245581274328288e-05,0,0
10096,FeatureGuideHumanMimic_v4,window2.csv,1,1.6367039279430173e-05,0,0
10097,FeatureGuideHumanMimic_v4,window2.csv,1,1.4864542208670173e-05,0,0
10098,FeatureGuideHumanMimic_v4,window2.csv,1,1.3196797226555645e-05,0,0
10099,FeatureGuideHumanMimic_v4,window2.csv,1,1.429448548151413e-05,0,0
10100,FeatureGuideHumanMimic_v4,window2.csv,1,1.4246417777030729e-05,0,0
10101,FeatureGuideHumanMimic_v4,window2.csv,1,1.3645899343828205e-05,0,0
10102,FeatureGuideHumanMimic_v4,window2.csv,1,1.620894363441039e-05,0,0
10103,FeatureGuideHumanMimic_v4,window2.csv,1,1.344186512142187e-05,0,0
10104,FeatureGuideHumanMimic_v4,window2.csv,1,1.3920519450039137e-05,0,0
10105,FeatureGuideHumanMimic_v4,window2.csv,1,1.4461697901424486e-05,0,0
10106,FeatureGuideHumanMimic_v4,window2.csv,1,1.2953823897987604e-05,0,0
10107,FeatureGuideHumanMimic_v4,window2.csv,1,1.4143655789666809e-05,0,0
10108,FeatureGuideHumanMimic_v4,window2.csv,1,1.5180078662524465e-05,0,0
10109,FeatureGuideHumanMimic_v4,window2.csv,1,1.4025469681655522e-05,0,0
10110,FeatureGuideHumanMimic_v4,window2.csv,1,1.6629202946205623e-05,0,0
10111,FeatureGuideHumanMimic_v4,window2.csv,1,1.5191924831015058e-05,0,0
10112,FeatureGuideHumanMimic_v4,window2.csv,1,1.5499652363359928e-05,0,0
10113,FeatureGuideHumanMimic_v4,window2.csv,1,1.4126415408100002e-05,0,0
10114,FeatureGuideHumanMimic_v4,window2.csv,1,1.4924882634659298e-05,0,0
10115,FeatureGuideHumanMimic_v4,window2.csv,1,1.3532620869227685e-05,0,0
10116,FeatureGuideHumanMimic_v4,window2.csv,1,1.4646085219283123e-05,0,0
10117,FeatureGuideHumanMimic_v4,window2.csv,1,1.2814673937100451e-05,0,0
10118,FeatureGuideHumanMimic_v4,window2.csv,1,1.2269146282051224e-05,0,0
10119,FeatureGuideHumanMimic_v4,window2.csv,1,1.607353078725282e-05,0,0
10120,FeatureGuideHumanMimic_v4,window2.csv,1,1.3379173651628662e-05,0,0
10121,FeatureGuideHumanMimic_v4,window2.csv,1,1.5906389307929203e-05,0,0
10122,FeatureGuideHumanMimic_v4,window2.csv,1,1.3967087397759315e-05,0,0
10123,FeatureGuideHumanMimic_v4,window2.csv,1,1.8003474906436168e-05,0,0
10124,FeatureGuideHumanMimic_v4,window2.csv,1,1.9792725652223453e-05,0,0
10125,FeatureGuideHumanMimic_v4,window2.csv,1,2.2558369892067276e-05,0,0
10126,FeatureGuideHumanMimic_v4,window2.csv,1,2.1169780666241422e-05,0,0
10127,FeatureGuideHumanMimic_v4,window2.csv,1,2.0570172637235373e-05,0,0
10128,FeatureGuideHumanMimic_v4,window2.csv,1,1.7572448996361345e-05,0,0
10129,FeatureGuideHumanMimic_v4,window2.csv,1,1.8049169739242643e-05,0,0
10130,FeatureGuideHumanMimic_v4,window2.csv,1,1.629047437745612e-05,0,0
10131,FeatureGuideHumanMimic_v4,window2.csv,1,1.6269870684482157e-05,0,0
10132,FeatureGuideHumanMimic_v4,window2.csv,1,1.4409810319193639e-05,0,0
10133,FeatureGuideHumanMimic_v4,window2.csv,1,1.4661079148936551e-05,0,0
10134,FeatureGuideHumanMimic_v4,window2.csv,1,1.7744403521646746e-05,0,0
10135,FeatureGuideHumanMimic_v4,window2.csv,1,1.76345492945984e-05,0,0
10136,FeatureGuideHumanMimic_v4,window2.csv,1,1.5887651898083277e-05,0,0
10137,FeatureGuideHumanMimic_v4,window2.csv,1,1.610272920515854e-05,0,0
10138,FeatureGuideHumanMimic_v4,window2.csv,1,1.694116144790314e-05,0,0
10139,FeatureGuideHumanMimic_v4,window2.csv,1,1.6179137674043886e-05,0,0
10140,FeatureGuideHumanMimic_v4,window2.csv,1,1.71790652530035e-05,0,0
10141,FeatureGuideHumanMimic_v4,window2.csv,1,1.5371511835837737e-05,0,0
10142,FeatureGuideHumanMimic_v4,window2.csv,1,1.4981709682615474e-05,0,0
10143,FeatureGuideHumanMimic_v4,window2.csv,1,1.4060651665204205e-05,0,0
10144,FeatureGuideHumanMimic_v4,window2.csv,1,1.39403528010007e-05,0,0
10145,FeatureGuideHumanMimic_v4,window2.csv,1,1.340564813290257e-05,0,0
10146,FeatureGuideHumanMimic_v4,window2.csv,1,1.2525528291007504e-05,0,0
10147,FeatureGuideHumanMimic_v4,window2.csv,1,1.1598292076087091e-05,0,0
10148,FeatureGuideHumanMimic_v4,window2.csv,1,1.1143372830701992e-05,0,0
10149,FeatureGuideHumanMimic_v4,window2.csv,1,1.126665392803261e-05,0,0
10150,FeatureGuideHumanMimic_v4,window2.csv,1,1.1335629096720368e-05,0,0
10151,FeatureGuideHumanMimic_v4,window2.csv,1,1.106196032196749e-05,0,0
10152,FeatureGuideHumanMimic_v4,window2.csv,1,1.099014207284199e-05,0,0
10153,FeatureGuideHumanMimic_v4,window2.csv,1,1.0321502486476675e-05,0,0
10154,FeatureGuideHumanMimic_v4,window2.csv,1,9.917665920511354e-06,0,0
10155,FeatureGuideHumanMimic_v4,window2.csv,1,1.0249857950839214e-05,0,0
10156,FeatureGuideHumanMimic_v4,window2.csv,1,9.966048310161568e-06,0,0
10157,FeatureGuideHumanMimic_v4,window2.csv,1,9.553552445140667e-06,0,0
10158,FeatureGuideHumanMimic_v4,window2.csv,1,1.0483771802682895e-05,0,0
10159,FeatureGuideHumanMimic_v4,window2.csv,1,9.275654520024545e-06,0,0
10160,FeatureGuideHumanMimic_v4,window2.csv,1,9.428986231796443e-06,0,0
10161,FeatureGuideHumanMimic_v4,window2.csv,1,8.935459845815785e-06,0,0
10162,FeatureGuideHumanMimic_v4,window2.csv,1,9.535319804854225e-06,0,0
10163,FeatureGuideHumanMimic_v4,window2.csv,1,9.694127584225498e-06,0,0
10164,FeatureGuideHumanMimic_v4,window2.csv,1,9.920824595610611e-06,0,0
10165,FeatureGuideHumanMimic_v4,window2.csv,1,9.196750397677533e-06,0,0
10166,FeatureGuideHumanMimic_v4,window2.csv,1,1.0375931196904276e-05,0,0
10167,FeatureGuideHumanMimic_v4,window2.csv,1,9.930651685863268e-06,0,0
10168,FeatureGuideHumanMimic_v4,window2.csv,1,1.0394858691142872e-05,0,0
10169,FeatureGuideHumanMimic_v4,window2.csv,1,1.079634967027232e-05,0,0
10170,FeatureGuideHumanMimic_v4,window2.csv,1,1.0398329322924837e-05,0,0
10171,FeatureGuideHumanMimic_v4,window2.csv,1,1.2135034012317192e-05,0,0
10172,FeatureGuideHumanMimic_v4,window2.csv,1,1.1275327779003419e-05,0,0
10173,FeatureGuideHumanMimic_v4,window2.csv,1,1.1336688658047933e-05,0,0
10174,FeatureGuideHumanMimic_v4,window2.csv,1,1.2766163308697287e-05,0,0
10175,FeatureGuideHumanMimic_v4,window2.csv,1,1.1665992133202963e-05,0,0
10176,FeatureGuideHumanMimic_v4,window2.csv,1,1.099447126762243e-05,0,0
10177,FeatureGuideHumanMimic_v4,window2.csv,1,1.0436588127049617e-05,0,0
10178,FeatureGuideHumanMimic_v4,window2.csv,1,1.0435433068778366e-05,0,0
10179,FeatureGuideHumanMimic_v4,window2.csv,1,1.0009357538365293e-05,0,0
10180,FeatureGuideHumanMimic_v4,window2.csv,1,0.9999970197677612,1,1
10181,FeatureGuideHumanMimic_v4,window2.csv,1,0.9999963045120239,1,1
10182,FeatureGuideHumanMimic_v4,window2.csv,1,0.999996542930603,1,1
10183,FeatureGuideHumanMimic_v4,window2.csv,1,0.9999970197677612,1,1
10184,FeatureGuideHumanMimic_v4,window2.csv,1,0.9999960660934448,1,1
10185,FeatureGuideHumanMimic_v4,window2.csv,1,8.63572222442599e-06,0,0
10186,FeatureGuideHumanMimic_v4,window2.csv,1,9.303818842454348e-06,0,0
10187,FeatureGuideHumanMimic_v4,window2.csv,1,0.999996542930603,1,1
10188,FeatureGuideHumanMimic_v4,window2.csv,1,0.9999969005584717,1,1
10189,FeatureGuideHumanMimic_v4,window2.csv,1,0.999997615814209,1,1
10190,FeatureGuideHumanMimic_v4,window2.csv,1,0.9999978542327881,1,1
10191,FeatureGuideHumanMimic_v4,window2.csv,1,0.9999982118606567,1,1
10192,FeatureGuideHumanMimic_v4,window2.csv,1,0.9999983310699463,1,1
10193,FeatureGuideHumanMimic_v4,window2.csv,1,0.9999978542327881,1,1
10194,FeatureGuideHumanMimic_v4,window2.csv,1,9.608748769096565e-06,0,0
10195,FeatureGuideHumanMimic_v4,window2.csv,1,1.08508702396648e-05,0,0
10196,FeatureGuideHumanMimic_v4,window2.csv,1,1.2098657862225082e-05,0,0
10197,FeatureGuideHumanMimic_v4,window2.csv,1,1.0937309525616001e-05,0,0
10198,FeatureGuideHumanMimic_v4,window2.csv,1,1.1114759217889514e-05,0,0
10199,FeatureGuideHumanMimic_v4,window2.csv,1,1.2131760740885511e-05,0,0
10200,FeatureGuideHumanMimic_v4,window2.csv,1,1.1016333701263648e-05,0,0
10201,FeatureGuideHumanMimic_v4,window2.csv,1,1.0267096513416618e-05,0,0
10202,FeatureGuideHumanMimic_v4,window2.csv,1,1.3756203770753928e-05,0,0
10203,FeatureGuideHumanMimic_v4,window2.csv,1,1.1940351214434486e-05,0,0
10204,FeatureGuideHumanMimic_v4,window2.csv,1,1.077948763850145e-05,0,0
10205,FeatureGuideHumanMimic_v4,window2.csv,1,1.004570640361635e-05,0,0
10206,FeatureGuideHumanMimic_v4,window2.csv,1,1.3000567378185224e-05,0,0
10207,FeatureGuideHumanMimic_v4,window2.csv,1,1.1051878573198337e-05,0,0
10208,FeatureGuideHumanMimic_v4,window2.csv,1,0.9993985891342163,1,1
10209,FeatureGuideHumanMimic_v4,window2.csv,1,0.9994947910308838,1,1
10210,FeatureGuideHumanMimic_v4,window2.csv,1,0.9991379976272583,1,1
10211,FeatureGuideHumanMimic_v4,window2.csv,1,0.9993046522140503,1,1
10212,FeatureGuideHumanMimic_v4,window2.csv,1,0.9983938336372375,1,1
10213,FeatureGuideHumanMimic_v4,window2.csv,1,8.899995918909553e-06,0,0
10214,FeatureGuideHumanMimic_v4,window2.csv,1,9.112311090575531e-06,0,0
10215,FeatureGuideHumanMimic_v4,window2.csv,1,8.294320650747977e-06,0,0
10216,FeatureGuideHumanMimic_v4,window2.csv,1,7.96234598965384e-06,0,0
10217,FeatureGuideHumanMimic_v4,window2.csv,1,9.040562872542068e-06,0,0
10218,FeatureGuideHumanMimic_v4,window2.csv,1,9.32439070311375e-06,0,0
10219,FeatureGuideHumanMimic_v4,window2.csv,1,8.536562745575793e-06,0,0
10220,FeatureGuideHumanMimic_v4,window2.csv,1,9.358082024846226e-06,0,0
10221,FeatureGuideHumanMimic_v4,window2.csv,1,8.612874808022752e-06,0,0
10222,FeatureGuideHumanMimic_v4,window2.csv,1,1.2689220966421999e-05,0,0
10223,FeatureGuideHumanMimic_v4,window2.csv,1,1.2647456060221884e-05,0,0
10224,FeatureGuideHumanMimic_v4,window2.csv,1,1.2367697308945935e-05,0,0
10225,FeatureGuideHumanMimic_v4,window2.csv,1,1.3794576261716429e-05,0,0
10226,FeatureGuideHumanMimic_v4,window2.csv,1,1.5992280168575235e-05,0,0
10227,FeatureGuideHumanMimic_v4,window2.csv,1,1.4270607607613783e-05,0,0
10228,FeatureGuideHumanMimic_v4,window2.csv,1,1.7024796761688776e-05,0,0
10229,FeatureGuideHumanMimic_v4,window2.csv,1,1.4567325706593692e-05,0,0
10230,FeatureGuideHumanMimic_v4,window2.csv,1,1.4076294974074699e-05,0,0
10231,FeatureGuideHumanMimic_v4,window2.csv,1,1.2893101484223735e-05,0,0
10232,FeatureGuideHumanMimic_v4,window2.csv,1,1.4767741049581673e-05,0,0
10233,FeatureGuideHumanMimic_v4,window2.csv,1,1.266062190552475e-05,0,0
10234,FeatureGuideHumanMimic_v4,window2.csv,1,1.4314059626485687e-05,0,0
10235,FeatureGuideHumanMimic_v4,window2.csv,1,1.283466917811893e-05,0,0
10236,FeatureGuideHumanMimic_v4,window2.csv,1,1.2952712495462038e-05,0,0
10237,FeatureGuideHumanMimic_v4,window2.csv,1,1.1147454642923549e-05,0,0
10238,FeatureGuideHumanMimic_v4,window2.csv,1,0.06367772817611694,0,0
10239,FeatureGuideHumanMimic_v4,window2.csv,1,9.824179869610816e-06,0,0
10240,FeatureGuideHumanMimic_v4,window2.csv,1,1.0301029760739766e-05,0,0
10241,FeatureGuideHumanMimic_v4,window2.csv,1,8.964967491920106e-06,0,0
10242,FeatureGuideHumanMimic_v4,window2.csv,1,9.671152838564012e-06,0,0
10243,FeatureGuideHumanMimic_v4,window2.csv,1,8.32169553177664e-06,0,0
10244,FeatureGuideHumanMimic_v4,window2.csv,1,9.486585440754425e-06,0,0
10245,FeatureGuideHumanMimic_v4,window2.csv,1,8.533445907232817e-06,0,0
10246,FeatureGuideHumanMimic_v4,window2.csv,1,9.045643309946172e-06,0,0
10247,FeatureGuideHumanMimic_v4,window2.csv,1,7.90491139923688e-06,0,0
10248,FeatureGuideHumanMimic_v4,window2.csv,1,8.251363396993838e-06,0,0
10249,FeatureGuideHumanMimic_v4,window3.csv,1,0.9999961853027344,1,1
10250,FeatureGuideHumanMimic_v4,window3.csv,1,0.9999958276748657,1,1
10251,FeatureGuideHumanMimic_v4,window3.csv,1,0.9999966621398926,1,1
10252,FeatureGuideHumanMimic_v4,window3.csv,1,0.9999970197677612,1,1
10253,FeatureGuideHumanMimic_v4,window3.csv,1,0.9999972581863403,1,1
10254,FeatureGuideHumanMimic_v4,window3.csv,1,0.999997615814209,1,1
10255,FeatureGuideHumanMimic_v4,window3.csv,1,1.4157475561660249e-05,0,0
10256,FeatureGuideHumanMimic_v4,window3.csv,1,1.5672605513827875e-05,0,0
10257,FeatureGuideHumanMimic_v4,window3.csv,1,1.816720214264933e-05,0,0
10258,FeatureGuideHumanMimic_v4,window3.csv,1,0.9999985694885254,1,1
10259,FeatureGuideHumanMimic_v4,window3.csv,1,0.9999984502792358,1,1
10260,FeatureGuideHumanMimic_v4,window3.csv,1,0.9999984502792358,1,1
10261,FeatureGuideHumanMimic_v4,window3.csv,1,0.9999982118606567,1,1
10262,FeatureGuideHumanMimic_v4,window3.csv,1,0.9999979734420776,1,1
10263,FeatureGuideHumanMimic_v4,window3.csv,1,0.9999978542327881,1,1
10264,FeatureGuideHumanMimic_v4,window3.csv,1,0.999997615814209,1,1
10265,FeatureGuideHumanMimic_v4,window3.csv,1,0.9999970197677612,1,1
10266,FeatureGuideHumanMimic_v4,window3.csv,1,0.9999974966049194,1,1
10267,FeatureGuideHumanMimic_v4,window3.csv,1,1.3019153811910655e-05,0,0
10268,FeatureGuideHumanMimic_v4,window3.csv,1,1.3528609088098165e-05,0,0
10269,FeatureGuideHumanMimic_v4,window3.csv,1,1.2417452126101125e-05,0,0
10270,FeatureGuideHumanMimic_v4,window3.csv,1,1.2274937944312114e-05,0,0
10271,FeatureGuideHumanMimic_v4,window3.csv,1,0.9999963045120239,1,1
10272,FeatureGuideHumanMimic_v4,window3.csv,1,1.2774468814313877e-05,0,0
10273,FeatureGuideHumanMimic_v4,window3.csv,1,1.3126481462677475e-05,0,0
10274,FeatureGuideHumanMimic_v4,window3.csv,1,0.9999948740005493,1,1
10275,FeatureGuideHumanMimic_v4,window3.csv,1,0.9999946355819702,1,1
10276,FeatureGuideHumanMimic_v4,window3.csv,1,0.9999947547912598,1,1
10277,FeatureGuideHumanMimic_v4,window3.csv,1,0.9999942779541016,1,1
10278,FeatureGuideHumanMimic_v4,window3.csv,1,1.3528259842132684e-05,0,0
10279,FeatureGuideHumanMimic_v4,window3.csv,1,1.4076791558181867e-05,0,0
10280,FeatureGuideHumanMimic_v4,window3.csv,1,1.4772768736293074e-05,0,0
10281,FeatureGuideHumanMimic_v4,window3.csv,1,1.530635927338153e-05,0,0
10282,FeatureGuideHumanMimic_v4,window3.csv,1,1.6883421267266385e-05,0,0
10283,FeatureGuideHumanMimic_v4,window3.csv,1,0.9999885559082031,1,1
10284,FeatureGuideHumanMimic_v4,window3.csv,1,0.9999920129776001,1,1
10285,FeatureGuideHumanMimic_v4,window3.csv,1,0.9999899864196777,1,1
10286,FeatureGuideHumanMimic_v4,window3.csv,1,0.9999911785125732,1,1
10287,FeatureGuideHumanMimic_v4,window3.csv,1,1.797652294044383e-05,0,0
10288,FeatureGuideHumanMimic_v4,window3.csv,1,0.9999898672103882,1,1
10289,FeatureGuideHumanMimic_v4,window3.csv,1,1.6919411791604944e-05,0,0
10290,FeatureGuideHumanMimic_v4,window3.csv,1,1.7065029169316404e-05,0,0
10291,FeatureGuideHumanMimic_v4,window3.csv,1,1.4166038454277441e-05,0,0
10292,FeatureGuideHumanMimic_v4,window3.csv,1,1.4038851077202708e-05,0,0
10293,FeatureGuideHumanMimic_v4,window3.csv,1,1.28934943859349e-05,0,0
10294,FeatureGuideHumanMimic_v4,window3.csv,1,1.2825272278860211e-05,0,0
10295,FeatureGuideHumanMimic_v4,window3.csv,1,0.9999959468841553,1,1
10296,FeatureGuideHumanMimic_v4,window3.csv,1,0.9999964237213135,1,1
10297,FeatureGuideHumanMimic_v4,window3.csv,1,0.9999963045120239,1,1
10298,FeatureGuideHumanMimic_v4,window3.csv,1,0.9999967813491821,1,1
10299,FeatureGuideHumanMimic_v4,window3.csv,1,0.9999970197677612,1,1
10300,FeatureGuideHumanMimic_v4,window3.csv,1,0.9999964237213135,1,1
10301,FeatureGuideHumanMimic_v4,window3.csv,1,0.9999955892562866,1,1
10302,FeatureGuideHumanMimic_v4,window3.csv,1,0.999996542930603,1,1
10303,FeatureGuideHumanMimic_v4,window3.csv,1,0.9999960660934448,1,1
10304,FeatureGuideHumanMimic_v4,window3.csv,1,0.9999953508377075,1,1
10305,FeatureGuideHumanMimic_v4,window3.csv,1,0.9999947547912598,1,1
10306,FeatureGuideHumanMimic_v4,window3.csv,1,0.999994158744812,1,1
10307,FeatureGuideHumanMimic_v4,window3.csv,1,0.9999927282333374,1,1
10308,FeatureGuideHumanMimic_v4,window3.csv,1,1.6019237591535784e-05,0,0
10309,FeatureGuideHumanMimic_v4,window3.csv,1,1.481332856201334e-05,0,0
10310,FeatureGuideHumanMimic_v4,window3.csv,1,1.3992259482620284e-05,0,0
10311,FeatureGuideHumanMimic_v4,window3.csv,1,1.3488530385075137e-05,0,0
10312,FeatureGuideHumanMimic_v4,window3.csv,1,1.3326810403668787e-05,0,0
10313,FeatureGuideHumanMimic_v4,window3.csv,1,1.2228857485752087e-05,0,0
10314,FeatureGuideHumanMimic_v4,window3.csv,1,1.2569323189381976e-05,0,0
10315,FeatureGuideHumanMimic_v4,window4.csv,1,0.9999971389770508,1,1
10316,FeatureGuideHumanMimic_v4,window4.csv,1,0.9999967813491821,1,1
10317,FeatureGuideHumanMimic_v4,window4.csv,1,0.9999972581863403,1,1
10318,FeatureGuideHumanMimic_v4,window4.csv,1,0.9999958276748657,1,1
10319,FeatureGuideHumanMimic_v4,window4.csv,1,0.9999954700469971,1,1
10320,FeatureGuideHumanMimic_v4,window4.csv,1,0.9999948740005493,1,1
10321,FeatureGuideHumanMimic_v4,window4.csv,1,0.9999948740005493,1,1
10322,FeatureGuideHumanMimic_v4,window4.csv,1,0.9999948740005493,1,1
10323,FeatureGuideHumanMimic_v4,window4.csv,1,0.9999948740005493,1,1
10324,FeatureGuideHumanMimic_v4,window4.csv,1,0.9999946355819702,1,1
10325,FeatureGuideHumanMimic_v4,window4.csv,1,0.9999945163726807,1,1
10326,FeatureGuideHumanMimic_v4,window4.csv,1,0.9999957084655762,1,1
10327,FeatureGuideHumanMimic_v4,window4.csv,1,0.9999963045120239,1,1
10328,FeatureGuideHumanMimic_v4,window4.csv,1,0.9999972581863403,1,1
10329,FeatureGuideHumanMimic_v4,window4.csv,1,0.9999973773956299,1,1
10330,FeatureGuideHumanMimic_v4,window4.csv,1,0.9999972581863403,1,1
10331,FeatureGuideHumanMimic_v4,window4.csv,1,0.9999972581863403,1,1
10332,FeatureGuideHumanMimic_v4,window4.csv,1,0.9999977350234985,1,1
10333,FeatureGuideHumanMimic_v4,window4.csv,1,0.999997615814209,1,1
10334,FeatureGuideHumanMimic_v4,window4.csv,1,0.9999982118606567,1,1
10335,FeatureGuideHumanMimic_v4,window4.csv,1,0.9999982118606567,1,1
10336,FeatureGuideHumanMimic_v4,window4.csv,1,0.999997615814209,1,1
10337,FeatureGuideHumanMimic_v4,window4.csv,1,0.9999971389770508,1,1
10338,FeatureGuideHumanMimic_v4,window4.csv,1,0.9999972581863403,1,1
10339,FeatureGuideHumanMimic_v4,window4.csv,1,0.9999972581863403,1,1
10340,FeatureGuideHumanMimic_v4,window4.csv,1,0.9999972581863403,1,1
10341,FeatureGuideHumanMimic_v4,window4.csv,1,0.9999969005584717,1,1
10342,FeatureGuideHumanMimic_v4,window4.csv,1,0.9999966621398926,1,1
10343,FeatureGuideHumanMimic_v4,window4.csv,1,0.9999972581863403,1,1
10344,FeatureGuideHumanMimic_v4,window4.csv,1,0.9999970197677612,1,1
10345,FeatureGuideHumanMimic_v4,window4.csv,1,1.2848287951783277e-05,0,0
10346,FeatureGuideHumanMimic_v4,window4.csv,1,1.3080333701509517e-05,0,0
10347,FeatureGuideHumanMimic_v4,window4.csv,1,1.3383703844738193e-05,0,0
10348,FeatureGuideHumanMimic_v4,window4.csv,1,1.2380311090964824e-05,0,0
10349,FeatureGuideHumanMimic_v4,window4.csv,1,1.1919758435396943e-05,0,0
10350,FeatureGuideHumanMimic_v4,window4.csv,1,1.1252512194914743e-05,0,0
10351,FeatureGuideHumanMimic_v4,window4.csv,1,1.2442485967767425e-05,0,0
10352,FeatureGuideHumanMimic_v4,window4.csv,1,1.1355234164511785e-05,0,0
10353,FeatureGuideHumanMimic_v4,window4.csv,1,1.148424325947417e-05,0,0
10354,FeatureGuideHumanMimic_v4,window4.csv,1,1.1809393981820904e-05,0,0
10355,FeatureGuideHumanMimic_v4,window4.csv,1,0.9999973773956299,1,1
10356,FeatureGuideHumanMimic_v4,window4.csv,1,0.9999974966049194,1,1
10357,FeatureGuideHumanMimic_v4,window4.csv,1,0.9999971389770508,1,1
10358,FeatureGuideHumanMimic_v4,window4.csv,1,0.999997615814209,1,1
10359,FeatureGuideHumanMimic_v4,window4.csv,1,0.999997615814209,1,1
10360,FeatureGuideHumanMimic_v4,window4.csv,1,0.9999977350234985,1,1
10361,FeatureGuideHumanMimic_v4,window4.csv,1,1.1447426913946401e-05,0,0
10362,FeatureGuideHumanMimic_v4,window4.csv,1,1.0647748240444344e-05,0,0
10363,FeatureGuideHumanMimic_v4,window4.csv,1,1.100614736060379e-05,0,0
10364,FeatureGuideHumanMimic_v4,window4.csv,1,1.1198652828170452e-05,0,0
10365,FeatureGuideHumanMimic_v4,window4.csv,1,1.1554583579709288e-05,0,0
10366,FeatureGuideHumanMimic_v4,window4.csv,1,1.2733746189041995e-05,0,0
10367,FeatureGuideHumanMimic_v4,window4.csv,1,1.3266120731714182e-05,0,0
10368,FeatureGuideHumanMimic_v4,window4.csv,1,1.358097233605804e-05,0,0
10369,FeatureGuideHumanMimic_v4,window4.csv,1,1.535229239379987e-05,0,0
10370,FeatureGuideHumanMimic_v4,window4.csv,1,1.5038110177556518e-05,0,0
10371,FeatureGuideHumanMimic_v4,window4.csv,1,1.493654417572543e-05,0,0
10372,FeatureGuideHumanMimic_v4,window4.csv,1,1.4319233741844073e-05,0,0
10373,FeatureGuideHumanMimic_v4,window4.csv,1,1.4411461052077357e-05,0,0
10374,FeatureGuideHumanMimic_v4,window4.csv,1,0.999991774559021,1,1
10375,FeatureGuideHumanMimic_v4,window4.csv,1,0.9999911785125732,1,1
10376,FeatureGuideHumanMimic_v4,window4.csv,1,0.9999902248382568,1,1
10377,FeatureGuideHumanMimic_v4,window4.csv,1,0.9999902248382568,1,1
10378,FeatureGuideHumanMimic_v4,window4.csv,1,0.9999904632568359,1,1
10379,FeatureGuideHumanMimic_v4,window4.csv,1,0.9999908208847046,1,1
10380,FeatureGuideHumanMimic_v4,window4.csv,1,0.9999909400939941,1,1
10381,FeatureGuideHumanMimic_v4,window4.csv,1,0.9999877214431763,1,1
10382,FeatureGuideHumanMimic_v4,window4.csv,1,0.999981164932251,1,1
10383,FeatureGuideHumanMimic_v4,window4.csv,1,0.9999791383743286,1,1
10384,FeatureGuideHumanMimic_v4,window4.csv,1,0.9999783039093018,1,1
10385,FeatureGuideHumanMimic_v4,window4.csv,1,2.664849853317719e-05,0,0
10386,FeatureGuideHumanMimic_v4,window4.csv,1,2.460722316754982e-05,0,0
10387,FeatureGuideHumanMimic_v4,window4.csv,1,2.4290740839205682e-05,0,0
10388,FeatureGuideHumanMimic_v4,window4.csv,1,2.1559268134296872e-05,0,0
10389,FeatureGuideHumanMimic_v4,window4.csv,1,1.881336356746033e-05,0,0
10390,FeatureGuideHumanMimic_v4,window4.csv,1,1.9746099496842362e-05,0,0
10391,FeatureGuideHumanMimic_v4,window4.csv,1,2.0153147488599643e-05,0,0
10392,FeatureGuideHumanMimic_v4,window4.csv,1,1.9925144442822784e-05,0,0
10393,FeatureGuideHumanMimic_v4,window4.csv,1,1.8358538000029512e-05,0,0
10394,FeatureGuideHumanMimic_v4,window4.csv,1,1.7824746464611962e-05,0,0
10395,FeatureGuideHumanMimic_v4,window4.csv,1,1.7870275769382715e-05,0,0
10396,FeatureGuideHumanMimic_v4,window4.csv,1,2.069855145236943e-05,0,0
